[
{"searchkey": "12557", "audio": [], "context": ["sexual"], "webrank": 10, "text": [" : proximity , nearness , closeness , neighbourhood / neighborhood , access / adjacency , ", " promiscuity (?) ;"], "english": "<td>proximity , nearness , closeness , neighbourhood / neighborhood , access / adjacency , <span class=\"context\">sexual</span> promiscuity (?) ;</td>", "cf": ["<span class=\"wordlink\"><a href=\"dosearch.php?searchkey=25642&amp;language=id\"><span class=\"eastsyriac\">\u0729\u072a\u0712</span></a>, <a href=\"dosearch.php?searchkey=13094&amp;language=id\"><span class=\"eastsyriac\">\u0721\u0732\u0729\u072a\u0738\u0712\u0742</span></a>, <a href=\"dosearch.php?searchkey=26161&amp;language=id\"><span class=\"eastsyriac\">\u0721\u0729\u0732\u072a\u0712\u0738\u0722</span></a>, <a href=\"dosearch.php?searchkey=26159&amp;language=id\"><span class=\"eastsyriac\">\u0729\u0735\u072a\u0738\u0712\u0742</span></a>, <a href=\"dosearch.php?searchkey=26160&amp;language=id\"><span class=\"eastsyriac\">\u0729\u072a\u0735\u0712\u0742\u0735\u0710</span></a>, <a href=\"dosearch.php?searchkey=13097&amp;language=id\"><span class=\"eastsyriac\">\u0729\u072a\u0735\u0712\u0735\u071d\u0735\u0710</span></a>, <a href=\"dosearch.php?searchkey=13100&amp;language=id\"><span class=\"eastsyriac\">\u0729\u0732\u072a\u0712\u0735\u0722\u072c\u0735\u0710</span></a>, <a href=\"dosearch.php?searchkey=13101&amp;language=id\"><span class=\"eastsyriac\">\u0729\u072a\u0732\u0712\u072c\u0735\u0722\u0735\u0710</span></a>, <a href=\"dosearch.php?searchkey=13095&amp;language=id\"><span class=\"eastsyriac\">\u0729\u0732\u072a\u0712\u0718\u073c\u0722\u0739\u0710</span></a>, <a href=\"dosearch.php?searchkey=12553&amp;language=id\"><span class=\"eastsyriac\">\u0729\u0718\u073c\u072a\u0712\u0735\u0712\u0739\u0710</span></a>, <a href=\"dosearch.php?searchkey=12554&amp;language=id\"><span class=\"eastsyriac\">\u0729\u0718\u073c\u072a\u0712\u0735\u071d\u0718\u073c\u072c\u0735\u0710</span></a>, <a href=\"dosearch.php?searchkey=13152&amp;language=id\"><span class=\"eastsyriac\">\u0729\u0732\u072a\u071d\u073c\u0712\u0735\u0710</span></a>, <a href=\"dosearch.php?searchkey=13092&amp;language=id\"><span class=\"eastsyriac\">\u0729\u072a\u0735\u0712\u0735\u0710</span></a>, <a href=\"dosearch.php?searchkey=13095&amp;language=id\"><span class=\"eastsyriac\">\u0729\u0732\u072a\u0712\u0718\u073c\u0722\u0739\u0710</span></a>, <a href=\"dosearch.php?searchkey=26346&amp;language=id\"><span class=\"eastsyriac\">\u0729\u0718\u073c\u072a\u0712\u0735\u0722\u0735\u0710</span></a>, <a href=\"dosearch.php?searchkey=12552&amp;language=id\"><span class=\"eastsyriac\">\u0729\u0718\u073c\u072a\u0712\u0735\u0710</span></a>, <a href=\"dosearch.php?searchkey=26161&amp;language=id\"><span class=\"eastsyriac\">\u0721\u0729\u0732\u072a\u0712\u0738\u0722</span></a></span>", "<span class=\"wordlink\"><a href=\"dosearch.php?searchkey=28716&amp;language=id\"><span class=\"eastsyriac\">\u0729\u0718\u073c\u072a\u0712\u0718\u073c\u0722\u071d\u0718\u073c\u072c\u0742\u0735\u0710</span></a></span>"], "key": "12557", "west": "\u0729\u073d\u0718\u072a\u0712\u0736\u0722\u071d\u073d\u0718\u072c\u0733\u0710", "phonetic": "<td>qu:r bi ' niu: ta:</td>", "east": "\u0729\u0718\u073c\u072a\u0712\u0738\u0722\u071d\u0718\u073c\u072c\u0735\u0710"},
{"searchkey": "8208", "audio": [], "context": [], "webrank": 5, "text": [" : the entrance , the ingress , the way in , the access (path, entrance) , the means or a place for entering , the admittance (?) ;"], "english": "<td>the entrance , the ingress , the way in , the access (path, entrance) , the means or a place for entering , the admittance (?) ;</td>", "cf": ["<span class=\"wordlink\"><a href=\"dosearch.php?searchkey=25736&amp;language=id\"><span class=\"eastsyriac\">\u0721\u0732\u0725\u0732\u0720</span></a>, <a href=\"dosearch.php?searchkey=25735&amp;language=id\"><span class=\"eastsyriac\">\u0721\u0725\u0732\u0720</span></a></span>", "<span class=\"wordlink\"><a href=\"dosearch.php?searchkey=14459&amp;language=id\"><span class=\"eastsyriac\">\u072b\u0718\u073c\u072a\u0729\u0735\u071b\u0735\u0710</span></a>, <a href=\"dosearch.php?searchkey=10067&amp;language=id\"><span class=\"eastsyriac\">\u0725\u0712\u0742\u0735\u072a\u0735\u0710</span></a></span>"], "key": "8208", "west": "\u0721\u0730\u0725\u0720\u0733\u0722\u0733\u0710", "phonetic": "<td>ma: ' la : na:</td>", "east": "\u0721\u0732\u0725\u0720\u0735\u0722\u0735\u0710"},
{"searchkey": "8379", "audio": [], "context": ["Oraham", "Bailis Shamun ; see also \u0715\u0735\u0722\u0718\u073f\u071d\u0718\u073c\u072c\u0735\u0710", "of conditions from another ...", "to demands ...", "in conditions ..."], "webrank": 6, "text": [" : 1) ", " : the capacity , the power of receiving / containing / absorbing , the (containing) size (?) , receptivity , volume (?) ;\r\n2) ", " : submission , yielding , capitulation , acceptance ", " / consent / accession ", " / acquiescence ", " , surrender , yielding , capitulation , resignation , succumbing , defeat , fall , laying down one's weapons , humbling self , knuckling under / buckling under ;"], "english": "<td>1) <span class=\"context\">Oraham</span> : the capacity , the power of receiving / containing / absorbing , the (containing) size (?) , receptivity , volume (?) ;\r\n2) <span class=\"context\">Bailis Shamun ; see also <a href=\"dosearch.php?searchkey=dAnoyutA%27&amp;language=fullsyriac\"><span class=\"eastsyriac\">\u0715\u0735\u0722\u0718\u073f\u071d\u0718\u073c\u072c\u0735\u0710</span></a></span> : submission , yielding , capitulation , acceptance <span class=\"context\">of conditions from another ...</span> / consent / accession <span class=\"context\">to demands ...</span> / acquiescence <span class=\"context\">in conditions ...</span> , surrender , yielding , capitulation , resignation , succumbing , defeat , fall , laying down one's weapons , humbling self , knuckling under / buckling under ;</td>", "cf": ["<span class=\"wordlink\"><a href=\"dosearch.php?searchkey=qbl&amp;language=fullsyriac\"><span class=\"eastsyriac\">\u0729\u0712\u0720</span></a>, <a href=\"dosearch.php?searchkey=8378&amp;language=id\"><span class=\"eastsyriac\">\u0721\u0729\u0732\u0712\u0720\u0718\u073c\u072c\u0735\u0710</span></a>, <a href=\"dosearch.php?searchkey=12211&amp;language=id\"><span class=\"eastsyriac\">\u0729\u0735\u0712\u0718\u073f\u0720</span></a>, <a href=\"dosearch.php?searchkey=12212&amp;language=id\"><span class=\"eastsyriac\">\u0729\u0735\u0712\u0718\u073f\u0720\u0739\u0710</span></a>, <a href=\"dosearch.php?searchkey=12235&amp;language=id\"><span class=\"eastsyriac\">\u0729\u0712\u0735\u0720\u0735\u0710</span></a>, <a href=\"dosearch.php?searchkey=34235&amp;language=id\"><span class=\"eastsyriac\">\u0729\u0732\u0712\u0732\u0720\u072c\u0735\u0710</span></a></span>", "<span class=\"wordlink\"><a href=\"dosearch.php?searchkey=34867&amp;language=id\"><span class=\"eastsyriac\">\u0715\u0735\u0722\u0718\u073f\u071d\u0718\u073c\u072c\u0735\u0710</span></a>, <a href=\"dosearch.php?searchkey=7458&amp;language=id\"><span class=\"eastsyriac\">\u0721\u0719\u0732\u0715\u0729\u0735\u0722\u0718\u073c\u072c\u0735\u0710</span></a>, <a href=\"dosearch.php?searchkey=3736&amp;language=id\"><span class=\"eastsyriac\">\u0722\u071d\u073c\u072a\u0735\u0710</span></a>, <a href=\"dosearch.php?searchkey=29097&amp;language=id\"><span class=\"eastsyriac\">\u072b\u0735\u0720\u0721\u0718\u073c\u072c\u0735\u0710</span></a>, <a href=\"dosearch.php?searchkey=8756&amp;language=id\"><span class=\"eastsyriac\">\u0721\u0738\u072c\u071b\u0726\u071d\u073c\u0723\u0735\u0722\u0718\u073c\u072c\u0735\u0710</span></a>, <a href=\"dosearch.php?searchkey=7336&amp;language=id\"><span class=\"eastsyriac\">\u0721\u0718\u073c\u071f\u0735\u071f\u0742\u0735\u0710</span></a></span>"], "key": "8379", "west": "\u0721\u0729\u0730\u0712\u0720\u0733\u0722\u073d\u0718\u072c\u0733\u0710", "phonetic": "<td>mqab la: ' nu: ta:</td>", "east": "\u0721\u0729\u0732\u0712\u0720\u0735\u0722\u0718\u073c\u072c\u0735\u0710"},
{"searchkey": "8810", "audio": [], "context": ["Oraham", "river ...", "difficulty ....", "river, frontier ... :"], "webrank": 7, "text": [" : 1) ", " : passable , capable of being passed / navigated / penetrated / accessed , ", " : navigable / clear / unobstructed / traversable , ", " : surmountable ;\r\n"], "english": "<td>1) <span class=\"context\">Oraham</span> : passable , capable of being passed / navigated / penetrated / accessed , <span class=\"context\">river ...</span> : navigable / clear / unobstructed / traversable , <span class=\"context\">difficulty ....</span> : surmountable ;\r\n<span class=\"context\">river, frontier ... : <span class=\"locution\"><span class=\"eastsyriac\">\u0720\u0735\u0710 \u0721\u0738\u072c\u0725\u0732\u0712\u0742\u072a\u0735\u0722\u0735\u0710</span></span></span> : impassable , <span class=\"context\">fortress ...</span> : impregnable , <span class=\"context\">lock, cypher code ...</span> : unpickable (?) / unopenable (?) / tamper-proof (?) / unbreakable (?) , <span class=\"context\">difficulty ...</span> : unsurmountable , <span class=\"context\">law ...</span> : not to be transgressed / inviolable / sacrocanct ;\r\n2) <span class=\"context\">Bailis Shamun</span> : permeable ;\r\n3) <span class=\"context\">noun</span> : a transgressor , a violator / a desecrator (?) , an offender (?) / a miscreant (?) / a lawbreaker (?) / a villain (?) / a felon (?) , / an outlaw (?) , a rapist (?) , an invader (?) , an intruder (?) / an odd one (?) ;</td>", "cf": ["<span class=\"wordlink\"><a href=\"dosearch.php?searchkey=17813&amp;language=id\"><span class=\"eastsyriac\">\u0725\u0712\u072a</span></a>, <a href=\"dosearch.php?searchkey=10067&amp;language=id\"><span class=\"eastsyriac\">\u0725\u0712\u0742\u0735\u072a\u0735\u0710</span></a>, <a href=\"dosearch.php?searchkey=3121&amp;language=id\"><span class=\"eastsyriac\">\u0715\u0725\u0735\u0712\u0742\u0735\u072a</span></a>, <a href=\"dosearch.php?searchkey=14895&amp;language=id\"><span class=\"eastsyriac\">\u0720\u0738\u0712\u0735\u0710 \u0725\u0747\u0712\u0742\u0735\u072a\u0735\u0710</span></a>, <a href=\"dosearch.php?searchkey=8184&amp;language=id\"><span class=\"eastsyriac\">\u0721\u0732\u0725\u0712\u0742\u0718\u073c\u072a\u0739\u0710</span></a>, <a href=\"dosearch.php?searchkey=8185&amp;language=id\"><span class=\"eastsyriac\">\u0721\u0732\u0725\u0712\u0742\u072a\u0735\u0710</span></a>, <a href=\"dosearch.php?searchkey=16494&amp;language=id\"><span class=\"eastsyriac\">\u0721\u0732\u0725\u0712\u072a\u0735\u0722\u0735\u0710</span></a>, <a href=\"dosearch.php?searchkey=10060&amp;language=id\"><span class=\"eastsyriac\">\u0725\u0735\u0712\u0742\u0718\u073f\u072a\u0718\u073c\u072c\u0735\u0710</span></a>, <a href=\"dosearch.php?searchkey=10061&amp;language=id\"><span class=\"eastsyriac\">\u0725\u0712\u0742\u0718\u073f\u072a\u071d\u0735\u0710</span></a>, <a href=\"dosearch.php?searchkey=10058&amp;language=id\"><span class=\"eastsyriac\">\u0725\u0712\u0718\u073f\u072a\u0735\u0710</span></a>, <a href=\"dosearch.php?searchkey=10070&amp;language=id\"><span class=\"eastsyriac\">\u0725\u0738\u0712\u0742\u072a\u0735\u071d\u0735\u0710</span></a>, <a href=\"dosearch.php?searchkey=10071&amp;language=id\"><span class=\"eastsyriac\">\u0725\u0712\u0742\u0735\u072a\u072c\u0735\u0710</span></a>, <a href=\"dosearch.php?searchkey=18101&amp;language=id\"><span class=\"eastsyriac\">\u0725\u0712\u0742\u0718\u073c\u072a\u071d\u0735\u0710</span></a>, <a href=\"dosearch.php?searchkey=10059&amp;language=id\"><span class=\"eastsyriac\">\u0725\u0735\u0712\u0742\u0718\u073f\u072a\u0735\u0710</span></a></span>", "<span class=\"wordlink\"><a href=\"dosearch.php?searchkey=35685&amp;language=id\"><span class=\"eastsyriac\">\u0721\u0738\u072c\u072c\u0732\u072a\u0725\u0735\u0722\u0735\u0710</span></a>, <a href=\"dosearch.php?searchkey=35684&amp;language=id\"><span class=\"eastsyriac\">\u0721\u0738\u072c\u0722\u0732\u0726\u0715\u0735\u0722\u0735\u0710</span></a>, <a href=\"dosearch.php?searchkey=33734&amp;language=id\"><span class=\"eastsyriac\">\u0721\u0738\u072c\u0721\u0732\u0720\u071a\u0735\u0722\u0735\u0710</span></a></span>"], "key": "8810", "west": "\u0721\u0736\u072c\u0725\u0730\u0712\u0742\u072a\u0733\u0722\u0733\u0710", "phonetic": "<td>mit o ' ra: na:</td>", "east": "\u0721\u0738\u072c\u0725\u0732\u0712\u0742\u072a\u0735\u0722\u0735\u0710"},
{"searchkey": "3793", "audio": [], "context": ["Maclean", "Oraham"], "webrank": 3, "text": [" : 1) ", " : victuals , , food , provisions , supplies , commissariat ;\r\n2) appurtenances , accessories ;\r\n3) ", " : provision , that which is provided or prepared , that which is brought together or arranged in advance , preparatory measure , stipulation ;"], "english": "<td>1) <span class=\"context\">Maclean</span> : victuals , , food , provisions , supplies , commissariat ;\r\n2) appurtenances , accessories ;\r\n3) <span class=\"context\">Oraham</span> : provision , that which is provided or prepared , that which is brought together or arranged in advance , preparatory measure , stipulation ;</td>", "cf": ["<span class=\"wordlink\"><a href=\"dosearch.php?searchkey=21252&amp;language=id\"><span class=\"eastsyriac\">\u0719\u0732\u071a\u071d\u073c\u072a\u0735\u0710</span></a></span>", "<span class=\"wordlink\"><a href=\"dosearch.php?searchkey=27270&amp;language=id\"><span class=\"eastsyriac\">\u0723\u0718\u073c\u072a\u0723\u0732\u0715</span></a>, <a href=\"dosearch.php?searchkey=7470&amp;language=id\"><span class=\"eastsyriac\">\u0721\u0735\u0719\u0718\u073f\u0722\u0735\u0710</span></a>, <a href=\"dosearch.php?searchkey=27333&amp;language=id\"><span class=\"eastsyriac\">\u0723\u0732\u071d\u0712\u0732\u072a\u072c\u0735\u0710</span></a>, <a href=\"dosearch.php?searchkey=3741&amp;language=id\"><span class=\"eastsyriac\">\u0719\u0718\u0735\u0715\u0735\u0710</span></a>, <a href=\"dosearch.php?searchkey=21101&amp;language=id\"><span class=\"eastsyriac\">\u0719\u0718\u0735\u0715\u0308\u0739\u0710</span></a>, <a href=\"dosearch.php?searchkey=21355&amp;language=id\"><span class=\"eastsyriac\">\u0710\u0732\u0723\u0735\u0722\u0735\u0710</span></a></span>"], "key": "3793", "west": "\u0719\u0730\u071a\u072a\u0733\u0710", "phonetic": "<td>' za\u1e25 ra:</td>", "east": "\u0719\u0732\u071a\u072a\u0735\u0710"},
{"searchkey": "34867", "audio": [], "context": [], "webrank": 2, "text": [" : 1) submission , yielding , capitulation , agreement / consent / accession / acquiescence , conformity , compliance ;\r\n2) surrender , yielding , capitualtion , resignation , succumbing , defeat , fall , laying down one's weapons , humbling self , knuckling under / buckling under ;"], "english": "<td>1) submission , yielding , capitulation , agreement / consent / accession / acquiescence , conformity , compliance ;\r\n2) surrender , yielding , capitualtion , resignation , succumbing , defeat , fall , laying down one's weapons , humbling self , knuckling under / buckling under ;</td>", "cf": ["<span class=\"wordlink\"><a href=\"dosearch.php?searchkey=dn%27&amp;language=fullsyriac\"><span class=\"eastsyriac\">\u0715\u0722\u0710</span></a></span>", "<span class=\"wordlink\"><a href=\"dosearch.php?searchkey=7458&amp;language=id\"><span class=\"eastsyriac\">\u0721\u0719\u0732\u0715\u0729\u0735\u0722\u0718\u073c\u072c\u0735\u0710</span></a>, <a href=\"dosearch.php?searchkey=3736&amp;language=id\"><span class=\"eastsyriac\">\u0722\u071d\u073c\u072a\u0735\u0710</span></a>, <a href=\"dosearch.php?searchkey=29097&amp;language=id\"><span class=\"eastsyriac\">\u072b\u0735\u0720\u0721\u0718\u073c\u072c\u0735\u0710</span></a>, <a href=\"dosearch.php?searchkey=8756&amp;language=id\"><span class=\"eastsyriac\">\u0721\u0738\u072c\u071b\u0726\u071d\u073c\u0723\u0735\u0722\u0718\u073c\u072c\u0735\u0710</span></a>, <a href=\"dosearch.php?searchkey=7336&amp;language=id\"><span class=\"eastsyriac\">\u0721\u0718\u073c\u071f\u0735\u071f\u0742\u0735\u0710</span></a>, <a href=\"dosearch.php?searchkey=8379&amp;language=id\"><span class=\"eastsyriac\">\u0721\u0729\u0732\u0712\u0720\u0735\u0722\u0718\u073c\u072c\u0735\u0710</span></a>, <a href=\"dosearch.php?searchkey=34235&amp;language=id\"><span class=\"eastsyriac\">\u0729\u0732\u0712\u0732\u0720\u072c\u0735\u0710</span></a></span>"], "key": "34867", "west": "\u0715\u0733\u0722\u073d\u0718\u071d\u073d\u0718\u072c\u0733\u0710", "phonetic": "<td>da: nu ' iu: ta:</td>", "east": "\u0715\u0735\u0722\u0718\u073f\u071d\u0718\u073c\u072c\u0735\u0710"},
{"searchkey": "32404", "audio": [], "context": ["(JAAS)"], "webrank": 4, "text": [" : existence , presence , availablility , beingness , accessability ;\r\n\u0720\u0732\u071d\u072c\u0735\u071d\u0718\u073c\u072c\u0735\u0710 : inexistence , absence , unavailability , non-accessibility to ;\r\n", " :"], "english": "<td>existence , presence , availablility , beingness , accessability ;\r\n<a href=\"dosearch.php?searchkey=laytAyutA%27&amp;language=fullsyriac\"><span class=\"eastsyriac\">\u0720\u0732\u071d\u072c\u0735\u071d\u0718\u073c\u072c\u0735\u0710</span></a> : inexistence , absence , unavailability , non-accessibility to ;\r\n<span class=\"context\">(JAAS)</span> : <span class=\"locution\"><span class=\"eastsyriac\">\u0725\u0738\u0720\u072c\u0735\u0710 \u0715\u0710\u0735\u0717\u0735\u0710 \u0722\u0732\u072b\u071d\u073c\u072b\u0718\u073c\u072c\u0735\u0710 \u071d\u073c\u0720\u0735\u0717 \u0720\u0732\u071d\u072c\u0735\u071d\u0718\u073c\u072c\u0735\u0710 \u0729\u0738\u0722\u071b\u072a\u0308\u0718\u073f\u0722\u0738\u0710 \u0715\u0721\u0732\u0720\u0732\u0726\u072c\u0735\u0710 \u0715\u0720\u0738\u072b\u0735\u0722\u0735\u0710</span></span> : the reason for this weakness <span class=\"context\">in the knowledge of Sureth</span> is the non-existence of centres for teaching the language ;</td>", "cf": ["<span class=\"wordlink\"><a href=\"dosearch.php?searchkey=16652&amp;language=id\"><span class=\"eastsyriac\">\u0710\u071d\u073c\u072c\u0738\u0722</span></a>, <a href=\"dosearch.php?searchkey=6789&amp;language=id\"><span class=\"eastsyriac\">\u0720\u0732\u071d\u072c</span></a>, <a href=\"dosearch.php?searchkey=31036&amp;language=id\"><span class=\"eastsyriac\">\u0710\u071d\u073c\u0712\u071d\u073c</span></a>, <a href=\"dosearch.php?searchkey=32170&amp;language=id\"><span class=\"eastsyriac\">\u0710\u071d\u073c\u072c\u0742 \u0712</span></a>, <a href=\"dosearch.php?searchkey=32404&amp;language=id\"><span class=\"eastsyriac\">\u071d\u073c\u072c\u0735\u071d\u0718\u073c\u072c\u0735\u0710</span></a>, <a href=\"dosearch.php?searchkey=354&amp;language=id\"><span class=\"eastsyriac\">\u0710\u071d\u073c\u072c\u0742</span></a></span>", "<span class=\"wordlink\"><a href=\"dosearch.php?searchkey=32405&amp;language=id\"><span class=\"eastsyriac\">\u0720\u0732\u071d\u072c\u0735\u071d\u0718\u073c\u072c\u0735\u0710</span></a></span>"], "key": "32404", "west": "\u073a\u071d\u072c\u0733\u071d\u073d\u0718\u072c\u0733\u0710", "phonetic": "<td>i: ta: ' iu: ta:</td>", "east": "\u071d\u073c\u072c\u0735\u071d\u0718\u073c\u072c\u0735\u0710"},
{"searchkey": "11771", "audio": [], "context": [], "webrank": 9, "text": [" : 1) the advent of our Lord , the first or expected second coming of Christ ;\r\n2) the approach , the oncoming / coming , the access (?) ;\r\n3) the preparation , the arrangement ;"], "english": "<td>1) the advent of our Lord , the first or expected second coming of Christ ;\r\n2) the approach , the oncoming / coming , the access (?) ;\r\n3) the preparation , the arrangement ;</td>", "cf": ["<span class=\"wordlink\"><a href=\"dosearch.php?searchkey=monAcA%27&amp;language=fullsyriac\"><span class=\"eastsyriac\">\u0721\u0718\u073f\u0722\u0735\u0725\u0735\u0710</span></a>, <a href=\"dosearch.php?searchkey=subArA%27&amp;language=fullsyriac\"><span class=\"eastsyriac\">\u0723\u0718\u073c\u0712\u0735\u072a\u0735\u0710</span></a></span>"], "key": "11771", "west": "\u0728\u073d\u0718\u071d\u0733\u0712\u0733\u0710", "phonetic": "<td>\u1e63u: ' ia ba</td>", "east": "\u0728\u0718\u073c\u071d\u0735\u0712\u0735\u0710"},
{"searchkey": "8847", "audio": [], "context": [], "webrank": 8, "text": [" : the acquisition , the act or process of acquiring , learning (?) , purchase (?) , reaching -arrival at- a new stage -puberty ...-(?) , the attainment / achieving an aim , the accession -to power- (?) ;"], "english": "<td>the acquisition , the act or process of acquiring , learning (?) , purchase (?) , reaching -arrival at- a new stage -puberty ...-(?) , the attainment / achieving an aim , the accession -to power- (?) ;</td>", "cf": [], "key": "8847", "west": "\u0721\u0736\u072c\u0729\u0730\u0722\u071d\u0733\u0722\u073d\u0718\u072c\u0733\u0710", "phonetic": "<td>mit qan ia ' nu: ta</td>", "east": "\u0721\u0738\u072c\u0729\u0732\u0722\u071d\u0735\u0722\u0718\u073c\u072c\u0735\u0710"},
{"searchkey": "2720", "audio": [], "context": ["Classical Syriac", "2 Samuel 3, 22 : \"brought in a great spoil with them\""], "webrank": 1, "text": [" : 1) locking , fastening with a lock , preventing free movement or access by means of locks ;\r\n2) ", " : booty , loot , swag / haul / plunder , spoil , ", " ;\r\n3) a band of captives ;"], "english": "<td>1) locking , fastening with a lock , preventing free movement or access by means of locks ;\r\n2) <span class=\"context\">Classical Syriac</span> : booty , loot , swag / haul / plunder , spoil , <span class=\"context\">2 Samuel 3, 22 : \"brought in a great spoil with them\"</span> ;\r\n3) a band of captives ;</td>", "cf": [], "key": "2720", "west": "\u0715\u0712\u0742\u0733\u072a\u072c\u0733\u0710", "phonetic": "<td>' dwa:r ta:</td>", "east": "\u0715\u0712\u0742\u0735\u072a\u072c\u0735\u0710"},
{"searchkey": "14026", "audio": [], "context": [], "webrank": 10, "text": [" : 1) forgivingness , the willingness / disposition to forgive , forgiveness , indulgence , leniency , mercy ;\r\n2) liberation ;\r\n3) allowing (?) / permitting (?) / letting (?) , permission (?) / authorization (?) / access (?) ;"], "english": "<td>1) forgivingness , the willingness / disposition to forgive , forgiveness , indulgence , leniency , mercy ;\r\n2) liberation ;\r\n3) allowing (?) / permitting (?) / letting (?) , permission (?) / authorization (?) / access (?) ;</td>", "cf": ["<span class=\"wordlink\"><a href=\"dosearch.php?searchkey=31992&amp;language=id\"><span class=\"eastsyriac\">\u072b\u0712\u0729</span></a>, <a href=\"dosearch.php?searchkey=14003&amp;language=id\"><span class=\"eastsyriac\">\u072b\u0712\u0742\u0718\u073f\u0729</span></a>, <a href=\"dosearch.php?searchkey=27719&amp;language=id\"><span class=\"eastsyriac\">\u072b\u0735\u0712\u0742\u0738\u0729</span></a>, <a href=\"dosearch.php?searchkey=14069&amp;language=id\"><span class=\"eastsyriac\">\u072b\u0712\u0742\u0735\u0729\u072c\u0735\u0710</span></a></span>", "<span class=\"wordlink\"><a href=\"dosearch.php?searchkey=7572&amp;language=id\"><span class=\"eastsyriac\">\u0721\u0732\u071a\u0720\u0732\u071d\u072c\u0735\u0710</span></a>, <a href=\"dosearch.php?searchkey=7561&amp;language=id\"><span class=\"eastsyriac\">\u0721\u0732\u071a\u0720\u0718\u073c\u071d\u0739\u0710</span></a>, <a href=\"dosearch.php?searchkey=10841&amp;language=id\"><span class=\"eastsyriac\">\u0726\u0735\u071a\u0732\u0720\u072c\u0735\u0710</span></a>, <a href=\"dosearch.php?searchkey=10842&amp;language=id\"><span class=\"eastsyriac\">\u0726\u0735\u071a\u0732\u0720\u072c\u0735\u0710 \u071b\u0720\u0735\u0712\u072c\u0735\u0710</span></a>, <a href=\"dosearch.php?searchkey=10690&amp;language=id\"><span class=\"eastsyriac\">\u0726\u0718\u073c\u071a\u0735\u0720\u0735\u0710</span></a>, <a href=\"dosearch.php?searchkey=4648&amp;language=id\"><span class=\"eastsyriac\">\u071a\u0732\u0722\u0735\u0722\u0718\u073c\u072c\u0735\u0710</span></a>, <a href=\"dosearch.php?searchkey=10761&amp;language=id\"><span class=\"eastsyriac\">\u0726\u0718\u073c\u0728\u0735\u071d\u0735\u0710</span></a>, <a href=\"dosearch.php?searchkey=4791&amp;language=id\"><span class=\"eastsyriac\">\u071a\u072a\u0718\u073c\u072a\u0735\u0710</span></a>, <a href=\"dosearch.php?searchkey=7048&amp;language=id\"><span class=\"eastsyriac\">\u0721\u0732\u0713\u0717\u071d\u0735\u0722\u0718\u073c\u072c\u0735\u0710</span></a>, <a href=\"dosearch.php?searchkey=8579&amp;language=id\"><span class=\"eastsyriac\">\u0721\u072b\u0732\u0718\u0719\u0712\u0718\u073c\u072c\u0735\u0710</span></a>, <a href=\"dosearch.php?searchkey=10794&amp;language=id\"><span class=\"eastsyriac\">\u0726\u0718\u073c\u072a\u0729\u0735\u0722\u0735\u0710</span></a>, <a href=\"dosearch.php?searchkey=11169&amp;language=id\"><span class=\"eastsyriac\">\u0726\u0728\u0735\u0710</span></a>, <a href=\"dosearch.php?searchkey=8678&amp;language=id\"><span class=\"eastsyriac\">\u0721\u0738\u072b\u072c\u0732\u0718\u0719\u0712\u0735\u0722\u0718\u073c\u072c\u0735\u0710</span></a></span>"], "key": "14026", "west": "\u072b\u0712\u0742\u073d\u0718\u0729\u071d\u0733\u0710", "phonetic": "<td>' \u0161wuq ia:</td>", "east": "\u072b\u0712\u0742\u0718\u073f\u0729\u071d\u0735\u0710"},
{"searchkey": "14459", "audio": [], "context": [], "webrank": 20, "text": [" : 1) access , free access , accessibility , admittance / entrance / ingress , permission , the entree / right to admission , a coming to admission / approach (?) ;\r\n2) grape-gleaning ;"], "english": "<td>1) access , free access , accessibility , admittance / entrance / ingress , permission , the entree / right to admission , a coming to admission / approach (?) ;\r\n2) grape-gleaning ;</td>", "cf": ["<span class=\"wordlink\"><a href=\"dosearch.php?searchkey=8208&amp;language=id\"><span class=\"eastsyriac\">\u0721\u0732\u0725\u0720\u0735\u0722\u0735\u0710</span></a>, <a href=\"dosearch.php?searchkey=13656&amp;language=id\"><span class=\"eastsyriac\">\u0725\u0732\u0720\u0732\u0720\u072c\u0735\u0710</span></a></span>"], "key": "14459", "west": "\u072b\u073d\u0718\u072a\u0729\u0733\u071b\u0733\u0710", "phonetic": "<td>\u0161ur ' qa \u1e6da</td>", "east": "\u072b\u0718\u073c\u072a\u0729\u0735\u071b\u0735\u0710"},
{"searchkey": "15179", "audio": [], "context": ["crime"], "webrank": 40, "text": [" : a partner , an associate , a companion , a fellow , a mate , a comrade , one who has a part in anything with another / others , a partaker , a participant , a colleague , a sharer , ", " : an accomplice (?) , an accessory (?) / accessary (?) , "], "english": "<td>a partner , an associate , a companion , a fellow , a mate , a comrade , one who has a part in anything with another / others , a partaker , a participant , a colleague , a sharer , <span class=\"context\">crime</span> : an accomplice (?) , an accessory (?) / accessary (?) , </td>", "cf": ["<span class=\"wordlink\"><a href=\"dosearch.php?searchkey=jrk&amp;language=fullsyriac\"><span class=\"eastsyriac\">\u072b\u072a\u071f</span></a>, <a href=\"dosearch.php?searchkey=15180&amp;language=id\"><span class=\"eastsyriac\">\u072b\u0735\u072a\u071d\u073c\u071f\u0718\u073c\u072c\u0735\u0710</span></a>, <a href=\"dosearch.php?searchkey=15148&amp;language=id\"><span class=\"eastsyriac\">\u072b\u0732\u072a\u0718\u073c\u071f\u0739\u0710</span></a>, <a href=\"dosearch.php?searchkey=15214&amp;language=id\"><span class=\"eastsyriac\">\u072b\u072a\u0735\u071f\u0735\u0710</span></a></span>", "<span class=\"wordlink\"><a href=\"dosearch.php?searchkey=14133&amp;language=id\"><span class=\"eastsyriac\">\u0712\u0732\u072a \u072c\u0738\u0713\u0721\u0735\u0710</span></a>, <a href=\"dosearch.php?searchkey=1641&amp;language=id\"><span class=\"eastsyriac\">\u0712\u0732\u072a\u0713\u0732\u0715\u0735\u0710</span></a>, <a href=\"dosearch.php?searchkey=1667&amp;language=id\"><span class=\"eastsyriac\">\u0712\u0732\u072a\u0723\u071d\u073c\u0725\u072c\u0735\u0710</span></a>, <a href=\"dosearch.php?searchkey=6233&amp;language=id\"><span class=\"eastsyriac\">\u071f\u0722\u0735\u072c\u0735\u0710</span></a>, <a href=\"dosearch.php?searchkey=14182&amp;language=id\"><span class=\"eastsyriac\">\u072b\u0718\u0735\u0710 \u0712\u0710\u0718\u073c\u0721\u0735\u0722\u0718\u073c\u072c\u0735\u0710</span></a>, <a href=\"dosearch.php?searchkey=1663&amp;language=id\"><span class=\"eastsyriac\">\u0712\u0732\u072a\u0721\u0722\u0735\u072c\u0735\u0710</span></a>, <a href=\"dosearch.php?searchkey=14995&amp;language=id\"><span class=\"eastsyriac\">\u072b\u0732\u0718\u072c\u0735\u0726\u0735\u0710</span></a>, <a href=\"dosearch.php?searchkey=4087&amp;language=id\"><span class=\"eastsyriac\">\u071a\u0732\u0712\u0742\u072a\u0735\u0710</span></a>, <a href=\"dosearch.php?searchkey=15217&amp;language=id\"><span class=\"eastsyriac\">\u072b\u0732\u072a\u071f\u0735\u0722\u0735\u0710</span></a>, <a href=\"dosearch.php?searchkey=20291&amp;language=id\"><span class=\"eastsyriac\">\u0715\u0732\u0723\u072c\u0735\u0713</span></a>, <a href=\"dosearch.php?searchkey=20311&amp;language=id\"><span class=\"eastsyriac\">\u072b\u0735\u0718\u072c\u0735\u0726\u0735\u0710 \u0712\u0712\u071d\u073c\u072b\u072c\u0735\u0710</span></a>, <a href=\"dosearch.php?searchkey=20312&amp;language=id\"><span class=\"eastsyriac\">\u071a\u0732\u0712\u0742\u072a\u0735\u0710 \u0712\u0712\u071d\u073c\u072b\u072c\u0735\u0710</span></a></span>"], "key": "15179", "west": "\u072b\u0733\u072a\u073a\u071d\u071f\u0733\u0710", "phonetic": "<td>\u0161a: ' ri ka:</td>", "east": "\u072b\u0735\u072a\u071d\u073c\u071f\u0735\u0710"},
{"searchkey": "29097", "audio": [], "context": ["Bailis Shamun ; see also \u0715\u0735\u0722\u0718\u073f\u071d\u0718\u073c\u072c\u0735\u0710", "wrestling, fighting ...", "Yoab Benjamin", "see also \u0721\u0717\u0732\u071d\u0721\u0722\u0718\u073c\u072c\u0735\u0710"], "webrank": 30, "text": [" : 1) ", " : submission , yielding , capitulation / acceptance / agreement / consent / accession ;\r\n2) ", " : surrender , yielding , capitualtion , resignation , succumbing , defeat , fall , laying down one's weapons , humbling self , knuckling under / buckling under ;\r\n3) ", " : a treaty , an agreement ;\r\n"], "english": "<td>1) <span class=\"context\">Bailis Shamun ; see also <a href=\"dosearch.php?searchkey=dAnoyutA%27&amp;language=fullsyriac\"><span class=\"eastsyriac\">\u0715\u0735\u0722\u0718\u073f\u071d\u0718\u073c\u072c\u0735\u0710</span></a></span> : submission , yielding , capitulation / acceptance / agreement / consent / accession ;\r\n2) <span class=\"context\">wrestling, fighting ...</span> : surrender , yielding , capitualtion , resignation , succumbing , defeat , fall , laying down one's weapons , humbling self , knuckling under / buckling under ;\r\n3) <span class=\"context\">Yoab Benjamin</span> : a treaty , an agreement ;\r\n<span class=\"context\">see also <a href=\"dosearch.php?searchkey=mhaymnutA%27&amp;language=fullsyriac\"><span class=\"eastsyriac\">\u0721\u0717\u0732\u071d\u0721\u0722\u0718\u073c\u072c\u0735\u0710</span></a> ; <span class=\"locution\"><span class=\"eastsyriac\">\u072b\u0735\u0720\u0721\u0718\u073c\u072c \u072a\u0738\u0725\u071d\u0735\u0722\u0735\u0710</span></span></span> : allegiance , obedience ;</td>", "cf": ["<span class=\"wordlink\"><a href=\"dosearch.php?searchkey=32006&amp;language=id\"><span class=\"eastsyriac\">\u072b\u0720\u0721</span></a>, <a href=\"dosearch.php?searchkey=26509&amp;language=id\"><span class=\"eastsyriac\">\u072b\u0735\u0720\u0738\u0721</span></a></span>", "<span class=\"wordlink\"><a href=\"dosearch.php?searchkey=29098&amp;language=id\"><span class=\"eastsyriac\">\u0729\u0735\u072a\u0735\u072a\u0715\u0735\u0715</span></a></span>", "<span class=\"wordlink\"><a href=\"dosearch.php?searchkey=29099&amp;language=id\"><span class=\"eastsyriac\">\u0729\u0735\u072a\u0735\u072a\u0715\u0718\u073c\u072c\u0735\u0710</span></a></span>", "<span class=\"wordlink\"><a href=\"dosearch.php?searchkey=7458&amp;language=id\"><span class=\"eastsyriac\">\u0721\u0719\u0732\u0715\u0729\u0735\u0722\u0718\u073c\u072c\u0735\u0710</span></a>, <a href=\"dosearch.php?searchkey=3736&amp;language=id\"><span class=\"eastsyriac\">\u0722\u071d\u073c\u072a\u0735\u0710</span></a>, <a href=\"dosearch.php?searchkey=8756&amp;language=id\"><span class=\"eastsyriac\">\u0721\u0738\u072c\u071b\u0726\u071d\u073c\u0723\u0735\u0722\u0718\u073c\u072c\u0735\u0710</span></a>, <a href=\"dosearch.php?searchkey=7336&amp;language=id\"><span class=\"eastsyriac\">\u0721\u0718\u073c\u071f\u0735\u071f\u0742\u0735\u0710</span></a>, <a href=\"dosearch.php?searchkey=8379&amp;language=id\"><span class=\"eastsyriac\">\u0721\u0729\u0732\u0712\u0720\u0735\u0722\u0718\u073c\u072c\u0735\u0710</span></a>, <a href=\"dosearch.php?searchkey=34235&amp;language=id\"><span class=\"eastsyriac\">\u0729\u0732\u0712\u0732\u0720\u072c\u0735\u0710</span></a>, <a href=\"dosearch.php?searchkey=34867&amp;language=id\"><span class=\"eastsyriac\">\u0715\u0735\u0722\u0718\u073f\u071d\u0718\u073c\u072c\u0735\u0710</span></a></span>"], "key": "29097", "west": "\u072b\u0733\u0720\u0721\u073d\u0718\u072c\u0733\u0710", "phonetic": "<td>\u0161a:l ' mu: ta:</td>", "east": "\u072b\u0735\u0720\u0721\u0718\u073c\u072c\u0735\u0710"}
][
{"searchkey": "12557", "audio": [], "context": ["sexual"], "webrank": 10, "text": [" : proximity , nearness , closeness , neighbourhood / neighborhood , access / adjacency , ", " promiscuity (?) ;"], "english": "<td>proximity , nearness , closeness , neighbourhood / neighborhood , access / adjacency , <span class=\"context\">sexual</span> promiscuity (?) ;</td>", "cf": ["<span class=\"wordlink\"><a href=\"dosearch.php?searchkey=25642&amp;language=id\"><span class=\"eastsyriac\">\u0729\u072a\u0712</span></a>, <a href=\"dosearch.php?searchkey=13094&amp;language=id\"><span class=\"eastsyriac\">\u0721\u0732\u0729\u072a\u0738\u0712\u0742</span></a>, <a href=\"dosearch.php?searchkey=26161&amp;language=id\"><span class=\"eastsyriac\">\u0721\u0729\u0732\u072a\u0712\u0738\u0722</span></a>, <a href=\"dosearch.php?searchkey=26159&amp;language=id\"><span class=\"eastsyriac\">\u0729\u0735\u072a\u0738\u0712\u0742</span></a>, <a href=\"dosearch.php?searchkey=26160&amp;language=id\"><span class=\"eastsyriac\">\u0729\u072a\u0735\u0712\u0742\u0735\u0710</span></a>, <a href=\"dosearch.php?searchkey=13097&amp;language=id\"><span class=\"eastsyriac\">\u0729\u072a\u0735\u0712\u0735\u071d\u0735\u0710</span></a>, <a href=\"dosearch.php?searchkey=13100&amp;language=id\"><span class=\"eastsyriac\">\u0729\u0732\u072a\u0712\u0735\u0722\u072c\u0735\u0710</span></a>, <a href=\"dosearch.php?searchkey=13101&amp;language=id\"><span class=\"eastsyriac\">\u0729\u072a\u0732\u0712\u072c\u0735\u0722\u0735\u0710</span></a>, <a href=\"dosearch.php?searchkey=13095&amp;language=id\"><span class=\"eastsyriac\">\u0729\u0732\u072a\u0712\u0718\u073c\u0722\u0739\u0710</span></a>, <a href=\"dosearch.php?searchkey=12553&amp;language=id\"><span class=\"eastsyriac\">\u0729\u0718\u073c\u072a\u0712\u0735\u0712\u0739\u0710</span></a>, <a href=\"dosearch.php?searchkey=12554&amp;language=id\"><span class=\"eastsyriac\">\u0729\u0718\u073c\u072a\u0712\u0735\u071d\u0718\u073c\u072c\u0735\u0710</span></a>, <a href=\"dosearch.php?searchkey=13152&amp;language=id\"><span class=\"eastsyriac\">\u0729\u0732\u072a\u071d\u073c\u0712\u0735\u0710</span></a>, <a href=\"dosearch.php?searchkey=13092&amp;language=id\"><span class=\"eastsyriac\">\u0729\u072a\u0735\u0712\u0735\u0710</span></a>, <a href=\"dosearch.php?searchkey=13095&amp;language=id\"><span class=\"eastsyriac\">\u0729\u0732\u072a\u0712\u0718\u073c\u0722\u0739\u0710</span></a>, <a href=\"dosearch.php?searchkey=26346&amp;language=id\"><span class=\"eastsyriac\">\u0729\u0718\u073c\u072a\u0712\u0735\u0722\u0735\u0710</span></a>, <a href=\"dosearch.php?searchkey=12552&amp;language=id\"><span class=\"eastsyriac\">\u0729\u0718\u073c\u072a\u0712\u0735\u0710</span></a>, <a href=\"dosearch.php?searchkey=26161&amp;language=id\"><span class=\"eastsyriac\">\u0721\u0729\u0732\u072a\u0712\u0738\u0722</span></a></span>", "<span class=\"wordlink\"><a href=\"dosearch.php?searchkey=28716&amp;language=id\"><span class=\"eastsyriac\">\u0729\u0718\u073c\u072a\u0712\u0718\u073c\u0722\u071d\u0718\u073c\u072c\u0742\u0735\u0710</span></a></span>"], "key": "12557", "west": "\u0729\u073d\u0718\u072a\u0712\u0736\u0722\u071d\u073d\u0718\u072c\u0733\u0710", "phonetic": "<td>qu:r bi ' niu: ta:</td>", "east": "\u0729\u0718\u073c\u072a\u0712\u0738\u0722\u071d\u0718\u073c\u072c\u0735\u0710"},
{"searchkey": "34867", "audio": [], "context": [], "webrank": 2, "text": [" : 1) submission , yielding , capitulation , agreement / consent / accession / acquiescence , conformity , compliance ;\r\n2) surrender , yielding , capitualtion , resignation , succumbing , defeat , fall , laying down one's weapons , humbling self , knuckling under / buckling under ;"], "english": "<td>1) submission , yielding , capitulation , agreement / consent / accession / acquiescence , conformity , compliance ;\r\n2) surrender , yielding , capitualtion , resignation , succumbing , defeat , fall , laying down one's weapons , humbling self , knuckling under / buckling under ;</td>", "cf": ["<span class=\"wordlink\"><a href=\"dosearch.php?searchkey=dn%27&amp;language=fullsyriac\"><span class=\"eastsyriac\">\u0715\u0722\u0710</span></a></span>", "<span class=\"wordlink\"><a href=\"dosearch.php?searchkey=7458&amp;language=id\"><span class=\"eastsyriac\">\u0721\u0719\u0732\u0715\u0729\u0735\u0722\u0718\u073c\u072c\u0735\u0710</span></a>, <a href=\"dosearch.php?searchkey=3736&amp;language=id\"><span class=\"eastsyriac\">\u0722\u071d\u073c\u072a\u0735\u0710</span></a>, <a href=\"dosearch.php?searchkey=29097&amp;language=id\"><span class=\"eastsyriac\">\u072b\u0735\u0720\u0721\u0718\u073c\u072c\u0735\u0710</span></a>, <a href=\"dosearch.php?searchkey=8756&amp;language=id\"><span class=\"eastsyriac\">\u0721\u0738\u072c\u071b\u0726\u071d\u073c\u0723\u0735\u0722\u0718\u073c\u072c\u0735\u0710</span></a>, <a href=\"dosearch.php?searchkey=7336&amp;language=id\"><span class=\"eastsyriac\">\u0721\u0718\u073c\u071f\u0735\u071f\u0742\u0735\u0710</span></a>, <a href=\"dosearch.php?searchkey=8379&amp;language=id\"><span class=\"eastsyriac\">\u0721\u0729\u0732\u0712\u0720\u0735\u0722\u0718\u073c\u072c\u0735\u0710</span></a>, <a href=\"dosearch.php?searchkey=34235&amp;language=id\"><span class=\"eastsyriac\">\u0729\u0732\u0712\u0732\u0720\u072c\u0735\u0710</span></a></span>"], "key": "34867", "west": "\u0715\u0733\u0722\u073d\u0718\u071d\u073d\u0718\u072c\u0733\u0710", "phonetic": "<td>da: nu ' iu: ta:</td>", "east": "\u0715\u0735\u0722\u0718\u073f\u071d\u0718\u073c\u072c\u0735\u0710"},
{"searchkey": "2720", "audio": [], "context": ["Classical Syriac", "2 Samuel 3, 22 : \"brought in a great spoil with them\""], "webrank": 1, "text": [" : 1) locking , fastening with a lock , preventing free movement or access by means of locks ;\r\n2) ", " : booty , loot , swag / haul / plunder , spoil , ", " ;\r\n3) a band of captives ;"], "english": "<td>1) locking , fastening with a lock , preventing free movement or access by means of locks ;\r\n2) <span class=\"context\">Classical Syriac</span> : booty , loot , swag / haul / plunder , spoil , <span class=\"context\">2 Samuel 3, 22 : \"brought in a great spoil with them\"</span> ;\r\n3) a band of captives ;</td>", "cf": [], "key": "2720", "west": "\u0715\u0712\u0742\u0733\u072a\u072c\u0733\u0710", "phonetic": "<td>' dwa:r ta:</td>", "east": "\u0715\u0712\u0742\u0735\u072a\u072c\u0735\u0710"},
{"searchkey": "8379", "audio": [], "context": ["Oraham", "Bailis Shamun ; see also \u0715\u0735\u0722\u0718\u073f\u071d\u0718\u073c\u072c\u0735\u0710", "of conditions from another ...", "to demands ...", "in conditions ..."], "webrank": 6, "text": [" : 1) ", " : the capacity , the power of receiving / containing / absorbing , the (containing) size (?) , receptivity , volume (?) ;\r\n2) ", " : submission , yielding , capitulation , acceptance ", " / consent / accession ", " / acquiescence ", " , surrender , yielding , capitulation , resignation , succumbing , defeat , fall , laying down one's weapons , humbling self , knuckling under / buckling under ;"], "english": "<td>1) <span class=\"context\">Oraham</span> : the capacity , the power of receiving / containing / absorbing , the (containing) size (?) , receptivity , volume (?) ;\r\n2) <span class=\"context\">Bailis Shamun ; see also <a href=\"dosearch.php?searchkey=dAnoyutA%27&amp;language=fullsyriac\"><span class=\"eastsyriac\">\u0715\u0735\u0722\u0718\u073f\u071d\u0718\u073c\u072c\u0735\u0710</span></a></span> : submission , yielding , capitulation , acceptance <span class=\"context\">of conditions from another ...</span> / consent / accession <span class=\"context\">to demands ...</span> / acquiescence <span class=\"context\">in conditions ...</span> , surrender , yielding , capitulation , resignation , succumbing , defeat , fall , laying down one's weapons , humbling self , knuckling under / buckling under ;</td>", "cf": ["<span class=\"wordlink\"><a href=\"dosearch.php?searchkey=qbl&amp;language=fullsyriac\"><span class=\"eastsyriac\">\u0729\u0712\u0720</span></a>, <a href=\"dosearch.php?searchkey=8378&amp;language=id\"><span class=\"eastsyriac\">\u0721\u0729\u0732\u0712\u0720\u0718\u073c\u072c\u0735\u0710</span></a>, <a href=\"dosearch.php?searchkey=12211&amp;language=id\"><span class=\"eastsyriac\">\u0729\u0735\u0712\u0718\u073f\u0720</span></a>, <a href=\"dosearch.php?searchkey=12212&amp;language=id\"><span class=\"eastsyriac\">\u0729\u0735\u0712\u0718\u073f\u0720\u0739\u0710</span></a>, <a href=\"dosearch.php?searchkey=12235&amp;language=id\"><span class=\"eastsyriac\">\u0729\u0712\u0735\u0720\u0735\u0710</span></a>, <a href=\"dosearch.php?searchkey=34235&amp;language=id\"><span class=\"eastsyriac\">\u0729\u0732\u0712\u0732\u0720\u072c\u0735\u0710</span></a></span>", "<span class=\"wordlink\"><a href=\"dosearch.php?searchkey=34867&amp;language=id\"><span class=\"eastsyriac\">\u0715\u0735\u0722\u0718\u073f\u071d\u0718\u073c\u072c\u0735\u0710</span></a>, <a href=\"dosearch.php?searchkey=7458&amp;language=id\"><span class=\"eastsyriac\">\u0721\u0719\u0732\u0715\u0729\u0735\u0722\u0718\u073c\u072c\u0735\u0710</span></a>, <a href=\"dosearch.php?searchkey=3736&amp;language=id\"><span class=\"eastsyriac\">\u0722\u071d\u073c\u072a\u0735\u0710</span></a>, <a href=\"dosearch.php?searchkey=29097&amp;language=id\"><span class=\"eastsyriac\">\u072b\u0735\u0720\u0721\u0718\u073c\u072c\u0735\u0710</span></a>, <a href=\"dosearch.php?searchkey=8756&amp;language=id\"><span class=\"eastsyriac\">\u0721\u0738\u072c\u071b\u0726\u071d\u073c\u0723\u0735\u0722\u0718\u073c\u072c\u0735\u0710</span></a>, <a href=\"dosearch.php?searchkey=7336&amp;language=id\"><span class=\"eastsyriac\">\u0721\u0718\u073c\u071f\u0735\u071f\u0742\u0735\u0710</span></a></span>"], "key": "8379", "west": "\u0721\u0729\u0730\u0712\u0720\u0733\u0722\u073d\u0718\u072c\u0733\u0710", "phonetic": "<td>mqab la: ' nu: ta:</td>", "east": "\u0721\u0729\u0732\u0712\u0720\u0735\u0722\u0718\u073c\u072c\u0735\u0710"},
{"searchkey": "8208", "audio": [], "context": [], "webrank": 5, "text": [" : the entrance , the ingress , the way in , the access (path, entrance) , the means or a place for entering , the admittance (?) ;"], "english": "<td>the entrance , the ingress , the way in , the access (path, entrance) , the means or a place for entering , the admittance (?) ;</td>", "cf": ["<span class=\"wordlink\"><a href=\"dosearch.php?searchkey=25736&amp;language=id\"><span class=\"eastsyriac\">\u0721\u0732\u0725\u0732\u0720</span></a>, <a href=\"dosearch.php?searchkey=25735&amp;language=id\"><span class=\"eastsyriac\">\u0721\u0725\u0732\u0720</span></a></span>", "<span class=\"wordlink\"><a href=\"dosearch.php?searchkey=14459&amp;language=id\"><span class=\"eastsyriac\">\u072b\u0718\u073c\u072a\u0729\u0735\u071b\u0735\u0710</span></a>, <a href=\"dosearch.php?searchkey=10067&amp;language=id\"><span class=\"eastsyriac\">\u0725\u0712\u0742\u0735\u072a\u0735\u0710</span></a></span>"], "key": "8208", "west": "\u0721\u0730\u0725\u0720\u0733\u0722\u0733\u0710", "phonetic": "<td>ma: ' la : na:</td>", "east": "\u0721\u0732\u0725\u0720\u0735\u0722\u0735\u0710"},
{"searchkey": "8847", "audio": [], "context": [], "webrank": 8, "text": [" : the acquisition , the act or process of acquiring , learning (?) , purchase (?) , reaching -arrival at- a new stage -puberty ...-(?) , the attainment / achieving an aim , the accession -to power- (?) ;"], "english": "<td>the acquisition , the act or process of acquiring , learning (?) , purchase (?) , reaching -arrival at- a new stage -puberty ...-(?) , the attainment / achieving an aim , the accession -to power- (?) ;</td>", "cf": [], "key": "8847", "west": "\u0721\u0736\u072c\u0729\u0730\u0722\u071d\u0733\u0722\u073d\u0718\u072c\u0733\u0710", "phonetic": "<td>mit qan ia ' nu: ta</td>", "east": "\u0721\u0738\u072c\u0729\u0732\u0722\u071d\u0735\u0722\u0718\u073c\u072c\u0735\u0710"},
{"searchkey": "32404", "audio": [], "context": ["(JAAS)"], "webrank": 4, "text": [" : existence , presence , availablility , beingness , accessability ;\r\n\u0720\u0732\u071d\u072c\u0735\u071d\u0718\u073c\u072c\u0735\u0710 : inexistence , absence , unavailability , non-accessibility to ;\r\n", " :"], "english": "<td>existence , presence , availablility , beingness , accessability ;\r\n<a href=\"dosearch.php?searchkey=laytAyutA%27&amp;language=fullsyriac\"><span class=\"eastsyriac\">\u0720\u0732\u071d\u072c\u0735\u071d\u0718\u073c\u072c\u0735\u0710</span></a> : inexistence , absence , unavailability , non-accessibility to ;\r\n<span class=\"context\">(JAAS)</span> : <span class=\"locution\"><span class=\"eastsyriac\">\u0725\u0738\u0720\u072c\u0735\u0710 \u0715\u0710\u0735\u0717\u0735\u0710 \u0722\u0732\u072b\u071d\u073c\u072b\u0718\u073c\u072c\u0735\u0710 \u071d\u073c\u0720\u0735\u0717 \u0720\u0732\u071d\u072c\u0735\u071d\u0718\u073c\u072c\u0735\u0710 \u0729\u0738\u0722\u071b\u072a\u0308\u0718\u073f\u0722\u0738\u0710 \u0715\u0721\u0732\u0720\u0732\u0726\u072c\u0735\u0710 \u0715\u0720\u0738\u072b\u0735\u0722\u0735\u0710</span></span> : the reason for this weakness <span class=\"context\">in the knowledge of Sureth</span> is the non-existence of centres for teaching the language ;</td>", "cf": ["<span class=\"wordlink\"><a href=\"dosearch.php?searchkey=16652&amp;language=id\"><span class=\"eastsyriac\">\u0710\u071d\u073c\u072c\u0738\u0722</span></a>, <a href=\"dosearch.php?searchkey=6789&amp;language=id\"><span class=\"eastsyriac\">\u0720\u0732\u071d\u072c</span></a>, <a href=\"dosearch.php?searchkey=31036&amp;language=id\"><span class=\"eastsyriac\">\u0710\u071d\u073c\u0712\u071d\u073c</span></a>, <a href=\"dosearch.php?searchkey=32170&amp;language=id\"><span class=\"eastsyriac\">\u0710\u071d\u073c\u072c\u0742 \u0712</span></a>, <a href=\"dosearch.php?searchkey=32404&amp;language=id\"><span class=\"eastsyriac\">\u071d\u073c\u072c\u0735\u071d\u0718\u073c\u072c\u0735\u0710</span></a>, <a href=\"dosearch.php?searchkey=354&amp;language=id\"><span class=\"eastsyriac\">\u0710\u071d\u073c\u072c\u0742</span></a></span>", "<span class=\"wordlink\"><a href=\"dosearch.php?searchkey=32405&amp;language=id\"><span class=\"eastsyriac\">\u0720\u0732\u071d\u072c\u0735\u071d\u0718\u073c\u072c\u0735\u0710</span></a></span>"], "key": "32404", "west": "\u073a\u071d\u072c\u0733\u071d\u073d\u0718\u072c\u0733\u0710", "phonetic": "<td>i: ta: ' iu: ta:</td>", "east": "\u071d\u073c\u072c\u0735\u071d\u0718\u073c\u072c\u0735\u0710"},
{"searchkey": "3793", "audio": [], "context": ["Maclean", "Oraham"], "webrank": 3, "text": [" : 1) ", " : victuals , , food , provisions , supplies , commissariat ;\r\n2) appurtenances , accessories ;\r\n3) ", " : provision , that which is provided or prepared , that which is brought together or arranged in advance , preparatory measure , stipulation ;"], "english": "<td>1) <span class=\"context\">Maclean</span> : victuals , , food , provisions , supplies , commissariat ;\r\n2) appurtenances , accessories ;\r\n3) <span class=\"context\">Oraham</span> : provision , that which is provided or prepared , that which is brought together or arranged in advance , preparatory measure , stipulation ;</td>", "cf": ["<span class=\"wordlink\"><a href=\"dosearch.php?searchkey=21252&amp;language=id\"><span class=\"eastsyriac\">\u0719\u0732\u071a\u071d\u073c\u072a\u0735\u0710</span></a></span>", "<span class=\"wordlink\"><a href=\"dosearch.php?searchkey=27270&amp;language=id\"><span class=\"eastsyriac\">\u0723\u0718\u073c\u072a\u0723\u0732\u0715</span></a>, <a href=\"dosearch.php?searchkey=7470&amp;language=id\"><span class=\"eastsyriac\">\u0721\u0735\u0719\u0718\u073f\u0722\u0735\u0710</span></a>, <a href=\"dosearch.php?searchkey=27333&amp;language=id\"><span class=\"eastsyriac\">\u0723\u0732\u071d\u0712\u0732\u072a\u072c\u0735\u0710</span></a>, <a href=\"dosearch.php?searchkey=3741&amp;language=id\"><span class=\"eastsyriac\">\u0719\u0718\u0735\u0715\u0735\u0710</span></a>, <a href=\"dosearch.php?searchkey=21101&amp;language=id\"><span class=\"eastsyriac\">\u0719\u0718\u0735\u0715\u0308\u0739\u0710</span></a>, <a href=\"dosearch.php?searchkey=21355&amp;language=id\"><span class=\"eastsyriac\">\u0710\u0732\u0723\u0735\u0722\u0735\u0710</span></a></span>"], "key": "3793", "west": "\u0719\u0730\u071a\u072a\u0733\u0710", "phonetic": "<td>' za\u1e25 ra:</td>", "east": "\u0719\u0732\u071a\u072a\u0735\u0710"},
{"searchkey": "8810", "audio": [], "context": ["Oraham", "river ...", "difficulty ....", "river, frontier ... :"], "webrank": 7, "text": [" : 1) ", " : passable , capable of being passed / navigated / penetrated / accessed , ", " : navigable / clear / unobstructed / traversable , ", " : surmountable ;\r\n"], "english": "<td>1) <span class=\"context\">Oraham</span> : passable , capable of being passed / navigated / penetrated / accessed , <span class=\"context\">river ...</span> : navigable / clear / unobstructed / traversable , <span class=\"context\">difficulty ....</span> : surmountable ;\r\n<span class=\"context\">river, frontier ... : <span class=\"locution\"><span class=\"eastsyriac\">\u0720\u0735\u0710 \u0721\u0738\u072c\u0725\u0732\u0712\u0742\u072a\u0735\u0722\u0735\u0710</span></span></span> : impassable , <span class=\"context\">fortress ...</span> : impregnable , <span class=\"context\">lock, cypher code ...</span> : unpickable (?) / unopenable (?) / tamper-proof (?) / unbreakable (?) , <span class=\"context\">difficulty ...</span> : unsurmountable , <span class=\"context\">law ...</span> : not to be transgressed / inviolable / sacrocanct ;\r\n2) <span class=\"context\">Bailis Shamun</span> : permeable ;\r\n3) <span class=\"context\">noun</span> : a transgressor , a violator / a desecrator (?) , an offender (?) / a miscreant (?) / a lawbreaker (?) / a villain (?) / a felon (?) , / an outlaw (?) , a rapist (?) , an invader (?) , an intruder (?) / an odd one (?) ;</td>", "cf": ["<span class=\"wordlink\"><a href=\"dosearch.php?searchkey=17813&amp;language=id\"><span class=\"eastsyriac\">\u0725\u0712\u072a</span></a>, <a href=\"dosearch.php?searchkey=10067&amp;language=id\"><span class=\"eastsyriac\">\u0725\u0712\u0742\u0735\u072a\u0735\u0710</span></a>, <a href=\"dosearch.php?searchkey=3121&amp;language=id\"><span class=\"eastsyriac\">\u0715\u0725\u0735\u0712\u0742\u0735\u072a</span></a>, <a href=\"dosearch.php?searchkey=14895&amp;language=id\"><span class=\"eastsyriac\">\u0720\u0738\u0712\u0735\u0710 \u0725\u0747\u0712\u0742\u0735\u072a\u0735\u0710</span></a>, <a href=\"dosearch.php?searchkey=8184&amp;language=id\"><span class=\"eastsyriac\">\u0721\u0732\u0725\u0712\u0742\u0718\u073c\u072a\u0739\u0710</span></a>, <a href=\"dosearch.php?searchkey=8185&amp;language=id\"><span class=\"eastsyriac\">\u0721\u0732\u0725\u0712\u0742\u072a\u0735\u0710</span></a>, <a href=\"dosearch.php?searchkey=16494&amp;language=id\"><span class=\"eastsyriac\">\u0721\u0732\u0725\u0712\u072a\u0735\u0722\u0735\u0710</span></a>, <a href=\"dosearch.php?searchkey=10060&amp;language=id\"><span class=\"eastsyriac\">\u0725\u0735\u0712\u0742\u0718\u073f\u072a\u0718\u073c\u072c\u0735\u0710</span></a>, <a href=\"dosearch.php?searchkey=10061&amp;language=id\"><span class=\"eastsyriac\">\u0725\u0712\u0742\u0718\u073f\u072a\u071d\u0735\u0710</span></a>, <a href=\"dosearch.php?searchkey=10058&amp;language=id\"><span class=\"eastsyriac\">\u0725\u0712\u0718\u073f\u072a\u0735\u0710</span></a>, <a href=\"dosearch.php?searchkey=10070&amp;language=id\"><span class=\"eastsyriac\">\u0725\u0738\u0712\u0742\u072a\u0735\u071d\u0735\u0710</span></a>, <a href=\"dosearch.php?searchkey=10071&amp;language=id\"><span class=\"eastsyriac\">\u0725\u0712\u0742\u0735\u072a\u072c\u0735\u0710</span></a>, <a href=\"dosearch.php?searchkey=18101&amp;language=id\"><span class=\"eastsyriac\">\u0725\u0712\u0742\u0718\u073c\u072a\u071d\u0735\u0710</span></a>, <a href=\"dosearch.php?searchkey=10059&amp;language=id\"><span class=\"eastsyriac\">\u0725\u0735\u0712\u0742\u0718\u073f\u072a\u0735\u0710</span></a></span>", "<span class=\"wordlink\"><a href=\"dosearch.php?searchkey=35685&amp;language=id\"><span class=\"eastsyriac\">\u0721\u0738\u072c\u072c\u0732\u072a\u0725\u0735\u0722\u0735\u0710</span></a>, <a href=\"dosearch.php?searchkey=35684&amp;language=id\"><span class=\"eastsyriac\">\u0721\u0738\u072c\u0722\u0732\u0726\u0715\u0735\u0722\u0735\u0710</span></a>, <a href=\"dosearch.php?searchkey=33734&amp;language=id\"><span class=\"eastsyriac\">\u0721\u0738\u072c\u0721\u0732\u0720\u071a\u0735\u0722\u0735\u0710</span></a></span>"], "key": "8810", "west": "\u0721\u0736\u072c\u0725\u0730\u0712\u0742\u072a\u0733\u0722\u0733\u0710", "phonetic": "<td>mit o ' ra: na:</td>", "east": "\u0721\u0738\u072c\u0725\u0732\u0712\u0742\u072a\u0735\u0722\u0735\u0710"},
{"searchkey": "15179", "audio": [], "context": ["crime"], "webrank": 40, "text": [" : a partner , an associate , a companion , a fellow , a mate , a comrade , one who has a part in anything with another / others , a partaker , a participant , a colleague , a sharer , ", " : an accomplice (?) , an accessory (?) / accessary (?) , "], "english": "<td>a partner , an associate , a companion , a fellow , a mate , a comrade , one who has a part in anything with another / others , a partaker , a participant , a colleague , a sharer , <span class=\"context\">crime</span> : an accomplice (?) , an accessory (?) / accessary (?) , </td>", "cf": ["<span class=\"wordlink\"><a href=\"dosearch.php?searchkey=jrk&amp;language=fullsyriac\"><span class=\"eastsyriac\">\u072b\u072a\u071f</span></a>, <a href=\"dosearch.php?searchkey=15180&amp;language=id\"><span class=\"eastsyriac\">\u072b\u0735\u072a\u071d\u073c\u071f\u0718\u073c\u072c\u0735\u0710</span></a>, <a href=\"dosearch.php?searchkey=15148&amp;language=id\"><span class=\"eastsyriac\">\u072b\u0732\u072a\u0718\u073c\u071f\u0739\u0710</span></a>, <a href=\"dosearch.php?searchkey=15214&amp;language=id\"><span class=\"eastsyriac\">\u072b\u072a\u0735\u071f\u0735\u0710</span></a></span>", "<span class=\"wordlink\"><a href=\"dosearch.php?searchkey=14133&amp;language=id\"><span class=\"eastsyriac\">\u0712\u0732\u072a \u072c\u0738\u0713\u0721\u0735\u0710</span></a>, <a href=\"dosearch.php?searchkey=1641&amp;language=id\"><span class=\"eastsyriac\">\u0712\u0732\u072a\u0713\u0732\u0715\u0735\u0710</span></a>, <a href=\"dosearch.php?searchkey=1667&amp;language=id\"><span class=\"eastsyriac\">\u0712\u0732\u072a\u0723\u071d\u073c\u0725\u072c\u0735\u0710</span></a>, <a href=\"dosearch.php?searchkey=6233&amp;language=id\"><span class=\"eastsyriac\">\u071f\u0722\u0735\u072c\u0735\u0710</span></a>, <a href=\"dosearch.php?searchkey=14182&amp;language=id\"><span class=\"eastsyriac\">\u072b\u0718\u0735\u0710 \u0712\u0710\u0718\u073c\u0721\u0735\u0722\u0718\u073c\u072c\u0735\u0710</span></a>, <a href=\"dosearch.php?searchkey=1663&amp;language=id\"><span class=\"eastsyriac\">\u0712\u0732\u072a\u0721\u0722\u0735\u072c\u0735\u0710</span></a>, <a href=\"dosearch.php?searchkey=14995&amp;language=id\"><span class=\"eastsyriac\">\u072b\u0732\u0718\u072c\u0735\u0726\u0735\u0710</span></a>, <a href=\"dosearch.php?searchkey=4087&amp;language=id\"><span class=\"eastsyriac\">\u071a\u0732\u0712\u0742\u072a\u0735\u0710</span></a>, <a href=\"dosearch.php?searchkey=15217&amp;language=id\"><span class=\"eastsyriac\">\u072b\u0732\u072a\u071f\u0735\u0722\u0735\u0710</span></a>, <a href=\"dosearch.php?searchkey=20291&amp;language=id\"><span class=\"eastsyriac\">\u0715\u0732\u0723\u072c\u0735\u0713</span></a>, <a href=\"dosearch.php?searchkey=20311&amp;language=id\"><span class=\"eastsyriac\">\u072b\u0735\u0718\u072c\u0735\u0726\u0735\u0710 \u0712\u0712\u071d\u073c\u072b\u072c\u0735\u0710</span></a>, <a href=\"dosearch.php?searchkey=20312&amp;language=id\"><span class=\"eastsyriac\">\u071a\u0732\u0712\u0742\u072a\u0735\u0710 \u0712\u0712\u071d\u073c\u072b\u072c\u0735\u0710</span></a></span>"], "key": "15179", "west": "\u072b\u0733\u072a\u073a\u071d\u071f\u0733\u0710", "phonetic": "<td>\u0161a: ' ri ka:</td>", "east": "\u072b\u0735\u072a\u071d\u073c\u071f\u0735\u0710"},
{"searchkey": "14459", "audio": [], "context": [], "webrank": 20, "text": [" : 1) access , free access , accessibility , admittance / entrance / ingress , permission , the entree / right to admission , a coming to admission / approach (?) ;\r\n2) grape-gleaning ;"], "english": "<td>1) access , free access , accessibility , admittance / entrance / ingress , permission , the entree / right to admission , a coming to admission / approach (?) ;\r\n2) grape-gleaning ;</td>", "cf": ["<span class=\"wordlink\"><a href=\"dosearch.php?searchkey=8208&amp;language=id\"><span class=\"eastsyriac\">\u0721\u0732\u0725\u0720\u0735\u0722\u0735\u0710</span></a>, <a href=\"dosearch.php?searchkey=13656&amp;language=id\"><span class=\"eastsyriac\">\u0725\u0732\u0720\u0732\u0720\u072c\u0735\u0710</span></a></span>"], "key": "14459", "west": "\u072b\u073d\u0718\u072a\u0729\u0733\u071b\u0733\u0710", "phonetic": "<td>\u0161ur ' qa \u1e6da</td>", "east": "\u072b\u0718\u073c\u072a\u0729\u0735\u071b\u0735\u0710"},
{"searchkey": "14026", "audio": [], "context": [], "webrank": 10, "text": [" : 1) forgivingness , the willingness / disposition to forgive , forgiveness , indulgence , leniency , mercy ;\r\n2) liberation ;\r\n3) allowing (?) / permitting (?) / letting (?) , permission (?) / authorization (?) / access (?) ;"], "english": "<td>1) forgivingness , the willingness / disposition to forgive , forgiveness , indulgence , leniency , mercy ;\r\n2) liberation ;\r\n3) allowing (?) / permitting (?) / letting (?) , permission (?) / authorization (?) / access (?) ;</td>", "cf": ["<span class=\"wordlink\"><a href=\"dosearch.php?searchkey=31992&amp;language=id\"><span class=\"eastsyriac\">\u072b\u0712\u0729</span></a>, <a href=\"dosearch.php?searchkey=14003&amp;language=id\"><span class=\"eastsyriac\">\u072b\u0712\u0742\u0718\u073f\u0729</span></a>, <a href=\"dosearch.php?searchkey=27719&amp;language=id\"><span class=\"eastsyriac\">\u072b\u0735\u0712\u0742\u0738\u0729</span></a>, <a href=\"dosearch.php?searchkey=14069&amp;language=id\"><span class=\"eastsyriac\">\u072b\u0712\u0742\u0735\u0729\u072c\u0735\u0710</span></a></span>", "<span class=\"wordlink\"><a href=\"dosearch.php?searchkey=7572&amp;language=id\"><span class=\"eastsyriac\">\u0721\u0732\u071a\u0720\u0732\u071d\u072c\u0735\u0710</span></a>, <a href=\"dosearch.php?searchkey=7561&amp;language=id\"><span class=\"eastsyriac\">\u0721\u0732\u071a\u0720\u0718\u073c\u071d\u0739\u0710</span></a>, <a href=\"dosearch.php?searchkey=10841&amp;language=id\"><span class=\"eastsyriac\">\u0726\u0735\u071a\u0732\u0720\u072c\u0735\u0710</span></a>, <a href=\"dosearch.php?searchkey=10842&amp;language=id\"><span class=\"eastsyriac\">\u0726\u0735\u071a\u0732\u0720\u072c\u0735\u0710 \u071b\u0720\u0735\u0712\u072c\u0735\u0710</span></a>, <a href=\"dosearch.php?searchkey=10690&amp;language=id\"><span class=\"eastsyriac\">\u0726\u0718\u073c\u071a\u0735\u0720\u0735\u0710</span></a>, <a href=\"dosearch.php?searchkey=4648&amp;language=id\"><span class=\"eastsyriac\">\u071a\u0732\u0722\u0735\u0722\u0718\u073c\u072c\u0735\u0710</span></a>, <a href=\"dosearch.php?searchkey=10761&amp;language=id\"><span class=\"eastsyriac\">\u0726\u0718\u073c\u0728\u0735\u071d\u0735\u0710</span></a>, <a href=\"dosearch.php?searchkey=4791&amp;language=id\"><span class=\"eastsyriac\">\u071a\u072a\u0718\u073c\u072a\u0735\u0710</span></a>, <a href=\"dosearch.php?searchkey=7048&amp;language=id\"><span class=\"eastsyriac\">\u0721\u0732\u0713\u0717\u071d\u0735\u0722\u0718\u073c\u072c\u0735\u0710</span></a>, <a href=\"dosearch.php?searchkey=8579&amp;language=id\"><span class=\"eastsyriac\">\u0721\u072b\u0732\u0718\u0719\u0712\u0718\u073c\u072c\u0735\u0710</span></a>, <a href=\"dosearch.php?searchkey=10794&amp;language=id\"><span class=\"eastsyriac\">\u0726\u0718\u073c\u072a\u0729\u0735\u0722\u0735\u0710</span></a>, <a href=\"dosearch.php?searchkey=11169&amp;language=id\"><span class=\"eastsyriac\">\u0726\u0728\u0735\u0710</span></a>, <a href=\"dosearch.php?searchkey=8678&amp;language=id\"><span class=\"eastsyriac\">\u0721\u0738\u072b\u072c\u0732\u0718\u0719\u0712\u0735\u0722\u0718\u073c\u072c\u0735\u0710</span></a></span>"], "key": "14026", "west": "\u072b\u0712\u0742\u073d\u0718\u0729\u071d\u0733\u0710", "phonetic": "<td>' \u0161wuq ia:</td>", "east": "\u072b\u0712\u0742\u0718\u073f\u0729\u071d\u0735\u0710"},
{"searchkey": "29097", "audio": [], "context": ["Bailis Shamun ; see also \u0715\u0735\u0722\u0718\u073f\u071d\u0718\u073c\u072c\u0735\u0710", "wrestling, fighting ...", "Yoab Benjamin", "see also \u0721\u0717\u0732\u071d\u0721\u0722\u0718\u073c\u072c\u0735\u0710"], "webrank": 30, "text": [" : 1) ", " : submission , yielding , capitulation / acceptance / agreement / consent / accession ;\r\n2) ", " : surrender , yielding , capitualtion , resignation , succumbing , defeat , fall , laying down one's weapons , humbling self , knuckling under / buckling under ;\r\n3) ", " : a treaty , an agreement ;\r\n"], "english": "<td>1) <span class=\"context\">Bailis Shamun ; see also <a href=\"dosearch.php?searchkey=dAnoyutA%27&amp;language=fullsyriac\"><span class=\"eastsyriac\">\u0715\u0735\u0722\u0718\u073f\u071d\u0718\u073c\u072c\u0735\u0710</span></a></span> : submission , yielding , capitulation / acceptance / agreement / consent / accession ;\r\n2) <span class=\"context\">wrestling, fighting ...</span> : surrender , yielding , capitualtion , resignation , succumbing , defeat , fall , laying down one's weapons , humbling self , knuckling under / buckling under ;\r\n3) <span class=\"context\">Yoab Benjamin</span> : a treaty , an agreement ;\r\n<span class=\"context\">see also <a href=\"dosearch.php?searchkey=mhaymnutA%27&amp;language=fullsyriac\"><span class=\"eastsyriac\">\u0721\u0717\u0732\u071d\u0721\u0722\u0718\u073c\u072c\u0735\u0710</span></a> ; <span class=\"locution\"><span class=\"eastsyriac\">\u072b\u0735\u0720\u0721\u0718\u073c\u072c \u072a\u0738\u0725\u071d\u0735\u0722\u0735\u0710</span></span></span> : allegiance , obedience ;</td>", "cf": ["<span class=\"wordlink\"><a href=\"dosearch.php?searchkey=32006&amp;language=id\"><span class=\"eastsyriac\">\u072b\u0720\u0721</span></a>, <a href=\"dosearch.php?searchkey=26509&amp;language=id\"><span class=\"eastsyriac\">\u072b\u0735\u0720\u0738\u0721</span></a></span>", "<span class=\"wordlink\"><a href=\"dosearch.php?searchkey=29098&amp;language=id\"><span class=\"eastsyriac\">\u0729\u0735\u072a\u0735\u072a\u0715\u0735\u0715</span></a></span>", "<span class=\"wordlink\"><a href=\"dosearch.php?searchkey=29099&amp;language=id\"><span class=\"eastsyriac\">\u0729\u0735\u072a\u0735\u072a\u0715\u0718\u073c\u072c\u0735\u0710</span></a></span>", "<span class=\"wordlink\"><a href=\"dosearch.php?searchkey=7458&amp;language=id\"><span class=\"eastsyriac\">\u0721\u0719\u0732\u0715\u0729\u0735\u0722\u0718\u073c\u072c\u0735\u0710</span></a>, <a href=\"dosearch.php?searchkey=3736&amp;language=id\"><span class=\"eastsyriac\">\u0722\u071d\u073c\u072a\u0735\u0710</span></a>, <a href=\"dosearch.php?searchkey=8756&amp;language=id\"><span class=\"eastsyriac\">\u0721\u0738\u072c\u071b\u0726\u071d\u073c\u0723\u0735\u0722\u0718\u073c\u072c\u0735\u0710</span></a>, <a href=\"dosearch.php?searchkey=7336&amp;language=id\"><span class=\"eastsyriac\">\u0721\u0718\u073c\u071f\u0735\u071f\u0742\u0735\u0710</span></a>, <a href=\"dosearch.php?searchkey=8379&amp;language=id\"><span class=\"eastsyriac\">\u0721\u0729\u0732\u0712\u0720\u0735\u0722\u0718\u073c\u072c\u0735\u0710</span></a>, <a href=\"dosearch.php?searchkey=34235&amp;language=id\"><span class=\"eastsyriac\">\u0729\u0732\u0712\u0732\u0720\u072c\u0735\u0710</span></a>, <a href=\"dosearch.php?searchkey=34867&amp;language=id\"><span class=\"eastsyriac\">\u0715\u0735\u0722\u0718\u073f\u071d\u0718\u073c\u072c\u0735\u0710</span></a></span>"], "key": "29097", "west": "\u072b\u0733\u0720\u0721\u073d\u0718\u072c\u0733\u0710", "phonetic": "<td>\u0161a:l ' mu: ta:</td>", "east": "\u072b\u0735\u0720\u0721\u0718\u073c\u072c\u0735\u0710"},
{"searchkey": "11771", "audio": [], "context": [], "webrank": 9, "text": [" : 1) the advent of our Lord , the first or expected second coming of Christ ;\r\n2) the approach , the oncoming / coming , the access (?) ;\r\n3) the preparation , the arrangement ;"], "english": "<td>1) the advent of our Lord , the first or expected second coming of Christ ;\r\n2) the approach , the oncoming / coming , the access (?) ;\r\n3) the preparation , the arrangement ;</td>", "cf": ["<span class=\"wordlink\"><a href=\"dosearch.php?searchkey=monAcA%27&amp;language=fullsyriac\"><span class=\"eastsyriac\">\u0721\u0718\u073f\u0722\u0735\u0725\u0735\u0710</span></a>, <a href=\"dosearch.php?searchkey=subArA%27&amp;language=fullsyriac\"><span class=\"eastsyriac\">\u0723\u0718\u073c\u0712\u0735\u072a\u0735\u0710</span></a></span>"], "key": "11771", "west": "\u0728\u073d\u0718\u071d\u0733\u0712\u0733\u0710", "phonetic": "<td>\u1e63u: ' ia ba</td>", "east": "\u0728\u0718\u073c\u071d\u0735\u0712\u0735\u0710"}
]