[
{"searchkey": "15931", "audio": [], "context": ["Oraham", "Lishani", "Grammar", "Bailis Shamun"], "webrank": 6, "text": [" : 1) ", " : uprightly , fairly , rightly , in a straight line , appropriately ;\r\n2) ", " : towards , toward , about ;\r\n3) ", " : in the nominative case ;\r\n4) ", " : precisely , properly , accurately , exactly ;"], "english": "<td>1) <span class=\"context\">Oraham</span> : uprightly , fairly , rightly , in a straight line , appropriately ;\r\n2) <span class=\"context\">Lishani</span> : towards , toward , about ;\r\n3) <span class=\"context\">Grammar</span> : in the nominative case ;\r\n4) <span class=\"context\">Bailis Shamun</span> : precisely , properly , accurately , exactly ;</td>", "cf": ["<span class=\"wordlink\"><a href=\"dosearch.php?searchkey=32046&amp;language=id\"><span class=\"eastsyriac\">\u072c\u072a\u0728</span></a>, <a href=\"dosearch.php?searchkey=25092&amp;language=id\"><span class=\"eastsyriac\">\u072c\u0735\u072a\u0738\u0728</span></a>, <a href=\"dosearch.php?searchkey=25091&amp;language=id\"><span class=\"eastsyriac\">\u0721\u072c\u0735\u072a\u0738\u0728</span></a>, <a href=\"dosearch.php?searchkey=8863&amp;language=id\"><span class=\"eastsyriac\">\u0721\u072c\u0732\u072a\u0728\u0735\u0722\u0735\u0710</span></a>, <a href=\"dosearch.php?searchkey=15969&amp;language=id\"><span class=\"eastsyriac\">\u072c\u0732\u072a\u0728\u0735\u0722\u0735\u0710</span></a>, <a href=\"dosearch.php?searchkey=15970&amp;language=id\"><span class=\"eastsyriac\">\u072c\u0735\u072a\u0732\u0728\u072c\u0735\u0710</span></a>, <a href=\"dosearch.php?searchkey=15968&amp;language=id\"><span class=\"eastsyriac\">\u072c\u072a\u0735\u0728\u0735\u0710</span></a>, <a href=\"dosearch.php?searchkey=15930&amp;language=id\"><span class=\"eastsyriac\">\u072c\u072a\u071d\u073c\u0728\u0735\u0710</span></a>, <a href=\"dosearch.php?searchkey=15968&amp;language=id\"><span class=\"eastsyriac\">\u072c\u072a\u0735\u0728\u0735\u0710</span></a>, <a href=\"dosearch.php?searchkey=15969&amp;language=id\"><span class=\"eastsyriac\">\u072c\u0732\u072a\u0728\u0735\u0722\u0735\u0710</span></a>, <a href=\"dosearch.php?searchkey=15970&amp;language=id\"><span class=\"eastsyriac\">\u072c\u0735\u072a\u0732\u0728\u072c\u0735\u0710</span></a>, <a href=\"dosearch.php?searchkey=30132&amp;language=id\"><span class=\"eastsyriac\">\u0712\u072c\u072a\u0718\u073c\u0728\u072c\u0735\u0710</span></a>, <a href=\"dosearch.php?searchkey=15932&amp;language=id\"><span class=\"eastsyriac\">\u072c\u072a\u071d\u073c\u0728\u0718\u073c\u072c\u0735\u0710</span></a></span>", "<span class=\"wordlink\"><a href=\"dosearch.php?searchkey=1175&amp;language=id\"><span class=\"eastsyriac\">\u0712\u071a\u071d\u073c\u072a\u0735\u0710\u071d\u073c\u072c</span></a>, <a href=\"dosearch.php?searchkey=978&amp;language=id\"><span class=\"eastsyriac\">\u0712\u0715\u0738\u0729\u0732\u072c</span></a>, <a href=\"dosearch.php?searchkey=33484&amp;language=id\"><span class=\"eastsyriac\">\u071a\u0732\u072c\u071d\u073c\u072c\u0735\u0710\u071d\u073c\u072c</span></a>, <a href=\"dosearch.php?searchkey=33826&amp;language=id\"><span class=\"eastsyriac\">\u0715\u0732\u0729\u071d\u073c\u0729\u0735\u0710\u071d\u073c\u072c</span></a></span>"], "key": "15931", "west": "\u072c\u072a\u073a\u071d\u0728\u0733\u0710\u073a\u071d\u072c", "phonetic": "<td>tri: ' \u1e63a i:t</td>", "east": "\u072c\u072a\u071d\u073c\u0728\u0735\u0710\u071d\u073c\u072c"},
{"searchkey": "32356", "audio": [], "context": ["JAAS"], "webrank": 4, "text": [" : precisely , to be precise / accurate , accurately (?) ;\r\n", " :"], "english": "<td>precisely , to be precise / accurate , accurately (?) ;\r\n<span class=\"context\">JAAS</span> : <span class=\"locution\"><span class=\"eastsyriac\">\u0721\u0723\u0732\u071d\u071f\u0742\u0735\u0710\u071d\u073c\u072c \u0712\u072b\u0739\u0722\u0747\u072c\u0735\u0710 1991</span></span>  : precisely in the year 1991 , in the year 1991 to be precise ;</td>", "cf": ["<span class=\"wordlink\"><a href=\"dosearch.php?searchkey=17719&amp;language=id\"><span class=\"eastsyriac\">\u0723\u0718\u071f</span></a></span>"], "key": "32356", "west": "\u0721\u0723\u0730\u071d\u071f\u0742\u0733\u0710\u073a\u071d\u072c", "phonetic": "<td>ms\u00e9 ' \u1e25a: i:t</td>", "east": "\u0721\u0723\u0732\u071d\u071f\u0742\u0735\u0710\u071d\u073c\u072c"},
{"searchkey": "33826", "audio": [], "context": [], "webrank": 2, "text": [" : properly , precisely , accurately ;"], "english": "<td>properly , precisely , accurately ;</td>", "cf": ["<span class=\"wordlink\"><a href=\"dosearch.php?searchkey=dq&amp;language=fullsyriac\"><span class=\"eastsyriac\">\u0715\u0729</span></a>, <a href=\"dosearch.php?searchkey=978&amp;language=id\"><span class=\"eastsyriac\">\u0712\u0715\u0738\u0729\u0732\u072c</span></a></span>", "<span class=\"wordlink\"><a href=\"dosearch.php?searchkey=1175&amp;language=id\"><span class=\"eastsyriac\">\u0712\u071a\u071d\u073c\u072a\u0735\u0710\u071d\u073c\u072c</span></a>, <a href=\"dosearch.php?searchkey=15931&amp;language=id\"><span class=\"eastsyriac\">\u072c\u072a\u071d\u073c\u0728\u0735\u0710\u071d\u073c\u072c</span></a>, <a href=\"dosearch.php?searchkey=978&amp;language=id\"><span class=\"eastsyriac\">\u0712\u0715\u0738\u0729\u0732\u072c</span></a>, <a href=\"dosearch.php?searchkey=33484&amp;language=id\"><span class=\"eastsyriac\">\u071a\u0732\u072c\u071d\u073c\u072c\u0735\u0710\u071d\u073c\u072c</span></a></span>"], "key": "33826", "west": "\u0715\u0730\u0729\u073a\u071d\u0729\u0733\u0710\u073a\u071d\u072c", "phonetic": "<td>da qi: ' qa: i:t</td>", "east": "\u0715\u0732\u0729\u071d\u073c\u0729\u0735\u0710\u071d\u073c\u072c"},
{"searchkey": "15844", "audio": [], "context": ["time"], "webrank": 5, "text": [" : exactly , precisely , accurately , rightly , ", " : sharp (?) ;"], "english": "<td>exactly , precisely , accurately , rightly , <span class=\"context\">time</span> : sharp (?) ;</td>", "cf": ["<span class=\"wordlink\"><a href=\"dosearch.php?searchkey=32041&amp;language=id\"><span class=\"eastsyriac\">\u072c\u0729\u0720</span></a>, <a href=\"dosearch.php?searchkey=15841&amp;language=id\"><span class=\"eastsyriac\">\u072c\u0729\u0718\u073f\u0720\u0735\u0710</span></a>, <a href=\"dosearch.php?searchkey=15842&amp;language=id\"><span class=\"eastsyriac\">\u072c\u0729\u0718\u073f\u0720\u072c\u0735\u0710</span></a>, <a href=\"dosearch.php?searchkey=15843&amp;language=id\"><span class=\"eastsyriac\">\u072c\u0729\u071d\u073c\u0720\u0735\u0710</span></a>, <a href=\"dosearch.php?searchkey=tqAlA%27&amp;language=fullsyriac\"><span class=\"eastsyriac\">\u072c\u0729\u0735\u0720\u0735\u0710</span></a>, <a href=\"dosearch.php?searchkey=taqluqE%27&amp;language=fullsyriac\"><span class=\"eastsyriac\">\u072c\u0732\u0729\u0720\u0718\u073c\u0729\u0739\u0710</span></a>, <a href=\"dosearch.php?searchkey=taqlaqtA%27&amp;language=fullsyriac\"><span class=\"eastsyriac\">\u072c\u0732\u0729\u0720\u0732\u0729\u072c\u0735\u0710</span></a>, <a href=\"dosearch.php?searchkey=tqAltA%27&amp;language=fullsyriac\"><span class=\"eastsyriac\">\u072c\u0729\u0735\u0720\u072c\u0735\u0710</span></a>, <a href=\"dosearch.php?searchkey=15840&amp;language=id\"><span class=\"eastsyriac\">\u072c\u0735\u0729\u0718\u073f\u0720\u0735\u0710</span></a></span>"], "key": "15844", "west": "\u072c\u073a\u071d\u0720\u0733\u0710\u073a\u071d\u072c", "phonetic": "<td>tqi: ' la: i:t</td>", "east": "\u072c\u071d\u073c\u0720\u0735\u0710\u071d\u073c\u072c"},
{"searchkey": "4923", "audio": [], "context": [], "webrank": 3, "text": [" : 1) accurately , exactly , truly (?)\r\n2) diligently , regularly\r\n3) (grammar) : being regular\r\n3"], "english": "<td>1) accurately , exactly , truly (?)\r\n2) diligently , regularly\r\n3) (grammar) : being regular\r\n3</td>", "cf": [], "key": "4923", "west": "\u071a\u0730\u072c\u073a\u071d\u072c\u0733\u0710\u071d\u072c", "phonetic": "<td>\u1e25at ti: ' ta it</td>", "east": "\u071a\u0732\u072c\u071d\u073c\u072c\u0735\u0710\u071d\u072c"},
{"searchkey": "1175", "audio": [], "context": [], "webrank": 1, "text": [" : carefully , with care , attentively , accurately , properly ; "], "english": "<td>carefully , with care , attentively , accurately , properly ; </td>", "cf": ["<span class=\"wordlink\"><a href=\"dosearch.php?searchkey=30967&amp;language=id\"><span class=\"eastsyriac\">\u0712\u071a\u072a</span></a>, <a href=\"dosearch.php?searchkey=24390&amp;language=id\"><span class=\"eastsyriac\">\u0721\u0712\u0735\u071a\u0738\u072a</span></a>, <a href=\"dosearch.php?searchkey=1174&amp;language=id\"><span class=\"eastsyriac\">\u0712\u071a\u071d\u073c\u072a\u0735\u0710</span></a>, <a href=\"dosearch.php?searchkey=24391&amp;language=id\"><span class=\"eastsyriac\">\u0712\u0735\u071a\u0738\u072a</span></a></span>", "<span class=\"wordlink\"><a href=\"dosearch.php?searchkey=15931&amp;language=id\"><span class=\"eastsyriac\">\u072c\u072a\u071d\u073c\u0728\u0735\u0710\u071d\u073c\u072c</span></a>, <a href=\"dosearch.php?searchkey=978&amp;language=id\"><span class=\"eastsyriac\">\u0712\u0715\u0738\u0729\u0732\u072c</span></a>, <a href=\"dosearch.php?searchkey=33484&amp;language=id\"><span class=\"eastsyriac\">\u071a\u0732\u072c\u071d\u073c\u072c\u0735\u0710\u071d\u073c\u072c</span></a>, <a href=\"dosearch.php?searchkey=33826&amp;language=id\"><span class=\"eastsyriac\">\u0715\u0732\u0729\u071d\u073c\u0729\u0735\u0710\u071d\u073c\u072c</span></a></span>"], "key": "1175", "west": "\u0712\u071a\u073a\u071d\u072a\u0733\u0710\u073a\u071d\u072c", "phonetic": "<td>' b\u1e25i: ra: it</td>", "east": "\u0712\u071a\u071d\u073c\u072a\u0735\u0710\u071d\u073c\u072c"}
]