[
{"searchkey": "7212", "audio": [], "context": [], "webrank": 10, "text": [" : aptitude , natural or acquired disposition or capacity for a particular purpose , general fitness , adaptation , readiness in learning skills , skills ;"], "english": "<td>aptitude , natural or acquired disposition or capacity for a particular purpose , general fitness , adaptation , readiness in learning skills , skills ;</td>", "cf": ["<span class=\"wordlink\"><a href=\"dosearch.php?searchkey=12053&amp;language=id\"><span class=\"eastsyriac\">\u0728\u0738\u0722\u0725\u0735\u0710</span></a>, <a href=\"dosearch.php?searchkey=3377&amp;language=id\"><span class=\"eastsyriac\">\u0717\u0718\u073c\u0722\u0735\u072a</span></a>, <a href=\"dosearch.php?searchkey=5402&amp;language=id\"><span class=\"eastsyriac\">\u071d\u0718\u073c\u0720\u0726\u0735\u0722\u0735\u0710</span></a>, <a href=\"dosearch.php?searchkey=3823&amp;language=id\"><span class=\"eastsyriac\">\u0719\u071d\u073c\u072a\u0735\u071f\u0718\u073c\u072c\u0735\u0710</span></a>, <a href=\"dosearch.php?searchkey=7244&amp;language=id\"><span class=\"eastsyriac\">\u0721\u0717\u0732\u0718\u0722\u0718\u073c\u072c\u0735\u0710</span></a>, <a href=\"dosearch.php?searchkey=7251&amp;language=id\"><span class=\"eastsyriac\">\u0721\u0717\u071d\u073c\u072a\u0718\u073c\u072c\u0735\u0710</span></a>, <a href=\"dosearch.php?searchkey=9082&amp;language=id\"><span class=\"eastsyriac\">\u0722\u0719\u0735\u072a\u072c\u0735\u0710</span></a>, <a href=\"dosearch.php?searchkey=9551&amp;language=id\"><span class=\"eastsyriac\">\u0723\u0718\u073f\u0726\u071d\u073c\u0723\u071b\u0718\u073c\u072c\u0735\u0710</span></a>, <a href=\"dosearch.php?searchkey=10511&amp;language=id\"><span class=\"eastsyriac\">\u0725\u072a\u071d\u073c\u0721\u0718\u073c\u072c\u0735\u0710</span></a>, <a href=\"dosearch.php?searchkey=6030&amp;language=id\"><span class=\"eastsyriac\">\u071f\u0732\u071f\u072a\u0735\u0710</span></a>, <a href=\"dosearch.php?searchkey=209&amp;language=id\"><span class=\"eastsyriac\">\u0710\u0718\u073c\u0721\u0735\u0722\u0718\u073c\u072c\u0735\u0710</span></a>, <a href=\"dosearch.php?searchkey=9984&amp;language=id\"><span class=\"eastsyriac\">\u0723\u0735\u072a\u0738\u072b\u072c\u0735\u0710</span></a>, <a href=\"dosearch.php?searchkey=27468&amp;language=id\"><span class=\"eastsyriac\">\u0728\u0732\u0722\u0725\u0732\u072c</span></a>, <a href=\"dosearch.php?searchkey=5402&amp;language=id\"><span class=\"eastsyriac\">\u071d\u0718\u073c\u0720\u0726\u0735\u0722\u0735\u0710</span></a>, <a href=\"dosearch.php?searchkey=7225&amp;language=id\"><span class=\"eastsyriac\">\u0721\u0715\u0732\u072a\u072b\u0718\u073c\u072c\u0735\u0710</span></a>, <a href=\"dosearch.php?searchkey=12053&amp;language=id\"><span class=\"eastsyriac\">\u0728\u0738\u0722\u0725\u0735\u0710</span></a>, <a href=\"dosearch.php?searchkey=13110&amp;language=id\"><span class=\"eastsyriac\">\u0729\u0732\u072a\u0715\u0735\u071a\u0718\u073c\u072c\u0735\u0710</span></a>, <a href=\"dosearch.php?searchkey=216&amp;language=id\"><span class=\"eastsyriac\">\u0710\u0718\u073c\u0721\u0735\u0722\u0735\u071d\u0735\u0710</span></a>, <a href=\"dosearch.php?searchkey=209&amp;language=id\"><span class=\"eastsyriac\">\u0710\u0718\u073c\u0721\u0735\u0722\u0718\u073c\u072c\u0735\u0710</span></a>, <a href=\"dosearch.php?searchkey=1800&amp;language=id\"><span class=\"eastsyriac\">\u0712\u0735\u072b\u0732\u072a\u072c\u0735\u0710</span></a>, <a href=\"dosearch.php?searchkey=3377&amp;language=id\"><span class=\"eastsyriac\">\u0717\u0718\u073c\u0722\u0735\u072a</span></a>, <a href=\"dosearch.php?searchkey=25104&amp;language=id\"><span class=\"eastsyriac\">\u0721\u0308\u071d\u073c\u0735\u0710 \u0715\u0710\u071d\u073c\u0715\u0735\u0710</span></a></span>"], "key": "7212", "west": "\u0721\u0715\u0733\u0729\u073d\u0718\u072c\u0733\u0710", "phonetic": "<td>mda: ' qu: ta:</td>", "east": "\u0721\u0715\u0735\u0729\u0718\u073f\u072c\u0735\u0710"},
{"searchkey": "23627", "audio": [], "context": [], "webrank": 9, "text": [" : to gain , to get , to obtain , to secure , to acquire , to procure ;"], "english": "<td>to gain , to get , to obtain , to secure , to acquire , to procure ;</td>", "cf": ["<span class=\"wordlink\"><a href=\"dosearch.php?searchkey=23629&amp;language=id\"><span class=\"eastsyriac\">\u0721\u0732\u071f\u0723\u0738\u0726</span></a>, <a href=\"dosearch.php?searchkey=23631&amp;language=id\"><span class=\"eastsyriac\">\u071f\u0732\u0723\u0712</span></a>, <a href=\"dosearch.php?searchkey=23628&amp;language=id\"><span class=\"eastsyriac\">\u0721\u0732\u071f\u0723\u0738\u0712</span></a>, <a href=\"dosearch.php?searchkey=6267&amp;language=id\"><span class=\"eastsyriac\">\u071f\u0738\u0723\u0726\u0735\u0710</span></a>, <a href=\"dosearch.php?searchkey=25268&amp;language=id\"><span class=\"eastsyriac\">\u0721\u0732\u071f\u0723\u0732\u0712</span></a></span>", "<span class=\"wordlink\"><a href=\"dosearch.php?searchkey=12959&amp;language=id\"><span class=\"eastsyriac\">\u0729\u0722\u0735\u071d\u0735\u0710</span></a>, <a href=\"dosearch.php?searchkey=17488&amp;language=id\"><span class=\"eastsyriac\">\u071d\u072c\u072a</span></a></span>"], "key": "23627", "west": "\u071f\u0733\u0723\u0736\u0712", "phonetic": "<td>' ka: sib</td>", "east": "\u071f\u0735\u0723\u0738\u0712"},
{"searchkey": "17852", "audio": [], "context": [], "webrank": 8, "text": [" : 1) to win , to gain , to acquire / to earn (?) , to benefit"], "english": "<td>1) to win , to gain , to acquire / to earn (?) , to benefit ;\r\n<span class=\"locution\"><span class=\"eastsyriac\">\u071d\u0735\u072c\u0738\u072a \u0722\u0732\u0728\u071d\u073c\u071a\u0735\u0710\u071d\u073c\u072c</span></span> : to sweep / to make a clean sweep of / to win brilliantly ;\r\n2) <span class=\"context\">Yoab Benjamin</span> : to excel ;</td>", "cf": ["<span class=\"wordlink\"><a href=\"dosearch.php?searchkey=17488&amp;language=id\"><span class=\"eastsyriac\">\u071d\u072c\u072a</span></a>, <a href=\"dosearch.php?searchkey=7745&amp;language=id\"><span class=\"eastsyriac\">\u0721\u0732\u071d\u072c\u0735\u072a</span></a>, <a href=\"dosearch.php?searchkey=7746&amp;language=id\"><span class=\"eastsyriac\">\u0721\u071d\u0732\u072c\u072a\u0735\u0710\u071d\u073c\u072c</span></a>, <a href=\"dosearch.php?searchkey=7747&amp;language=id\"><span class=\"eastsyriac\">\u0721\u071d\u0732\u072c\u072a\u0718\u073c\u072c\u0735\u0710</span></a>, <a href=\"dosearch.php?searchkey=5618&amp;language=id\"><span class=\"eastsyriac\">\u071d\u072c\u0735\u072a\u0735\u0710</span></a></span>", "<span class=\"wordlink\"><a href=\"dosearch.php?searchkey=17851&amp;language=id\"><span class=\"eastsyriac\">\u0719\u0735\u071f\u0739\u0710</span></a>, <a href=\"dosearch.php?searchkey=17853&amp;language=id\"><span class=\"eastsyriac\">\u0722\u0735\u0712\u0739\u0713\u0742</span></a>, <a href=\"dosearch.php?searchkey=17667&amp;language=id\"><span class=\"eastsyriac\">\u0721\u0717\u072a</span></a>, <a href=\"dosearch.php?searchkey=34677&amp;language=id\"><span class=\"eastsyriac\">\u0729\u0735\u072a\u0739\u0721</span></a></span>"], "key": "17852", "west": "\u071d\u0733\u072c\u0736\u072a", "phonetic": "<td>' ia: tir</td>", "east": "\u071d\u0735\u072c\u0739\u072a"},
{"searchkey": "17848", "audio": [], "context": [], "webrank": 5, "text": [" : 1) to learn , to acquire"], "english": "<td>1) to learn , to acquire ;\r\n<span class=\"locution\"><span class=\"eastsyriac\">\u0729\u0735\u0710 \u0712\u0722\u0735\u071d\u0308 \u0710\u0718\u073c\u0721\u072c\u0732\u0722 \u0715\u0710\u071d\u071b\u073c\u072c\u0720\u0718\u073c\u0722 \u072b\u072c\u0718\u073c\u0726\u071d\u0735\u0710 \u0729\u0735\u0710 \u071d\u0720\u0735\u0726\u072c\u0735\u0710 \u0715\u0720\u0738\u072b\u0735\u0722\u0735\u0710 \u071d\u0738\u0721\u0735\u071d\u0735\u0710</span></span> : for those of our nation who have a desire to learn the mother-tongue ;\r\n2) to get used to , to become accustomed to , <span class=\"context\">NENA : also for people</span> : to get used to / to get to know ;\r\n<span class=\"locution\"><span class=\"eastsyriac\">\u071d\u0735\u0720\u0738\u0726 \u0710\u0732\u071d\u071f\u0742 \u0721\u0308\u071d\u073c\u0735\u0710</span></span> : to learn fluently ;\r\n<span class=\"context\">Al Qosh</span> : <span class=\"locution\"><span class=\"eastsyriac\">\u071d\u0735\u0720\u0738\u0726 \u0712\u0723\u0718\u073c\u072a\u0738\u072c\u0742</span></span> : to learn Sureth ;</td>", "cf": ["<span class=\"wordlink\"><a href=\"dosearch.php?searchkey=17854&amp;language=id\"><span class=\"eastsyriac\">\u0721\u0732\u0720\u0738\u0726</span></a>, <a href=\"dosearch.php?searchkey=24154&amp;language=id\"><span class=\"eastsyriac\">\u0720\u071d\u0735\u0726\u0735\u0710</span></a>, <a href=\"dosearch.php?searchkey=24155&amp;language=id\"><span class=\"eastsyriac\">\u0720\u071d\u0735\u0726\u072c\u0735\u0710</span></a>, <a href=\"dosearch.php?searchkey=24156&amp;language=id\"><span class=\"eastsyriac\">\u0720\u0735\u071d\u0726\u0738\u0722</span></a></span>", "<span class=\"wordlink\"><a href=\"dosearch.php?searchkey=23935&amp;language=id\"><span class=\"eastsyriac\">\u0720\u0735\u0710\u0738\u0726</span></a></span>", "<span class=\"wordlink\"><a href=\"dosearch.php?searchkey=17845&amp;language=id\"><span class=\"eastsyriac\">\u0715\u0735\u072a\u0739\u072b</span></a>, <a href=\"dosearch.php?searchkey=17846&amp;language=id\"><span class=\"eastsyriac\">\u071d\u0735\u0715\u0739\u0725</span></a>, <a href=\"dosearch.php?searchkey=17847&amp;language=id\"><span class=\"eastsyriac\">\u071d\u0735\u0715\u0725\u0739\u0710</span></a>, <a href=\"dosearch.php?searchkey=17849&amp;language=id\"><span class=\"eastsyriac\">\u0729\u0735\u072a\u0739\u0710</span></a>, <a href=\"dosearch.php?searchkey=17850&amp;language=id\"><span class=\"eastsyriac\">\u0721\u0732\u0715\u072a\u0738\u0722</span></a>, <a href=\"dosearch.php?searchkey=17851&amp;language=id\"><span class=\"eastsyriac\">\u0719\u0735\u071f\u0739\u0710</span></a>, <a href=\"dosearch.php?searchkey=17852&amp;language=id\"><span class=\"eastsyriac\">\u071d\u0735\u072c\u0739\u072a</span></a>, <a href=\"dosearch.php?searchkey=17853&amp;language=id\"><span class=\"eastsyriac\">\u0722\u0735\u0712\u0739\u0713\u0742</span></a>, <a href=\"dosearch.php?searchkey=17855&amp;language=id\"><span class=\"eastsyriac\">\u0721\u0732\u0722\u0726\u0738\u0729</span></a>, <a href=\"dosearch.php?searchkey=17856&amp;language=id\"><span class=\"eastsyriac\">\u072c\u0732\u0725\u0720\u0738\u0721</span></a>, <a href=\"dosearch.php?searchkey=15731&amp;language=id\"><span class=\"eastsyriac\">\u072c\u0722\u0735\u071d\u072c\u0735\u0710</span></a>, <a href=\"dosearch.php?searchkey=17667&amp;language=id\"><span class=\"eastsyriac\">\u0721\u0717\u072a</span></a></span>"], "key": "17848", "west": "\u071d\u0733\u0720\u0736\u0726", "phonetic": "<td>' ia: lip</td>", "east": "\u071d\u0735\u0720\u0738\u0726"},
{"searchkey": "5501", "audio": [], "context": ["Rh\u00e9tor\u00e9"], "webrank": 6, "text": [" : to learn , to gain knowledge , to acquire knowledge (undertanding ...) by study or investigation ;\r\n"], "english": "<td>to learn , to gain knowledge , to acquire knowledge (undertanding ...) by study or investigation ;\r\n<span class=\"context\">Rh\u00e9tor\u00e9 ; <span class=\"locution\"><span class=\"eastsyriac\">\u072c\u072a\u0732\u071d \u072c\u0720\u0735\u072c\u0742\u0735\u0710 \u0717\u0718\u073c\u0720\u0735\u0308\u0720\u0739\u0710 \u0715\u0715\u0735\u0718\u071d\u073c\u0715\u0742\u0735\u0710  \u071d\u073c\u0720\u071d\u073c\u0726\u071d\u073c \u0717\u0747\u0718\u0735\u0710 \u0720\u071d\u073c</span></span></span> : I once learnt / knew a couple of David psalms , I did learn two or three of David psalms ;\r\n<span class=\"context\">Rh\u00e9tor\u00e9 ; <span class=\"locution\"><span class=\"eastsyriac\">\u0715\u071d\u0735\u0720\u0726\u071d\u073c \u0721\u072c\u0732\u072b\u0725\u071d\u073c\u072c\u0742\u0739\u0717 \u072a\u0735\u0712\u0739\u0710 \u0718\u0738\u0719\u0725\u0718\u073f\u072a\u0739\u0710</span></span></span> : may adults and children learn / gain wisdom from his story ! ;</td>", "cf": ["<span class=\"wordlink\"><a href=\"dosearch.php?searchkey=13921&amp;language=id\"><span class=\"eastsyriac\">\u071d\u0718\u073c\u0720\u0710\u0747\u0726\u0735\u0722</span></a>, <a href=\"dosearch.php?searchkey=5482&amp;language=id\"><span class=\"eastsyriac\">\u071d\u0735\u0720\u0718\u073c\u0726\u0735\u0710</span></a>, <a href=\"dosearch.php?searchkey=17172&amp;language=id\"><span class=\"eastsyriac\">\u0710\u0732\u0720\u071d\u073c\u0726\u0735\u0710</span></a>, <a href=\"dosearch.php?searchkey=5483&amp;language=id\"><span class=\"eastsyriac\">\u071d\u0735\u0720\u0718\u073c\u0726\u0718\u073c\u072c\u0735\u0710</span></a>, <a href=\"dosearch.php?searchkey=5503&amp;language=id\"><span class=\"eastsyriac\">\u071d\u0720\u0735\u0726\u072c\u0735\u0710</span></a>, <a href=\"dosearch.php?searchkey=17177&amp;language=id\"><span class=\"eastsyriac\">\u0710\u0738\u0720\u0726\u0732\u0722</span></a>, <a href=\"dosearch.php?searchkey=17478&amp;language=id\"><span class=\"eastsyriac\">\u071d\u0720\u0726</span></a>, <a href=\"dosearch.php?searchkey=7858&amp;language=id\"><span class=\"eastsyriac\">\u0721\u0735\u0720\u0718\u073f\u0726\u0738\u0710</span></a>, <a href=\"dosearch.php?searchkey=17854&amp;language=id\"><span class=\"eastsyriac\">\u0721\u0732\u0720\u0738\u0726</span></a>, <a href=\"dosearch.php?searchkey=7913&amp;language=id\"><span class=\"eastsyriac\">\u0721\u0732\u0720\u0726\u0735\u0722\u0735\u0710</span></a>, <a href=\"dosearch.php?searchkey=7914&amp;language=id\"><span class=\"eastsyriac\">\u0721\u0732\u0720\u0726\u0735\u0722\u0718\u073c\u072c\u0735\u0710</span></a>, <a href=\"dosearch.php?searchkey=30808&amp;language=id\"><span class=\"eastsyriac\">\u0710\u0732\u0720\u0738\u0726</span></a>, <a href=\"dosearch.php?searchkey=31142&amp;language=id\"><span class=\"eastsyriac\">\u071d\u0735\u0720\u0718\u073f\u0726\u0735\u071d\u0735\u0710</span></a></span>", "<span class=\"wordlink\"><a href=\"dosearch.php?searchkey=30807&amp;language=id\"><span class=\"eastsyriac\">\u071d\u073c\u0720\u0738\u0726</span></a></span>"], "key": "5501", "west": "\u073a\u071d\u0720\u0733\u0726\u0733\u0710", "phonetic": "<td>i: ' la: pa:</td>", "east": "\u071d\u073c\u0720\u0735\u0726\u0735\u0710"},
{"searchkey": "19539", "audio": [], "context": ["funds, money ..."], "webrank": 3, "text": [" : 1) to steal , to steal , to rob , to misappropriate , to purloin , to pilfer , to filch , to embezzle / to siphon off ", " / to have one's hand in the till"], "english": "<td>1) to steal , to steal , to rob , to misappropriate , to purloin , to pilfer , to filch , to embezzle / to siphon off <span class=\"context\">funds, money ...</span> / to have one's hand in the till ;\r\n<span class=\"locution\"><span class=\"eastsyriac\">\u0713\u0722\u0732\u0712\u0742 \u0728\u0732\u071d\u0715\u0735\u0710</span></span> : to poach ;\r\n2) to burglarize , to break into a house to steal ;\r\n<span class=\"context\">past participle used as an adverb : <span class=\"locution\"><span class=\"eastsyriac\">\u0713\u0722\u071d\u073c\u0712\u0742\u0735\u0710</span></span> / <span class=\"locution\"><span class=\"eastsyriac\">\u0713\u0722\u071d\u0742\u0712\u0742\u0735\u0710 \u0713\u0722\u071d\u0742\u0712\u0742\u0735\u0710</span></span></span> : by stealth , on the sly , surreptitiously ;\r\n<span class=\"locution\"><span class=\"eastsyriac\">\u0713\u0735\u0722\u0738\u0712\u0742 \u0713\u0735\u0722\u0739\u0717 \u0721\u0738\u0722</span></span> : to steal away from , to thieve , to purloin / to swipe / to filch ;\r\n<span class=\"locution\"><span class=\"eastsyriac\">\u0713\u0735\u0722\u0739\u0712\u0742 \u0722\u0732\u0726\u032e\u072b\u0718\u073c\u0717\u071d</span></span> / <span class=\"locution\"><span class=\"eastsyriac\">\u0713\u0735\u0722\u0739\u0712\u0742 \u0722\u0732\u0726\u032e\u072b\u0739\u0717</span></span> : to steal away , to creep away / to move stealthily  , to withdraw furtively ;\r\n3) to steal , to go surreptitiously / to sneak / to jump the queue / to queue jump / to gatecrash , to do secretly , to act by stealth / on the sly / furtively , to acquire secretly / to wangle ;\r\n<span class=\"locution\"><span class=\"eastsyriac\">\u0713\u0735\u0722\u0739\u0712\u0742 \u071a\u071d\u0735\u072a\u0739\u0717</span></span> : to look furtively / to steal a glance ;\r\n4) to conceal / to keep from sight / to hide , to abstract , <span class=\"context\">mind ...</span> : to avert / to divert / to deflect / to cause to turn away , <span class=\"context\">plane ...?</span> : to hijack (?) , <span class=\"context\">computers ...</span> : to hack (?) ;\r\n5) to deceive , to present a false appearance ;\r\n6) <span class=\"context\">grammar</span> : to be omitted in pronunciation / to be silent / not to be pronounced ;</td>", "cf": ["<span class=\"wordlink\"><a href=\"dosearch.php?searchkey=gnb&amp;language=fullsyriac\"><span class=\"eastsyriac\">\u0713\u0722\u0712</span></a>, <a href=\"dosearch.php?searchkey=2091&amp;language=id\"><span class=\"eastsyriac\">\u0713\u0718\u073c\u0722\u0735\u0712\u0742\u0735\u0710</span></a>, <a href=\"dosearch.php?searchkey=2405&amp;language=id\"><span class=\"eastsyriac\">\u0713\u0739\u0722\u0735\u0712\u0742\u0735\u0710\u071d\u073c\u072c</span></a>, <a href=\"dosearch.php?searchkey=34336&amp;language=id\"><span class=\"eastsyriac\">\u0721\u0713\u0732\u0722\u0712\u0742\u0735\u0710\u071d\u072c</span></a>, <a href=\"dosearch.php?searchkey=mganbLA%27&amp;language=fullsyriac\"><span class=\"eastsyriac\">\u0721\u0713\u0732\u0722\u0712\u0742\u0735\u0710</span></a>, <a href=\"dosearch.php?searchkey=34937&amp;language=id\"><span class=\"eastsyriac\">\u0713\u0738\u0722\u0712\u0738\u072c</span></a>, <a href=\"dosearch.php?searchkey=34938&amp;language=id\"><span class=\"eastsyriac\">\u0713\u0732\u0722\u0735\u0712\u0742\u0735\u0710</span></a>, <a href=\"dosearch.php?searchkey=19538&amp;language=id\"><span class=\"eastsyriac\">\u0713\u0732\u0722\u0735\u0712\u0742\u0718\u073c\u072c\u0735\u0710</span></a>, <a href=\"dosearch.php?searchkey=2407&amp;language=id\"><span class=\"eastsyriac\">\u0713\u0739\u0722\u0735\u0712\u0742\u0718\u073c\u072c\u0735\u0710</span></a>, <a href=\"dosearch.php?searchkey=34935&amp;language=id\"><span class=\"eastsyriac\">\u0721\u0713\u0732\u0722\u0712\u0742\u0718\u073c\u072c\u0735\u0710</span></a>, <a href=\"dosearch.php?searchkey=19538&amp;language=id\"><span class=\"eastsyriac\">\u0713\u0732\u0722\u0735\u0712\u0742\u0718\u073c\u072c\u0735\u0710</span></a>, <a href=\"dosearch.php?searchkey=19582&amp;language=id\"><span class=\"eastsyriac\">\u0713\u0738\u0722\u0712\u0742\u0735\u0710</span></a>, <a href=\"dosearch.php?searchkey=19576&amp;language=id\"><span class=\"eastsyriac\">\u0713\u0330\u0735\u0722\u0738\u0718</span></a>, <a href=\"dosearch.php?searchkey=2402&amp;language=id\"><span class=\"eastsyriac\">\u0713\u0722\u0735\u0712\u0742\u0735\u0710</span></a>, <a href=\"dosearch.php?searchkey=2403&amp;language=id\"><span class=\"eastsyriac\">\u0713\u0739\u0722\u0735\u0712\u0742\u0735\u0710</span></a>, <a href=\"dosearch.php?searchkey=19586&amp;language=id\"><span class=\"eastsyriac\">\u0721\u0738\u0722 \u0713\u0738\u0722\u0712\u0742\u0738\u072c</span></a>, <a href=\"dosearch.php?searchkey=19583&amp;language=id\"><span class=\"eastsyriac\">\u0713\u0738\u0722\u0712\u0742\u071d\u073c</span></a>, <a href=\"dosearch.php?searchkey=2435&amp;language=id\"><span class=\"eastsyriac\">\u0713\u0722\u0718\u073c\u0712\u0742\u072c\u0735\u0710</span></a>, <a href=\"dosearch.php?searchkey=7096&amp;language=id\"><span class=\"eastsyriac\">\u0721\u0713\u0732\u0722\u0712\u0742\u0735\u0710\u071d\u073c\u072c</span></a></span>", "<span class=\"wordlink\"><a href=\"dosearch.php?searchkey=4211&amp;language=id\"><span class=\"eastsyriac\">\u071a\u0718\u073c\u0720\u0735\u0728\u0735\u0710</span></a>, <a href=\"dosearch.php?searchkey=6842&amp;language=id\"><span class=\"eastsyriac\">\u0720\u0738\u0723\u071b\u0735\u071d\u0718\u073c\u072c\u0735\u0710</span></a>, <a href=\"dosearch.php?searchkey=19537&amp;language=id\"><span class=\"eastsyriac\">\u0712\u0735\u0719\u0718\u073f\u0719\u0718\u073c\u072c\u0735\u0710</span></a>, <a href=\"dosearch.php?searchkey=1139&amp;language=id\"><span class=\"eastsyriac\">\u0712\u0735\u0719\u0718\u073c\u0719\u0735\u0710</span></a>, <a href=\"dosearch.php?searchkey=19540&amp;language=id\"><span class=\"eastsyriac\">\u0722\u0735\u0717\u0738\u0712</span></a>, <a href=\"dosearch.php?searchkey=32380&amp;language=id\"><span class=\"eastsyriac\">\u0713\u0720\u0735\u072b\u0735\u0710</span></a>, <a href=\"dosearch.php?searchkey=32379&amp;language=id\"><span class=\"eastsyriac\">\u0713\u0735\u0720\u0739\u0719</span></a>, <a href=\"dosearch.php?searchkey=1142&amp;language=id\"><span class=\"eastsyriac\">\u0712\u0719\u0735\u0719\u0735\u0710</span></a>, <a href=\"dosearch.php?searchkey=33748&amp;language=id\"><span class=\"eastsyriac\">\u071a\u0735\u0720\u0739\u0728</span></a></span>"], "key": "19539", "west": "\u0713\u0733\u0722\u0736\u0712\u0742", "phonetic": "<td>' ga: niw</td>", "east": "\u0713\u0735\u0722\u0739\u0712\u0742"},
{"searchkey": "30618", "audio": [], "context": [], "webrank": 4, "text": [" : however , whatever / no matter / although"], "english": "<td>however , whatever / no matter / although ;\r\n<span class=\"locution\"><span class=\"eastsyriac\">\u0717\u0732\u0721 \u072b\u0718\u073c\u0715 \u0729\u0735\u0722\u0739\u0710 \u0715\u0735\u0718\u0738\u0720\u072c\u0735\u0710 \u0721\u0732\u071a\u0728\u0718\u073c\u0720 \u0720\u0732\u071d\u072c \u0720\u0739\u0717</span></span> : however big his fortune (is) it is of no use to him , though he has acquired a big fortune it proves of no help to him , no matter how big his wealth he derives nothing out of it\r\n<span class=\"locution\"><span class=\"eastsyriac\">\u0717\u0732\u0721 \u072b\u0718\u073c\u0715 \u0710\u071d\u073c\u0718\u0738\u072c \u0721\u0732\u0720\u0726\u0735\u0722\u0735\u0710 \u072a\u0735\u0712\u0735\u0710 \u0726\u0718\u073f\u072b \u0721\u0732\u071f\u071d\u073c\u071f\u0742\u0735\u0710</span></span> : no matter how great a scholar you are remain humble , you may be a great scholar / doctor however remain humble /modest ;</td>", "cf": ["<span class=\"wordlink\"><a href=\"dosearch.php?searchkey=ham+jud&amp;language=fullsyriac\"><span class=\"eastsyriac\">\u0717\u0732\u0721 \u072b\u0718\u073c\u0715</span></a>, <a href=\"dosearch.php?searchkey=19407&amp;language=id\"><span class=\"eastsyriac\">\u0717\u0732\u0721</span></a></span>"], "key": "30618", "west": "\u0717\u0730\u0721 \u072b\u073d\u0718\u0715", "phonetic": "<td>' ham \u0161u:d</td>", "east": "\u0717\u0732\u0721 \u072b\u0718\u073c\u0715"},
{"searchkey": "391", "audio": ["./audio/entry391.mp3"], "context": ["see \u0725\u071d\u0735\u0715\u0735\u071d\u0735\u0710", "Bailis Shamun ; see also \u0713\u0735\u0718\u0735\u0722\u0735\u071d\u0735\u0710"], "webrank": 1, "text": [" : ", " : 1) habitual , customary , formed or acquired by habit , usual ;\r\n2) ", " : natural / expected , predictable , normal , unavoidable (?) ;"], "english": "<td><span class=\"context\">see <a href=\"dosearch.php?searchkey=cyAdAyA%27&amp;language=fullsyriac\"><span class=\"eastsyriac\">\u0725\u071d\u0735\u0715\u0735\u071d\u0735\u0710</span></a></span> : 1) habitual , customary , formed or acquired by habit , usual ;\r\n2) <span class=\"context\">Bailis Shamun ; see also <a href=\"dosearch.php?searchkey=gAwAnAyA%27&amp;language=fullsyriac\"><span class=\"eastsyriac\">\u0713\u0735\u0718\u0735\u0722\u0735\u071d\u0735\u0710</span></a></span> : natural / expected , predictable , normal , unavoidable (?) ;</td>", "cf": ["<span class=\"wordlink\"><a href=\"dosearch.php?searchkey=390&amp;language=id\"><span class=\"eastsyriac\">\u0710\u071f\u0723\u071d\u073c\u0723</span></a></span>", "<span class=\"wordlink\"><a href=\"dosearch.php?searchkey=4037&amp;language=id\"><span class=\"eastsyriac\">\u071a\u0735\u0710\u0728\u071d\u0735\u072c</span></a>, <a href=\"dosearch.php?searchkey=5392&amp;language=id\"><span class=\"eastsyriac\">\u071d\u0718\u073c\u0712\u0735\u0720\u0735\u0710</span></a>, <a href=\"dosearch.php?searchkey=6417&amp;language=id\"><span class=\"eastsyriac\">\u071f\u072a\u071d\u073c\u0723\u071d\u073c\u0723</span></a>, <a href=\"dosearch.php?searchkey=6505&amp;language=id\"><span class=\"eastsyriac\">\u071f\u0330\u0732\u072b\u0722\u071d\u073c</span></a>, <a href=\"dosearch.php?searchkey=8199&amp;language=id\"><span class=\"eastsyriac\">\u0721\u0725\u071d\u073c\u0715\u0718\u073c\u072c\u0735\u0710</span></a>, <a href=\"dosearch.php?searchkey=10267&amp;language=id\"><span class=\"eastsyriac\">\u0725\u071d\u0735\u0715\u0735\u0710</span></a>, <a href=\"dosearch.php?searchkey=10269&amp;language=id\"><span class=\"eastsyriac\">\u0725\u071d\u0735\u0715\u0735\u0722\u0735\u071d\u0735\u0710</span></a>, <a href=\"dosearch.php?searchkey=11437&amp;language=id\"><span class=\"eastsyriac\">\u0726\u0732\u072a\u0728\u0718\u073c\u0726\u0735\u071d\u0718\u073c\u072c\u0735\u0710</span></a>, <a href=\"dosearch.php?searchkey=2956&amp;language=id\"><span class=\"eastsyriac\">\u0715\u071d\u073c\u0720\u0735\u071d\u0718\u073c\u072c\u0735\u0710</span></a>, <a href=\"dosearch.php?searchkey=2957&amp;language=id\"><span class=\"eastsyriac\">\u0715\u071d\u073c\u0720\u0735\u071d\u072c\u0735\u0710</span></a>, <a href=\"dosearch.php?searchkey=2960&amp;language=id\"><span class=\"eastsyriac\">\u0715\u071d\u073c\u0720\u0735\u0722\u0735\u071d\u0718\u073c\u072c\u0735\u0710</span></a>, <a href=\"dosearch.php?searchkey=4737&amp;language=id\"><span class=\"eastsyriac\">\u071a\u0732\u0728\u071d\u073c\u0735\u072c</span></a>, <a href=\"dosearch.php?searchkey=19131&amp;language=id\"><span class=\"eastsyriac\">\u0713\u0735\u0718\u0735\u0722\u0735\u071d\u0735\u0710</span></a>, <a href=\"dosearch.php?searchkey=23389&amp;language=id\"><span class=\"eastsyriac\">\u071f\u071d\u0735\u0722\u0735\u071d\u0735\u0710</span></a>, <a href=\"dosearch.php?searchkey=18391&amp;language=id\"><span class=\"eastsyriac\">\u0725\u071d\u0735\u0715\u0735\u071d\u0735\u0710</span></a>, <a href=\"dosearch.php?searchkey=6032&amp;language=id\"><span class=\"eastsyriac\">\u071f\u0720\u0735\u0722\u0735\u071d\u0735\u0710</span></a></span>"], "key": "391", "west": "\u0710\u0730\u071f\u0723\u073a\u071d\u0723\u0733\u071d\u0733\u0710", "phonetic": "<td>ak si: ' sa: ia:</td>", "east": "\u0710\u0732\u071f\u0723\u071d\u073c\u0723\u0735\u071d\u0735\u0710"},
{"searchkey": "12423", "audio": [], "context": ["soldier"], "webrank": 80, "text": [" : 1) to harden , to become hard / harder , to acquire solidity , to solidify , to stiffen , to toughen , ", " : to get hardened (?)"], "english": "<td>1) to harden , to become hard / harder , to acquire solidity , to solidify , to stiffen , to toughen , <span class=\"context\">soldier</span> : to get hardened (?) ;\r\n<span class=\"locution\"><span class=\"eastsyriac\">\u0712\u072b\u0720 \u0725\u0715\u0742\u0739\u0721\u0735\u0710 \u0715\u0729\u0735\u0722\u0735\u0710 \u0729\u0718\u073c\u071d\u0735\u0721\u0735\u0710</span></span> : cook until it becomes solid ;\r\n2) <span class=\"context\">Rh\u00e9tor\u00e9</span> : to be strong / resistant / solid ;\r\n3) <span class=\"context\">noun</span> : a loom ;</td>", "cf": ["<span class=\"wordlink\"><a href=\"dosearch.php?searchkey=25629&amp;language=id\"><span class=\"eastsyriac\">\u0729\u0718\u0710</span></a>, <a href=\"dosearch.php?searchkey=26060&amp;language=id\"><span class=\"eastsyriac\">\u0721\u0732\u0729\u0718\u0739\u0710</span></a>, <a href=\"dosearch.php?searchkey=26058&amp;language=id\"><span class=\"eastsyriac\">\u0729\u0735\u0718\u0739\u0710</span></a>, <a href=\"dosearch.php?searchkey=12347&amp;language=id\"><span class=\"eastsyriac\">\u0729\u0718\u0735\u0710</span></a>, <a href=\"dosearch.php?searchkey=12427&amp;language=id\"><span class=\"eastsyriac\">\u0729\u0718\u073c\u071d\u0735\u0710</span></a>, <a href=\"dosearch.php?searchkey=12433&amp;language=id\"><span class=\"eastsyriac\">\u0729\u0718\u0735\u071d\u072c\u0735\u0710</span></a>, <a href=\"dosearch.php?searchkey=12432&amp;language=id\"><span class=\"eastsyriac\">\u0729\u0718\u073c\u071d\u0735\u0723\u0710</span></a>, <a href=\"dosearch.php?searchkey=12425&amp;language=id\"><span class=\"eastsyriac\">\u0729\u0738\u0718\u071d\u0735\u0710\u071d\u073c\u072c</span></a>, <a href=\"dosearch.php?searchkey=12424&amp;language=id\"><span class=\"eastsyriac\">\u0729\u0738\u0718\u071d\u0735\u0710</span></a>, <a href=\"dosearch.php?searchkey=12426&amp;language=id\"><span class=\"eastsyriac\">\u0729\u0738\u0718\u071d\u0718\u073c\u072c\u0735\u0710</span></a>, <a href=\"dosearch.php?searchkey=26059&amp;language=id\"><span class=\"eastsyriac\">\u0729\u0738\u0718\u071d\u0718\u073c\u072c\u0742\u0735\u0710 \u0715\u0726\u0732\u0710\u072c\u0742\u0735\u0710</span></a>, <a href=\"dosearch.php?searchkey=30923&amp;language=id\"><span class=\"eastsyriac\">\u0721\u0732\u0729\u0718\u0718\u073f\u071d\u0739\u0710</span></a>, <a href=\"dosearch.php?searchkey=12431&amp;language=id\"><span class=\"eastsyriac\">\u0729\u0718\u073c\u071d\u0735\u0721\u0735\u0710</span></a></span>", "<span class=\"wordlink\"><a href=\"dosearch.php?searchkey=14578&amp;language=id\"><span class=\"eastsyriac\">\u072b\u071d\u073c\u0713\u0742\u0718\u073c\u072a\u0735\u0710</span></a>, <a href=\"dosearch.php?searchkey=4623&amp;language=id\"><span class=\"eastsyriac\">\u071a\u0735\u0722\u0718\u073c\u072c\u0735\u0710</span></a>, <a href=\"dosearch.php?searchkey=6352&amp;language=id\"><span class=\"eastsyriac\">\u071f\u0732\u072a\u0713\u0735\u0710</span></a>, <a href=\"dosearch.php?searchkey=7202&amp;language=id\"><span class=\"eastsyriac\">\u0721\u0732\u0715\u0723\u0735\u0710</span></a>, <a href=\"dosearch.php?searchkey=7997&amp;language=id\"><span class=\"eastsyriac\">\u0721\u0732\u0722\u0718\u072a\u0735\u0710</span></a>, <a href=\"dosearch.php?searchkey=9012&amp;language=id\"><span class=\"eastsyriac\">\u0722\u0732\u0718\u0720\u0735\u0710</span></a>, <a href=\"dosearch.php?searchkey=10498&amp;language=id\"><span class=\"eastsyriac\">\u0725\u0735\u072a\u0718\u0735\u071d\u072c\u0735\u0710</span></a>, <a href=\"dosearch.php?searchkey=10822&amp;language=id\"><span class=\"eastsyriac\">\u0726\u0718\u073c\u072c\u071a\u0739\u0710</span></a></span>"], "key": "12423", "west": "\u0729\u0718\u0733\u071d\u0733\u0710", "phonetic": "<td>' qwa: ia:</td>", "east": "\u0729\u0718\u0735\u071d\u0735\u0710"},
{"searchkey": "10632", "audio": [], "context": [], "webrank": 60, "text": [" : mustiness , being affected with moldiness / having the pungent offensive odor and taste that organic substances acquire during warm moist weather , moldiness , staleness ;"], "english": "<td>mustiness , being affected with moldiness / having the pungent offensive odor and taste that organic substances acquire during warm moist weather , moldiness , staleness ;</td>", "cf": ["<span class=\"wordlink\"><a href=\"dosearch.php?searchkey=10631&amp;language=id\"><span class=\"eastsyriac\">\u0726\u0732\u0713\u0718\u073c\u072a\u0735\u0710</span></a>, <a href=\"dosearch.php?searchkey=32650&amp;language=id\"><span class=\"eastsyriac\">\u0726\u0713\u071d\u073c\u072a\u0718\u073c\u072c\u0735\u0710</span></a></span>", "<span class=\"wordlink\"><a href=\"dosearch.php?searchkey=12486&amp;language=id\"><span class=\"eastsyriac\">\u0729\u0718\u073c\u0721\u0735\u0720\u0735\u0710</span></a></span>"], "key": "10632", "west": "\u0726\u0730\u0713\u073d\u0718\u072a\u073d\u0718\u072c\u0733\u0710", "phonetic": "<td>pag gu ' ru: ta:</td>", "east": "\u0726\u0732\u0713\u0718\u073c\u072a\u0718\u073c\u072c\u0735\u0710"},
{"searchkey": "28954", "audio": [], "context": [], "webrank": 90, "text": [" : to acquire , to gain , to get , to obtain , to become owner ,to possess / to enjoy , to buy (?) / to purchase (?)"], "english": "<td>to acquire , to gain , to get , to obtain , to become owner ,to possess / to enjoy , to buy (?) / to purchase (?) ;\r\n<span class=\"locution\"><span class=\"eastsyriac\">\u0717\u0732\u0721 \u072b\u0718\u073c\u0715 \u0729\u0735\u0722\u0739\u0710 \u0715\u0735\u0718\u0738\u0720\u072c\u0735\u0710 \u0721\u0732\u071a\u0728\u0718\u073c\u0720 \u0720\u0732\u071d\u072c \u0720\u0739\u0717</span></span> : however great his fortune may be it is of no use to him , great as his wealth may be it does not help , no matter how great his possessions are they are of no avail to him ;\r\n<span class=\"context\">Rh\u00e9tor\u00e9 , see <a href=\"dosearch.php?searchkey=pqidenEh&amp;language=fullsyriac\"><span class=\"eastsyriac\">\u0726\u0729\u071d\u073c\u0715\u0738\u0722\u0739\u0717</span></a> ; <span class=\"locution\"><span class=\"eastsyriac\">\u0717\u0735\u0718 \u0721\u0738\u0720\u071f\u0742 \u071f\u0738\u0721\u0721\u0732\u0729\u0722\u0732\u071d \u0720\u0739\u0717 \u0720\u071d\u073c</span></span></span> : \"that land they made me own it\" , they had me come into possession of that estate , they caused me to become the owner of that land ;\r\n<span class=\"locution\"><span class=\"eastsyriac\">\u0712\u072b\u0720 \u0725\u0715\u0742\u0739\u0721\u0735\u0710 \u0715\u0729\u0735\u0722\u0735\u0710 \u0729\u0718\u073c\u071d\u0735\u0721\u0735\u0710</span></span> : cook until it acquires solidity / becomes solid ;\r\n<span class=\"context\">Rh\u00e9tor\u00e9 ; <span class=\"locution\"><span class=\"eastsyriac\">\u071f\u0718\u073c\u0722 \u071d\u0735\u072a\u072c\u071d\u073c \u071f\u0720\u0732\u071d \u0722\u071d\u0735\u071a\u0735\u0710 \u0718\u0729\u0735\u0722\u0732\u071d \u071f\u0742\u0718\u073f\u072b\u071d\u073c\u071d\u0308\u0739\u0710 \u0718\u0726\u0728\u0735\u071a\u0735\u0710 \u0721\u0712\u0732\u0715\u0732\u0720 \u0725\u0718\u073c\u0715\u0742\u0735\u0712\u0735\u0710 \u0715\u0710\u0735\u071f\u0742\u0735\u0710</span></span></span> : may all <span class=\"context\">those who have perished</span> inherit rest and enjoy the pleasures and joys <span class=\"context\">of the other life</span> instead of their torments in this world ! , may all those who have died take over / inherit rest and possess the delights and joys <span class=\"context\">of the other life</span> in lieu of / exchange for their suffering in this life / on earth / here below ;</td>", "cf": ["<span class=\"wordlink\"><a href=\"dosearch.php?searchkey=25636&amp;language=id\"><span class=\"eastsyriac\">\u0729\u0722\u0710</span></a>, <a href=\"dosearch.php?searchkey=12941&amp;language=id\"><span class=\"eastsyriac\">\u0729\u0735\u0722\u0718\u073f\u071d\u0735\u0710</span></a>, <a href=\"dosearch.php?searchkey=12959&amp;language=id\"><span class=\"eastsyriac\">\u0729\u0722\u0735\u071d\u0735\u0710</span></a>, <a href=\"dosearch.php?searchkey=12960&amp;language=id\"><span class=\"eastsyriac\">\u0729\u0732\u0722\u0735\u071d\u0735\u0710</span></a>, <a href=\"dosearch.php?searchkey=12961&amp;language=id\"><span class=\"eastsyriac\">\u0729\u0732\u0722\u0735\u071d\u0718\u073c\u072c\u0735\u0710</span></a>, <a href=\"dosearch.php?searchkey=12965&amp;language=id\"><span class=\"eastsyriac\">\u0729\u0738\u0722\u071d\u0735\u0722\u0735\u0710</span></a>, <a href=\"dosearch.php?searchkey=12967&amp;language=id\"><span class=\"eastsyriac\">\u0729\u0722\u0735\u071d\u072c\u0735\u0710</span></a>, <a href=\"dosearch.php?searchkey=12970&amp;language=id\"><span class=\"eastsyriac\">\u0729\u0722\u0735\u0722\u0735\u0710</span></a>, <a href=\"dosearch.php?searchkey=12929&amp;language=id\"><span class=\"eastsyriac\">\u0729\u0722\u0735\u0710</span></a>, <a href=\"dosearch.php?searchkey=8418&amp;language=id\"><span class=\"eastsyriac\">\u0721\u0732\u0729\u0722\u0735\u071d\u0718\u073c\u072c\u0735\u0710</span></a>, <a href=\"dosearch.php?searchkey=31771&amp;language=id\"><span class=\"eastsyriac\">\u0721\u0732\u0729\u0722\u0739\u0710</span></a>, <a href=\"dosearch.php?searchkey=35466&amp;language=id\"><span class=\"eastsyriac\">\u0721\u0738\u072c\u0729\u0732\u0722\u071d\u0735\u0722\u0735\u0710</span></a></span>"], "key": "28954", "west": "\u0729\u0733\u0722\u0736\u0710", "phonetic": "<td>' qa: ni:</td>", "east": "\u0729\u0735\u0722\u0739\u0710"},
{"searchkey": "9300", "audio": [], "context": [], "webrank": 40, "text": [" : 1) an aptitude , a natural or acquired dispostion for a particular purpose , a capability / ability / a faculty , a talent , a skill , a gift , a know-how ;"], "english": "<td>1) an aptitude , a natural or acquired dispostion for a particular purpose , a capability / ability / a faculty , a talent , a skill , a gift , a know-how ;</td>", "cf": [], "key": "9300", "west": "\u0722\u0729\u0733\u071d\u0733\u0710", "phonetic": "<td>' nqa ia</td>", "east": "\u0722\u0729\u0735\u071d\u0735\u0710"},
{"searchkey": "9498", "audio": [], "context": [], "webrank": 50, "text": [" : a symbol , a sign (an arbitrary sign that has acquired a conventional significance -hash sign ...-) , an emblem , an ensign , a creed ;"], "english": "<td>a symbol , a sign (an arbitrary sign that has acquired a conventional significance -hash sign ...-) , an emblem , an ensign , a creed ;</td>", "cf": ["<span class=\"wordlink\"><a href=\"dosearch.php?searchkey=11701&amp;language=id\"><span class=\"eastsyriac\">\u072a\u0735\u0710\u0719\u0735\u0710</span></a>, <a href=\"dosearch.php?searchkey=828&amp;language=id\"><span class=\"eastsyriac\">\u0710\u0738\u072b\u0735\u072a\u0735\u072c</span></a></span>"], "key": "9498", "west": "\u0723\u0742\u0721\u0712\u0733\u0720\u073d\u0718\u0722", "phonetic": "<td>sum ' ba lun</td>", "east": "\u0723\u0742\u0721\u0712\u0735\u0720\u0718\u073c\u0722"},
{"searchkey": "12347", "audio": [], "context": ["intransitive verb", "soldier ?"], "webrank": 70, "text": [" : ", " : to harden / toughen (?) , to become hard or harder , to acquire solidity , to become firm / tough / tougher , ", " : to become hardened (?) / to become toughened up (?) / to become seasoned (?) ;"], "english": "<td><span class=\"context\">intransitive verb</span> : to harden / toughen (?) , to become hard or harder , to acquire solidity , to become firm / tough / tougher , <span class=\"context\">soldier ?</span> : to become hardened (?) / to become toughened up (?) / to become seasoned (?) ;</td>", "cf": ["<span class=\"wordlink\"><a href=\"dosearch.php?searchkey=25629&amp;language=id\"><span class=\"eastsyriac\">\u0729\u0718\u0710</span></a>, <a href=\"dosearch.php?searchkey=12425&amp;language=id\"><span class=\"eastsyriac\">\u0729\u0738\u0718\u071d\u0735\u0710\u071d\u073c\u072c</span></a>, <a href=\"dosearch.php?searchkey=12424&amp;language=id\"><span class=\"eastsyriac\">\u0729\u0738\u0718\u071d\u0735\u0710</span></a>, <a href=\"dosearch.php?searchkey=12426&amp;language=id\"><span class=\"eastsyriac\">\u0729\u0738\u0718\u071d\u0718\u073c\u072c\u0735\u0710</span></a>, <a href=\"dosearch.php?searchkey=12423&amp;language=id\"><span class=\"eastsyriac\">\u0729\u0718\u0735\u071d\u0735\u0710</span></a>, <a href=\"dosearch.php?searchkey=26059&amp;language=id\"><span class=\"eastsyriac\">\u0729\u0738\u0718\u071d\u0718\u073c\u072c\u0742\u0735\u0710 \u0715\u0726\u0732\u0710\u072c\u0742\u0735\u0710</span></a>, <a href=\"dosearch.php?searchkey=26060&amp;language=id\"><span class=\"eastsyriac\">\u0721\u0732\u0729\u0718\u0739\u0710</span></a>, <a href=\"dosearch.php?searchkey=26058&amp;language=id\"><span class=\"eastsyriac\">\u0729\u0735\u0718\u0739\u0710</span></a>, <a href=\"dosearch.php?searchkey=12423&amp;language=id\"><span class=\"eastsyriac\">\u0729\u0718\u0735\u071d\u0735\u0710</span></a>, <a href=\"dosearch.php?searchkey=30923&amp;language=id\"><span class=\"eastsyriac\">\u0721\u0732\u0729\u0718\u0718\u073f\u071d\u0739\u0710</span></a></span>"], "key": "12347", "west": "\u0729\u0718\u0733\u0710", "phonetic": "<td>' qwa:</td>", "east": "\u0729\u0718\u0735\u0710"},
{"searchkey": "8418", "audio": [], "context": ["Rh\u00e9tor\u00e9 , see \u0726\u0729\u071d\u073c\u0715\u0738\u0722\u0739\u0717"], "webrank": 20, "text": [" : 1) acquisition , the act of acquiring , the purchase (?) , learning -acquisition of knowledge- (?) ;\r\n2) the thing acquired / gained , the gain , the profit (?) , the benefit (?) ;\r\n"], "english": "<td>1) acquisition , the act of acquiring , the purchase (?) , learning -acquisition of knowledge- (?) ;\r\n2) the thing acquired / gained , the gain , the profit (?) , the benefit (?) ;\r\n<span class=\"context\">Rh\u00e9tor\u00e9 , see <a href=\"dosearch.php?searchkey=pqidenEh&amp;language=fullsyriac\"><span class=\"eastsyriac\">\u0726\u0729\u071d\u073c\u0715\u0738\u0722\u0739\u0717</span></a> ; <span class=\"locution\"><span class=\"eastsyriac\">\u0717\u0735\u0718 \u0721\u0738\u0720\u071f\u0742 \u071f\u0738\u0721\u0721\u0732\u0729\u0722\u0732\u071d \u0720\u0739\u0717 \u0720\u071d\u073c</span></span></span> : \"that land they made me own it\" , they had me come into possession of that estate , they caused me to become the owner of that land ;</td>", "cf": ["<span class=\"wordlink\"><a href=\"dosearch.php?searchkey=28954&amp;language=id\"><span class=\"eastsyriac\">\u0729\u0735\u0722\u0739\u0710</span></a></span>"], "key": "8418", "west": "\u0721\u0730\u0729\u0722\u0733\u071d\u073d\u0718\u072c\u0733\u0710", "phonetic": "<td>maq na ' iu: ta:</td>", "east": "\u0721\u0732\u0729\u0722\u0735\u071d\u0718\u073c\u072c\u0735\u0710"},
{"searchkey": "8467", "audio": [], "context": ["Maclean, Oraham", "see also \u0725\u0732\u0713\u0742\u072a\u0735\u0710 / \u0719\u0732\u0725\u0718\u073c\u0726\u0735\u0710 :"], "webrank": 30, "text": [" : 1) culture , instruction / enlightenment / edification ;\r\n2) ", " : instruction , schooling , education , learning , knowledge / discipline acquired by way of education ;\r\n"], "english": "<td>1) culture , instruction / enlightenment / edification ;\r\n2) <span class=\"context\">Maclean, Oraham</span> : instruction , schooling , education , learning , knowledge / discipline acquired by way of education ;\r\n<span class=\"context\">see also <a href=\"dosearch.php?searchkey=cagLrA%27&amp;language=fullsyriac\"><span class=\"eastsyriac\">\u0725\u0732\u0713\u0742\u072a\u0735\u0710</span></a> / <a href=\"dosearch.php?searchkey=zacupA%27&amp;language=fullsyriac\"><span class=\"eastsyriac\">\u0719\u0732\u0725\u0718\u073c\u0726\u0735\u0710</span></a> : <span class=\"locution\"><span class=\"eastsyriac\">\u0715\u0720\u0735\u0710 \u0721\u0732\u072a\u0715\u0718\u073c\u072c\u0735\u0710</span></span></span> : rowdy , unruly , naughty / poorly-educated ;\r\n<span class=\"locution\"><span class=\"eastsyriac\">\u0718\u0732\u0719\u071d\u073c\u072a\u0735\u0710 \u0715\u0721\u0732\u072a\u0715\u0718\u073c\u072c\u0742\u0735\u0710</span></span> : the Education Minister ; \r\n<span class=\"locution\"><span class=\"eastsyriac\">\u0712\u0739\u0710 \u0721\u0732\u072a\u0715\u0718\u073c\u072c\u0742\u0735\u0710</span></span> : ignorant , uneducated , illiterate / unlettered ;\r\n3) <span class=\"context\">Oraham</span> : a lesson , teaching ;</td>", "cf": ["<span class=\"wordlink\"><a href=\"dosearch.php?searchkey=8466&amp;language=id\"><span class=\"eastsyriac\">\u0721\u0732\u072a\u0715\u0718\u073c\u072c\u0735\u0710</span></a>, <a href=\"dosearch.php?searchkey=8459&amp;language=id\"><span class=\"eastsyriac\">\u0721\u0732\u072a\u0715\u0735\u0710</span></a>, <a href=\"dosearch.php?searchkey=32099&amp;language=id\"><span class=\"eastsyriac\">\u0721\u0718\u073f\u072a\u0715\u0738\u0722\u0735\u0710</span></a>, <a href=\"dosearch.php?searchkey=32366&amp;language=id\"><span class=\"eastsyriac\">\u0721\u0732\u072a\u0715\u0718\u073c\u072c\u0742\u0735\u0722\u0735\u071d\u0735\u0710</span></a>, <a href=\"dosearch.php?searchkey=34007&amp;language=id\"><span class=\"eastsyriac\">\u0721\u0732\u072a\u0715\u0738\u0722\u0735\u0722\u0735\u0710</span></a></span>", "<span class=\"wordlink\"><a href=\"dosearch.php?searchkey=13425&amp;language=id\"><span class=\"eastsyriac\">\u072a\u0732\u0715\u071d\u0718\u073c\u072c\u0735\u0710</span></a>, <a href=\"dosearch.php?searchkey=2878&amp;language=id\"><span class=\"eastsyriac\">\u0715\u0718\u073c\u072a\u0735\u072b\u0735\u0710</span></a>, <a href=\"dosearch.php?searchkey=9067&amp;language=id\"><span class=\"eastsyriac\">\u0722\u0738\u0719\u0735\u0710\u0721</span></a>, <a href=\"dosearch.php?searchkey=4980&amp;language=id\"><span class=\"eastsyriac\">\u072c\u0735\u0710\u072a\u0718\u073c\u072c\u0735\u0710</span></a>, <a href=\"dosearch.php?searchkey=15877&amp;language=id\"><span class=\"eastsyriac\">\u072c\u0732\u072a\u0712\u071d\u073c\u072c\u0735\u0710</span></a>, <a href=\"dosearch.php?searchkey=15878&amp;language=id\"><span class=\"eastsyriac\">\u072c\u0732\u072a\u0712\u071d\u0738\u0747\u072c\u0735\u0710</span></a>, <a href=\"dosearch.php?searchkey=15775&amp;language=id\"><span class=\"eastsyriac\">\u072c\u0732\u0725\u0720\u071d\u073c\u0721</span></a>, <a href=\"dosearch.php?searchkey=15615&amp;language=id\"><span class=\"eastsyriac\">\u072c\u0732\u0720\u0721\u071d\u073c\u0715\u0718\u073c\u072c\u0735\u0710</span></a></span>"], "key": "8467", "west": "\u0721\u0730\u072a\u0715\u073d\u0718\u072c\u0742\u0733\u0710", "phonetic": "<td>mar ' du: tha:</td>", "east": "\u0721\u0732\u072a\u0715\u0718\u073c\u072c\u0742\u0735\u0710"},
{"searchkey": "16731", "audio": [], "context": ["past participle"], "webrank": 10, "text": [" : 1) be able , can , ", " : able"], "english": "<td>1) be able , can , <span class=\"context\">past participle</span> : able ;\r\n<span class=\"locution\"><span class=\"eastsyriac\">\u0720\u0735\u0710 \u0721\u0735\u0728\u071d\u0735\u0722\u0735\u0710</span></span> / <span class=\"locution\"><span class=\"eastsyriac\">\u0720\u0739\u0710 \u0721\u0735\u0728\u0739\u0710</span></span> : unable / to be unable / cannot ;\r\n2) <span class=\"locution\"><span class=\"eastsyriac\">\u0721\u0735\u0728\u0738\u0710 \u0712</span></span> : to prevail over , to be stronger than , to have the upper hand , to triumph over , to beat ;\r\n3) <span class=\"locution\"><span class=\"eastsyriac\">\u071f\u0739\u0710 \u0721\u0735\u0728\u0738\u0710</span></span> : it is possible , it may be that ;\r\n4) <span class=\"context\">Eastern Syriac</span> : <span class=\"locution\"><span class=\"eastsyriac\">\u0721\u0735\u0728\u0738\u0710 \u0720</span></span> : to attain to , <span class=\"context\">aim, ambition</span> : to accomplish , to fulfill , to achieve , <span class=\"context\">knowledge</span> : to acquire , to gain , <span class=\"context\">happiness</span> : to reach ;\r\n<span class=\"locution\"><span class=\"eastsyriac\">\u0720\u0735\u0710 \u0721\u0728\u0738\u072c</span></span> : you cannot , you can't , thou canst not ;\r\n<span class=\"locution\"><span class=\"eastsyriac\">\u0721\u0728\u0738\u0710 \u071f\u0720</span></span> : almighty ,omnipotent ;\r\n<span class=\"locution\"><span class=\"eastsyriac\">\u0710\u0732\u071d\u071f \u0721\u0728\u0735\u071d\u072c\u071d\u073c</span></span> : as far as I can , I'll do my best ;</td>", "cf": ["<span class=\"wordlink\"><a href=\"dosearch.php?searchkey=17677&amp;language=id\"><span class=\"eastsyriac\">\u0721\u0728\u0710</span></a>, <a href=\"dosearch.php?searchkey=16733&amp;language=id\"><span class=\"eastsyriac\">\u0710\u0735\u0721\u0738\u0728</span></a>, <a href=\"dosearch.php?searchkey=16732&amp;language=id\"><span class=\"eastsyriac\">\u0721\u0728\u0735\u071d\u072c\u0735\u0710</span></a>, <a href=\"dosearch.php?searchkey=8348&amp;language=id\"><span class=\"eastsyriac\">\u0721\u0732\u0728\u071d\u0735\u0722\u0718\u073c\u072c\u0735\u0710</span></a>, <a href=\"dosearch.php?searchkey=8320&amp;language=id\"><span class=\"eastsyriac\">\u0721\u0728\u0735\u0710</span></a>, <a href=\"dosearch.php?searchkey=8322&amp;language=id\"><span class=\"eastsyriac\">\u0721\u0728\u0739\u0710 \u071f\u0720</span></a>, <a href=\"dosearch.php?searchkey=25414&amp;language=id\"><span class=\"eastsyriac\">\u0721\u0732\u0721\u0728\u0739\u0710</span></a>, <a href=\"dosearch.php?searchkey=mSe%27&amp;language=fullsyriac\"><span class=\"eastsyriac\">\u0721\u0728\u0738\u0710</span></a></span>", "<span class=\"wordlink\"><a href=\"dosearch.php?searchkey=16733&amp;language=id\"><span class=\"eastsyriac\">\u0710\u0735\u0721\u0738\u0728</span></a></span>", "<span class=\"wordlink\"><a href=\"dosearch.php?searchkey=32930&amp;language=id\"><span class=\"eastsyriac\">\u0721\u0728\u0738\u0710</span></a></span>", "<span class=\"wordlink\"><a href=\"dosearch.php?searchkey=31036&amp;language=id\"><span class=\"eastsyriac\">\u0710\u071d\u073c\u0712\u071d\u073c</span></a></span>"], "key": "16731", "west": "\u0721\u0733\u0728\u0736\u0710", "phonetic": "<td>' ma: \u1e63i:</td>", "east": "\u0721\u0735\u0728\u0738\u0710"},
{"searchkey": "13149", "audio": [], "context": ["Rh\u00e9tor\u00e9", "adjective", "Rh\u00e9tor\u00e9"], "webrank": 20, "text": [" : 1) a reader , ", " : a learned person , an educated man , a literate man , a man of knowledge , ", " : educated / learned / schooled / literate ;\r\n"], "english": "<td>1) a reader , <span class=\"context\">Rh\u00e9tor\u00e9</span> : a learned person , an educated man , a literate man , a man of knowledge , <span class=\"context\">adjective</span> : educated / learned / schooled / literate ;\r\n<span class=\"context\">Rh\u00e9tor\u00e9 ; <span class=\"locution\"><span class=\"eastsyriac\">\u071f\u0732\u071d\u0726\u071d\u073c \u071f\u0732\u0712\u071d\u072a\u0735\u0710 \u071f\u0710\u072c\u0742\u0739\u0710 \u0720\u0713\u0738\u0712 \u0729\u0732\u0308\u072a\u0735\u071d\u0739\u0710</span></span></span> : I derive / I take great pleasure in the company of educated people ;\r\n<span class=\"context\">plural : <a href=\"dosearch.php?searchkey=qaCrAyE%27&amp;language=fullsyriac\"><span class=\"eastsyriac\">\u0729\u0732\u0308\u072a\u0735\u071d\u0739\u0710</span></a></span> ;\r\n<span class=\"context\">Rh\u00e9tor\u00e9 ; <span class=\"locution\"><span class=\"eastsyriac\">\u0710\u0735\u071f\u0742 \u0712\u0732\u071d\u072c\u0742\u071d\u073c : \u0712\u0738\u0715 \u0715\u0735\u0712\u0729\u071d \u0720\u0739\u0717 \u072b\u0738\u071f\u0718\u0735\u0722\u0308\u0739\u0710 \u0729\u0732\u072a\u0308\u0735\u071d\u0739\u0710</span></span></span> : Ah ! my house ! they will pull it down those educated ants ;\r\n<span class=\"context\">Rh\u00e9tor\u00e9 ; <span class=\"locution\"><span class=\"eastsyriac\">\u0717\u0732\u0721 \u0729\u071b\u071d\u073c\u0720 \u0720\u0739\u0717 \u0710\u0738\u0723\u071f\u0718\u073f\u0720\u0735\u071d\u0308\u0739\u0710 \u0712\u072b\u0738\u071f\u0738\u0720 \u0718\u0725\u0735\u0729\u0738\u0720 \u0718\u0729\u0732\u072a\u0735\u071d\u0739\u0710</span></span></span> : it / <span class=\"context\">the plague</span> also killed school-children distinguished for their good appearance, their intelligence and for their reading skills / acquired knowledge / literacy ;\r\n2) <span class=\"context\">= <a href=\"dosearch.php?searchkey=qArE%27&amp;language=fullsyriac\"><span class=\"eastsyriac\">\u0729\u0735\u072a\u0739\u0710</span></a></span> ;</td>", "cf": ["<span class=\"wordlink\"><a href=\"dosearch.php?searchkey=qr%27&amp;language=fullsyriac\"><span class=\"eastsyriac\">\u0729\u072a\u0710</span></a>, <a href=\"dosearch.php?searchkey=17849&amp;language=id\"><span class=\"eastsyriac\">\u0729\u0735\u072a\u0739\u0710</span></a></span>"], "key": "13149", "west": "\u0729\u0730\u072a\u0733\u071d\u0733\u0710", "phonetic": "<td>qa ' ra: ia :</td>", "east": "\u0729\u0732\u072a\u0735\u071d\u0735\u0710"},
{"searchkey": "12960", "audio": [], "context": ["not for pronouns, see \u0722\u0735\u0729\u0726\u0735\u071d\u0735\u0710", "Al Qosh / Ashita ; agent of \u0729\u0735\u0722\u0739\u0710", "see \u0729\u0732\u071d\u0722\u0735\u071d\u0735\u0710", "Classical Syriac", "Al Qosh"], "webrank": 10, "text": [" : 1) a possessor , an owner , a proprietor , a landlord , a holder , a master ;\r\n2) ", " : a possessive , a genitive , ", "  ;\r\n3) ", " : an acquirer , a getter , a buyer ;\r\n4) ", " : a) ", " : a rich man , b) ", " : a goldsmith ;"], "english": "<td>1) a possessor , an owner , a proprietor , a landlord , a holder , a master ;\r\n2) <span class=\"field\">grammar</span> : a possessive , a genitive , <span class=\"context\">not for pronouns, see <a href=\"dosearch.php?searchkey=nAqpAyA%27&amp;language=fullsyriac\"><span class=\"eastsyriac\">\u0722\u0735\u0729\u0726\u0735\u071d\u0735\u0710</span></a></span>  ;\r\n3) <span class=\"context\">Al Qosh / Ashita ; agent of <a href=\"dosearch.php?searchkey=qAnE%27&amp;language=fullsyriac\"><span class=\"eastsyriac\">\u0729\u0735\u0722\u0739\u0710</span></a></span> : an acquirer , a getter , a buyer ;\r\n4) <span class=\"context\">see <a href=\"dosearch.php?searchkey=qaynAyA%27&amp;language=fullsyriac\"><span class=\"eastsyriac\">\u0729\u0732\u071d\u0722\u0735\u071d\u0735\u0710</span></a></span> : a) <span class=\"context\">Classical Syriac</span> : a rich man , b) <span class=\"context\">Al Qosh</span> : a goldsmith ;</td>", "cf": ["<span class=\"wordlink\"><a href=\"dosearch.php?searchkey=25636&amp;language=id\"><span class=\"eastsyriac\">\u0729\u0722\u0710</span></a>, <a href=\"dosearch.php?searchkey=12941&amp;language=id\"><span class=\"eastsyriac\">\u0729\u0735\u0722\u0718\u073f\u071d\u0735\u0710</span></a>, <a href=\"dosearch.php?searchkey=12959&amp;language=id\"><span class=\"eastsyriac\">\u0729\u0722\u0735\u071d\u0735\u0710</span></a>, <a href=\"dosearch.php?searchkey=12961&amp;language=id\"><span class=\"eastsyriac\">\u0729\u0732\u0722\u0735\u071d\u0718\u073c\u072c\u0735\u0710</span></a>, <a href=\"dosearch.php?searchkey=12965&amp;language=id\"><span class=\"eastsyriac\">\u0729\u0738\u0722\u071d\u0735\u0722\u0735\u0710</span></a>, <a href=\"dosearch.php?searchkey=12967&amp;language=id\"><span class=\"eastsyriac\">\u0729\u0722\u0735\u071d\u072c\u0735\u0710</span></a>, <a href=\"dosearch.php?searchkey=12970&amp;language=id\"><span class=\"eastsyriac\">\u0729\u0722\u0735\u0722\u0735\u0710</span></a>, <a href=\"dosearch.php?searchkey=12929&amp;language=id\"><span class=\"eastsyriac\">\u0729\u0722\u0735\u0710</span></a>, <a href=\"dosearch.php?searchkey=28954&amp;language=id\"><span class=\"eastsyriac\">\u0729\u0735\u0722\u0739\u0710</span></a></span>", "<span class=\"wordlink\"><a href=\"dosearch.php?searchkey=diEh&amp;language=fullsyriac\"><span class=\"eastsyriac\">\u0715\u071d\u073c\u0739\u0717</span></a>, <a href=\"dosearch.php?searchkey=18527&amp;language=id\"><span class=\"eastsyriac\">\u0712\u0732\u0725\u0720\u0735\u0710</span></a>, <a href=\"dosearch.php?searchkey=8443&amp;language=id\"><span class=\"eastsyriac\">\u0721\u0735\u072a\u0735\u0710</span></a>, <a href=\"dosearch.php?searchkey=19167&amp;language=id\"><span class=\"eastsyriac\">\u0721\u0735\u0720\u071f\u0735\u0710</span></a></span>"], "key": "12960", "west": "\u0729\u0730\u0722\u0733\u071d\u0733\u0710", "phonetic": "<td>qan ' na: ia:</td>", "east": "\u0729\u0732\u0722\u0735\u071d\u0735\u0710"},
{"searchkey": "15029", "audio": [], "context": [], "webrank": 30, "text": [" : aptitude , natural or acquired capacity for a particular purpose , skill , a practical ability , dexterity , competence , qualification , proficiency , know-how , aptness , art , workmanship / craftsmanship / handicraft ;"], "english": "<td>aptitude , natural or acquired capacity for a particular purpose , skill , a practical ability , dexterity , competence , qualification , proficiency , know-how , aptness , art , workmanship / craftsmanship / handicraft ;</td>", "cf": ["<span class=\"wordlink\"><a href=\"dosearch.php?searchkey=32014&amp;language=id\"><span class=\"eastsyriac\">\u072b\u0726\u072a</span></a>, <a href=\"dosearch.php?searchkey=15027&amp;language=id\"><span class=\"eastsyriac\">\u072b\u0732\u0726\u071d\u073c\u072a\u0735\u0710</span></a>, <a href=\"dosearch.php?searchkey=15028&amp;language=id\"><span class=\"eastsyriac\">\u072b\u0732\u0726\u071d\u073c\u072a\u0735\u0710\u071d\u073c\u072c</span></a>, <a href=\"dosearch.php?searchkey=15026&amp;language=id\"><span class=\"eastsyriac\">\u072b\u0732\u0726\u071d\u073c\u072a \u071b\u0718\u073c\u0717\u0721\u0735\u0710</span></a>, <a href=\"dosearch.php?searchkey=15030&amp;language=id\"><span class=\"eastsyriac\">\u072b\u0732\u0726\u071d\u073c\u072a\u0718\u073c\u072c \u0713\u0732\u0712\u0742\u072a\u0718\u073c\u072c\u0735\u0710</span></a>, <a href=\"dosearch.php?searchkey=15031&amp;language=id\"><span class=\"eastsyriac\">\u072b\u0732\u0726\u071d\u073c\u072a\u0718\u073c\u072c \u071b\u0732\u071f\u0742\u0723\u0735\u0710</span></a>, <a href=\"dosearch.php?searchkey=15032&amp;language=id\"><span class=\"eastsyriac\">\u072b\u0732\u0726\u071d\u073c\u072a\u0718\u073c\u072c \u0726\u0732\u0710\u071d\u0718\u073c\u072c\u0735\u0710</span></a>, <a href=\"dosearch.php?searchkey=15033&amp;language=id\"><span class=\"eastsyriac\">\u072b\u0732\u0726\u071d\u073c\u072a\u0718\u073c\u072c \u0728\u0738\u0712\u0742\u071d\u0735\u0722\u0735\u0710</span></a>, <a href=\"dosearch.php?searchkey=15034&amp;language=id\"><span class=\"eastsyriac\">\u072b\u0732\u0726\u071d\u073c\u072a\u0718\u073c\u072c\u0735\u0710</span></a>, <a href=\"dosearch.php?searchkey=14414&amp;language=id\"><span class=\"eastsyriac\">\u072b\u0718\u073c\u0726\u0732\u072a\u0715\u071d\u073c\u0729\u0735\u0710</span></a>, <a href=\"dosearch.php?searchkey=14418&amp;language=id\"><span class=\"eastsyriac\">\u072b\u0718\u073c\u0726\u072a\u0735\u0722\u0718\u073c\u072c\u0735\u0710</span></a></span>", "<span class=\"wordlink\"><a href=\"dosearch.php?searchkey=12053&amp;language=id\"><span class=\"eastsyriac\">\u0728\u0738\u0722\u0725\u0735\u0710</span></a>, <a href=\"dosearch.php?searchkey=13110&amp;language=id\"><span class=\"eastsyriac\">\u0729\u0732\u072a\u0715\u0735\u071a\u0718\u073c\u072c\u0735\u0710</span></a>, <a href=\"dosearch.php?searchkey=216&amp;language=id\"><span class=\"eastsyriac\">\u0710\u0718\u073c\u0721\u0735\u0722\u0735\u071d\u0735\u0710</span></a>, <a href=\"dosearch.php?searchkey=209&amp;language=id\"><span class=\"eastsyriac\">\u0710\u0718\u073c\u0721\u0735\u0722\u0718\u073c\u072c\u0735\u0710</span></a>, <a href=\"dosearch.php?searchkey=1800&amp;language=id\"><span class=\"eastsyriac\">\u0712\u0735\u072b\u0732\u072a\u072c\u0735\u0710</span></a>, <a href=\"dosearch.php?searchkey=3377&amp;language=id\"><span class=\"eastsyriac\">\u0717\u0718\u073c\u0722\u0735\u072a</span></a></span>"], "key": "15029", "west": "\u072b\u0730\u0726\u073a\u071d\u072a\u073d\u0718\u072c \u0710\u073d\u0718\u0721\u0733\u0722\u073d\u0718\u072c\u0733\u0710", "phonetic": "<td>\u0161a ' pi: ru:t u: ma ' nu: ta:</td>", "east": "\u072b\u0732\u0726\u071d\u073c\u072a\u0718\u073c\u072c \u0710\u0718\u073c\u0721\u0735\u0722\u0718\u073c\u072c\u0735\u0710"}
]