[
{"searchkey": "19842", "audio": [], "context": [], "webrank": 4, "text": [" : a tannery , a leather factory ;"], "english": "<td>a tannery , a leather factory ;</td>", "cf": ["<span class=\"wordlink\"><a href=\"dosearch.php?searchkey=16566&amp;language=id\"><span class=\"eastsyriac\">\u0715\u0732\u0712\u0735\u0713\u0742\u0718\u073c\u072c\u0735\u0710</span></a>, <a href=\"dosearch.php?searchkey=2686&amp;language=id\"><span class=\"eastsyriac\">\u0715\u0732\u0712\u0735\u0713\u0742</span></a></span>"], "key": "19842", "west": "\u0715\u0730\u0712\u0733\u0713\u0742\u071a\u0733\u0722\u0733\u0710", "phonetic": "<td>da ba:gh ' \u1e25a: na:</td>", "east": "\u0715\u0732\u0712\u0735\u0713\u0742\u071a\u0735\u0722\u0735\u0710"},
{"searchkey": "20109", "audio": [], "context": ["metaphor"], "webrank": 5, "text": [" : 1) a carpenter's bench , a factory bench ;\r\n2) ", " : possessions , property , goods and chattel ;"], "english": "<td>1) a carpenter's bench , a factory bench ;\r\n2) <span class=\"context\">metaphor</span> : possessions , property , goods and chattel ;</td>", "cf": ["<span class=\"wordlink\"><a href=\"dosearch.php?searchkey=2882&amp;language=id\"><span class=\"eastsyriac\">\u0715\u0732\u0719\u0713\u0735\u0710</span></a></span>"], "key": "20109", "west": "\u0715\u0730\u0723\u072c\u0747\u0713\u0733\u0710", "phonetic": "<td>' daz ga:</td>", "east": "\u0715\u0732\u0723\u072c\u0747\u0713\u0735\u0710"},
{"searchkey": "4716", "audio": [], "context": ["masculine", "f\u00e9minin"], "webrank": 8, "text": [" : ", " : a digger (between vines ...) , an earthwork contractor (?) / a building laborer (?) , an archeologist (?) ;\r\n", " : \u071a\u0732\u0726\u0735\u072a\u072c\u0735\u0710 ;"], "english": "<td><span class=\"context\">masculine</span> : a digger (between vines ...) , an earthwork contractor (?) / a building laborer (?) , an archeologist (?) ;\r\n<span class=\"context\">f\u00e9minin</span> : <a href=\"dosearch.php?searchkey=xapArtA%27&amp;language=fullsyriac\"><span class=\"eastsyriac\">\u071a\u0732\u0726\u0735\u072a\u072c\u0735\u0710</span></a> ;</td>", "cf": ["<span class=\"wordlink\"><a href=\"dosearch.php?searchkey=22221&amp;language=id\"><span class=\"eastsyriac\">\u071a\u0735\u0726\u0718\u073f\u072a\u0735\u0710</span></a>, <a href=\"dosearch.php?searchkey=22222&amp;language=id\"><span class=\"eastsyriac\">\u071a\u0735\u0726\u0738\u072a</span></a>, <a href=\"dosearch.php?searchkey=22246&amp;language=id\"><span class=\"eastsyriac\">\u071a\u0738\u0726\u0732\u072a\u072c\u0735\u0710</span></a>, <a href=\"dosearch.php?searchkey=22247&amp;language=id\"><span class=\"eastsyriac\">\u071a\u0738\u0726\u072a\u0735\u0710</span></a></span>"], "key": "4716", "west": "\u071a\u0730\u0726\u0733\u072a\u0733\u0710", "phonetic": "<td>\u1e25a ' pa: ra:</td>", "east": "\u071a\u0732\u0726\u0735\u072a\u0735\u0710"},
{"searchkey": "20356", "audio": [], "context": ["masculine", "Lishani", "feminine"], "webrank": 6, "text": [" : ", " : wounded / injured , ulcerated / having ulcers , ", " : factorial ;\r\n", " : \u0715\u0732\u072a\u0712\u0735\u0722\u072c\u0735\u0710 ;"], "english": "<td><span class=\"context\">masculine</span> : wounded / injured , ulcerated / having ulcers , <span class=\"context\">Lishani</span> : factorial ;\r\n<span class=\"context\">feminine</span> : <a href=\"dosearch.php?searchkey=darbAntA%27&amp;language=fullsyriac\"><span class=\"eastsyriac\">\u0715\u0732\u072a\u0712\u0735\u0722\u072c\u0735\u0710</span></a> ;</td>", "cf": ["<span class=\"wordlink\"><a href=\"dosearch.php?searchkey=18700&amp;language=id\"><span class=\"eastsyriac\">\u0715\u0738\u072a\u0712\u072c\u0735\u0710</span></a>, <a href=\"dosearch.php?searchkey=18702&amp;language=id\"><span class=\"eastsyriac\">\u0715\u0732\u072a\u0712\u0738\u0722</span></a>, <a href=\"dosearch.php?searchkey=20350&amp;language=id\"><span class=\"eastsyriac\">\u0721\u0715\u0732\u072a\u0712\u0738\u0722</span></a>, <a href=\"dosearch.php?searchkey=20351&amp;language=id\"><span class=\"eastsyriac\">\u0721\u0715\u0735\u072a\u0738\u0712</span></a>, <a href=\"dosearch.php?searchkey=3169&amp;language=id\"><span class=\"eastsyriac\">\u0715\u0732\u072a\u0712\u0735\u0710</span></a>, <a href=\"dosearch.php?searchkey=33506&amp;language=id\"><span class=\"eastsyriac\">\u0715\u0718\u073c\u072a\u0712\u0738\u0722\u0735\u0710</span></a></span>", "<span class=\"wordlink\"><a href=\"dosearch.php?searchkey=31295&amp;language=id\"><span class=\"eastsyriac\">\u0713\u072a\u071d\u073c\u071a\u0735\u0710</span></a>, <a href=\"dosearch.php?searchkey=18706&amp;language=id\"><span class=\"eastsyriac\">\u0721\u0721\u0732\u071a\u071d\u0735\u0710</span></a>, <a href=\"dosearch.php?searchkey=18706&amp;language=id\"><span class=\"eastsyriac\">\u0721\u0721\u0732\u071a\u071d\u0735\u0710</span></a>, <a href=\"dosearch.php?searchkey=18705&amp;language=id\"><span class=\"eastsyriac\">\u0712\u0713\u0742\u071d\u073c\u072a\u0735\u0710</span></a>, <a href=\"dosearch.php?searchkey=33505&amp;language=id\"><span class=\"eastsyriac\">\u0721\u0728\u0732\u0720\u0726\u0735\u0710</span></a>, <a href=\"dosearch.php?searchkey=33504&amp;language=id\"><span class=\"eastsyriac\">\u0728\u0720\u071d\u073c\u0726\u0735\u0710</span></a></span>"], "key": "20356", "west": "\u0715\u0730\u072a\u0712\u0733\u0722\u0733\u0710", "phonetic": "<td>der ' ba: na:</td>", "east": "\u0715\u0732\u072a\u0712\u0735\u0722\u0735\u0710"},
{"searchkey": "5262", "audio": [], "context": [], "webrank": 10, "text": [" : an actor , one who takes part in any affair , a doer , a theatrical performer , a protagonist ;"], "english": "<td>an actor , one who takes part in any affair , a doer , a theatrical performer , a protagonist ;</td>", "cf": ["<span class=\"wordlink\"><a href=\"dosearch.php?searchkey=xezwAnA%27&amp;language=fullsyriac\"><span class=\"eastsyriac\">\u071a\u0738\u0719\u0718\u0735\u0722\u0735\u0710</span></a>, <a href=\"dosearch.php?searchkey=tE%27aTron&amp;language=fullsyriac\"><span class=\"eastsyriac\">\u072c\u0739\u0710\u0732\u071b\u072a\u0718\u073f\u0722</span></a>, <a href=\"dosearch.php?searchkey=bEytxEzwAnE%27&amp;language=fullsyriac\"><span class=\"eastsyriac\">\u0712\u0739\u071d\u072c\u071a\u0739\u0719\u0718\u0735\u0722\u0739\u0710</span></a>, <a href=\"dosearch.php?searchkey=12478&amp;language=id\"><span class=\"eastsyriac\">\u0729\u0718\u073c\u0721\u0735\u0715\u0735\u0710</span></a>, <a href=\"dosearch.php?searchkey=12899&amp;language=id\"><span class=\"eastsyriac\">\u0729\u0735\u0721\u0718\u073f\u0715\u0735\u0710</span></a></span>"], "key": "5262", "west": "\u071b\u072a\u0730\u0713\u073d\u0718\u0715\u0733\u0710", "phonetic": "<td>\u1e6dra ' gu: da</td>", "east": "\u071b\u072a\u0732\u0713\u0718\u073c\u0715\u0735\u0710"},
{"searchkey": "22516", "audio": [], "context": [], "webrank": 9, "text": [" : 1) an artillery yard ;\r\n2) a cannon factory , an arsenal ;"], "english": "<td>1) an artillery yard ;\r\n2) a cannon factory , an arsenal ;</td>", "cf": ["<span class=\"wordlink\"><a href=\"dosearch.php?searchkey=14362&amp;language=id\"><span class=\"eastsyriac\">\u071b\u0718\u073c\u0726</span></a></span>", "<span class=\"wordlink\"><a href=\"dosearch.php?searchkey=22517&amp;language=id\"><span class=\"eastsyriac\">\u072c\u0735\u0718\u0726\u071a\u0735\u0722\u0735\u0710</span></a></span>"], "key": "22516", "west": "\u071b\u073d\u0718\u0726\u071a\u0733\u0722\u0733\u0710", "phonetic": "<td>\u1e6du:p ' \u1e25a: na:</td>", "east": "\u071b\u0718\u073f\u0726\u071a\u0735\u0722\u0735\u0710"},
{"searchkey": "4355", "audio": [], "context": ["Yoab Benjamin", "Yoab Benjamin ; noun"], "webrank": 7, "text": [" : 1) condemned , criticized , guilty , pronounced to be wrong , sentenced to punishment ;\r\n2) a debtor , a mortgager / a mortgagor ;\r\n3) vanquished , a loser ;\r\n4) ", " : sinful ;\r\n5) ", " : a wrongdoer , a malefactor , a delinquent / a criminal ;"], "english": "<td>1) condemned , criticized , guilty , pronounced to be wrong , sentenced to punishment ;\r\n2) a debtor , a mortgager / a mortgagor ;\r\n3) vanquished , a loser ;\r\n4) <span class=\"context\">Yoab Benjamin</span> : sinful ;\r\n5) <span class=\"context\">Yoab Benjamin ; noun</span> : a wrongdoer , a malefactor , a delinquent / a criminal ;</td>", "cf": ["<span class=\"wordlink\"><a href=\"dosearch.php?searchkey=3561&amp;language=id\"><span class=\"eastsyriac\">\u0717\u0735\u072a\u0735\u0721</span></a>, <a href=\"dosearch.php?searchkey=4330&amp;language=id\"><span class=\"eastsyriac\">\u071a\u0732\u071b\u0735\u071d\u0735\u0710</span></a>, <a href=\"dosearch.php?searchkey=4341&amp;language=id\"><span class=\"eastsyriac\">\u071a\u071b\u071d\u073c\u072c\u0735\u0722\u0735\u071d\u0735\u0710</span></a>, <a href=\"dosearch.php?searchkey=1263&amp;language=id\"><span class=\"eastsyriac\">\u0712\u071d\u073c\u072b\u0735\u0710</span></a>, <a href=\"dosearch.php?searchkey=18097&amp;language=id\"><span class=\"eastsyriac\">\u0713\u0735\u071d\u0723\u0735\u0710</span></a>, <a href=\"dosearch.php?searchkey=18098&amp;language=id\"><span class=\"eastsyriac\">\u0713\u0732\u072a\u0723\u0735\u0713\u0742\u0735\u0710</span></a>, <a href=\"dosearch.php?searchkey=10059&amp;language=id\"><span class=\"eastsyriac\">\u0725\u0735\u0712\u0742\u0718\u073f\u072a\u0735\u0710</span></a>, <a href=\"dosearch.php?searchkey=18095&amp;language=id\"><span class=\"eastsyriac\">\u0728\u0735\u0726\u0718\u073f\u071a\u0735\u0710</span></a>, <a href=\"dosearch.php?searchkey=18088&amp;language=id\"><span class=\"eastsyriac\">\u0722\u0735\u072b\u0739\u072a</span></a>, <a href=\"dosearch.php?searchkey=18100&amp;language=id\"><span class=\"eastsyriac\">\u071b\u0735\u0720\u0718\u073f\u0721\u0718\u073c\u072c\u0735\u0710</span></a>, <a href=\"dosearch.php?searchkey=18101&amp;language=id\"><span class=\"eastsyriac\">\u0725\u0712\u0742\u0718\u073c\u072a\u071d\u0735\u0710</span></a>, <a href=\"dosearch.php?searchkey=18102&amp;language=id\"><span class=\"eastsyriac\">\u0721\u0732\u0723\u071f\u0720\u0735\u0722\u0718\u073c\u072c\u0735\u0710</span></a>, <a href=\"dosearch.php?searchkey=26810&amp;language=id\"><span class=\"eastsyriac\">\u071b\u0735\u0720\u0718\u073f\u0721\u0735\u0710</span></a>, <a href=\"dosearch.php?searchkey=4330&amp;language=id\"><span class=\"eastsyriac\">\u071a\u0732\u071b\u0735\u071d\u0735\u0710</span></a>, <a href=\"dosearch.php?searchkey=18099&amp;language=id\"><span class=\"eastsyriac\">\u0721\u0732\u0723\u071f\u0720\u0735\u0722\u0735\u0710</span></a>, <a href=\"dosearch.php?searchkey=33726&amp;language=id\"><span class=\"eastsyriac\">\u0712\u0732\u072a\u0725\u0735\u0718\u0720\u0735\u0710</span></a></span>"], "key": "4355", "west": "\u071a\u0730\u071d\u0733\u0712\u0742\u0733\u0710", "phonetic": "<td>\u1e25a ' ia: wa:</td>", "east": "\u071a\u0732\u071d\u0735\u0712\u0742\u0735\u0710"},
{"searchkey": "33584", "audio": [], "context": [], "webrank": 3, "text": [" : 1) a puller , an extractor , one who extracts / one who draws , one who taps / a tapper"], "english": "<td>1) a puller , an extractor , one who extracts / one who draws , one who taps / a tapper ;\r\n<span class=\"locution\"><span class=\"eastsyriac\">\u0713\u0735\u072a\u072b\u0735\u0722\u0735\u0710 \u0715\u0728\u0718\u073c\u072a\u0735\u072c\u0739\u0710</span></span> : a painter , <span class=\"context\">literally : an \"extractor\" of images</span> ;\r\n2) <span class=\"context\">Bailis Shamun ; adjective</span> : attractive , seducive / alluring / enticing / charming , <span class=\"context\">see also <a href=\"dosearch.php?searchkey=nAtopA%27&amp;language=fullsyriac\"><span class=\"eastsyriac\">\u0722\u0735\u072c\u0718\u073f\u0726\u0735\u0710</span></a></span> : quaint , picturesque / charming / sweet / interesting ; \r\n<span class=\"locution\"><span class=\"eastsyriac\">\u0720\u0735\u0710 \u0713\u0735\u072a\u072b\u0735\u0722\u0735\u0710</span></span> : ugly , unsightly , unprepossessing , unattractive , uncomely ;</td>", "cf": ["<span class=\"wordlink\"><a href=\"dosearch.php?searchkey=17324&amp;language=id\"><span class=\"eastsyriac\">\u0713\u072a\u072b</span></a>, <a href=\"dosearch.php?searchkey=24551&amp;language=id\"><span class=\"eastsyriac\">\u0721\u0713\u0732\u072a\u0713\u0738\u072b</span></a>, <a href=\"dosearch.php?searchkey=24561&amp;language=id\"><span class=\"eastsyriac\">\u0721\u0732\u0713\u072a\u0738\u072b</span></a>, <a href=\"dosearch.php?searchkey=30459&amp;language=id\"><span class=\"eastsyriac\">\u0713\u072a\u071d\u073c\u072b \u0720\u0735\u0717\u073f</span></a>, <a href=\"dosearch.php?searchkey=30651&amp;language=id\"><span class=\"eastsyriac\">\u0713\u072a\u071d\u073c\u072b\u0735\u0710</span></a>, <a href=\"dosearch.php?searchkey=16664&amp;language=id\"><span class=\"eastsyriac\">\u0713\u0735\u072a\u0738\u072b</span></a>, <a href=\"dosearch.php?searchkey=2617&amp;language=id\"><span class=\"eastsyriac\">\u0713\u072a\u0735\u072b\u0735\u0710</span></a>, <a href=\"dosearch.php?searchkey=30652&amp;language=id\"><span class=\"eastsyriac\">\u0713\u072a\u071d\u073c\u072b\u072c\u0735\u0710</span></a>, <a href=\"dosearch.php?searchkey=30703&amp;language=id\"><span class=\"eastsyriac\">\u0713\u072a\u071d\u073c\u072b\u0735\u0710\u0747\u071d\u0718\u0738\u0722</span></a>, <a href=\"dosearch.php?searchkey=30704&amp;language=id\"><span class=\"eastsyriac\">\u0713\u072a\u071d\u073c\u072b\u0735\u0710\u0747\u071d\u0718\u0738\u0722 \u0717\u0747\u0718\u0735\u0710</span></a>, <a href=\"dosearch.php?searchkey=30705&amp;language=id\"><span class=\"eastsyriac\">\u0712\u0738\u0715 \u0717\u0735\u0718\u0739\u071d\u0722 \u0713\u072a\u071d\u073c\u072b\u0735\u0710</span></a>, <a href=\"dosearch.php?searchkey=30706&amp;language=id\"><span class=\"eastsyriac\">\u0712\u0738\u0715 \u0717\u0735\u0718\u0739\u071d\u0722 \u0717\u0747\u0718\u0735\u0710 \u0713\u072a\u071d\u073c\u072b\u0735\u0710</span></a>, <a href=\"dosearch.php?searchkey=30707&amp;language=id\"><span class=\"eastsyriac\">\u0715\u0717\u0735\u0718\u0739\u071d\u0722 \u0713\u072a\u071d\u073c\u072b\u0735\u0710</span></a>, <a href=\"dosearch.php?searchkey=30709&amp;language=id\"><span class=\"eastsyriac\">\u0717\u0718\u0739\u0710 \u0717\u0747\u0718\u0735\u0710 \u0720\u071d\u073c \u0713\u072a\u071d\u073c\u072b\u0735\u0710</span></a>, <a href=\"dosearch.php?searchkey=7116&amp;language=id\"><span class=\"eastsyriac\">\u0721\u0732\u0713\u072a\u0718\u073c\u072b\u0739\u0710</span></a>, <a href=\"dosearch.php?searchkey=16664&amp;language=id\"><span class=\"eastsyriac\">\u0713\u0735\u072a\u0738\u072b</span></a>, <a href=\"dosearch.php?searchkey=35575&amp;language=id\"><span class=\"eastsyriac\">\u0713\u0735\u072a\u0718\u073f\u072b\u0735\u0710</span></a></span>", "<span class=\"wordlink\"><a href=\"dosearch.php?searchkey=11922&amp;language=id\"><span class=\"eastsyriac\">\u0728\u0732\u071d\u0735\u072a\u0735\u0710</span></a>, <a href=\"dosearch.php?searchkey=33583&amp;language=id\"><span class=\"eastsyriac\">\u072a\u0735\u072b\u0718\u073f\u0721\u0735\u0710</span></a>, <a href=\"dosearch.php?searchkey=33585&amp;language=id\"><span class=\"eastsyriac\">\u0721\u0713\u0742\u0735\u0718\u0722\u0735\u0722\u0735\u0710</span></a>, <a href=\"dosearch.php?searchkey=7540&amp;language=id\"><span class=\"eastsyriac\">\u0721\u0732\u071a\u0718\u0738\u072a\u0735\u0722\u0735\u0710</span></a>, <a href=\"dosearch.php?searchkey=35574&amp;language=id\"><span class=\"eastsyriac\">\u0722\u0735\u0713\u0742\u0718\u073f\u0715\u0735\u0710</span></a>, <a href=\"dosearch.php?searchkey=35573&amp;language=id\"><span class=\"eastsyriac\">\u0722\u0735\u072c\u0718\u073f\u0726\u0735\u0710</span></a></span>"], "key": "33584", "west": "\u0713\u0733\u072a\u072b\u0733\u0722\u0733\u0710", "phonetic": "<td>ga:r ' \u0161a: na:</td>", "east": "\u0713\u0735\u072a\u072b\u0735\u0722\u0735\u0710"},
{"searchkey": "1325", "audio": [], "context": [], "webrank": 2, "text": [" : a factory , a plant , a place where goods are manufactured , a manufacture / a manufactory , a workshop ;"], "english": "<td>a factory , a plant , a place where goods are manufactured , a manufacture / a manufactory , a workshop ;</td>", "cf": ["<span class=\"wordlink\"><a href=\"dosearch.php?searchkey=18589&amp;language=id\"><span class=\"eastsyriac\">\u0726\u0720\u071a</span></a>, <a href=\"dosearch.php?searchkey=11020&amp;language=id\"><span class=\"eastsyriac\">\u0726\u0720\u0735\u071a\u0735\u0710</span></a>, <a href=\"dosearch.php?searchkey=11021&amp;language=id\"><span class=\"eastsyriac\">\u0726\u0735\u0720\u0735\u071a\u0735\u0710</span></a>, <a href=\"dosearch.php?searchkey=11022&amp;language=id\"><span class=\"eastsyriac\">\u0726\u0735\u0720\u0735\u071a\u0718\u073c\u072c\u0735\u0710</span></a>, <a href=\"dosearch.php?searchkey=11023&amp;language=id\"><span class=\"eastsyriac\">\u0726\u0732\u0720\u071a\u0735\u0722\u0735\u0710</span></a>, <a href=\"dosearch.php?searchkey=11024&amp;language=id\"><span class=\"eastsyriac\">\u0726\u0739\u0720\u071a\u0735\u0722\u0735\u0710</span></a>, <a href=\"dosearch.php?searchkey=11025&amp;language=id\"><span class=\"eastsyriac\">\u0726\u0720\u0735\u071a\u072c\u0735\u0710</span></a>, <a href=\"dosearch.php?searchkey=10731&amp;language=id\"><span class=\"eastsyriac\">\u0726\u0718\u073c\u0720\u071a\u0735\u0722\u0735\u0710</span></a>, <a href=\"dosearch.php?searchkey=1673&amp;language=id\"><span class=\"eastsyriac\">\u0712\u0732\u072a\u0726\u0718\u073c\u0720\u071a\u0735\u0722\u0735\u0710</span></a>, <a href=\"dosearch.php?searchkey=8272&amp;language=id\"><span class=\"eastsyriac\">\u0721\u0732\u0726\u0720\u0718\u073c\u071a\u0739\u0710</span></a>, <a href=\"dosearch.php?searchkey=8273&amp;language=id\"><span class=\"eastsyriac\">\u0721\u0732\u0726\u0720\u071a\u0735\u0722\u0735\u0710</span></a>, <a href=\"dosearch.php?searchkey=8275&amp;language=id\"><span class=\"eastsyriac\">\u0721\u0732\u0726\u0720\u0735\u071a\u072c\u0735\u0710</span></a></span>", "<span class=\"wordlink\"><a href=\"dosearch.php?searchkey=27906&amp;language=id\"><span class=\"eastsyriac\">\u0726\u032e\u0732\u0712\u072a\u071d\u073c\u0729</span></a></span>", "<span class=\"wordlink\"><a href=\"dosearch.php?searchkey=35495&amp;language=id\"><span class=\"eastsyriac\">\u0721\u0732\u0728\u0722\u0732\u0725\u072c\u0735\u0710</span></a>, <a href=\"dosearch.php?searchkey=27907&amp;language=id\"><span class=\"eastsyriac\">\u0721\u0732\u0725\u0721\u0735\u0720\u0735\u0710</span></a></span>"], "key": "1325", "west": "\u0712\u0736\u071d\u072c \u0726\u073d\u0718\u0720\u071a\u0733\u0722\u0733\u0710", "phonetic": "<td>bi:t pu:l ' \u1e25a: na:</td>", "east": "\u0712\u0739\u071d\u072c \u0726\u0718\u073c\u0720\u071a\u0735\u0722\u0735\u0710"},
{"searchkey": "32195", "audio": [], "context": ["JAAS"], "webrank": 1, "text": [" : 1) a component , an article / an item (?) ;\r\n2) essence , origin , principle ;\r\n3) ", " : a trend , a characteristic / a feature"], "english": "<td>1) a component , an article / an item (?) ;\r\n2) essence , origin , principle ;\r\n3) <span class=\"context\">JAAS</span> : a trend , a characteristic / a feature ;\r\n<span class=\"locution\"><span class=\"eastsyriac\">\u0721\u0738\u072c\u071b\u0735\u0718\u072a\u0735\u0722\u0718\u073c\u072c\u0735\u0710 \u071a\u0735\u0715\u0747 \u0710\u0738\u0723\u071b\u0718\u073c\u071f\u073c\u0723\u0735\u0710 \u071f\u071d\u0735\u0722\u0735\u071d\u0735\u0710 \u071d\u0720\u0735\u0717 \u0715\u0722\u0732\u0713\u071d\u073c\u072a\u0718\u073c\u072c \u071a\u0732\u071d\u0738\u0710 \u0713\u0735\u0718 \u072b\u0712\u0742\u071d\u073c\u0720\u0735\u0710 \u0715\u072b\u0718\u073c\u0718\u072b\u0735\u071b\u0735\u0710 \u0715\u071f\u0720 \u0710\u0718\u073c\u0721\u072c\u0735\u0710 \u071a\u0732\u071d\u072c\u0735\u0710, \u0715\u0717\u073f\u071d \u072b\u0735\u0712\u073f\u0729\u0735\u0710 \u0720\u0721\u0738\u0722\u0715\u071d\u073c \u0710\u0735\u0723\u0729\u0735\u0710 \u0718 \u072b\u0735\u0729\u0720\u0735\u0710 \u0720\u0729\u0732\u0720\u0718\u073c\u0720\u0735\u0710 \u0712\u071f\u0720\u0732\u071d\u0717\u071d \u0721\u0732\u072b\u0729\u0720\u0738\u0308\u0710 \u0715\u072c\u0732\u072b\u0725\u071d\u073c\u072c\u0710\u0735. </span></span> : Evolution, throughout history, is the natural trend of every long living nation, wherein it abandons the difficult and adopts the easy option ;\r\n4) a factor , a parameter / a condition ;\r\n<span class=\"locution\"><span class=\"eastsyriac\">\u0710\u0738\u0724\u071b\u0718\u073c\u071f\u0742\u0723\u0738\u0710 \u0715\u0721\u0735\u071a\u0715\u0718\u073c\u072a\u0735\u0710</span></span> : environmental factors / parameters ;</td>", "cf": ["<span class=\"wordlink\"><a href=\"dosearch.php?searchkey=13938&amp;language=id\"><span class=\"eastsyriac\">\u072a\u0739\u072b\u071d\u073c\u072c\u0735\u0710</span></a>, <a href=\"dosearch.php?searchkey=32194&amp;language=id\"><span class=\"eastsyriac\">\u072c\u0735\u0718\u0720\u0732\u0715\u072c\u0735\u0710</span></a>, <a href=\"dosearch.php?searchkey=15944&amp;language=id\"><span class=\"eastsyriac\">\u072c\u0732\u072a\u0721\u071d\u073c\u072c\u0735\u0710</span></a>, <a href=\"dosearch.php?searchkey=15963&amp;language=id\"><span class=\"eastsyriac\">\u072c\u0732\u072a\u0725\u071d\u073c\u072c\u0735\u0710</span></a>, <a href=\"dosearch.php?searchkey=32196&amp;language=id\"><span class=\"eastsyriac\">\u071d\u0738\u0721\u0735\u0710</span></a>, <a href=\"dosearch.php?searchkey=10736&amp;language=id\"><span class=\"eastsyriac\">\u0726\u0718\u073c\u0721\u0735\u0710</span></a>, <a href=\"dosearch.php?searchkey=32197&amp;language=id\"><span class=\"eastsyriac\">\u072b\u0738\u0715\u0742\u071f\u0742\u0735\u0710</span></a>, <a href=\"dosearch.php?searchkey=14440&amp;language=id\"><span class=\"eastsyriac\">\u072b\u0718\u073c\u072a\u0735\u071d\u0735\u0710</span></a>, <a href=\"dosearch.php?searchkey=32193&amp;language=id\"><span class=\"eastsyriac\">\u0715\u0732\u072b\u0732\u0722\u072c\u0735\u0710</span></a></span>"], "key": "32195", "west": "\u0710\u0736\u0723\u071b\u073d\u0718\u071f\u0742\u0723\u0733\u0710", "phonetic": "<td>is ' \u1e6du:\u1e25 sa:</td>", "east": "\u0710\u0738\u0723\u071b\u0718\u073c\u071f\u0742\u0723\u0735\u0710"},
{"searchkey": "7353", "audio": [], "context": [], "webrank": 80, "text": [" : a contractor of the revenue"], "english": "<td>a contractor of the revenue</td>", "cf": [], "key": "7353", "west": "\u0721\u073d\u0718\u0720\u072c\u0733\u0719\u073a\u071d\u0721", "phonetic": "<td>mul ' ta zim</td>", "east": "\u0721\u0718\u073c\u0720\u072c\u0735\u0719\u071d\u073c\u0721"},
{"searchkey": "32660", "audio": [], "context": [], "webrank": 100, "text": [" : the environment"], "english": "<td>the environment ;\r\n<span class=\"locution\"><span class=\"eastsyriac\">\u0710\u0738\u0724\u071b\u0718\u073c\u071f\u0742\u0723\u0738\u0308\u0710 \u0715\u0721\u0735\u071a\u0715\u0718\u073c\u072a\u0735\u0710</span></span> : <span class=\"context\">environmental factors</span> ;\r\n<span class=\"locution\"><span class=\"eastsyriac\">\u0729\u0732\u072b\u0330\u0715\u0732\u072a\u0308\u071d\u0735\u072c\u0739\u0710 \u0715\u0721\u0735\u071a\u0715\u0718\u073c\u072a\u0735\u0710</span></span> : environmental challenges ;</td>", "cf": [], "key": "32660", "west": "\u0721\u0733\u071a\u0715\u073d\u0718\u072a\u0733\u0710", "phonetic": "<td>ma\u1e25 ' du: ra:</td>", "east": "\u0721\u0735\u071a\u0715\u0718\u073c\u072a\u0735\u0710"},
{"searchkey": "20889", "audio": [], "context": ["agent of :"], "webrank": 70, "text": [" : ", " \u0721\u0717\u0735\u0728\u0738\u0720 : a factor , an element (?)"], "english": "<td><span class=\"context\">agent of :</span> <a href=\"dosearch.php?searchkey=mhASel&amp;language=fullsyriac\"><span class=\"eastsyriac\">\u0721\u0717\u0735\u0728\u0738\u0720</span></a> : a factor , an element (?) ;\r\n<span class=\"locution\"><span class=\"eastsyriac\">\u0721\u0717\u0732\u0728\u0720\u0735\u0722\u0735\u0710 \u0712\u0718\u073c\u072b \u0713\u0718\u073c\u072a\u0735\u0710</span></span> : the highest common factor ;</td>", "cf": ["<span class=\"wordlink\"><a href=\"dosearch.php?searchkey=7268&amp;language=id\"><span class=\"eastsyriac\">\u0721\u0732\u0717\u0728\u0718\u073c\u0720</span></a>, <a href=\"dosearch.php?searchkey=20887&amp;language=id\"><span class=\"eastsyriac\">\u0717\u0732\u0728\u071d\u073c\u0720</span></a>, <a href=\"dosearch.php?searchkey=20890&amp;language=id\"><span class=\"eastsyriac\">\u0721\u0717\u0735\u0728\u0732\u0720\u072c\u0735\u0710</span></a></span>"], "key": "20889", "west": "\u0721\u0717\u0730\u0728\u0720\u0733\u0722\u0733\u0710", "phonetic": "<td>(m) ha\u1e63 ' la: na:</td>", "east": "\u0721\u0717\u0732\u0728\u0720\u0735\u0722\u0735\u0710"},
{"searchkey": "24847", "audio": [], "context": ["see \u0710\u0732\u0723\u071d\u073c\u072a\u0735\u0710", "see \u071a\u0732\u071d\u0735\u0712\u0742\u0735\u0710", "adjective masculine and feminine", "see \u071a\u0732\u071d\u0735\u0712\u0742\u0735\u0710"], "webrank": 90, "text": [" : 1) a prisoner , ", " ;\r\n2) a wrongdoer , a delinquent , a malfactor , ", " ;\r\n3) ", " : guilty , condemned , ", " ;"], "english": "<td>1) a prisoner , <span class=\"context\">see <a href=\"dosearch.php?searchkey=%27asirA%27&amp;language=fullsyriac\"><span class=\"eastsyriac\">\u0710\u0732\u0723\u071d\u073c\u072a\u0735\u0710</span></a></span> ;\r\n2) a wrongdoer , a delinquent , a malfactor , <span class=\"context\">see <a href=\"dosearch.php?searchkey=xayAbLA%27&amp;language=fullsyriac\"><span class=\"eastsyriac\">\u071a\u0732\u071d\u0735\u0712\u0742\u0735\u0710</span></a></span> ;\r\n3) <span class=\"context\">adjective masculine and feminine</span> : guilty , condemned , <span class=\"context\">see <a href=\"dosearch.php?searchkey=xayAbLA%27&amp;language=fullsyriac\"><span class=\"eastsyriac\">\u071a\u0732\u071d\u0735\u0712\u0742\u0735\u0710</span></a></span> ;</td>", "cf": [], "key": "24847", "west": "\u0721\u073d\u0718\u0729\u0730\u0728\u073a\u071d\u072a", "phonetic": "<td>mu: ' qa \u1e63i:r</td>", "east": "\u0721\u0718\u073c\u0729\u0732\u0728\u071d\u073c\u072a"},
{"searchkey": "7222", "audio": [], "context": [], "webrank": 60, "text": [" : an adjuster , one who sttles or arranges things , one who brings a thing to a satisfactory state , one who corrects , a correcter"], "english": "<td>an adjuster , one who sttles or arranges things , one who brings a thing to a satisfactory state , one who corrects , a correcter</td>", "cf": [], "key": "7222", "west": "\u0721\u0730\u0715\u072a\u0736\u0723\u0733\u0722\u0733\u0710", "phonetic": "<td>mad ris ' sa na</td>", "east": "\u0721\u0732\u0715\u072a\u0738\u0723\u0735\u0722\u0735\u0710"},
{"searchkey": "6974", "audio": [], "context": [], "webrank": 50, "text": [" : 1) noxious , hurtful , harmful , injurious , destructive , deleterious , injurious , detrimental ;\r\n2) a malefactor , a wrongdoer ;"], "english": "<td>1) noxious , hurtful , harmful , injurious , destructive , deleterious , injurious , detrimental ;\r\n2) a malefactor , a wrongdoer ;</td>", "cf": ["<span class=\"wordlink\"><a href=\"dosearch.php?searchkey=17230&amp;language=id\"><span class=\"eastsyriac\">\u0712\u0710\u072b</span></a>, <a href=\"dosearch.php?searchkey=16149&amp;language=id\"><span class=\"eastsyriac\">\u0712\u071d\u073c\u072b\u0713\u0732\u0715\u0735\u0710</span></a>, <a href=\"dosearch.php?searchkey=41&amp;language=id\"><span class=\"eastsyriac\">\u0710\u0738\u0712\u0735\u072b\u0735\u0710</span></a>, <a href=\"dosearch.php?searchkey=922&amp;language=id\"><span class=\"eastsyriac\">\u0712\u0710\u0735\u072b\u0735\u0710</span></a>, <a href=\"dosearch.php?searchkey=924&amp;language=id\"><span class=\"eastsyriac\">\u0712\u0739\u0710\u072b\u072c\u0735\u0710</span></a>, <a href=\"dosearch.php?searchkey=16149&amp;language=id\"><span class=\"eastsyriac\">\u0712\u071d\u073c\u072b\u0713\u0732\u0715\u0735\u0710</span></a>, <a href=\"dosearch.php?searchkey=1265&amp;language=id\"><span class=\"eastsyriac\">\u0712\u071d\u073c\u072b\u0718\u073c\u072c\u0735\u0710</span></a>, <a href=\"dosearch.php?searchkey=1266&amp;language=id\"><span class=\"eastsyriac\">\u0712\u071d\u073c\u072b\u0718\u073c\u072c\u0713\u0732\u0715\u0735\u0710</span></a>, <a href=\"dosearch.php?searchkey=1264&amp;language=id\"><span class=\"eastsyriac\">\u0712\u071d\u073c\u072b\u0735\u0710\u071d\u073c\u072c</span></a>, <a href=\"dosearch.php?searchkey=1268&amp;language=id\"><span class=\"eastsyriac\">\u0712\u071d\u073c\u072b\u072c\u0735\u0710</span></a>, <a href=\"dosearch.php?searchkey=1263&amp;language=id\"><span class=\"eastsyriac\">\u0712\u071d\u073c\u072b\u0735\u0710</span></a></span>", "<span class=\"wordlink\"><a href=\"dosearch.php?searchkey=13408&amp;language=id\"><span class=\"eastsyriac\">\u072c\u0718\u073c\u071f\u0742\u0735\u0722\u0735\u0710</span></a>, <a href=\"dosearch.php?searchkey=4288&amp;language=id\"><span class=\"eastsyriac\">\u071a\u0732\u0719\u0715\u0739\u0713\u0735\u0722\u0735\u0710</span></a>, <a href=\"dosearch.php?searchkey=7812&amp;language=id\"><span class=\"eastsyriac\">\u0721\u071f\u0732\u072a\u0717\u0735\u0722\u0735\u0710</span></a>, <a href=\"dosearch.php?searchkey=9157&amp;language=id\"><span class=\"eastsyriac\">\u0722\u0735\u071f\u0742\u0718\u073f\u071d\u0735\u0710</span></a></span>"], "key": "6974", "west": "\u0721\u0730\u0712\u0736\u0710\u072b\u0733\u0722\u0733\u0710", "phonetic": "<td>ma bi ' \u0161a: na:</td>", "east": "\u0721\u0732\u0712\u0738\u0710\u072b\u0735\u0722\u0735\u0710"},
{"searchkey": "27834", "audio": [], "context": ["weather, sea ...", "Yoab Benjamin"], "webrank": 40, "text": [" : 1) rough , wavy , troubled , unmanageable , lunatic , crazy , maniac , ", " : stormy ;\r\n2) recalcitrant , refractory , hard to discipline , stiff-necked , unruly / unmanageable , ", " : obstinate , headstrong ;\r\n3) obscene , shocking , indecent (?) , corrupt ;\r\n4) idiot , stupid , ignorant ;\r\n5) a priest / a magician ;\r\n6) sick , skinny ;"], "english": "<td>1) rough , wavy , troubled , unmanageable , lunatic , crazy , maniac , <span class=\"context\">weather, sea ...</span> : stormy ;\r\n2) recalcitrant , refractory , hard to discipline , stiff-necked , unruly / unmanageable , <span class=\"context\">Yoab Benjamin</span> : obstinate , headstrong ;\r\n3) obscene , shocking , indecent (?) , corrupt ;\r\n4) idiot , stupid , ignorant ;\r\n5) a priest / a magician ;\r\n6) sick , skinny ;</td>", "cf": ["<span class=\"wordlink\"><a href=\"dosearch.php?searchkey=9929&amp;language=id\"><span class=\"eastsyriac\">\u0723\u0735\u072a\u0718\u073f\u071a\u0735\u0710</span></a>, <a href=\"dosearch.php?searchkey=18427&amp;language=id\"><span class=\"eastsyriac\">\u0729\u0718\u073c\u0723\u072c\u0735\u0722\u0735\u0710</span></a>, <a href=\"dosearch.php?searchkey=18425&amp;language=id\"><span class=\"eastsyriac\">\u0720\u0735\u0710 \u0721\u0738\u072b\u072c\u0732\u071d\u0722\u0735\u0722\u0735\u0710</span></a>, <a href=\"dosearch.php?searchkey=18426&amp;language=id\"><span class=\"eastsyriac\">\u071d\u0732\u0728\u072a\u0735\u0722\u0735\u0710</span></a>, <a href=\"dosearch.php?searchkey=6575&amp;language=id\"><span class=\"eastsyriac\">\u0720\u0735\u0710\u0721\u0732\u0728\u071d\u0738\u072c\u0735\u0722\u0735\u0710</span></a>, <a href=\"dosearch.php?searchkey=28548&amp;language=id\"><span class=\"eastsyriac\">\u0713\u0735\u0721\u0718\u073f\u0715\u0735\u0710</span></a>, <a href=\"dosearch.php?searchkey=maxjulAyA%27&amp;language=fullsyriac\"><span class=\"eastsyriac\">\u0721\u0732\u071a\u072b\u0718\u073c\u0720\u0735\u071d\u0735\u0710</span></a></span>"], "key": "27834", "west": "\u071f\u072c\u073a\u071d\u072b\u0733\u0710", "phonetic": "<td>' kti: \u0161a:</td>", "east": "\u071f\u072c\u071d\u073c\u072b\u0735\u0710"},
{"searchkey": "6002", "audio": [], "context": ["adjective"], "webrank": 30, "text": [" : 1) a winning number ( in the game of dice or other gambling devices) , the right-side up\r\n2) ", " : gratifying , rewarding , appreciated , giving pleasure , filling to the full (?) , fulfilliong (?) , satisfying (?) , satisfactory (?) ;"], "english": "<td>1) a winning number ( in the game of dice or other gambling devices) , the right-side up\r\n2) <span class=\"context\">adjective</span> : gratifying , rewarding , appreciated , giving pleasure , filling to the full (?) , fulfilliong (?) , satisfying (?) , satisfactory (?) ;</td>", "cf": [], "key": "6002", "west": "\u071f\u0330\u0736\u071f\u0733\u0710", "phonetic": "<td>' t\u0161ik ka</td>", "east": "\u071f\u0330\u0738\u071f\u0735\u0710"},
{"searchkey": "5847", "audio": [], "context": [], "webrank": 20, "text": [" : 1) a result"], "english": "<td>1) a result ;\r\n<span class=\"locution\"><span class=\"eastsyriac\">\u071f\u0718\u073c\u0722\u0735\u072b \u072c\u0739\u0710\u0713\u0742\u072a\u0735\u072c\u0739\u0710 \u0721\u072c\u0732\u0729\u0722\u0735\u072c\u0308\u0739\u0710 \u0712\u0712\u0735\u072c\u0732\u071d \u0728\u0738\u0722\u0725\u072c\u0735\u0710</span></span> : the result of goods manufactured in factories , production / output / <span class=\"context\">see also <a href=\"dosearch.php?searchkey=matqnAnutA%27&amp;language=fullsyriac\"><span class=\"eastsyriac\">\u0721\u0732\u072c\u0729\u0722\u0735\u0722\u0718\u073c\u072c\u0735\u0710</span></a></span> ;\r\n2) a winning ;\r\n3) <span class=\"context\">see <a href=\"dosearch.php?searchkey=xuyAdA%27&amp;language=fullsyriac\"><span class=\"eastsyriac\">\u071a\u0718\u073c\u071d\u0735\u0715\u0735\u0710</span></a></span> : a group , a classification , a set / a body , a collection , gathering together , coming together , amassing ;\r\n<span class=\"locution\"><span class=\"eastsyriac\">\u071f\u0718\u073c\u0722\u0735\u072b\u0735\u0710 \u0715\u072c\u0720\u0735\u072c\u0735\u0710 \u0726\u0732\u072a\u0728\u0718\u073f\u0726\u0739\u0710</span></span> : a group of three people , a triad ;\r\n<span class=\"locution\"><span class=\"eastsyriac\">\u071f\u0718\u073c\u0722\u0735\u072b\u0735\u0710 \u0715\u0717\u0732\u0715\u0735\u0721\u0738\u0710 \u0721\u0722\u0732\u0726\u072b\u0718\u073c\u072c\u0735\u0710 \u0715\u0712\u0732\u072a\u0722\u0735\u072b\u0735\u0710</span></span> : a classification of the parts of breathing of man ;\r\n4) capital / wealth ;</td>", "cf": ["<span class=\"wordlink\"><a href=\"dosearch.php?searchkey=knj&amp;language=fullsyriac\"><span class=\"eastsyriac\">\u071f\u0722\u072b</span></a></span>", "<span class=\"wordlink\"><a href=\"dosearch.php?searchkey=6897&amp;language=id\"><span class=\"eastsyriac\">\u0720\u0738\u0729\u072b\u0735\u0710</span></a>, <a href=\"dosearch.php?searchkey=27135&amp;language=id\"><span class=\"eastsyriac\">\u0710\u0747\u071a\u072a\u0735\u071d\u0718\u073c\u072c\u0735\u0710</span></a>, <a href=\"dosearch.php?searchkey=16046&amp;language=id\"><span class=\"eastsyriac\">\u0710\u0735\u071a\u0739\u072a</span></a>, <a href=\"dosearch.php?searchkey=9314&amp;language=id\"><span class=\"eastsyriac\">\u0722\u0735\u0729\u0726\u0735\u071d\u0735\u0710</span></a>, <a href=\"dosearch.php?searchkey=4874&amp;language=id\"><span class=\"eastsyriac\">\u071a\u0732\u072a\u072c\u0735\u0710</span></a>, <a href=\"dosearch.php?searchkey=11028&amp;language=id\"><span class=\"eastsyriac\">\u0726\u0720\u0735\u071b\u0735\u0710</span></a></span>"], "key": "5847", "west": "\u071f\u073d\u0718\u0722\u0733\u072b\u0733\u0710", "phonetic": "<td>ku: ' na: \u0161a:</td>", "east": "\u071f\u0718\u073c\u0722\u0735\u072b\u0735\u0710"},
{"searchkey": "5662", "audio": [], "context": [], "webrank": 10, "text": [" : the effect , the consequence intended , the purport , the intent , what is produced by an agent or cause"], "english": "<td>the effect , the consequence intended , the purport , the intent , what is produced by an agent or cause ;\r\n<span class=\"locution\"><span class=\"eastsyriac\">\u0721\u0735\u072a\u0710 \u071f\u0735\u0710\u072a</span></span> : an effecter / an agent , a factor (?) / an instrument (?) ;\r\n<span class=\"locution\"><span class=\"eastsyriac\">\u0715\u071f\u0735\u0710\u072a</span></span> / <span class=\"locution\"><span class=\"eastsyriac\">\u0721\u0735\u072a\u0739\u0710 \u071f\u0735\u0710\u072a</span></span> : effective , effectual , that works / helpful ;</td>", "cf": ["<span class=\"wordlink\"><a href=\"dosearch.php?searchkey=8184&amp;language=id\"><span class=\"eastsyriac\">\u0721\u0732\u0725\u0712\u0742\u0718\u073c\u072a\u0739\u0710</span></a>, <a href=\"dosearch.php?searchkey=10337&amp;language=id\"><span class=\"eastsyriac\">\u0725\u0738\u0720\u072c\u0735\u0710</span></a>, <a href=\"dosearch.php?searchkey=11027&amp;language=id\"><span class=\"eastsyriac\">\u0726\u0720\u0735\u071b\u0735\u0710</span></a>, <a href=\"dosearch.php?searchkey=34011&amp;language=id\"><span class=\"eastsyriac\">\u0721\u0732\u0725\u0712\u0715\u0735\u0722\u0718\u073c\u072c\u0735\u0710</span></a>, <a href=\"dosearch.php?searchkey=34012&amp;language=id\"><span class=\"eastsyriac\">\u0721\u0732\u0725\u0712\u0742\u0732\u0715\u072c\u0735\u0710</span></a></span>"], "key": "5662", "west": "\u071f\u0733\u0710\u072a", "phonetic": "<td>' ka:r</td>", "east": "\u071f\u0735\u0710\u072a"},
{"searchkey": "35495", "audio": [], "context": [], "webrank": 60, "text": [" : a plant / a factory / a manufacture ;"], "english": "<td>a plant / a factory / a manufacture ;</td>", "cf": ["<span class=\"wordlink\"><a href=\"dosearch.php?searchkey=32517&amp;language=id\"><span class=\"eastsyriac\">\u0728\u0722\u0725</span></a>, <a href=\"dosearch.php?searchkey=32519&amp;language=id\"><span class=\"eastsyriac\">\u0728\u0738\u0722\u0725\u072c\u0735\u0710</span></a>, <a href=\"dosearch.php?searchkey=35848&amp;language=id\"><span class=\"eastsyriac\">\u0721\u0728\u0732\u0722\u0725\u0735\u0710</span></a>, <a href=\"dosearch.php?searchkey=32514&amp;language=id\"><span class=\"eastsyriac\">\u0721\u0728\u0732\u0722\u0732\u0725\u072c\u0742\u0735\u0710</span></a></span>", "<span class=\"wordlink\"><a href=\"dosearch.php?searchkey=6393&amp;language=id\"><span class=\"eastsyriac\">\u071f\u0735\u072a\u071a\u0735\u0722\u0735\u0710</span></a></span>", "<span class=\"wordlink\"><a href=\"dosearch.php?searchkey=10731&amp;language=id\"><span class=\"eastsyriac\">\u0726\u0718\u073c\u0720\u071a\u0735\u0722\u0735\u0710</span></a>, <a href=\"dosearch.php?searchkey=27907&amp;language=id\"><span class=\"eastsyriac\">\u0721\u0732\u0725\u0721\u0735\u0720\u0735\u0710</span></a></span>"], "key": "35495", "west": "\u0721\u0730\u0728\u0722\u0730\u0725\u072c\u0733\u0710", "phonetic": "<td>ma\u1e63 ' na: ta:</td>", "east": "\u0721\u0732\u0728\u0722\u0732\u0725\u072c\u0735\u0710"},
{"searchkey": "8473", "audio": [], "context": ["note", "Yoab Benjamin", "yoab Benjamin", "Bailis Shamun", "feminine"], "webrank": 80, "text": [" : 1) rebellious , engaged in rebellion , rebel , insurgent , resisting lawful authority by force , resistant , refractory , mutineering (?) ;\r\n", " : this word sounds linked to the Biblical name \"Nimrod\" .\r\n2) ", " : a rebel , an insurgent , a mutineer ;\r\n3) ", " : totalitarian , despotic , tyrannical ;\r\n4) ", " : a tyrant , a despot , an oppressor ;\r\n", " : \u0721\u0735\u072a\u0718\u073f\u0715\u072c\u0735\u0710 ;"], "english": "<td>1) rebellious , engaged in rebellion , rebel , insurgent , resisting lawful authority by force , resistant , refractory , mutineering (?) ;\r\n<span class=\"context\">note</span> : this word sounds linked to the Biblical name \"Nimrod\" .\r\n2) <span class=\"context\">Yoab Benjamin</span> : a rebel , an insurgent , a mutineer ;\r\n3) <span class=\"context\">yoab Benjamin</span> : totalitarian , despotic , tyrannical ;\r\n4) <span class=\"context\">Bailis Shamun</span> : a tyrant , a despot , an oppressor ;\r\n<span class=\"context\">feminine</span> : <a href=\"dosearch.php?searchkey=mArodtA%27&amp;language=fullsyriac\"><span class=\"eastsyriac\">\u0721\u0735\u072a\u0718\u073f\u0715\u072c\u0735\u0710</span></a> ;</td>", "cf": ["<span class=\"wordlink\"><a href=\"dosearch.php?searchkey=mrd&amp;language=fullsyriac\"><span class=\"eastsyriac\">\u0721\u072a\u0715</span></a>, <a href=\"dosearch.php?searchkey=8461&amp;language=id\"><span class=\"eastsyriac\">\u0721\u0738\u072a\u0715\u0735\u0710</span></a>, <a href=\"dosearch.php?searchkey=8474&amp;language=id\"><span class=\"eastsyriac\">\u0721\u0735\u072a\u0718\u073f\u0715\u0718\u073c\u072c\u0735\u0710</span></a>, <a href=\"dosearch.php?searchkey=19123&amp;language=id\"><span class=\"eastsyriac\">\u0721\u0732\u072a\u071d\u073c\u0715\u0735\u0710</span></a>, <a href=\"dosearch.php?searchkey=19469&amp;language=id\"><span class=\"eastsyriac\">\u0721\u072a\u071d\u073c\u0715\u0735\u0710</span></a>, <a href=\"dosearch.php?searchkey=27021&amp;language=id\"><span class=\"eastsyriac\">\u0722\u0738\u0721\u072a\u0718\u073f\u0715</span></a>, <a href=\"dosearch.php?searchkey=22730&amp;language=id\"><span class=\"eastsyriac\">\u0721\u0735\u072a\u0739\u0715</span></a></span>", "<span class=\"wordlink\"><a href=\"dosearch.php?searchkey=13099&amp;language=id\"><span class=\"eastsyriac\">\u0729\u0735\u072a\u0735\u0712\u0735\u0720\u0739\u0713\u0742</span></a>, <a href=\"dosearch.php?searchkey=1963&amp;language=id\"><span class=\"eastsyriac\">\u0713\u0732\u0715\u072a\u0718\u073c\u072c\u0735\u0710</span></a>, <a href=\"dosearch.php?searchkey=2764&amp;language=id\"><span class=\"eastsyriac\">\u0715\u0718\u073c\u0712\u0735\u072a\u0718\u073c\u072c\u0735\u0710</span></a>, <a href=\"dosearch.php?searchkey=2836&amp;language=id\"><span class=\"eastsyriac\">\u0715\u0735\u0718\u0722\u0738\u0713\u0718\u073c\u072c\u0735\u0710</span></a>, <a href=\"dosearch.php?searchkey=5325&amp;language=id\"><span class=\"eastsyriac\">\u071d\u0735\u0710\u0713\u071d\u073c\u0718\u073c\u072c\u0735\u0710</span></a>, <a href=\"dosearch.php?searchkey=19118&amp;language=id\"><span class=\"eastsyriac\">\u071b\u0735\u0710\u0718\u073f\u072a\u0718\u073c\u072c\u0735\u0710</span></a>, <a href=\"dosearch.php?searchkey=19119&amp;language=id\"><span class=\"eastsyriac\">\u071b\u0718\u073c\u0725\u071d\u0735\u0722\u0735\u0710</span></a>, <a href=\"dosearch.php?searchkey=19120&amp;language=id\"><span class=\"eastsyriac\">\u071b\u0718\u073c\u071f\u0723\u0735\u0710 \u0715\u071b\u0732\u072a\u0735\u0722\u0718\u073c\u072c\u0735\u0710</span></a>, <a href=\"dosearch.php?searchkey=5273&amp;language=id\"><span class=\"eastsyriac\">\u071b\u072a\u0718\u0722\u0735\u071d\u0735\u0710</span></a>, <a href=\"dosearch.php?searchkey=577&amp;language=id\"><span class=\"eastsyriac\">\u0710\u0738\u0723\u071b\u0735\u0723\u071d\u073c\u072a\u0735\u0710</span></a>, <a href=\"dosearch.php?searchkey=2835&amp;language=id\"><span class=\"eastsyriac\">\u0715\u0735\u0718\u0722\u0738\u0713</span></a>, <a href=\"dosearch.php?searchkey=5270&amp;language=id\"><span class=\"eastsyriac\">\u071b\u072a\u0718\u073c\u0722\u0735\u0710</span></a></span>"], "key": "8473", "west": "\u0721\u0733\u072a\u073d\u0718\u0715\u0733\u0710", "phonetic": "<td>ma: ' ru: da:</td>", "east": "\u0721\u0735\u072a\u0718\u073f\u0715\u0735\u0710"},
{"searchkey": "8374", "audio": [], "context": [], "webrank": 70, "text": [" : acceptable , worthy of acceptance / being accepted / received with pleasure , satisfactory , approved ;"], "english": "<td>acceptable , worthy of acceptance / being accepted / received with pleasure , satisfactory , approved ;</td>", "cf": ["<span class=\"wordlink\"><a href=\"dosearch.php?searchkey=20402&amp;language=id\"><span class=\"eastsyriac\">\u0729\u0712\u0720</span></a>, <a href=\"dosearch.php?searchkey=12235&amp;language=id\"><span class=\"eastsyriac\">\u0729\u0712\u0735\u0720\u0735\u0710</span></a>, <a href=\"dosearch.php?searchkey=12212&amp;language=id\"><span class=\"eastsyriac\">\u0729\u0735\u0712\u0718\u073f\u0720\u0739\u0710</span></a>, <a href=\"dosearch.php?searchkey=12236&amp;language=id\"><span class=\"eastsyriac\">\u0729\u0735\u0712\u0735\u0720\u0735\u0710</span></a>, <a href=\"dosearch.php?searchkey=12357&amp;language=id\"><span class=\"eastsyriac\">\u0729\u0718\u073c\u0712\u0735\u0720\u0735\u0710</span></a>, <a href=\"dosearch.php?searchkey=24724&amp;language=id\"><span class=\"eastsyriac\">\u0729\u0718\u073c\u0712\u0735\u0720\u0718\u073c\u072c\u0742\u0735\u0710</span></a>, <a href=\"dosearch.php?searchkey=12211&amp;language=id\"><span class=\"eastsyriac\">\u0729\u0735\u0712\u0718\u073f\u0720</span></a>, <a href=\"dosearch.php?searchkey=8836&amp;language=id\"><span class=\"eastsyriac\">\u0721\u0738\u072c\u0729\u0732\u0712\u0720\u0735\u0722\u0735\u0710</span></a>, <a href=\"dosearch.php?searchkey=25062&amp;language=id\"><span class=\"eastsyriac\">\u0721\u0732\u0729\u0712\u0738\u0720</span></a>, <a href=\"dosearch.php?searchkey=24726&amp;language=id\"><span class=\"eastsyriac\">\u0721\u0729\u0732\u0712\u0720\u0735\u0722\u0735\u0710</span></a>, <a href=\"dosearch.php?searchkey=22063&amp;language=id\"><span class=\"eastsyriac\">\u0721\u0729\u0735\u0712\u0732\u0720\u072c\u0735\u0710</span></a>, <a href=\"dosearch.php?searchkey=26061&amp;language=id\"><span class=\"eastsyriac\">\u0721\u0729\u0735\u0712\u0738\u0720</span></a>, <a href=\"dosearch.php?searchkey=12235&amp;language=id\"><span class=\"eastsyriac\">\u0729\u0712\u0735\u0720\u0735\u0710</span></a>, <a href=\"dosearch.php?searchkey=12246&amp;language=id\"><span class=\"eastsyriac\">\u0729\u0735\u0712\u0732\u0720\u072c\u0735\u0710</span></a>, <a href=\"dosearch.php?searchkey=12357&amp;language=id\"><span class=\"eastsyriac\">\u0729\u0718\u073c\u0712\u0735\u0720\u0735\u0710</span></a>, <a href=\"dosearch.php?searchkey=24724&amp;language=id\"><span class=\"eastsyriac\">\u0729\u0718\u073c\u0712\u0735\u0720\u0718\u073c\u072c\u0742\u0735\u0710</span></a>, <a href=\"dosearch.php?searchkey=26061&amp;language=id\"><span class=\"eastsyriac\">\u0721\u0729\u0735\u0712\u0738\u0720</span></a>, <a href=\"dosearch.php?searchkey=12244&amp;language=id\"><span class=\"eastsyriac\">\u0729\u0732\u0712\u0720\u0735\u0722\u0735\u0710</span></a></span>", "<span class=\"wordlink\"><a href=\"dosearch.php?searchkey=8166&amp;language=id\"><span class=\"eastsyriac\">\u0721\u0738\u0723\u072c\u0732\u071d\u0712\u072a\u0735\u0722\u0735\u0710</span></a></span>"], "key": "8374", "west": "\u0721\u0730\u0729\u0712\u073d\u0718\u0720", "phonetic": "<td>' maq bu:l</td>", "east": "\u0721\u0732\u0729\u0712\u0718\u073c\u0720"},
{"searchkey": "35498", "audio": [], "context": ["feminine singular of \u0721\u072c\u0732\u0729\u0722\u0735\u0710"], "webrank": 100, "text": [" : ", " : made , manufactured , produced / assembled (?)"], "english": "<td><span class=\"context\">feminine singular of <a href=\"dosearch.php?searchkey=mtaqnA%27&amp;language=fullsyriac\"><span class=\"eastsyriac\">\u0721\u072c\u0732\u0729\u0722\u0735\u0710</span></a></span> : made , manufactured , produced / assembled (?) ;\r\n<span class=\"locution\"><span class=\"eastsyriac\">\u071f\u0718\u073c\u0722\u0735\u072b \u072c\u0739\u0710\u0713\u0742\u072a\u0735\u072c\u0739\u0710 \u0721\u072c\u0732\u0729\u0722\u0735\u072c\u0308\u0739\u0710 \u0712\u0712\u0735\u072c\u0732\u071d \u0728\u0738\u0722\u0725\u072c\u0735\u0710</span></span> : the result of goods produced in a factory , la production / output / <span class=\"context\">see also <a href=\"dosearch.php?searchkey=matqnAnutA%27&amp;language=fullsyriac\"><span class=\"eastsyriac\">\u0721\u0732\u072c\u0729\u0722\u0735\u0722\u0718\u073c\u072c\u0735\u0710</span></a></span> ;\r\n<span class=\"context\">feminine plural : <span class=\"locution\"><span class=\"eastsyriac\">\u0721\u072c\u0732\u0729\u0722\u0735\u072c\u0308\u0739\u0710</span></span> / <span class=\"locution\"><span class=\"eastsyriac\">\u0721\u072c\u0732\u0729\u0308\u0722\u0735\u072c\u0735\u0710</span></span> (Classical)</span> ;</td>", "cf": ["<span class=\"wordlink\"><a href=\"dosearch.php?searchkey=tqn&amp;language=fullsyriac\"><span class=\"eastsyriac\">\u072c\u0729\u0722</span></a>, <a href=\"dosearch.php?searchkey=33843&amp;language=id\"><span class=\"eastsyriac\">\u0721\u0732\u072c\u0729\u0738\u0722</span></a>, <a href=\"dosearch.php?searchkey=35499&amp;language=id\"><span class=\"eastsyriac\">\u0721\u0732\u072c\u0729\u0722\u0735\u0722\u0718\u073c\u072c\u0735\u0710</span></a></span>"], "key": "35498", "west": "\u0721\u072c\u0730\u0729\u0736\u0722\u072c\u0733\u0710", "phonetic": "<td>mta ' qin ta:</td>", "east": "\u0721\u072c\u0732\u0729\u0738\u0722\u072c\u0735\u0710"},
{"searchkey": "8836", "audio": [], "context": [], "webrank": 90, "text": [" : 1) acceptable , worthy of acceptance , satisfactory , admissible , agreeable , fair , palatable (taste or mind) , possible , passable / adequate , permissible -error- (?) ;\r\n2) rational / reasonable , sensible ;"], "english": "<td>1) acceptable , worthy of acceptance , satisfactory , admissible , agreeable , fair , palatable (taste or mind) , possible , passable / adequate , permissible -error- (?) ;\r\n2) rational / reasonable , sensible ;</td>", "cf": ["<span class=\"wordlink\"><a href=\"dosearch.php?searchkey=12211&amp;language=id\"><span class=\"eastsyriac\">\u0729\u0735\u0712\u0718\u073c\u0720</span></a>, <a href=\"dosearch.php?searchkey=8374&amp;language=id\"><span class=\"eastsyriac\">\u0721\u0732\u0729\u0712\u0718\u073c\u0720</span></a>, <a href=\"dosearch.php?searchkey=12212&amp;language=id\"><span class=\"eastsyriac\">\u0729\u0735\u0712\u0718\u073f\u0720\u0739\u0710</span></a>, <a href=\"dosearch.php?searchkey=12236&amp;language=id\"><span class=\"eastsyriac\">\u0729\u0735\u0712\u0735\u0720\u0735\u0710</span></a>, <a href=\"dosearch.php?searchkey=8375&amp;language=id\"><span class=\"eastsyriac\">\u0721\u0732\u0729\u0712\u0718\u073c\u0720\u0738\u0710</span></a>, <a href=\"dosearch.php?searchkey=12244&amp;language=id\"><span class=\"eastsyriac\">\u0729\u0732\u0712\u0720\u0735\u0722\u0735\u0710</span></a>, <a href=\"dosearch.php?searchkey=12246&amp;language=id\"><span class=\"eastsyriac\">\u0729\u0735\u0712\u0732\u0720\u072c\u0735\u0710</span></a></span>", "<span class=\"wordlink\"><a href=\"dosearch.php?searchkey=8166&amp;language=id\"><span class=\"eastsyriac\">\u0721\u0738\u0723\u072c\u0732\u071d\u0712\u072a\u0735\u0722\u0735\u0710</span></a>, <a href=\"dosearch.php?searchkey=20346&amp;language=id\"><span class=\"eastsyriac\">\u0721\u0738\u072c\u0742\u0717\u0735\u0718\u0722\u0735\u0722\u0735\u0710</span></a>, <a href=\"dosearch.php?searchkey=7885&amp;language=id\"><span class=\"eastsyriac\">\u0721\u0720\u071d\u073c\u0720\u0735\u0710</span></a></span>"], "key": "8836", "west": "\u0721\u0736\u072c\u0729\u0730\u0712\u0720\u0733\u0722\u0733\u0710", "phonetic": "<td>mit kab ' la: na:</td>", "east": "\u0721\u0738\u072c\u0729\u0732\u0712\u0720\u0735\u0722\u0735\u0710"},
{"searchkey": "8182", "audio": [], "context": [], "webrank": 30, "text": [" : an agent / a factor / an effecter , the cause , the reason , the causation , the trigger / one who or what causes something / causes to make or do something , a medium / a means / an instrument , the effecter / the source (?)"], "english": "<td>an agent / a factor / an effecter , the cause , the reason , the causation , the trigger / one who or what causes something / causes to make or do something , a medium / a means / an instrument , the effecter / the source (?) ;\r\n<span class=\"locution\"><span class=\"eastsyriac\">\u0721\u0732\u0725\u0712\u0715\u0735\u0722\u0735\u0710 \u0712\u0715\u0732\u0725\u072c\u071d\u073c\u0715\u0735\u0710</span></span> : that causes <span class=\"context\">a thing</span> to occur in the future , prospective / future ;</td>", "cf": ["<span class=\"wordlink\"><a href=\"dosearch.php?searchkey=17811&amp;language=id\"><span class=\"eastsyriac\">\u0725\u0712\u0715</span></a>, <a href=\"dosearch.php?searchkey=10019&amp;language=id\"><span class=\"eastsyriac\">\u0725\u0712\u0742\u0735\u0715</span></a>, <a href=\"dosearch.php?searchkey=10054&amp;language=id\"><span class=\"eastsyriac\">\u0725\u0735\u0712\u0742\u0718\u073f\u0715\u0718\u073c\u072c\u0735\u0710</span></a>, <a href=\"dosearch.php?searchkey=10038&amp;language=id\"><span class=\"eastsyriac\">\u0725\u0712\u0742\u0735\u0715\u0735\u0710</span></a>, <a href=\"dosearch.php?searchkey=10052&amp;language=id\"><span class=\"eastsyriac\">\u0725\u0735\u0712\u0742\u0718\u073f\u0715\u0735\u0710</span></a>, <a href=\"dosearch.php?searchkey=10055&amp;language=id\"><span class=\"eastsyriac\">\u0725\u0735\u0712\u0742\u0718\u073f\u0715\u0735\u071d\u0735\u0710</span></a>, <a href=\"dosearch.php?searchkey=10053&amp;language=id\"><span class=\"eastsyriac\">\u0725\u0735\u0712\u0742\u0718\u073f\u0715\u0735\u0710\u071d\u073c\u072c</span></a>, <a href=\"dosearch.php?searchkey=10050&amp;language=id\"><span class=\"eastsyriac\">\u0725\u0712\u0742\u0735\u0715\u072c\u0735\u0710</span></a>, <a href=\"dosearch.php?searchkey=10043&amp;language=id\"><span class=\"eastsyriac\">\u0725\u0735\u0712\u0742\u0715\u0735\u0722\u0735\u0710</span></a>, <a href=\"dosearch.php?searchkey=6465&amp;language=id\"><span class=\"eastsyriac\">\u071f\u0735\u072a\u0725\u0712\u0742\u0735\u0715\u0735\u0710</span></a>, <a href=\"dosearch.php?searchkey=18635&amp;language=id\"><span class=\"eastsyriac\">\u0725\u0712\u0742\u0735\u0715\u0710</span></a>, <a href=\"dosearch.php?searchkey=8184&amp;language=id\"><span class=\"eastsyriac\">\u0721\u0732\u0725\u0712\u0742\u0718\u073c\u072a\u0739\u0710</span></a>, <a href=\"dosearch.php?searchkey=34011&amp;language=id\"><span class=\"eastsyriac\">\u0721\u0732\u0725\u0712\u0715\u0735\u0722\u0718\u073c\u072c\u0735\u0710</span></a>, <a href=\"dosearch.php?searchkey=34013&amp;language=id\"><span class=\"eastsyriac\">\u0721\u0732\u0725\u0712\u0715\u0735\u0722\u0735\u0710</span></a></span>"], "key": "8182", "west": "\u0721\u0730\u0725\u0712\u0742\u0736\u0715\u0733\u0722\u0733\u0710", "phonetic": "<td>ma: wi ' da: na:</td>", "east": "\u0721\u0732\u0725\u0712\u0742\u0738\u0715\u0735\u0722\u0735\u0710"},
{"searchkey": "31572", "audio": [], "context": ["noun", "adjective"], "webrank": 20, "text": [" : 1) ", " : a campfire ;\r\n2) ", " : sedicious , mutinous , subversive / dissident (?) / refractory (?) / insubordinate (?) / unruly (?) ;"], "english": "<td>1) <span class=\"context\">noun</span> : a campfire ;\r\n2) <span class=\"context\">adjective</span> : sedicious , mutinous , subversive / dissident (?) / refractory (?) / insubordinate (?) / unruly (?) ;</td>", "cf": ["<span class=\"wordlink\"><a href=\"dosearch.php?searchkey=9055&amp;language=id\"><span class=\"eastsyriac\">\u0722\u0718\u073c\u072a\u0735\u0710</span></a></span>", "<span class=\"wordlink\"><a href=\"dosearch.php?searchkey=8664&amp;language=id\"><span class=\"eastsyriac\">\u0721\u0732\u072b\u072a\u071d\u073c\u072c\u0735\u0710</span></a>, <a href=\"dosearch.php?searchkey=31569&amp;language=id\"><span class=\"eastsyriac\">\u0712\u0739\u071d\u072c\u0742 \u0713\u0732\u071d\u0723\u0735\u0710</span></a>, <a href=\"dosearch.php?searchkey=31571&amp;language=id\"><span class=\"eastsyriac\">\u071a\u071d\u073c\u072a\u072c\u0735\u0710</span></a></span>"], "key": "31572", "west": "\u0721\u0730\u0720\u0717\u0730\u071d\u072c\u0733\u0710 \u0715\u0722\u073d\u0718\u072a\u0733\u0710", "phonetic": "<td>mal ' h\u00e9 ta:d ' nu: ra:</td>", "east": "\u0721\u0732\u0720\u0717\u0732\u071d\u072c\u0735\u0710 \u0715\u0722\u0718\u073c\u072a\u0735\u0710"},
{"searchkey": "7631", "audio": [], "context": [], "webrank": 10, "text": [" : a benefactor , one who confers a benefaction  , one who does good , a sponsor (?) , a good person (?)"], "english": "<td>a benefactor , one who confers a benefaction  , one who does good , a sponsor (?) , a good person (?)</td>", "cf": [], "key": "7631", "west": "\u0721\u0730\u071b\u0736\u0710 \u0712\u0742\u0733\u0722\u0733\u0710", "phonetic": "<td>' mat ti ' va: na:</td>", "east": "\u0721\u0732\u071b\u0739\u0710 \u0712\u0742\u0735\u0722\u0735\u0710"},
{"searchkey": "11060", "audio": [], "context": [], "webrank": 60, "text": [" : 1) a divider / one who divides / separates anything into parts , a sorter (?) ;\r\n2) the divisor , a factor ;"], "english": "<td>1) a divider / one who divides / separates anything into parts , a sorter (?) ;\r\n2) the divisor , a factor ;</td>", "cf": ["<span class=\"wordlink\"><a href=\"dosearch.php?searchkey=palcuyE%27&amp;language=fullsyriac\"><span class=\"eastsyriac\">\u0726\u0732\u0720\u0725\u0718\u073c\u071d\u0739\u0710</span></a>, <a href=\"dosearch.php?searchkey=palcaytA%27&amp;language=fullsyriac\"><span class=\"eastsyriac\">\u0726\u0732\u0720\u0725\u0732\u071d\u072c\u0735\u0710</span></a></span>"], "key": "11060", "west": "\u0726\u0730\u0720\u0725\u071d\u0733\u0722\u0733\u0710", "phonetic": "<td>pal e ' ia na</td>", "east": "\u0726\u0732\u0720\u0725\u071d\u0735\u0722\u0735\u0710"},
{"searchkey": "12020", "audio": [], "context": [], "webrank": 70, "text": [" : a bone-setter , a person skilled in setting broken or dislocated bones / joint manipulations , a chiropractor (?) , an osteopath (?) ;"], "english": "<td>a bone-setter , a person skilled in setting broken or dislocated bones / joint manipulations , a chiropractor (?) , an osteopath (?) ;</td>", "cf": ["<span class=\"wordlink\"><a href=\"dosearch.php?searchkey=32838&amp;language=id\"><span class=\"eastsyriac\">\u0728\u0721\u0715</span></a>, <a href=\"dosearch.php?searchkey=12027&amp;language=id\"><span class=\"eastsyriac\">\u0728\u0721\u071d\u073c\u0715\u0735\u0710</span></a>, <a href=\"dosearch.php?searchkey=12028&amp;language=id\"><span class=\"eastsyriac\">\u0728\u0721\u071d\u073c\u0715\u0718\u073c\u072c\u0735\u0710</span></a>, <a href=\"dosearch.php?searchkey=12018&amp;language=id\"><span class=\"eastsyriac\">\u0728\u0721\u0735\u0715\u0735\u0710</span></a></span>", "<span class=\"wordlink\"><a href=\"dosearch.php?searchkey=14774&amp;language=id\"><span class=\"eastsyriac\">\u072b\u0720\u071d\u073c\u0726\u0735\u0710</span></a>, <a href=\"dosearch.php?searchkey=27453&amp;language=id\"><span class=\"eastsyriac\">\u0723\u0738\u0722\u0738\u071a\u071f\u0330\u071d\u073c</span></a>, <a href=\"dosearch.php?searchkey=27452&amp;language=id\"><span class=\"eastsyriac\">\u0723\u0738\u0722\u0738\u071a</span></a></span>"], "key": "12020", "west": "\u0728\u0733\u0721\u073d\u0718\u0715\u0733\u0710", "phonetic": "<td>\u1e63a: ' mu: da:</td>", "east": "\u0728\u0735\u0721\u0718\u073f\u0715\u0735\u0710"},
{"searchkey": "12053", "audio": [], "context": [], "webrank": 80, "text": [" : 1) a craft / an art / a skill ;\r\n2) skillfulness in planning / executing , managerial skills ;\r\n3) a scheme , a plan , a design , a project , a plot , an intrigue ;\r\n4) a trade / the business which a person has learned (and engages in to make a living) , a profession , a career , an occupation , a job / work , a calling"], "english": "<td>1) a craft / an art / a skill ;\r\n2) skillfulness in planning / executing , managerial skills ;\r\n3) a scheme , a plan , a design , a project , a plot , an intrigue ;\r\n4) a trade / the business which a person has learned (and engages in to make a living) , a profession , a career , an occupation , a job / work , a calling ;\r\n<span class=\"locution\"><span class=\"eastsyriac\">\u0712\u0738\u071d\u072c \u0728\u0722\u0725\u0735\u0710</span></span> : a factory / a plant ;</td>", "cf": ["<span class=\"wordlink\"><a href=\"dosearch.php?searchkey=12054&amp;language=id\"><span class=\"eastsyriac\">\u0728\u0732\u0722\u0725\u0732\u072c</span></a>, <a href=\"dosearch.php?searchkey=12055&amp;language=id\"><span class=\"eastsyriac\">\u0728\u0732\u0722\u0725\u0732\u072c\u071f\u0735\u072a</span></a>, <a href=\"dosearch.php?searchkey=12046&amp;language=id\"><span class=\"eastsyriac\">\u0728\u0732\u0722\u0718\u073c\u0725\u072c\u0735\u0722\u0718\u073c\u072c\u0735\u0710</span></a>, <a href=\"dosearch.php?searchkey=12047&amp;language=id\"><span class=\"eastsyriac\">\u0728\u0722\u071d\u073c\u0725\u0735\u0710</span></a>, <a href=\"dosearch.php?searchkey=12050&amp;language=id\"><span class=\"eastsyriac\">\u0728\u0735\u0722\u0732\u0721</span></a>, <a href=\"dosearch.php?searchkey=27468&amp;language=id\"><span class=\"eastsyriac\">\u0728\u0732\u0722\u0725\u0732\u072c</span></a>, <a href=\"dosearch.php?searchkey=28501&amp;language=id\"><span class=\"eastsyriac\">\u0728\u0732\u0722\u0725\u0735\u0710</span></a></span>", "<span class=\"wordlink\"><a href=\"dosearch.php?searchkey=27467&amp;language=id\"><span class=\"eastsyriac\">\u0728\u0738\u0722\u0725\u0748\u072c\u0735\u0710</span></a></span>", "<span class=\"wordlink\"><a href=\"dosearch.php?searchkey=3823&amp;language=id\"><span class=\"eastsyriac\">\u0719\u071d\u073c\u072a\u0735\u071f\u0718\u073c\u072c\u0735\u0710</span></a>, <a href=\"dosearch.php?searchkey=7244&amp;language=id\"><span class=\"eastsyriac\">\u0721\u0717\u0732\u0718\u0722\u0718\u073c\u072c\u0735\u0710</span></a>, <a href=\"dosearch.php?searchkey=9082&amp;language=id\"><span class=\"eastsyriac\">\u0722\u0719\u0735\u072a\u072c\u0735\u0710</span></a>, <a href=\"dosearch.php?searchkey=9984&amp;language=id\"><span class=\"eastsyriac\">\u0723\u0735\u072a\u0738\u072b\u072c\u0735\u0710</span></a>, <a href=\"dosearch.php?searchkey=9551&amp;language=id\"><span class=\"eastsyriac\">\u0723\u0718\u073f\u0726\u071d\u073c\u0723\u071b\u0718\u073c\u072c\u0735\u0710</span></a>, <a href=\"dosearch.php?searchkey=10511&amp;language=id\"><span class=\"eastsyriac\">\u0725\u072a\u071d\u073c\u0721\u0718\u073c\u072c\u0735\u0710</span></a>, <a href=\"dosearch.php?searchkey=13110&amp;language=id\"><span class=\"eastsyriac\">\u0729\u0732\u072a\u0715\u0735\u071a\u0718\u073c\u072c\u0735\u0710</span></a>, <a href=\"dosearch.php?searchkey=216&amp;language=id\"><span class=\"eastsyriac\">\u0710\u0718\u073c\u0721\u0735\u0722\u0735\u071d\u0735\u0710</span></a>, <a href=\"dosearch.php?searchkey=209&amp;language=id\"><span class=\"eastsyriac\">\u0710\u0718\u073c\u0721\u0735\u0722\u0718\u073c\u072c\u0735\u0710</span></a>, <a href=\"dosearch.php?searchkey=1800&amp;language=id\"><span class=\"eastsyriac\">\u0712\u0735\u072b\u0732\u072a\u072c\u0735\u0710</span></a>, <a href=\"dosearch.php?searchkey=15029&amp;language=id\"><span class=\"eastsyriac\">\u072b\u0732\u0726\u071d\u073c\u072a\u0718\u073c\u072c \u0710\u0718\u073c\u0721\u0735\u0722\u0718\u073c\u072c\u0735\u0710</span></a>, <a href=\"dosearch.php?searchkey=7225&amp;language=id\"><span class=\"eastsyriac\">\u0721\u0715\u0732\u072a\u072b\u0718\u073c\u072c\u0735\u0710</span></a>, <a href=\"dosearch.php?searchkey=7884&amp;language=id\"><span class=\"eastsyriac\">\u0721\u0720\u071d\u073c\u071b\u0718\u073c\u072c\u0735\u0710</span></a>, <a href=\"dosearch.php?searchkey=20634&amp;language=id\"><span class=\"eastsyriac\">\u0723\u0726\u071d\u073c\u072a\u0718\u073c\u072c\u0735\u0710</span></a>, <a href=\"dosearch.php?searchkey=12053&amp;language=id\"><span class=\"eastsyriac\">\u0728\u0738\u0722\u0725\u0735\u0710</span></a>, <a href=\"dosearch.php?searchkey=7251&amp;language=id\"><span class=\"eastsyriac\">\u0721\u0717\u071d\u073c\u072a\u0718\u073c\u072c\u0735\u0710</span></a>, <a href=\"dosearch.php?searchkey=3377&amp;language=id\"><span class=\"eastsyriac\">\u0717\u0718\u073c\u0722\u0735\u072a</span></a>, <a href=\"dosearch.php?searchkey=5402&amp;language=id\"><span class=\"eastsyriac\">\u071d\u0718\u073c\u0720\u0726\u0735\u0722\u0735\u0710</span></a>, <a href=\"dosearch.php?searchkey=7212&amp;language=id\"><span class=\"eastsyriac\">\u0721\u0715\u0735\u0729\u0718\u073f\u072c\u0735\u0710</span></a>, <a href=\"dosearch.php?searchkey=7702&amp;language=id\"><span class=\"eastsyriac\">\u0721\u071d\u073c\u0735\u0710 \u0715\u0710\u071d\u073c\u0715\u0735\u0710</span></a>, <a href=\"dosearch.php?searchkey=8348&amp;language=id\"><span class=\"eastsyriac\">\u0721\u0732\u0728\u071d\u0735\u0722\u0718\u073c\u072c\u0735\u0710</span></a>, <a href=\"dosearch.php?searchkey=10943&amp;language=id\"><span class=\"eastsyriac\">\u0726\u0738\u071d\u072b\u0735\u0717</span></a>, <a href=\"dosearch.php?searchkey=10942&amp;language=id\"><span class=\"eastsyriac\">\u0726\u071d\u073c\u072b\u0735\u0710</span></a>, <a href=\"dosearch.php?searchkey=14206&amp;language=id\"><span class=\"eastsyriac\">\u072b\u0718\u073c\u0720\u0735\u0710</span></a>, <a href=\"dosearch.php?searchkey=14205&amp;language=id\"><span class=\"eastsyriac\">\u072b\u0718\u073c\u0713\u0742\u0720\u0735\u0710</span></a></span>"], "key": "12053", "west": "\u0728\u0736\u0722\u0725\u0733\u0710", "phonetic": "<td>' \u1e63in a:</td>", "east": "\u0728\u0738\u0722\u0725\u0735\u0710"},
{"searchkey": "32519", "audio": [], "context": ["Bailis Shamun"], "webrank": 90, "text": [" : 1) an artifice , a device , a trick , a tactic ;\r\n2) custom / a custom , practice / a practice ;\r\n3) ", " : skill"], "english": "<td>1) an artifice , a device , a trick , a tactic ;\r\n2) custom / a custom , practice / a practice ;\r\n3) <span class=\"context\">Bailis Shamun</span> : skill ;\r\n<span class=\"locution\"><span class=\"eastsyriac\">\u0712\u0735\u072c\u0732\u071d \u0728\u0738\u0722\u0725\u072c\u0735\u0710</span></span> : workshops , manufactures / plants / factories ;\r\n4) <span class=\"context\">Bailis Shamun</span> : the output ;\r\n5) <span class=\"context\">Bailis Shamun ; see also <a href=\"dosearch.php?searchkey=caldaytA%27&amp;language=fullsyriac\"><span class=\"eastsyriac\">\u0725\u0732\u0720\u0715\u0732\u071d\u072c\u0735\u0710</span></a></span> : a sell / a deception / a hoax , a catch , a sleight of hand / a trick (?) ;</td>", "cf": ["<span class=\"wordlink\"><a href=\"dosearch.php?searchkey=32517&amp;language=id\"><span class=\"eastsyriac\">\u0728\u0722\u0725</span></a>, <a href=\"dosearch.php?searchkey=35495&amp;language=id\"><span class=\"eastsyriac\">\u0721\u0732\u0728\u0722\u0732\u0725\u072c\u0735\u0710</span></a>, <a href=\"dosearch.php?searchkey=35848&amp;language=id\"><span class=\"eastsyriac\">\u0721\u0728\u0732\u0722\u0725\u0735\u0710</span></a>, <a href=\"dosearch.php?searchkey=32514&amp;language=id\"><span class=\"eastsyriac\">\u0721\u0728\u0732\u0722\u0732\u0725\u072c\u0742\u0735\u0710</span></a></span>", "<span class=\"wordlink\"><a href=\"dosearch.php?searchkey=209&amp;language=id\"><span class=\"eastsyriac\">\u0710\u0718\u073c\u0721\u0735\u0722\u0718\u073c\u072c\u0735\u0710</span></a>, <a href=\"dosearch.php?searchkey=7251&amp;language=id\"><span class=\"eastsyriac\">\u0721\u0717\u071d\u073c\u072a\u0718\u073c\u072c\u0735\u0710</span></a>, <a href=\"dosearch.php?searchkey=9984&amp;language=id\"><span class=\"eastsyriac\">\u0723\u0735\u072a\u0738\u072b\u072c\u0735\u0710</span></a>, <a href=\"dosearch.php?searchkey=33835&amp;language=id\"><span class=\"eastsyriac\">\u071b\u0718\u073c\u0720\u071d\u0735\u0729\u0718\u073c\u072c\u0735\u0710</span></a>, <a href=\"dosearch.php?searchkey=34425&amp;language=id\"><span class=\"eastsyriac\">\u0712\u0732\u072b\u0732\u072a\u072c\u0735\u0710</span></a>, <a href=\"dosearch.php?searchkey=34426&amp;language=id\"><span class=\"eastsyriac\">\u0723\u0732\u0720\u0713\u0742\u0735\u0710</span></a>, <a href=\"dosearch.php?searchkey=5301&amp;language=id\"><span class=\"eastsyriac\">\u071b\u0732\u072a\u0729\u0718\u073c\u072c\u0735\u0710</span></a>, <a href=\"dosearch.php?searchkey=34424&amp;language=id\"><span class=\"eastsyriac\">\u0717\u0718\u073c\u0722\u0735\u0710</span></a>, <a href=\"dosearch.php?searchkey=8364&amp;language=id\"><span class=\"eastsyriac\">\u0721\u0738\u0728\u0725\u0735\u071d\u0735\u0710</span></a>, <a href=\"dosearch.php?searchkey=10337&amp;language=id\"><span class=\"eastsyriac\">\u0725\u0738\u0720\u072c\u0742\u0735\u0710</span></a>, <a href=\"dosearch.php?searchkey=11058&amp;language=id\"><span class=\"eastsyriac\">\u0726\u0738\u0720\u0725\u0735\u0710</span></a>, <a href=\"dosearch.php?searchkey=10784&amp;language=id\"><span class=\"eastsyriac\">\u0726\u0718\u073c\u072a\u0723\u0735\u0710</span></a>, <a href=\"dosearch.php?searchkey=5109&amp;language=id\"><span class=\"eastsyriac\">\u071b\u0738\u071f\u0742\u0722\u0735\u0710</span></a>, <a href=\"dosearch.php?searchkey=5222&amp;language=id\"><span class=\"eastsyriac\">\u071b\u0725\u071d\u073c\u0722\u0718\u073c\u072c\u0735\u0710</span></a>, <a href=\"dosearch.php?searchkey=8301&amp;language=id\"><span class=\"eastsyriac\">\u0721\u0732\u0726\u072a\u071d\u0735\u0722\u0718\u073c\u072c\u0735\u0710</span></a>, <a href=\"dosearch.php?searchkey=35499&amp;language=id\"><span class=\"eastsyriac\">\u0721\u0732\u072c\u0729\u0722\u0735\u0722\u0718\u073c\u072c\u0735\u0710</span></a></span>"], "key": "32519", "west": "\u0728\u0736\u0722\u0725\u072c\u0733\u0710", "phonetic": "<td>' \u1e63i:n ta:</td>", "east": "\u0728\u0738\u0722\u0725\u072c\u0735\u0710"},
{"searchkey": "28561", "audio": [], "context": [], "webrank": 100, "text": [" : 1) a jobber , one who works by the job / paid by piece-work ;\r\n2) a contractor , a subcontractor (?) ;"], "english": "<td>1) a jobber , one who works by the job / paid by piece-work ;\r\n2) a contractor , a subcontractor (?) ;</td>", "cf": ["<span class=\"wordlink\"><a href=\"dosearch.php?searchkey=20402&amp;language=id\"><span class=\"eastsyriac\">\u0729\u0712\u0720</span></a>, <a href=\"dosearch.php?searchkey=12236&amp;language=id\"><span class=\"eastsyriac\">\u0729\u0735\u0712\u0735\u0720\u0735\u0710</span></a>, <a href=\"dosearch.php?searchkey=28559&amp;language=id\"><span class=\"eastsyriac\">\u0729\u0735\u0712\u0735\u0720</span></a></span>"], "key": "28561", "west": "\u0729\u0733\u0712\u0733\u0720\u0715\u0733\u072a", "phonetic": "<td>qa: ' ba:l dar</td>", "east": "\u0729\u0735\u0712\u0735\u0720\u0715\u0735\u072a"},
{"searchkey": "27907", "audio": [], "context": [], "webrank": 40, "text": [" : a factory , a plant ;"], "english": "<td>a factory , a plant ;</td>", "cf": ["<span class=\"wordlink\"><a href=\"dosearch.php?searchkey=1325&amp;language=id\"><span class=\"eastsyriac\">\u0712\u0739\u071d\u072c \u0726\u0718\u073c\u0720\u071a\u0735\u0722\u0735\u0710</span></a>, <a href=\"dosearch.php?searchkey=35495&amp;language=id\"><span class=\"eastsyriac\">\u0721\u0732\u0728\u0722\u0732\u0725\u072c\u0735\u0710</span></a></span>"], "key": "27907", "west": "\u0721\u0730\u0725\u0721\u0733\u0720\u0733\u0710", "phonetic": "<td>ma: ' ma: la:</td>", "east": "\u0721\u0732\u0725\u0721\u0735\u0720\u0735\u0710"},
{"searchkey": "10731", "audio": [], "context": [], "webrank": 50, "text": [" : 1) work , exertion of strength / faculties for the accomplishment of something , physical / intellectual effort directed to an end , labour / labor , service , craft , industry"], "english": "<td>1) work , exertion of strength / faculties for the accomplishment of something , physical / intellectual effort directed to an end , labour / labor , service , craft , industry ;\r\n<span class=\"locution\"><span class=\"eastsyriac\">\u0712\u0739\u071d\u072c \u0726\u0718\u073c\u0720\u071a\u0735\u0722\u0735\u0710</span></span> : a manufacture , a plant / a factory , a workshop (?) ;\r\n<span class=\"context\">Rh\u00e9tor\u00e9 ; <span class=\"locution\"><span class=\"eastsyriac\">\u0729\u0735\u071b\u0738\u0720\u0735\u0717\u073f \u0713\u071d\u0735\u0722\u0739\u0717 \u0712\u0726\u0738\u0720\u071a\u0718\u073f\u0722\u0735\u0710</span></span></span> : he is working himself to death ;\r\n<span class=\"locution\"><span class=\"eastsyriac\">\u0720\u0735\u0710 \u0717\u0747\u0718\u0739\u0721\u0718\u073f\u0722 \u0721\u0725\u0735\u0718\u071f\u0742\u0735\u0722\u0308\u0739\u0710 \u0720\u0726\u0718\u073c\u0720\u071a\u0735\u0722\u0735\u0710</span></span> : do not hinder the works / do not be hinderers in the works , do not delay the job ;\r\n2) a career , an occupation , a job , an employment / employment ;\r\n<span class=\"locution\"><span class=\"eastsyriac\">\u0726\u0718\u073c\u0720\u071a\u0735\u0722\u0735\u0722\u0739\u0308\u0710 \u0710\u0718\u073c\u0721\u0722\u0735\u071d\u0739\u0308\u0710</span></span> : professional jobs ;\r\n<span class=\"locution\"><span class=\"eastsyriac\">\u072b\u0718\u073c\u0729\u0735\u0710 \u0715\u0726\u0718\u073c\u0720\u071a\u0735\u0722\u0735\u0710</span></span> : employment marketplace ;\r\n<span class=\"locution\"><span class=\"eastsyriac\">\u0726\u0718\u073c\u0720\u071a\u0735\u0722\u0735\u0722\u0739\u0308\u0710 \u0715\u072c\u0738\u072b\u0721\u0738\u072b\u071d\u0735\u072c\u0739\u0308\u0710 \u072b\u0735\u0718\u0308\u072c\u0735\u0726\u0735\u071d\u0739\u0308\u0710</span></span> : social services jobs ;\r\n<span class=\"locution\"><span class=\"eastsyriac\">\u0726\u0718\u073c\u0720\u071a\u0735\u0722\u0735\u0710 \u0712\u0718\u073c\u072c \u0722\u071b\u0735\u072a\u072c\u0735\u0710 \u0715\u0726\u0732\u072a\u0728\u0718\u073c\u0726\u0735\u071d\u0718\u073c\u072c\u0735\u0710</span></span> : privacy protection job ;\r\n3) <span class=\"locution\"><span class=\"eastsyriac\">\u071a\u0732\u071d\u0720\u0735\u0710 \u0715\u0726\u0718\u073c\u0720\u071a\u0735\u0722\u0735\u0710</span></span> : workforce , work-force , work force ;</td>", "cf": ["<span class=\"wordlink\"><a href=\"dosearch.php?searchkey=18589&amp;language=id\"><span class=\"eastsyriac\">\u0726\u0720\u071a</span></a>, <a href=\"dosearch.php?searchkey=11020&amp;language=id\"><span class=\"eastsyriac\">\u0726\u0720\u0735\u071a\u0735\u0710</span></a>, <a href=\"dosearch.php?searchkey=11021&amp;language=id\"><span class=\"eastsyriac\">\u0726\u0735\u0720\u0735\u071a\u0735\u0710</span></a>, <a href=\"dosearch.php?searchkey=11022&amp;language=id\"><span class=\"eastsyriac\">\u0726\u0735\u0720\u0735\u071a\u0718\u073c\u072c\u0735\u0710</span></a>, <a href=\"dosearch.php?searchkey=11023&amp;language=id\"><span class=\"eastsyriac\">\u0726\u0732\u0720\u071a\u0735\u0722\u0735\u0710</span></a>, <a href=\"dosearch.php?searchkey=11024&amp;language=id\"><span class=\"eastsyriac\">\u0726\u0738\u0720\u071a\u0735\u0722\u0735\u0710</span></a>, <a href=\"dosearch.php?searchkey=11025&amp;language=id\"><span class=\"eastsyriac\">\u0726\u0720\u0735\u071a\u072c\u0735\u0710</span></a>, <a href=\"dosearch.php?searchkey=1325&amp;language=id\"><span class=\"eastsyriac\">\u0712\u0739\u071d\u072c\u0726\u0718\u073c\u0720\u071a\u0735\u0722\u0735\u0710</span></a>, <a href=\"dosearch.php?searchkey=1673&amp;language=id\"><span class=\"eastsyriac\">\u0712\u0732\u072a\u0726\u0718\u073c\u0720\u071a\u0735\u0722\u0735\u0710</span></a>, <a href=\"dosearch.php?searchkey=8272&amp;language=id\"><span class=\"eastsyriac\">\u0721\u0732\u0726\u0720\u0718\u073c\u071a\u0739\u0710</span></a>, <a href=\"dosearch.php?searchkey=8273&amp;language=id\"><span class=\"eastsyriac\">\u0721\u0732\u0726\u0720\u071a\u0735\u0722\u0735\u0710</span></a>, <a href=\"dosearch.php?searchkey=8275&amp;language=id\"><span class=\"eastsyriac\">\u0721\u0732\u0726\u0720\u0735\u071a\u072c\u0735\u0710</span></a></span>", "<span class=\"wordlink\"><a href=\"dosearch.php?searchkey=10370&amp;language=id\"><span class=\"eastsyriac\">\u0725\u0735\u0721\u0735\u0720</span></a>, <a href=\"dosearch.php?searchkey=10371&amp;language=id\"><span class=\"eastsyriac\">\u0725\u0721\u0735\u0720\u0735\u0710</span></a>, <a href=\"dosearch.php?searchkey=10356&amp;language=id\"><span class=\"eastsyriac\">\u0725\u0732\u0721\u0718\u073c\u0720\u0735\u0710</span></a>, <a href=\"dosearch.php?searchkey=10357&amp;language=id\"><span class=\"eastsyriac\">\u0725\u0732\u0721\u0718\u073c\u0720\u072c\u0735\u0722\u0735\u0710</span></a>, <a href=\"dosearch.php?searchkey=10358&amp;language=id\"><span class=\"eastsyriac\">\u0725\u0721\u071d\u073c\u0720\u0718\u073c\u072c\u0735\u0710</span></a>, <a href=\"dosearch.php?searchkey=10372&amp;language=id\"><span class=\"eastsyriac\">\u0725\u0732\u0721\u0720\u0735\u0710</span></a>, <a href=\"dosearch.php?searchkey=479&amp;language=id\"><span class=\"eastsyriac\">\u0710\u0735\u0721\u0735\u071f</span></a>, <a href=\"dosearch.php?searchkey=16086&amp;language=id\"><span class=\"eastsyriac\">\u0710\u0735\u0721\u0735\u0713</span></a>, <a href=\"dosearch.php?searchkey=18633&amp;language=id\"><span class=\"eastsyriac\">\u0715\u071d\u0735\u0720\u0718\u073c\u072c\u0735\u0710</span></a>, <a href=\"dosearch.php?searchkey=18634&amp;language=id\"><span class=\"eastsyriac\">\u071f\u0735\u0721\u072a\u0718\u073c\u072c\u0735\u0710</span></a>, <a href=\"dosearch.php?searchkey=18635&amp;language=id\"><span class=\"eastsyriac\">\u0725\u0712\u0742\u0735\u0715\u0735\u0710</span></a>, <a href=\"dosearch.php?searchkey=31646&amp;language=id\"><span class=\"eastsyriac\">\u071f\u0742\u0738\u0715\u0721\u0738\u072c\u0735\u0710</span></a>, <a href=\"dosearch.php?searchkey=206&amp;language=id\"><span class=\"eastsyriac\">\u0710\u0718\u073c\u0721\u0735\u0722\u0735\u0710</span></a>, <a href=\"dosearch.php?searchkey=14205&amp;language=id\"><span class=\"eastsyriac\">\u072b\u0718\u073c\u0713\u0742\u0720\u0735\u0710</span></a>, <a href=\"dosearch.php?searchkey=14206&amp;language=id\"><span class=\"eastsyriac\">\u072b\u0718\u073c\u0720\u0735\u0710</span></a></span>"], "key": "10731", "west": "\u0726\u073d\u0718\u0720\u071a\u0733\u0722\u0733\u0710", "phonetic": "<td>pul ' ha: na:</td>", "east": "\u0726\u0718\u073c\u0720\u071a\u0735\u0722\u0735\u0710"},
{"searchkey": "10454", "audio": [], "context": [], "webrank": 40, "text": [" : 1) a digger , an excavator , a miner (one who digs or excavates) , a sapper (?) / soldier of the engineering corps (?) ;\r\n2) an uprooter , an eradicator , an extractor , one who eradicates / plucks out / uproots ;\r\n3) a scab (one who works / provides workers during a strike) ;"], "english": "<td>1) a digger , an excavator , a miner (one who digs or excavates) , a sapper (?) / soldier of the engineering corps (?) ;\r\n2) an uprooter , an eradicator , an extractor , one who eradicates / plucks out / uproots ;\r\n3) a scab (one who works / provides workers during a strike) ;</td>", "cf": ["<span class=\"wordlink\"><a href=\"dosearch.php?searchkey=cqoryA%27&amp;language=fullsyriac\"><span class=\"eastsyriac\">\u0725\u0729\u0718\u073f\u072a\u071d\u0735\u0710</span></a>, <a href=\"dosearch.php?searchkey=ceqrA%27&amp;language=fullsyriac\"><span class=\"eastsyriac\">\u0725\u0738\u0729\u072a\u0735\u0710</span></a></span>", "<span class=\"wordlink\"><a href=\"dosearch.php?searchkey=xApurA%27&amp;language=fullsyriac\"><span class=\"eastsyriac\">\u071a\u0735\u0726\u0718\u073c\u072a\u0735\u0710</span></a>, <a href=\"dosearch.php?searchkey=xaprAnA%27&amp;language=fullsyriac\"><span class=\"eastsyriac\">\u071a\u0732\u0726\u072a\u0735\u0722\u0735\u0710</span></a></span>"], "key": "10454", "west": "\u0725\u0733\u0729\u073d\u0718\u072a\u0733\u0710", "phonetic": "<td>a: ' qo ra:</td>", "east": "\u0725\u0735\u0729\u0718\u073f\u072a\u0735\u0710"},
{"searchkey": "10260", "audio": [], "context": [], "webrank": 30, "text": [" : fragrant , odorous / odoriferous , pleasantly affecting the olfactory nerves ;"], "english": "<td>fragrant , odorous / odoriferous , pleasantly affecting the olfactory nerves ;</td>", "cf": ["<span class=\"wordlink\"><a href=\"dosearch.php?searchkey=caTurA%27&amp;language=fullsyriac\"><span class=\"eastsyriac\">\u0725\u0732\u071b\u0718\u073c\u072a\u0735\u0710</span></a>, <a href=\"dosearch.php?searchkey=caTArA%27&amp;language=fullsyriac\"><span class=\"eastsyriac\">\u0725\u0732\u071b\u0735\u072a\u0735\u0710</span></a>, <a href=\"dosearch.php?searchkey=ceTrA%27&amp;language=fullsyriac\"><span class=\"eastsyriac\">\u0725\u0738\u071b\u072a\u0735\u0710</span></a>, <a href=\"dosearch.php?searchkey=caTr&amp;language=fullsyriac\"><span class=\"eastsyriac\">\u0725\u0732\u071b\u072a</span></a>, <a href=\"dosearch.php?searchkey=caTAr&amp;language=fullsyriac\"><span class=\"eastsyriac\">\u0725\u0732\u071b\u0735\u072a</span></a>, <a href=\"dosearch.php?searchkey=cTArA%27&amp;language=fullsyriac\"><span class=\"eastsyriac\">\u0725\u071b\u0735\u072a\u0735\u0710</span></a></span>"], "key": "10260", "west": "\u0725\u0736\u071b\u072a\u0733\u0722\u0733\u0710", "phonetic": "<td>i\u1e6d ' ra: na:</td>", "east": "\u0725\u0739\u071b\u072a\u0735\u0722\u0735\u0710"},
{"searchkey": "26898", "audio": [], "context": [], "webrank": 20, "text": [" : a protractor / an engineering tool for measuring angles ;"], "english": "<td>a protractor / an engineering tool for measuring angles ;</td>", "cf": [], "key": "26898", "west": "\u0722\u0733\u0729\u073d\u0718\u0720\u0733\u0710", "phonetic": "<td>na: ' qu la:</td>", "east": "\u0722\u0735\u0729\u0718\u073f\u0720\u0735\u0710"},
{"searchkey": "9253", "audio": [], "context": ["transitive verb"], "webrank": 10, "text": [" : ", " : to plant , to put in the ground and cover / to seed (?) , to set in the ground for growth , to implant / transplant -rice- (?) / to prick out (seedlings) , to embed , to instil -ideas- (?) , to set -factory- (?) ;"], "english": "<td><span class=\"context\">transitive verb</span> : to plant , to put in the ground and cover / to seed (?) , to set in the ground for growth , to implant / transplant -rice- (?) / to prick out (seedlings) , to embed , to instil -ideas- (?) , to set -factory- (?) ;</td>", "cf": ["<span class=\"wordlink\"><a href=\"dosearch.php?searchkey=17705&amp;language=id\"><span class=\"eastsyriac\">\u0722\u0728\u0712</span></a>, <a href=\"dosearch.php?searchkey=9254&amp;language=id\"><span class=\"eastsyriac\">\u0722\u0738\u0728\u0712\u0742\u0735\u0710 </span></a>, <a href=\"dosearch.php?searchkey=9255&amp;language=id\"><span class=\"eastsyriac\">\u0722\u0728\u0738\u0712\u0742\u072c\u0735\u0710</span></a>, <a href=\"dosearch.php?searchkey=9256&amp;language=id\"><span class=\"eastsyriac\">\u0722\u0728\u0735\u0712\u0742\u072c\u0735\u0710</span></a>, <a href=\"dosearch.php?searchkey=9257&amp;language=id\"><span class=\"eastsyriac\">\u0722\u0738\u0728\u0712\u0742\u072c\u0735\u0722\u0735\u071d\u0735\u0710</span></a></span>"], "key": "9253", "west": "\u0722\u0728\u0733\u0712\u0742\u0733\u0710", "phonetic": "<td>' n\u1e63a: va:</td>", "east": "\u0722\u0728\u0735\u0712\u0742\u0735\u0710"},
{"searchkey": "8221", "audio": [], "context": ["see \u0721\u0732\u0725\u0722\u0735\u071d\u0735\u0710", "Oraham"], "webrank": 50, "text": [" : 1) ", " : a meaning , that which is meant or intended , what is signified by language , the purport ;\r\n2) ", " : the essence , the main thing , the decisive factor (?) , the bottom line (?) ;"], "english": "<td>1) <span class=\"context\">see <a href=\"dosearch.php?searchkey=macnAyA%27&amp;language=fullsyriac\"><span class=\"eastsyriac\">\u0721\u0732\u0725\u0722\u0735\u071d\u0735\u0710</span></a></span> : a meaning , that which is meant or intended , what is signified by language , the purport ;\r\n2) <span class=\"context\">Oraham</span> : the essence , the main thing , the decisive factor (?) , the bottom line (?) ;</td>", "cf": ["<span class=\"wordlink\"><a href=\"dosearch.php?searchkey=25759&amp;language=id\"><span class=\"eastsyriac\">\u0721\u0732\u0725\u0722\u0735\u071d\u0735\u0710</span></a>, <a href=\"dosearch.php?searchkey=33685&amp;language=id\"><span class=\"eastsyriac\">\u0715\u0735\u0721\u071d\u0735\u0722\u0735\u0710 \u0712\u0721\u0732\u0725\u0722\u0735\u071d\u0735\u0710</span></a></span>", "<span class=\"wordlink\"><a href=\"dosearch.php?searchkey=25760&amp;language=id\"><span class=\"eastsyriac\">\u0721\u0732\u0725\u0722\u0735\u071d\u071d\u073c</span></a></span>", "<span class=\"wordlink\"><a href=\"dosearch.php?searchkey=9151&amp;language=id\"><span class=\"eastsyriac\">\u0722\u071d\u073c\u072b\u0735\u0710</span></a>, <a href=\"dosearch.php?searchkey=9484&amp;language=id\"><span class=\"eastsyriac\">\u0723\u0718\u073c\u071f\u0735\u0720\u0735\u0710</span></a>, <a href=\"dosearch.php?searchkey=14233&amp;language=id\"><span class=\"eastsyriac\">\u072b\u0718\u0718\u073c\u0715\u0735\u0725\u0735\u0710</span></a>, <a href=\"dosearch.php?searchkey=861&amp;language=id\"><span class=\"eastsyriac\">\u0710\u0735\u072c\u0735\u0722\u0735\u071d\u0718\u073c\u072c\u0735\u0710</span></a>, <a href=\"dosearch.php?searchkey=9484&amp;language=id\"><span class=\"eastsyriac\">\u0723\u0718\u073c\u071f\u0735\u0720\u0735\u0710</span></a>, <a href=\"dosearch.php?searchkey=10400&amp;language=id\"><span class=\"eastsyriac\">\u0725\u0738\u0722\u071d\u0735\u0722\u0735\u0710</span></a>, <a href=\"dosearch.php?searchkey=9151&amp;language=id\"><span class=\"eastsyriac\">\u0722\u071d\u073c\u072b\u0735\u0710</span></a>, <a href=\"dosearch.php?searchkey=31746&amp;language=id\"><span class=\"eastsyriac\">\u072b\u0718\u073c\u0718\u0715\u0735\u0725\u0735\u0710</span></a></span>"], "key": "8221", "west": "\u0721\u0730\u0725\u0722\u0733\u0710", "phonetic": "<td>' ma: na:</td>", "east": "\u0721\u0732\u0725\u0722\u0735\u0710"}
]