[
{"searchkey": "7212", "audio": [], "context": [], "webrank": 8, "text": [" : aptitude , natural or acquired disposition or capacity for a particular purpose , general fitness , adaptation , readiness in learning skills , skills ;"], "english": "<td>aptitude , natural or acquired disposition or capacity for a particular purpose , general fitness , adaptation , readiness in learning skills , skills ;</td>", "cf": ["<span class=\"wordlink\"><a href=\"dosearch.php?searchkey=12053&amp;language=id\"><span class=\"eastsyriac\">\u0728\u0738\u0722\u0725\u0735\u0710</span></a>, <a href=\"dosearch.php?searchkey=3377&amp;language=id\"><span class=\"eastsyriac\">\u0717\u0718\u073c\u0722\u0735\u072a</span></a>, <a href=\"dosearch.php?searchkey=5402&amp;language=id\"><span class=\"eastsyriac\">\u071d\u0718\u073c\u0720\u0726\u0735\u0722\u0735\u0710</span></a>, <a href=\"dosearch.php?searchkey=3823&amp;language=id\"><span class=\"eastsyriac\">\u0719\u071d\u073c\u072a\u0735\u071f\u0718\u073c\u072c\u0735\u0710</span></a>, <a href=\"dosearch.php?searchkey=7244&amp;language=id\"><span class=\"eastsyriac\">\u0721\u0717\u0732\u0718\u0722\u0718\u073c\u072c\u0735\u0710</span></a>, <a href=\"dosearch.php?searchkey=7251&amp;language=id\"><span class=\"eastsyriac\">\u0721\u0717\u071d\u073c\u072a\u0718\u073c\u072c\u0735\u0710</span></a>, <a href=\"dosearch.php?searchkey=9082&amp;language=id\"><span class=\"eastsyriac\">\u0722\u0719\u0735\u072a\u072c\u0735\u0710</span></a>, <a href=\"dosearch.php?searchkey=9551&amp;language=id\"><span class=\"eastsyriac\">\u0723\u0718\u073f\u0726\u071d\u073c\u0723\u071b\u0718\u073c\u072c\u0735\u0710</span></a>, <a href=\"dosearch.php?searchkey=10511&amp;language=id\"><span class=\"eastsyriac\">\u0725\u072a\u071d\u073c\u0721\u0718\u073c\u072c\u0735\u0710</span></a>, <a href=\"dosearch.php?searchkey=6030&amp;language=id\"><span class=\"eastsyriac\">\u071f\u0732\u071f\u072a\u0735\u0710</span></a>, <a href=\"dosearch.php?searchkey=209&amp;language=id\"><span class=\"eastsyriac\">\u0710\u0718\u073c\u0721\u0735\u0722\u0718\u073c\u072c\u0735\u0710</span></a>, <a href=\"dosearch.php?searchkey=9984&amp;language=id\"><span class=\"eastsyriac\">\u0723\u0735\u072a\u0738\u072b\u072c\u0735\u0710</span></a>, <a href=\"dosearch.php?searchkey=27468&amp;language=id\"><span class=\"eastsyriac\">\u0728\u0732\u0722\u0725\u0732\u072c</span></a>, <a href=\"dosearch.php?searchkey=5402&amp;language=id\"><span class=\"eastsyriac\">\u071d\u0718\u073c\u0720\u0726\u0735\u0722\u0735\u0710</span></a>, <a href=\"dosearch.php?searchkey=7225&amp;language=id\"><span class=\"eastsyriac\">\u0721\u0715\u0732\u072a\u072b\u0718\u073c\u072c\u0735\u0710</span></a>, <a href=\"dosearch.php?searchkey=12053&amp;language=id\"><span class=\"eastsyriac\">\u0728\u0738\u0722\u0725\u0735\u0710</span></a>, <a href=\"dosearch.php?searchkey=13110&amp;language=id\"><span class=\"eastsyriac\">\u0729\u0732\u072a\u0715\u0735\u071a\u0718\u073c\u072c\u0735\u0710</span></a>, <a href=\"dosearch.php?searchkey=216&amp;language=id\"><span class=\"eastsyriac\">\u0710\u0718\u073c\u0721\u0735\u0722\u0735\u071d\u0735\u0710</span></a>, <a href=\"dosearch.php?searchkey=209&amp;language=id\"><span class=\"eastsyriac\">\u0710\u0718\u073c\u0721\u0735\u0722\u0718\u073c\u072c\u0735\u0710</span></a>, <a href=\"dosearch.php?searchkey=1800&amp;language=id\"><span class=\"eastsyriac\">\u0712\u0735\u072b\u0732\u072a\u072c\u0735\u0710</span></a>, <a href=\"dosearch.php?searchkey=3377&amp;language=id\"><span class=\"eastsyriac\">\u0717\u0718\u073c\u0722\u0735\u072a</span></a>, <a href=\"dosearch.php?searchkey=25104&amp;language=id\"><span class=\"eastsyriac\">\u0721\u0308\u071d\u073c\u0735\u0710 \u0715\u0710\u071d\u073c\u0715\u0735\u0710</span></a></span>"], "key": "7212", "west": "\u0721\u0715\u0733\u0729\u073d\u0718\u072c\u0733\u0710", "phonetic": "<td>mda: ' qu: ta:</td>", "east": "\u0721\u0715\u0735\u0729\u0718\u073f\u072c\u0735\u0710"},
{"searchkey": "6752", "audio": [], "context": [], "webrank": 6, "text": [" : to fit , to be suitable to , to be becoming , to be proper , to suit , to be in conformity , to be adapted"], "english": "<td>to fit , to be suitable to , to be becoming , to be proper , to suit , to be in conformity , to be adapted</td>", "cf": ["<span class=\"wordlink\"><a href=\"dosearch.php?searchkey=32812&amp;language=id\"><span class=\"eastsyriac\">\u0720\u071a\u0721</span></a>, <a href=\"dosearch.php?searchkey=33821&amp;language=id\"><span class=\"eastsyriac\">\u0720\u0735\u071a\u0721\u0735\u0710\u071d\u073c\u072c</span></a></span>", "<span class=\"wordlink\"><a href=\"dosearch.php?searchkey=17379&amp;language=id\"><span class=\"eastsyriac\">\u0718\u0720\u0710</span></a></span>"], "key": "6752", "west": "\u0720\u071a\u0733\u0721\u0733\u0710", "phonetic": "<td>' l\u1e25a: ma:</td>", "east": "\u0720\u071a\u0735\u0721\u0735\u0710"},
{"searchkey": "6755", "audio": [], "context": [], "webrank": 7, "text": [" : fitting , suiting , fittingness (?) , appropriateness (?) , suitingness (?) , adaptation"], "english": "<td>fitting , suiting , fittingness (?) , appropriateness (?) , suitingness (?) , adaptation</td>", "cf": [], "key": "6755", "west": "\u0720\u071a\u0733\u0721\u072c\u0733\u0710", "phonetic": "<td>' l\u1e25am ta</td>", "east": "\u0720\u071a\u0735\u0721\u072c\u0735\u0710"},
{"searchkey": "6743", "audio": [], "context": [], "webrank": 5, "text": [" : fit , suitable , adapted , fitting , becoming , suited , conforming , right ;"], "english": "<td>fit , suitable , adapted , fitting , becoming , suited , conforming , right ;</td>", "cf": ["<span class=\"wordlink\"><a href=\"dosearch.php?searchkey=23412&amp;language=id\"><span class=\"eastsyriac\">\u0721\u0732\u0720\u071a\u0738\u0721</span></a>, <a href=\"dosearch.php?searchkey=7869&amp;language=id\"><span class=\"eastsyriac\">\u0721\u0720\u0732\u071a\u0721\u0718\u073c\u072c\u0735\u0710</span></a>, <a href=\"dosearch.php?searchkey=23413&amp;language=id\"><span class=\"eastsyriac\">\u0721\u0720\u0732\u071a\u0721\u0735\u0710</span></a>, <a href=\"dosearch.php?searchkey=23414&amp;language=id\"><span class=\"eastsyriac\">\u0720\u0735\u071a\u0721\u0735\u071d\u0735\u0710</span></a>, <a href=\"dosearch.php?searchkey=6740&amp;language=id\"><span class=\"eastsyriac\">\u0720\u0735\u071a\u0718\u073f\u0721\u0735\u0710</span></a>, <a href=\"dosearch.php?searchkey=23416&amp;language=id\"><span class=\"eastsyriac\">\u0721\u0720\u0732\u0721\u0735\u0710\u071d\u073c\u072c</span></a>, <a href=\"dosearch.php?searchkey=23415&amp;language=id\"><span class=\"eastsyriac\">\u0720\u0735\u071a\u0738\u0721</span></a>, <a href=\"dosearch.php?searchkey=25346&amp;language=id\"><span class=\"eastsyriac\">\u0721\u0732\u0720\u071a\u0732\u0721\u072c\u0735\u0710</span></a></span>"], "key": "6743", "west": "\u0720\u071a\u073a\u071d\u0721\u0733\u0710", "phonetic": "<td>' l\u1e25i: ma:</td>", "east": "\u0720\u071a\u071d\u073c\u0721\u0735\u0710"},
{"searchkey": "7868", "audio": [], "context": [], "webrank": 10, "text": [" : (transitive verb) 1) : to fit , to make fit or suitable , to adapt to the purpose intended , to adjust ;\r\n2) to compose , to concoct , to form together , to make up , to elaborate , to work out , to design , to plan ;"], "english": "<td>(transitive verb) 1) : to fit , to make fit or suitable , to adapt to the purpose intended , to adjust ;\r\n2) to compose , to concoct , to form together , to make up , to elaborate , to work out , to design , to plan ;</td>", "cf": ["<span class=\"wordlink\"><a href=\"dosearch.php?searchkey=17379&amp;language=id\"><span class=\"eastsyriac\">\u0718\u0720\u0710</span></a>, <a href=\"dosearch.php?searchkey=6752&amp;language=id\"><span class=\"eastsyriac\">\u0720\u071a\u0735\u0721\u0735\u0710</span></a>, <a href=\"dosearch.php?searchkey=3313&amp;language=id\"><span class=\"eastsyriac\">\u0717\u0735\u0715\u0718\u073c\u072a\u0739\u0710</span></a>, <a href=\"dosearch.php?searchkey=12671&amp;language=id\"><span class=\"eastsyriac\">\u0729\u0732\u071b\u0720\u0718\u073c\u0712\u0739\u0710</span></a></span>"], "key": "7868", "west": "\u0721\u0730\u0720\u071a\u073d\u0718\u0721\u0736\u0710", "phonetic": "<td>mal ' \u1e25u: mi</td>", "east": "\u0721\u0732\u0720\u071a\u0718\u073c\u0721\u0739\u0710"},
{"searchkey": "24669", "audio": [], "context": ["past participle of \u0721\u0735\u0717\u0739\u072a , feminine of \u0721\u0717\u071d\u073c\u072a\u0735\u0710", "to a type of exercise / work", "a type of work"], "webrank": 9, "text": [" : ", " : skilled , skilful , ingenious , expert , fitted , adapted , trained / used ", " / experienced in ", " ;"], "english": "<td><span class=\"context\">past participle of <a href=\"dosearch.php?searchkey=mAhEr&amp;language=fullsyriac\"><span class=\"eastsyriac\">\u0721\u0735\u0717\u0739\u072a</span></a> , feminine of <a href=\"dosearch.php?searchkey=mhirA%27&amp;language=fullsyriac\"><span class=\"eastsyriac\">\u0721\u0717\u071d\u073c\u072a\u0735\u0710</span></a></span> : skilled , skilful , ingenious , expert , fitted , adapted , trained / used <span class=\"context\">to a type of exercise / work</span> / experienced in <span class=\"context\">a type of work</span> ;</td>", "cf": ["<span class=\"wordlink\"><a href=\"dosearch.php?searchkey=17667&amp;language=id\"><span class=\"eastsyriac\">\u0721\u0717\u072a</span></a></span>"], "key": "24669", "west": "\u0721\u0717\u073a\u071d\u072a\u072c\u0733\u0710", "phonetic": "<td>m ' hi:r ta:</td>", "east": "\u0721\u0717\u071d\u073c\u072a\u072c\u0735\u0710"},
{"searchkey": "6741", "audio": [], "context": [], "webrank": 4, "text": [" : becomingness , suitableness , appropriateness , fitness , adaptation , conformity"], "english": "<td>becomingness , suitableness , appropriateness , fitness , adaptation , conformity</td>", "cf": [], "key": "6741", "west": "\u0720\u0733\u071a\u073d\u0718\u0721\u073d\u0718\u072c\u0733\u0710", "phonetic": "<td>la \u1e25u: ' mu: ta</td>", "east": "\u0720\u0735\u071a\u0718\u073f\u0721\u0718\u073c\u072c\u0735\u0710"},
{"searchkey": "6740", "audio": [], "context": ["feminine"], "webrank": 3, "text": [" : 1) fit , proper , becoming , appropriate , suitable , befitting , adapt , in conformity , right ;\r\n2) graceful , well-mannered , with fine manners , polite , distinguished , elegant (?) ;\r\n", " : \u0720\u0735\u071a\u0718\u073f\u0721\u072c\u0735\u0710 ;"], "english": "<td>1) fit , proper , becoming , appropriate , suitable , befitting , adapt , in conformity , right ;\r\n2) graceful , well-mannered , with fine manners , polite , distinguished , elegant (?) ;\r\n<span class=\"context\">feminine</span> : <a href=\"dosearch.php?searchkey=lAxomtA%27&amp;language=fullsyriac\"><span class=\"eastsyriac\">\u0720\u0735\u071a\u0718\u073f\u0721\u072c\u0735\u0710</span></a> ;</td>", "cf": ["<span class=\"wordlink\"><a href=\"dosearch.php?searchkey=23412&amp;language=id\"><span class=\"eastsyriac\">\u0721\u0732\u0720\u071a\u0738\u0721</span></a>, <a href=\"dosearch.php?searchkey=7869&amp;language=id\"><span class=\"eastsyriac\">\u0721\u0720\u0732\u071a\u0721\u0718\u073c\u072c\u0735\u0710</span></a>, <a href=\"dosearch.php?searchkey=23413&amp;language=id\"><span class=\"eastsyriac\">\u0721\u0720\u0732\u071a\u0721\u0735\u0710</span></a>, <a href=\"dosearch.php?searchkey=23414&amp;language=id\"><span class=\"eastsyriac\">\u0720\u0735\u071a\u0721\u0735\u071d\u0735\u0710</span></a>, <a href=\"dosearch.php?searchkey=23415&amp;language=id\"><span class=\"eastsyriac\">\u0720\u0735\u071a\u0738\u0721</span></a>, <a href=\"dosearch.php?searchkey=23416&amp;language=id\"><span class=\"eastsyriac\">\u0721\u0720\u0732\u071a\u0721\u0735\u0710\u071d\u073c\u072c</span></a>, <a href=\"dosearch.php?searchkey=6743&amp;language=id\"><span class=\"eastsyriac\">\u0720\u071a\u071d\u073c\u0721\u0735\u0710</span></a>, <a href=\"dosearch.php?searchkey=25346&amp;language=id\"><span class=\"eastsyriac\">\u0721\u0732\u0720\u071a\u0732\u0721\u072c\u0735\u0710</span></a></span>", "<span class=\"wordlink\"><a href=\"dosearch.php?searchkey=27207&amp;language=id\"><span class=\"eastsyriac\">\u0723\u0718\u073c\u0713\u0330\u0735\u0710</span></a>, <a href=\"dosearch.php?searchkey=10785&amp;language=id\"><span class=\"eastsyriac\">\u0725\u0735\u0717\u0722\u0718\u073f\u072c\u0735\u0710</span></a>, <a href=\"dosearch.php?searchkey=10120&amp;language=id\"><span class=\"eastsyriac\">\u0725\u0732\u0717\u071d\u073c\u0722\u0735\u0710</span></a>, <a href=\"dosearch.php?searchkey=10121&amp;language=id\"><span class=\"eastsyriac\">\u0725\u0735\u0717\u0722\u0735\u0710</span></a></span>"], "key": "6740", "west": "\u0720\u0733\u071a\u073d\u0718\u0721\u0733\u0710", "phonetic": "<td>la: ' \u1e25u: ma:</td>", "east": "\u0720\u0735\u071a\u0718\u073f\u0721\u0735\u0710"},
{"searchkey": "4242", "audio": [], "context": [], "webrank": 2, "text": [" : portmanteau , a bag or case for carrying necessities on a journey (it is of a form adapted for use on horseback) , a saddle-bag ;"], "english": "<td>portmanteau , a bag or case for carrying necessities on a journey (it is of a form adapted for use on horseback) , a saddle-bag ;</td>", "cf": ["<span class=\"wordlink\"><a href=\"dosearch.php?searchkey=21702&amp;language=id\"><span class=\"eastsyriac\">\u071a\u0718\u073c\u072a\u0713\u0330\u0735\u0710</span></a>, <a href=\"dosearch.php?searchkey=5882&amp;language=id\"><span class=\"eastsyriac\">\u071f\u0742\u0718\u073c\u072a\u0713\u0330\u0735\u0710</span></a></span>"], "key": "4242", "west": "\u071a\u073d\u0718\u072a\u0713\u0330\u073d\u0718\u0722", "phonetic": "<td>' \u1e25u:r dju:n</td>", "east": "\u071a\u0718\u073c\u072a\u0713\u0330\u0718\u073c\u0722"},
{"searchkey": "3313", "audio": [], "context": [], "webrank": 1, "text": [" : to prepare , to fit , to adapt , to qualify for a purpose , to make ready , to be ready , to be prepared ;"], "english": "<td>to prepare , to fit , to adapt , to qualify for a purpose , to make ready , to be ready , to be prepared ;</td>", "cf": ["<span class=\"wordlink\"><a href=\"dosearch.php?searchkey=17379&amp;language=id\"><span class=\"eastsyriac\">\u0718\u0720\u0710</span></a>, <a href=\"dosearch.php?searchkey=6752&amp;language=id\"><span class=\"eastsyriac\">\u0720\u071a\u0735\u0721\u0735\u0710</span></a></span>"], "key": "3313", "west": "\u0717\u0733\u0715\u073d\u0718\u072a\u0736\u0710", "phonetic": "<td>ha ' du ri</td>", "east": "\u0717\u0735\u0715\u0718\u073c\u072a\u0739\u0710"},
{"searchkey": "8774", "audio": [], "context": [], "webrank": 90, "text": [" : adaptable , capable of being adapted / made suitable , adjustable , that can be changed , versatile , flexible (psychology) ;"], "english": "<td>adaptable , capable of being adapted / made suitable , adjustable , that can be changed , versatile , flexible (psychology) ;</td>", "cf": [], "key": "8774", "west": "\u0721\u0736\u072c\u0720\u0730\u071a\u0721\u0733\u0722\u0733\u0710", "phonetic": "<td>mit la\u1e25 ' ma na</td>", "east": "\u0721\u0738\u072c\u0720\u0732\u071a\u0721\u0735\u0722\u0735\u0710"},
{"searchkey": "8408", "audio": [], "context": [], "webrank": 60, "text": [" : rigidity , firmness , stiffness , want of pliability / bendability / adaptability -mind, character- (?) ;"], "english": "<td>rigidity , firmness , stiffness , want of pliability / bendability / adaptability -mind, character- (?) ;</td>", "cf": ["<span class=\"wordlink\"><a href=\"dosearch.php?searchkey=13877&amp;language=id\"><span class=\"eastsyriac\">\u072a\u0732\u0729\u0718\u073c\u072c\u0735\u0710</span></a>, <a href=\"dosearch.php?searchkey=12432&amp;language=id\"><span class=\"eastsyriac\">\u0729\u0718\u073c\u071d\u0735\u0723\u0735\u0710</span></a></span>"], "key": "8408", "west": "\u0721\u0729\u0730\u071d\u0723\u073d\u0718\u072c\u0733\u0710", "phonetic": "<td>mqai ' su: ta</td>", "east": "\u0721\u0729\u0732\u071d\u0723\u0718\u073c\u072c\u0735\u0710"},
{"searchkey": "9588", "audio": [], "context": [], "webrank": 100, "text": [" : fit / fitting , suitable (by nature or by art) , apt , adapted to an end / object / design , appropriate / proper , opportune (?) / expedient (?) ;"], "english": "<td>fit / fitting , suitable (by nature or by art) , apt , adapted to an end / object / design , appropriate / proper , opportune (?) / expedient (?) ;</td>", "cf": ["<span class=\"wordlink\"><a href=\"dosearch.php?searchkey=11851&amp;language=id\"><span class=\"eastsyriac\">\u0728\u0735\u0719</span></a>, <a href=\"dosearch.php?searchkey=16937&amp;language=id\"><span class=\"eastsyriac\">\u0723\u0735\u0719</span></a>, <a href=\"dosearch.php?searchkey=9373&amp;language=id\"><span class=\"eastsyriac\">\u0723\u0735\u0710\u0719</span></a></span>", "<span class=\"wordlink\"><a href=\"dosearch.php?searchkey=11208&amp;language=id\"><span class=\"eastsyriac\">\u0726\u0732\u0729\u0735\u071a\u0735\u0710</span></a></span>"], "key": "9588", "west": "\u0723\u0733\u0719", "phonetic": "<td>' saz</td>", "east": "\u0723\u0735\u0719"},
{"searchkey": "34609", "audio": [], "context": [], "webrank": 80, "text": [" : a limit , a termination"], "english": "<td>a limit , a termination ;\r\n<span class=\"locution\"><span class=\"eastsyriac\">\u0721\u072c\u0732\u071a\u0721\u0718\u073c\u072c \u0723\u0718\u073c\u071f\u0735\u0720\u0735\u0710</span></span> : the \"limits of the sense\" / a restriction / a limitation , a modification , a reservation , a stipulation , an allowance / an adaptation , an alteration , an adjustment , an amendment , a revision , a refinement , a moderation , a tempering , a softening / a lessening / a reduction / a mitigation , a condition / a proviso , a caveat / a rider , a qualification / the scope of application , a condition / the conditions ;</td>", "cf": ["<span class=\"wordlink\"><a href=\"dosearch.php?searchkey=32034&amp;language=id\"><span class=\"eastsyriac\">\u072c\u071a\u0721</span></a>, <a href=\"dosearch.php?searchkey=6584&amp;language=id\"><span class=\"eastsyriac\">\u0720\u0735\u0710\u0721\u072c\u0732\u071a\u0721\u0735\u0710</span></a>, <a href=\"dosearch.php?searchkey=21384&amp;language=id\"><span class=\"eastsyriac\">\u0719\u0722\u0735\u0710 \u0720\u0735\u0710 \u0721\u072c\u0732\u071a\u0721\u0735\u0710</span></a>, <a href=\"dosearch.php?searchkey=8746&amp;language=id\"><span class=\"eastsyriac\">\u0721\u072c\u0732\u071a\u0721\u0735\u0710</span></a>, <a href=\"dosearch.php?searchkey=8746&amp;language=id\"><span class=\"eastsyriac\">\u0721\u072c\u0732\u071a\u0721\u0735\u0710</span></a>, <a href=\"dosearch.php?searchkey=33404&amp;language=id\"><span class=\"eastsyriac\">\u072c\u0732\u071a\u0738\u0721</span></a>, <a href=\"dosearch.php?searchkey=mtaxmutA%27&amp;language=fullsyriac\"><span class=\"eastsyriac\">\u0721\u072c\u0732\u071a\u0721\u0718\u073c\u072c\u0735\u0710</span></a>, <a href=\"dosearch.php?searchkey=8747&amp;language=id\"><span class=\"eastsyriac\">\u0721\u072c\u0732\u071a\u0721\u0735\u0722\u0718\u073c\u072c\u0735\u0710</span></a></span>", "<span class=\"wordlink\"><a href=\"dosearch.php?searchkey=34610&amp;language=id\"><span class=\"eastsyriac\">\u0729\u0726\u071d\u073c\u0723\u0718\u073c\u072c\u0735\u0710</span></a></span>"], "key": "34609", "west": "\u0721\u072c\u0730\u071a\u0721\u073d\u0718\u072c\u0733\u0710", "phonetic": "<td>mta\u1e25 ' mu: ta:</td>", "east": "\u0721\u072c\u0732\u071a\u0721\u0718\u073c\u072c\u0735\u0710"},
{"searchkey": "8292", "audio": [], "context": [], "webrank": 50, "text": [" : 1) a departure , setting out , a separation from a place , leaving ;\r\n2) removal from the present life , death , the decease , the demise ; \r\n3) a version , a -different- viewpoint (?) , a -different- reading , an interpretation (?) , a translation (?) , an adaptation (?) , a variation (?) , a variant (?) ;"], "english": "<td>1) a departure , setting out , a separation from a place , leaving ;\r\n2) removal from the present life , death , the decease , the demise ; \r\n3) a version , a -different- viewpoint (?) , a -different- reading , an interpretation (?) , a translation (?) , an adaptation (?) , a variation (?) , a variant (?) ;</td>", "cf": ["<span class=\"wordlink\"><a href=\"dosearch.php?searchkey=9231&amp;language=id\"><span class=\"eastsyriac\">\u0722\u0732\u0726\u071d\u073c\u0729\u0718\u073c\u072c\u0735\u0710</span></a>, <a href=\"dosearch.php?searchkey=8990&amp;language=id\"><span class=\"eastsyriac\">\u0722\u0718\u073c\u0717\u0735\u072a\u0735\u0710</span></a>, <a href=\"dosearch.php?searchkey=7992&amp;language=id\"><span class=\"eastsyriac\">\u0721\u0732\u0722\u0717\u0718\u073c\u072a\u0739\u0710</span></a>, <a href=\"dosearch.php?searchkey=8296&amp;language=id\"><span class=\"eastsyriac\">\u0721\u0732\u0726\u072a\u0718\u073c\u0721\u0739\u0710</span></a>, <a href=\"dosearch.php?searchkey=11777&amp;language=id\"><span class=\"eastsyriac\">\u0728\u0718\u073c\u0720\u0735\u0720\u0735\u0710</span></a>, <a href=\"dosearch.php?searchkey=14987&amp;language=id\"><span class=\"eastsyriac\">\u072c\u0718\u073c\u072a\u0713\u0735\u0721\u0735\u0710</span></a>, <a href=\"dosearch.php?searchkey=11491&amp;language=id\"><span class=\"eastsyriac\">\u0726\u0735\u072b\u0718\u073f\u0729\u0739\u0710</span></a>, <a href=\"dosearch.php?searchkey=10813&amp;language=id\"><span class=\"eastsyriac\">\u0726\u0718\u073c\u072b\u0735\u0729\u0735\u0710</span></a></span>"], "key": "8292", "west": "\u0721\u0730\u0726\u0730\u0729\u072c\u0733\u0710", "phonetic": "<td>map ' paq ta</td>", "east": "\u0721\u0732\u0726\u0732\u0729\u072c\u0735\u0710"},
{"searchkey": "7961", "audio": [], "context": [], "webrank": 40, "text": [" : (transitive verb) : to adjust , to make exact , to fit , to bring into proper relations , to adapt , to arrange , to fit , to make suitable ;"], "english": "<td>(transitive verb) : to adjust , to make exact , to fit , to bring into proper relations , to adapt , to arrange , to fit , to make suitable ;</td>", "cf": ["<span class=\"wordlink\"><a href=\"dosearch.php?searchkey=17379&amp;language=id\"><span class=\"eastsyriac\">\u0718\u0720\u0710</span></a>, <a href=\"dosearch.php?searchkey=6752&amp;language=id\"><span class=\"eastsyriac\">\u0720\u071a\u0735\u0721\u0735\u0710</span></a>, <a href=\"dosearch.php?searchkey=3313&amp;language=id\"><span class=\"eastsyriac\">\u0717\u0735\u0715\u0718\u073c\u072a\u0739\u0710</span></a>, <a href=\"dosearch.php?searchkey=7868&amp;language=id\"><span class=\"eastsyriac\">\u0721\u0732\u0720\u071a\u0718\u073c\u0721\u0739\u0710</span></a></span>"], "key": "7961", "west": "\u0721\u0730\u0721\u072a\u073d\u0718\u0715\u0736\u0710", "phonetic": "<td>mam ' ru: di</td>", "east": "\u0721\u0732\u0721\u072a\u0718\u073c\u0715\u0739\u0710"},
{"searchkey": "7872", "audio": [], "context": [], "webrank": 30, "text": [" : 1) fitting , making suitable , adaptation to the purpose intended , trying out to see if it works -(?) , testing (?) , trial (?) ;\r\n2) composition , writing ;"], "english": "<td>1) fitting , making suitable , adaptation to the purpose intended , trying out to see if it works -(?) , testing (?) , trial (?) ;\r\n2) composition , writing ;</td>", "cf": ["<span class=\"wordlink\"><a href=\"dosearch.php?searchkey=15979&amp;language=id\"><span class=\"eastsyriac\">\u072c\u0732\u072a\u072c\u0732\u0712\u072c\u0735\u0710</span></a></span>"], "key": "7872", "west": "\u0721\u0730\u0720\u071a\u0733\u0721\u072c\u0733\u0710", "phonetic": "<td>mal ' \u1e25am ta</td>", "east": "\u0721\u0732\u0720\u071a\u0735\u0721\u072c\u0735\u0710"},
{"searchkey": "8503", "audio": [], "context": ["Lishani", "Oraham", "Bailis Shamun ; see also \u0721\u071b\u0732\u071f\u0723\u0735\u0722\u0718\u073c\u072c\u0735\u0710"], "webrank": 70, "text": [" : 1) ", " : preparation , creation , preparations (?) , organization , adaptation / positioning , taking measures / steps ;\r\n2) ", " : the arrangement , the act of arranging / putting in an orderly condition , the disposition in a suitable form , a settlement / an agreement / a solution (?) , tidying (?) ;\r\n3) ", " : regulation / setting right (?) ;"], "english": "<td>1) <span class=\"context\">Lishani</span> : preparation , creation , preparations (?) , organization , adaptation / positioning , taking measures / steps ;\r\n2) <span class=\"context\">Oraham</span> : the arrangement , the act of arranging / putting in an orderly condition , the disposition in a suitable form , a settlement / an agreement / a solution (?) , tidying (?) ;\r\n3) <span class=\"context\">Bailis Shamun ; see also <a href=\"dosearch.php?searchkey=mTaksAnutA%27&amp;language=fullsyriac\"><span class=\"eastsyriac\">\u0721\u071b\u0732\u071f\u0723\u0735\u0722\u0718\u073c\u072c\u0735\u0710</span></a></span> : regulation / setting right (?) ;</td>", "cf": ["<span class=\"wordlink\"><a href=\"dosearch.php?searchkey=mryz&amp;language=fullsyriac\"><span class=\"eastsyriac\">\u0721\u072a\u071d\u0719</span></a>, <a href=\"dosearch.php?searchkey=8499&amp;language=id\"><span class=\"eastsyriac\">\u0721\u0732\u072a\u071d\u0718\u073c\u0719\u0739\u0710</span></a></span>", "<span class=\"wordlink\"><a href=\"dosearch.php?searchkey=tAdArAk&amp;language=fullsyriac\"><span class=\"eastsyriac\">\u072c\u0735\u0715\u0735\u072a\u0735\u071f</span></a>, <a href=\"dosearch.php?searchkey=11672&amp;language=id\"><span class=\"eastsyriac\">\u0728\u0712\u0742\u0735\u072c\u0735\u0710</span></a>, <a href=\"dosearch.php?searchkey=6886&amp;language=id\"><span class=\"eastsyriac\">\u0720\u0729\u0735\u071d\u0715\u0735\u0710</span></a>, <a href=\"dosearch.php?searchkey=9437&amp;language=id\"><span class=\"eastsyriac\">\u0723\u0715\u0735\u072a\u0735\u0710</span></a>, <a href=\"dosearch.php?searchkey=9438&amp;language=id\"><span class=\"eastsyriac\">\u0723\u0738\u0715\u072a\u0735\u0710</span></a>, <a href=\"dosearch.php?searchkey=12675&amp;language=id\"><span class=\"eastsyriac\">\u0729\u071b\u0735\u0723\u0735\u0710</span></a>, <a href=\"dosearch.php?searchkey=4800&amp;language=id\"><span class=\"eastsyriac\">\u071a\u072a\u0735\u0719\u0735\u0710</span></a>, <a href=\"dosearch.php?searchkey=5113&amp;language=id\"><span class=\"eastsyriac\">\u071b\u071f\u0742\u0735\u0723\u0735\u0710</span></a>, <a href=\"dosearch.php?searchkey=13232&amp;language=id\"><span class=\"eastsyriac\">\u0729\u0732\u072a\u0729\u0732\u0719\u072c\u0735\u0710</span></a>, <a href=\"dosearch.php?searchkey=14377&amp;language=id\"><span class=\"eastsyriac\">\u072c\u0718\u073c\u0729\u0722\u0735\u0710</span></a>, <a href=\"dosearch.php?searchkey=15357&amp;language=id\"><span class=\"eastsyriac\">\u072c\u0735\u0715\u0735\u072a\u0735\u071f</span></a>, <a href=\"dosearch.php?searchkey=29806&amp;language=id\"><span class=\"eastsyriac\">\u071b\u0732\u071d\u0738\u0712\u0742</span></a>, <a href=\"dosearch.php?searchkey=29805&amp;language=id\"><span class=\"eastsyriac\">\u0721\u072a\u0732\u0719\u0718\u073c\u0713\u0739\u0710</span></a>, <a href=\"dosearch.php?searchkey=29807&amp;language=id\"><span class=\"eastsyriac\">\u071b\u0718\u073c\u071d\u0735\u0712\u0742\u0735\u0710</span></a>, <a href=\"dosearch.php?searchkey=8503&amp;language=id\"><span class=\"eastsyriac\">\u0721\u0732\u072a\u071d\u0732\u0719\u072c\u0735\u0710</span></a>, <a href=\"dosearch.php?searchkey=34379&amp;language=id\"><span class=\"eastsyriac\">\u0721\u071b\u0732\u071f\u0723\u0735\u0722\u0718\u073c\u072c\u0735\u0710</span></a>, <a href=\"dosearch.php?searchkey=35630&amp;language=id\"><span class=\"eastsyriac\">\u0721\u0723\u0732\u0715\u072a\u0735\u0722\u0718\u073c\u072c\u0735\u0710</span></a>, <a href=\"dosearch.php?searchkey=3329&amp;language=id\"><span class=\"eastsyriac\">\u0717\u0735\u0715\u0735\u072a\u072c\u0735\u0710</span></a></span>"], "key": "8503", "west": "\u0721\u0730\u072a\u071d\u0730\u0719\u072c\u0733\u0710", "phonetic": "<td>mar ' iaz ta:</td>", "east": "\u0721\u0732\u072a\u071d\u0732\u0719\u072c\u0735\u0710"},
{"searchkey": "7869", "audio": [], "context": ["Yoab Benjamin"], "webrank": 20, "text": [" : 1) fitness , the state or quality of being fit or fitted , fittingness , adequacy , adaptation , proportion ;\r\n2) ", " : reconciliation ;"], "english": "<td>1) fitness , the state or quality of being fit or fitted , fittingness , adequacy , adaptation , proportion ;\r\n2) <span class=\"context\">Yoab Benjamin</span> : reconciliation ;</td>", "cf": ["<span class=\"wordlink\"><a href=\"dosearch.php?searchkey=lxm&amp;language=fullsyriac\"><span class=\"eastsyriac\">\u0720\u071a\u0721</span></a>, <a href=\"dosearch.php?searchkey=23412&amp;language=id\"><span class=\"eastsyriac\">\u0721\u0732\u0720\u071a\u0738\u0721</span></a>, <a href=\"dosearch.php?searchkey=23413&amp;language=id\"><span class=\"eastsyriac\">\u0721\u0720\u0732\u071a\u0721\u0735\u0710</span></a>, <a href=\"dosearch.php?searchkey=23414&amp;language=id\"><span class=\"eastsyriac\">\u0720\u0735\u071a\u0721\u0735\u071d\u0735\u0710</span></a>, <a href=\"dosearch.php?searchkey=6740&amp;language=id\"><span class=\"eastsyriac\">\u0720\u0735\u071a\u0718\u073f\u0721\u0735\u0710</span></a>, <a href=\"dosearch.php?searchkey=23415&amp;language=id\"><span class=\"eastsyriac\">\u0720\u0735\u071a\u0739\u0721</span></a>, <a href=\"dosearch.php?searchkey=23416&amp;language=id\"><span class=\"eastsyriac\">\u0721\u0720\u0732\u071a\u0721\u0735\u0710\u071d\u073c\u072c</span></a>, <a href=\"dosearch.php?searchkey=6743&amp;language=id\"><span class=\"eastsyriac\">\u0720\u071a\u071d\u073c\u0721\u0735\u0710</span></a>, <a href=\"dosearch.php?searchkey=25346&amp;language=id\"><span class=\"eastsyriac\">\u0721\u0732\u0720\u071a\u0732\u0721\u072c\u0735\u0710</span></a></span>", "<span class=\"wordlink\"><a href=\"dosearch.php?searchkey=8612&amp;language=id\"><span class=\"eastsyriac\">\u0721\u072b\u0732\u071d\u0722\u0735\u0722\u0718\u073c\u072c\u0735\u0710</span></a>, <a href=\"dosearch.php?searchkey=27272&amp;language=id\"><span class=\"eastsyriac\">\u072b\u0735\u0720\u0721\u0718\u073c\u072c\u0742\u0735\u0710</span></a>, <a href=\"dosearch.php?searchkey=14613&amp;language=id\"><span class=\"eastsyriac\">\u072b\u0732\u071d\u0722\u0735\u0710</span></a>, <a href=\"dosearch.php?searchkey=13876&amp;language=id\"><span class=\"eastsyriac\">\u072b\u0720\u0735\u0721\u0735\u0710</span></a>, <a href=\"dosearch.php?searchkey=8612&amp;language=id\"><span class=\"eastsyriac\">\u0721\u072b\u0732\u071d\u0722\u0735\u0722\u0718\u073c\u072c\u0735\u0710</span></a>, <a href=\"dosearch.php?searchkey=31796&amp;language=id\"><span class=\"eastsyriac\">\u0721\u0738\u072c\u0742\u0729\u0732\u0715\u0742\u0721\u0735\u0722\u0718\u073c\u072c\u0742\u0735\u0710</span></a>, <a href=\"dosearch.php?searchkey=15961&amp;language=id\"><span class=\"eastsyriac\">\u072c\u0732\u072a\u0725\u0718\u073c\u072c\u0735\u0710</span></a>, <a href=\"dosearch.php?searchkey=183&amp;language=id\"><span class=\"eastsyriac\">\u0710\u0747\u071a\u071d\u0735\u0722\u0718\u073c\u072c\u0735\u0710</span></a>, <a href=\"dosearch.php?searchkey=8149&amp;language=id\"><span class=\"eastsyriac\">\u0721\u0723\u0732\u0729\u0721\u0718\u073c\u072c\u0735\u0710</span></a>, <a href=\"dosearch.php?searchkey=10844&amp;language=id\"><span class=\"eastsyriac\">\u0726\u0738\u071a\u0721\u0735\u0710</span></a>, <a href=\"dosearch.php?searchkey=34449&amp;language=id\"><span class=\"eastsyriac\">\u0721\u0721\u0732\u072b\u071a\u0718\u073c\u072c\u0735\u0710</span></a></span>"], "key": "7869", "west": "\u0721\u0720\u0730\u071a\u0721\u073d\u0718\u072c\u0733\u0710", "phonetic": "<td>mla\u1e25 ' mu: ta:</td>", "east": "\u0721\u0720\u0732\u071a\u0721\u0718\u073c\u072c\u0735\u0710"},
{"searchkey": "23412", "audio": [], "context": ["causatif de \u0720\u0735\u071a\u0738\u0721", "Yoab Benjamin ; see \u0710\u0735\u0718\u0739\u0710", "author, composer : work, writing"], "webrank": 10, "text": [" : 1) ", " : to cause to suit , to adapt / to modify , to upgrade , to frame , ", " : to reconcile ;\r\n2) to be suitable , to fit ;\r\n3) ", " : to write , to compose ;"], "english": "<td>1) <span class=\"context\">causatif de <a href=\"dosearch.php?searchkey=lAxem&amp;language=fullsyriac\"><span class=\"eastsyriac\">\u0720\u0735\u071a\u0738\u0721</span></a></span> : to cause to suit , to adapt / to modify , to upgrade , to frame , <span class=\"context\">Yoab Benjamin ; see <a href=\"dosearch.php?searchkey=%27AwE%27&amp;language=fullsyriac\"><span class=\"eastsyriac\">\u0710\u0735\u0718\u0739\u0710</span></a></span> : to reconcile ;\r\n2) to be suitable , to fit ;\r\n3) <span class=\"context\">author, composer : work, writing</span> : to write , to compose ;</td>", "cf": ["<span class=\"wordlink\"><a href=\"dosearch.php?searchkey=7869&amp;language=id\"><span class=\"eastsyriac\">\u0721\u0720\u0732\u071a\u0721\u0718\u073c\u072c\u0735\u0710</span></a>, <a href=\"dosearch.php?searchkey=23413&amp;language=id\"><span class=\"eastsyriac\">\u0721\u0720\u0732\u071a\u0721\u0735\u0710</span></a>, <a href=\"dosearch.php?searchkey=23414&amp;language=id\"><span class=\"eastsyriac\">\u0720\u0735\u071a\u0721\u0735\u071d\u0735\u0710</span></a>, <a href=\"dosearch.php?searchkey=6740&amp;language=id\"><span class=\"eastsyriac\">\u0720\u0735\u071a\u0718\u073f\u0721\u0735\u0710</span></a>, <a href=\"dosearch.php?searchkey=23415&amp;language=id\"><span class=\"eastsyriac\">\u0720\u0735\u071a\u0739\u0721</span></a>, <a href=\"dosearch.php?searchkey=23416&amp;language=id\"><span class=\"eastsyriac\">\u0721\u0720\u0732\u071a\u0721\u0735\u0710\u071d\u073c\u072c</span></a>, <a href=\"dosearch.php?searchkey=6743&amp;language=id\"><span class=\"eastsyriac\">\u0720\u071a\u071d\u073c\u0721\u0735\u0710</span></a>, <a href=\"dosearch.php?searchkey=25346&amp;language=id\"><span class=\"eastsyriac\">\u0721\u0732\u0720\u071a\u0732\u0721\u072c\u0735\u0710</span></a></span>"], "key": "23412", "west": "\u0721\u0730\u0720\u071a\u0736\u0721", "phonetic": "<td>' mal \u1e25im</td>", "east": "\u0721\u0732\u0720\u071a\u0738\u0721"},
{"searchkey": "15012", "audio": [], "context": [], "webrank": 90, "text": [" : 1) adapted , made suitable , fitted , adjusted ;\r\n2) well groomed , well arranged , well kept , tidy , neat , orderly"], "english": "<td>1) adapted , made suitable , fitted , adjusted ;\r\n2) well groomed , well arranged , well kept , tidy , neat , orderly ;\r\n<span class=\"locution\"><span class=\"eastsyriac\">\u0728\u0726\u071d \u072c\u0718\u073c\u072a\u072c\u0712\u0735\u0710</span></span> : well-arranged ;</td>", "cf": ["<span class=\"wordlink\"><a href=\"dosearch.php?searchkey=15419&amp;language=id\"><span class=\"eastsyriac\">\u072c\u0718\u073c\u072a\u0728\u0735\u0710</span></a>, <a href=\"dosearch.php?searchkey=14379&amp;language=id\"><span class=\"eastsyriac\">\u072c\u0718\u073c\u0729\u0722\u0738\u0729\u0735\u0710</span></a>, <a href=\"dosearch.php?searchkey=muryezA%27&amp;language=fullsyriac\"><span class=\"eastsyriac\">\u0721\u0718\u073c\u072a\u071d\u0738\u0719\u0735\u0710</span></a></span>"], "key": "15012", "west": "\u072c\u073d\u0718\u072a\u072c\u0736\u0712\u0733\u0710", "phonetic": "<td>' tu:r tib ba:</td>", "east": "\u072c\u0718\u073c\u072a\u072c\u0738\u0712\u0735\u0710"},
{"searchkey": "11455", "audio": [], "context": [], "webrank": 40, "text": [" : prudent , practically wise , sagacious in adapting means to end , judicious , canny , sensible , astute , circumspect , sane , chary ;"], "english": "<td>prudent , practically wise , sagacious in adapting means to end , judicious , canny , sensible , astute , circumspect , sane , chary ;</td>", "cf": ["<span class=\"wordlink\"><a href=\"dosearch.php?searchkey=23471&amp;language=id\"><span class=\"eastsyriac\">\u0726\u0732\u072a\u0735\u072b\u0735\u0710</span></a></span>", "<span class=\"wordlink\"><a href=\"dosearch.php?searchkey=4850&amp;language=id\"><span class=\"eastsyriac\">\u071a\u0738\u072a\u0725\u0735\u0710</span></a>, <a href=\"dosearch.php?searchkey=3822&amp;language=id\"><span class=\"eastsyriac\">\u0719\u071d\u073c\u072a\u0735\u071f</span></a>, <a href=\"dosearch.php?searchkey=4008&amp;language=id\"><span class=\"eastsyriac\">\u0719\u072a\u0735\u0722\u0713</span></a>, <a href=\"dosearch.php?searchkey=10860&amp;language=id\"><span class=\"eastsyriac\">\u0726\u0735\u071b\u0718\u073f\u0722\u0735\u0710</span></a>, <a href=\"dosearch.php?searchkey=25770&amp;language=id\"><span class=\"eastsyriac\">\u0721\u0732\u0725\u0729\u0718\u073c\u0720</span></a>, <a href=\"dosearch.php?searchkey=4410&amp;language=id\"><span class=\"eastsyriac\">\u071a\u0732\u071f\u071d\u073c\u0721\u0735\u0710</span></a>, <a href=\"dosearch.php?searchkey=33733&amp;language=id\"><span class=\"eastsyriac\">\u0726\u0732\u071b\u071d\u073c\u0722\u0735\u0710</span></a>, <a href=\"dosearch.php?searchkey=33734&amp;language=id\"><span class=\"eastsyriac\">\u0721\u0738\u072c\u0721\u0732\u0720\u071a\u0735\u0722\u0735\u0710</span></a>, <a href=\"dosearch.php?searchkey=4834&amp;language=id\"><span class=\"eastsyriac\">\u071a\u0732\u072a\u071d\u073c\u0726\u0735\u0710</span></a>, <a href=\"dosearch.php?searchkey=3800&amp;language=id\"><span class=\"eastsyriac\">\u0719\u0739\u071d\u0717\u0722\u0735\u0722\u0735\u0710</span></a>, <a href=\"dosearch.php?searchkey=33732&amp;language=id\"><span class=\"eastsyriac\">\u0725\u072a\u071d\u073c\u0721\u0735\u0710</span></a></span>"], "key": "11455", "west": "\u0726\u0733\u072a\u0733\u072b\u0733\u0710", "phonetic": "<td>pa: ' ra: \u0161a:</td>", "east": "\u0726\u0735\u072a\u0735\u072b\u0735\u0710"},
{"searchkey": "15979", "audio": [], "context": [], "webrank": 100, "text": [" : 1) an adaptation , an arrangement , a modification , an adjustment ;\r\n2) tacking / basting , stitching , sewing very loosely ;"], "english": "<td>1) an adaptation , an arrangement , a modification , an adjustment ;\r\n2) tacking / basting , stitching , sewing very loosely ;</td>", "cf": ["<span class=\"wordlink\"><a href=\"dosearch.php?searchkey=15983&amp;language=id\"><span class=\"eastsyriac\">\u072c\u0732\u072a\u072c\u071d\u073c\u0712</span></a>, <a href=\"dosearch.php?searchkey=26713&amp;language=id\"><span class=\"eastsyriac\">\u0721\u072c\u0732\u072a\u072c\u0738\u0712</span></a>, <a href=\"dosearch.php?searchkey=15980&amp;language=id\"><span class=\"eastsyriac\">\u072c\u0732\u072a\u072c\u0718\u073c\u0712\u0739\u0710</span></a>, <a href=\"dosearch.php?searchkey=15983&amp;language=id\"><span class=\"eastsyriac\">\u072c\u0732\u072a\u072c\u071d\u073c\u0712</span></a>, <a href=\"dosearch.php?searchkey=30179&amp;language=id\"><span class=\"eastsyriac\">\u072c\u0732\u072a\u072c\u0718\u073c\u0712\u0735\u0710</span></a></span>", "<span class=\"wordlink\"><a href=\"dosearch.php?searchkey=7872&amp;language=id\"><span class=\"eastsyriac\">\u0721\u0732\u0720\u071a\u0735\u0721\u072c\u0735\u0710</span></a></span>"], "key": "15979", "west": "\u072c\u0730\u072a\u072c\u0730\u0712\u072c\u0733\u0710", "phonetic": "<td>tar ' tab ta:</td>", "east": "\u072c\u0732\u072a\u072c\u0732\u0712\u072c\u0735\u0710"},
{"searchkey": "12519", "audio": [], "context": [], "webrank": 60, "text": [" : concord , agreement , harmony , a just adaptation ;"], "english": "<td>concord , agreement , harmony , a just adaptation ;</td>", "cf": ["<span class=\"wordlink\"><a href=\"dosearch.php?searchkey=9589&amp;language=id\"><span class=\"eastsyriac\">\u0723\u0732\u0719\u0713\u0735\u072a</span></a>, <a href=\"dosearch.php?searchkey=9591&amp;language=id\"><span class=\"eastsyriac\">\u0723\u0732\u0719\u0713\u0735\u072a\u0718\u073c\u072c\u0735\u0710</span></a>, <a href=\"dosearch.php?searchkey=10036&amp;language=id\"><span class=\"eastsyriac\">\u0725\u0712\u0742\u0732\u0715 \u072b\u0732\u0720\u0721\u0718\u073c\u072c\u0735\u0710</span></a>, <a href=\"dosearch.php?searchkey=12519&amp;language=id\"><span class=\"eastsyriac\">\u0729\u0718\u073c\u0722\u0729\u0735\u071d\u0735\u0710</span></a>, <a href=\"dosearch.php?searchkey=10036&amp;language=id\"><span class=\"eastsyriac\">\u0725\u0712\u0742\u0732\u0715 \u072b\u0732\u0720\u0721\u0718\u073c\u072c\u0735\u0710</span></a>, <a href=\"dosearch.php?searchkey=13071&amp;language=id\"><span class=\"eastsyriac\">\u0729\u0728\u0735\u0728\u0735\u0710</span></a>, <a href=\"dosearch.php?searchkey=5302&amp;language=id\"><span class=\"eastsyriac\">\u071b\u072a\u0735\u0729\u071b\u0732\u071b\u0735\u0710</span></a>, <a href=\"dosearch.php?searchkey=9511&amp;language=id\"><span class=\"eastsyriac\">\u0723\u0718\u073f\u0722\u0715\u0718\u073f\u0729\u071b\u071d\u073c\u0729\u0718\u073f\u0722</span></a>, <a href=\"dosearch.php?searchkey=12446&amp;language=id\"><span class=\"eastsyriac\">\u0729\u0735\u0718\u0720\u0735\u0710</span></a>, <a href=\"dosearch.php?searchkey=13060&amp;language=id\"><span class=\"eastsyriac\">\u0729\u0728\u0718\u073f\u0728\u0735\u0710</span></a>, <a href=\"dosearch.php?searchkey=15721&amp;language=id\"><span class=\"eastsyriac\">\u072c\u0732\u0722\u0718\u0732\u071d</span></a>, <a href=\"dosearch.php?searchkey=32659&amp;language=id\"><span class=\"eastsyriac\">\u0710\u0735\u0718\u071d\u0718\u073c\u072c\u0735\u0710</span></a></span>"], "key": "12519", "west": "\u0729\u073d\u0718\u0722\u0729\u0733\u071d\u0733\u0710", "phonetic": "<td>qun ' qa ia</td>", "east": "\u0729\u0718\u073c\u0722\u0729\u0735\u071d\u0735\u0710"},
{"searchkey": "11851", "audio": [], "context": [], "webrank": 50, "text": [" : fit / fitting , suitable (by nature or by art) , apt , adapted to an end / object / design , appropriate / proper , opportune (?) / expedient (?) ;"], "english": "<td>fit / fitting , suitable (by nature or by art) , apt , adapted to an end / object / design , appropriate / proper , opportune (?) / expedient (?) ;</td>", "cf": ["<span class=\"wordlink\"><a href=\"dosearch.php?searchkey=9588&amp;language=id\"><span class=\"eastsyriac\">\u0723\u0735\u0719</span></a></span>", "<span class=\"wordlink\"><a href=\"dosearch.php?searchkey=11208&amp;language=id\"><span class=\"eastsyriac\">\u0726\u0732\u0729\u0735\u071a\u0735\u0710</span></a></span>"], "key": "11851", "west": "\u0728\u0733\u0719", "phonetic": "<td>' \u1e63az</td>", "east": "\u0728\u0735\u0719"},
{"searchkey": "4560", "audio": [], "context": [], "webrank": 80, "text": [" : 1) a theater , an edifice adapted to any exhibition before an assembly ;\r\n2) a sphere of operation ; \r\n3) a show , a play ;"], "english": "<td>1) a theater , an edifice adapted to any exhibition before an assembly ;\r\n2) a sphere of operation ; \r\n3) a show , a play ;</td>", "cf": ["<span class=\"wordlink\"><a href=\"dosearch.php?searchkey=xezwAnA%27&amp;language=fullsyriac\"><span class=\"eastsyriac\">\u071a\u0738\u0719\u0718\u0735\u0722\u0735\u0710</span></a>, <a href=\"dosearch.php?searchkey=bEytxEzwAnE%27&amp;language=fullsyriac\"><span class=\"eastsyriac\">\u0712\u0739\u071d\u072c\u071a\u0739\u0719\u0718\u0735\u0722\u0739\u0710</span></a>, <a href=\"dosearch.php?searchkey=TragudA%27&amp;language=fullsyriac\"><span class=\"eastsyriac\">\u071b\u072a\u0732\u0713\u0718\u073c\u0715\u0735\u0710</span></a></span>"], "key": "4560", "west": "\u072c\u0736\u0710\u0730\u071b\u072a\u073d\u0718\u0722", "phonetic": "<td>ti ' a\u1e6d ro:n</td>", "east": "\u072c\u0739\u0710\u0732\u071b\u072a\u0718\u073f\u0722"},
{"searchkey": "10304", "audio": [], "context": ["adverb ; see \u071d\u0732\u072c\u071d\u073c\u072a\u0735\u0710\u071d\u073c\u072c\u0742"], "webrank": 30, "text": [" : 1) specific , anything peculiarly adapted to its purpose ;\r\n2) ", " : especially , particularly , beyond the limit , unusually , exceedingly , exceptionally , to a vast extent / degree , above all ;"], "english": "<td>1) specific , anything peculiarly adapted to its purpose ;\r\n2) <span class=\"context\">adverb ; see <a href=\"dosearch.php?searchkey=yatirA%27itL&amp;language=fullsyriac\"><span class=\"eastsyriac\">\u071d\u0732\u072c\u071d\u073c\u072a\u0735\u0710\u071d\u073c\u072c\u0742</span></a></span> : especially , particularly , beyond the limit , unusually , exceedingly , exceptionally , to a vast extent / degree , above all ;</td>", "cf": ["<span class=\"wordlink\"><a href=\"dosearch.php?searchkey=16077&amp;language=id\"><span class=\"eastsyriac\">\u0725\u0732\u0720 \u0717\u0732\u0715</span></a></span>", "<span class=\"wordlink\"><a href=\"dosearch.php?searchkey=7887&amp;language=id\"><span class=\"eastsyriac\">\u0721\u0735\u0720\u071d\u073c\u0723\u071b\u0735\u0710</span></a>, <a href=\"dosearch.php?searchkey=406&amp;language=id\"><span class=\"eastsyriac\">\u0710\u0738\u0720\u0735\u0710\u071f\u0739\u0710</span></a>, <a href=\"dosearch.php?searchkey=8060&amp;language=id\"><span class=\"eastsyriac\">\u0721\u0722\u0735\u072c\u0735\u0710\u071d\u073c\u072c</span></a>, <a href=\"dosearch.php?searchkey=2958&amp;language=id\"><span class=\"eastsyriac\">\u0715\u071d\u073c\u0720\u0735\u0722\u0735\u0710\u071d\u073c\u072c</span></a>, <a href=\"dosearch.php?searchkey=17912&amp;language=id\"><span class=\"eastsyriac\">\u0726\u072a\u071d\u073c\u072b\u0735\u0710\u071d\u073c\u072c</span></a>, <a href=\"dosearch.php?searchkey=17913&amp;language=id\"><span class=\"eastsyriac\">\u071f\u0720\u0735\u0722\u0735\u0710\u071d\u073c\u072c</span></a>, <a href=\"dosearch.php?searchkey=17911&amp;language=id\"><span class=\"eastsyriac\">\u0723\u0718\u073f\u0713\u0742\u0710\u0732\u072c</span></a>, <a href=\"dosearch.php?searchkey=7887&amp;language=id\"><span class=\"eastsyriac\">\u0721\u0735\u0720\u071d\u073c\u0723\u071b\u0735\u0710</span></a>, <a href=\"dosearch.php?searchkey=2958&amp;language=id\"><span class=\"eastsyriac\">\u0715\u071d\u073c\u0720\u0735\u0722\u0735\u0710\u071d\u073c\u072c</span></a>, <a href=\"dosearch.php?searchkey=18664&amp;language=id\"><span class=\"eastsyriac\">\u0726\u072a\u071d\u073c\u072b\u0735\u0710\u071d\u073c\u072c</span></a>, <a href=\"dosearch.php?searchkey=33411&amp;language=id\"><span class=\"eastsyriac\">\u0721\u072b\u0732\u0721\u0717\u0735\u0710\u071d\u073c\u072c</span></a>, <a href=\"dosearch.php?searchkey=13661&amp;language=id\"><span class=\"eastsyriac\">\u072a\u071d\u073c\u072b\u0735\u0710\u071d\u073c\u072c</span></a>, <a href=\"dosearch.php?searchkey=16056&amp;language=id\"><span class=\"eastsyriac\">\u071d\u073c\u071a\u071d\u073c\u0715\u0735\u0710\u071d\u073c\u072c</span></a>, <a href=\"dosearch.php?searchkey=24694&amp;language=id\"><span class=\"eastsyriac\">\u071d\u0732\u072c\u071d\u073c\u072a\u0735\u0710\u071d\u073c\u072c\u0742</span></a>, <a href=\"dosearch.php?searchkey=2958&amp;language=id\"><span class=\"eastsyriac\">\u0715\u071d\u073c\u0720\u0735\u0735\u0710\u071d\u073c\u072c</span></a>, <a href=\"dosearch.php?searchkey=17912&amp;language=id\"><span class=\"eastsyriac\">\u0726\u072a\u071d\u073c\u072b\u0735\u0710\u071d\u073c\u072c</span></a></span>"], "key": "10304", "west": "\u0725\u0730\u0720\u0717\u0730\u0715\u0733\u0710", "phonetic": "<td>al ' had da:</td>", "east": "\u0725\u0732\u0720\u0717\u0732\u0715\u0735\u0710"},
{"searchkey": "16077", "audio": [], "context": ["see \u0721\u0725\u0732\u071d\u0722\u0735\u0710"], "webrank": 20, "text": [" : 1) specific , anything peculiarly adapted to its purpose , ", " ;\r\n2) (adverb) : especially , particularly , beyond the limit , unusually , exceedingly , exceptionally , to a vast extent / degree , on purpose (?) , above all ;"], "english": "<td>1) specific , anything peculiarly adapted to its purpose , <span class=\"context\">see <a href=\"dosearch.php?searchkey=mcaynA%27&amp;language=fullsyriac\"><span class=\"eastsyriac\">\u0721\u0725\u0732\u071d\u0722\u0735\u0710</span></a></span> ;\r\n2) (adverb) : especially , particularly , beyond the limit , unusually , exceedingly , exceptionally , to a vast extent / degree , on purpose (?) , above all ;</td>", "cf": ["<span class=\"wordlink\"><a href=\"dosearch.php?searchkey=10304&amp;language=id\"><span class=\"eastsyriac\">\u0725\u0732\u0720\u0717\u0732\u0715\u0735\u0710</span></a></span>"], "key": "16077", "west": "\u0725\u0730\u0720 \u0717\u0730\u0715", "phonetic": "<td>' a:l had</td>", "east": "\u0725\u0732\u0720 \u0717\u0732\u0715"},
{"searchkey": "9899", "audio": [], "context": ["transitive verb"], "webrank": 10, "text": [" : ", " : 1) to direct , to point / show to a person the right way or course / to guide / lead (?) ;\r\n2) to adapt , to explain ;"], "english": "<td><span class=\"context\">transitive verb</span> : 1) to direct , to point / show to a person the right way or course / to guide / lead (?) ;\r\n2) to adapt , to explain ;</td>", "cf": ["<span class=\"wordlink\"><a href=\"dosearch.php?searchkey=27509&amp;language=id\"><span class=\"eastsyriac\">\u0723\u0738\u0729\u0721\u0735\u0710</span></a>, <a href=\"dosearch.php?searchkey=19186&amp;language=id\"><span class=\"eastsyriac\">\u0723\u0735\u0729\u0738\u0721</span></a>, <a href=\"dosearch.php?searchkey=9560&amp;language=id\"><span class=\"eastsyriac\">\u0723\u0718\u073c\u0729\u0735\u0721\u0735\u0710</span></a></span>", "<span class=\"wordlink\"><a href=\"dosearch.php?searchkey=3230&amp;language=id\"><span class=\"eastsyriac\">\u0715\u072a\u0735\u0725\u0735\u0710</span></a>, <a href=\"dosearch.php?searchkey=3310&amp;language=id\"><span class=\"eastsyriac\">\u0717\u0715\u0735\u0710</span></a>, <a href=\"dosearch.php?searchkey=14056&amp;language=id\"><span class=\"eastsyriac\">\u072b\u0712\u0742\u0735\u0720\u0735\u0710</span></a></span>"], "key": "9899", "west": "\u0723\u0729\u0733\u0721\u0733\u0710", "phonetic": "<td>' sqa: ma:</td>", "east": "\u0723\u0729\u0735\u0721\u0735\u0710"},
{"searchkey": "15980", "audio": [], "context": ["Rh\u00e9tor\u00e9 (Arabic origin) ?"], "webrank": 10, "text": [" : 1) to adapt , to make suitable / to suit , to adjust , ", " : to be in order (?) , to be arranged (?) ;\r\n2) to tack , to stitch , to sew loosely ;\r\n3) to be pockmarked / pocky / pox-ridden ;"], "english": "<td>1) to adapt , to make suitable / to suit , to adjust , <span class=\"context\">Rh\u00e9tor\u00e9 (Arabic origin) ?</span> : to be in order (?) , to be arranged (?) ;\r\n2) to tack , to stitch , to sew loosely ;\r\n3) to be pockmarked / pocky / pox-ridden ;</td>", "cf": ["<span class=\"wordlink\"><a href=\"dosearch.php?searchkey=15983&amp;language=id\"><span class=\"eastsyriac\">\u072c\u0732\u072a\u072c\u071d\u073c\u0712</span></a>, <a href=\"dosearch.php?searchkey=15979&amp;language=id\"><span class=\"eastsyriac\">\u072c\u0732\u072a\u072c\u0732\u0712\u072c\u0735\u0710</span></a>, <a href=\"dosearch.php?searchkey=26713&amp;language=id\"><span class=\"eastsyriac\">\u0721\u072c\u0732\u072a\u072c\u0738\u0712</span></a>, <a href=\"dosearch.php?searchkey=30179&amp;language=id\"><span class=\"eastsyriac\">\u072c\u0732\u072a\u072c\u0718\u073c\u0712\u0735\u0710</span></a>, <a href=\"dosearch.php?searchkey=30731&amp;language=id\"><span class=\"eastsyriac\">\u0721\u072c\u0732\u072a\u072c\u0718\u073f\u0712\u0739\u0710</span></a>, <a href=\"dosearch.php?searchkey=30730&amp;language=id\"><span class=\"eastsyriac\">\u0721\u0732\u072c\u072a\u072c\u0718\u073f\u0712\u0739\u0710</span></a></span>"], "key": "15980", "west": "\u072c\u0730\u072a\u072c\u073d\u0718\u0712\u0736\u0710", "phonetic": "<td>tar ' tu: bi:</td>", "east": "\u072c\u0732\u072a\u072c\u0718\u073c\u0712\u0739\u0710"},
{"searchkey": "15983", "audio": [], "context": [], "webrank": 20, "text": [" : 1) an adaptation , an orderly arrangement , a disposition ;\r\n2) a form , a figure ;"], "english": "<td>1) an adaptation , an orderly arrangement , a disposition ;\r\n2) a form , a figure ;</td>", "cf": ["<span class=\"wordlink\"><a href=\"dosearch.php?searchkey=15980&amp;language=id\"><span class=\"eastsyriac\">\u072c\u0732\u072a\u072c\u0718\u073c\u0712\u0739\u0710</span></a>, <a href=\"dosearch.php?searchkey=15979&amp;language=id\"><span class=\"eastsyriac\">\u072c\u0732\u072a\u072c\u0732\u0712\u072c\u0735\u0710</span></a>, <a href=\"dosearch.php?searchkey=16151&amp;language=id\"><span class=\"eastsyriac\">\u0712\u0739\u0710 \u072c\u0732\u072a\u072c\u071d\u073c\u0712</span></a>, <a href=\"dosearch.php?searchkey=15979&amp;language=id\"><span class=\"eastsyriac\">\u072c\u0732\u072a\u072c\u0732\u0712\u072c\u0735\u0710</span></a>, <a href=\"dosearch.php?searchkey=26713&amp;language=id\"><span class=\"eastsyriac\">\u0721\u072c\u0732\u072a\u072c\u0738\u0712</span></a>, <a href=\"dosearch.php?searchkey=15979&amp;language=id\"><span class=\"eastsyriac\">\u072c\u0732\u072a\u072c\u0732\u0712\u072c\u0735\u0710</span></a>, <a href=\"dosearch.php?searchkey=26713&amp;language=id\"><span class=\"eastsyriac\">\u0721\u072c\u0732\u072a\u072c\u0738\u0712</span></a>, <a href=\"dosearch.php?searchkey=15980&amp;language=id\"><span class=\"eastsyriac\">\u072c\u0732\u072a\u072c\u0718\u073c\u0712\u0739\u0710</span></a>, <a href=\"dosearch.php?searchkey=30179&amp;language=id\"><span class=\"eastsyriac\">\u072c\u0732\u072a\u072c\u0718\u073c\u0712\u0735\u0710</span></a></span>", "<span class=\"wordlink\"><a href=\"dosearch.php?searchkey=5414&amp;language=id\"><span class=\"eastsyriac\">\u071d\u0718\u073c\u0729\u0722\u0735\u0710</span></a>, <a href=\"dosearch.php?searchkey=509&amp;language=id\"><span class=\"eastsyriac\">\u0710\u0732\u0722\u0715\u0735\u0719\u0735\u0710</span></a>, <a href=\"dosearch.php?searchkey=15937&amp;language=id\"><span class=\"eastsyriac\">\u072c\u0732\u072a\u071f\u071d\u073c\u0712</span></a></span>"], "key": "15983", "west": "\u072c\u0730\u072a\u072c\u073a\u071d\u0712", "phonetic": "<td>' ter ti:b</td>", "east": "\u072c\u0732\u072a\u072c\u071d\u073c\u0712"}
]