[
{"searchkey": "30438", "audio": [], "context": ["Rh\u00e9tor\u00e9 ; feminine singular of"], "webrank": 3, "text": [" : "], "english": "<td><span class=\"context\">Rh\u00e9tor\u00e9 ; feminine singular of <span class=\"locution\"><span class=\"eastsyriac\">\u0725\u0720\u0732\u071d\u0721\u0735\u0710</span></span> / <a href=\"dosearch.php?searchkey=climA%27&amp;language=fullsyriac\"><span class=\"eastsyriac\">\u0725\u0720\u071d\u073c\u0721\u0735\u0710</span></a></span> : teenage / adolescent / in her teens ;\r\n<span class=\"context\">Bailis Shamun : <span class=\"locution\"><span class=\"eastsyriac\">\u0725\u0720\u0732\u071d\u0721\u072c\u0735\u0710</span></span> : figurative sense</span> : a nymph / a comely lass ;\r\n<span class=\"context\">plural masculine and feminine : <span class=\"locution\"><span class=\"eastsyriac\">\u0725\u0720\u0732\u071d\u0721\u0308\u0739\u0710</span></span></span> : teenage / adolescent / in their teens ;</td>", "cf": ["<span class=\"wordlink\"><a href=\"dosearch.php?searchkey=clm&amp;language=fullsyriac\"><span class=\"eastsyriac\">\u0725\u0720\u0721</span></a></span>", "<span class=\"wordlink\"><a href=\"dosearch.php?searchkey=18457&amp;language=id\"><span class=\"eastsyriac\">\u0712\u072a\u0735\u072c\u0742\u0735\u0710</span></a>, <a href=\"dosearch.php?searchkey=4605&amp;language=id\"><span class=\"eastsyriac\">\u071a\u0732\u0721\u072c\u0735\u0710</span></a>, <a href=\"dosearch.php?searchkey=bartA%27&amp;language=fullsyriac\"><span class=\"eastsyriac\">\u0712\u0732\u072a\u072c\u0735\u0710</span></a></span>"], "key": "30438", "west": "\u0725\u0720\u0730\u071d\u0721\u072c\u0742\u0733\u0710", "phonetic": "<td>' l\u00e9m tha:</td>", "east": "\u0725\u0720\u0732\u071d\u0721\u072c\u0742\u0735\u0710"},
{"searchkey": "10316", "audio": [], "context": ["Oraham", "Rh\u00e9tor\u00e9", "feminine singular : \u0725\u0720\u0732\u071d\u0721\u072c\u0742\u0735\u0710", "plural masculine and feminine :"], "webrank": 2, "text": [" : 1) ", " : youth , the part of life that succeeds to childhood / teenage / adolescence , a young person (especially man) / a youth , a teenager ;\r\n2) ", " : teenage / adolescent / in his teens , a youngster , ", " : in her teens ;\r\n"], "english": "<td>1) <span class=\"context\">Oraham</span> : youth , the part of life that succeeds to childhood / teenage / adolescence , a young person (especially man) / a youth , a teenager ;\r\n2) <span class=\"context\">Rh\u00e9tor\u00e9</span> : teenage / adolescent / in his teens , a youngster , <span class=\"context\">feminine singular : <a href=\"dosearch.php?searchkey=claymtLA%27&amp;language=fullsyriac\"><span class=\"eastsyriac\">\u0725\u0720\u0732\u071d\u0721\u072c\u0742\u0735\u0710</span></a></span> : in her teens ;\r\n<span class=\"context\">plural masculine and feminine : <span class=\"locution\"><span class=\"eastsyriac\">\u0725\u0720\u0732\u071d\u073c\u0721\u0308\u0739\u0710</span></span></span> : teenage / in their teens ;</td>", "cf": ["<span class=\"wordlink\"><a href=\"dosearch.php?searchkey=clm&amp;language=fullsyriac\"><span class=\"eastsyriac\">\u0725\u0720\u0721</span></a></span>", "<span class=\"wordlink\"><a href=\"dosearch.php?searchkey=5144&amp;language=id\"><span class=\"eastsyriac\">\u071b\u0732\u0720\u071d\u0718\u073c\u0723\u072c\u0735\u0710</span></a>, <a href=\"dosearch.php?searchkey=5145&amp;language=id\"><span class=\"eastsyriac\">\u071b\u0732\u0720\u071d\u0718\u073c\u072c\u0735\u0710</span></a>, <a href=\"dosearch.php?searchkey=5153&amp;language=id\"><span class=\"eastsyriac\">\u071b\u0720\u071d\u073c\u072c\u0735\u0710</span></a>, <a href=\"dosearch.php?searchkey=5474&amp;language=id\"><span class=\"eastsyriac\">\u071d\u0735\u0720\u0715\u0747\u072c\u0735\u0710</span></a>, <a href=\"dosearch.php?searchkey=1931&amp;language=id\"><span class=\"eastsyriac\">\u0713\u0732\u0715\u0718\u073c\u0715\u0735\u0710</span></a>, <a href=\"dosearch.php?searchkey=5141&amp;language=id\"><span class=\"eastsyriac\">\u071b\u0732\u0720\u071d\u0718\u073c\u0723\u0735\u0710</span></a>, <a href=\"dosearch.php?searchkey=5463&amp;language=id\"><span class=\"eastsyriac\">\u071d\u0735\u0720\u0735\u0715\u0747\u0710</span></a>, <a href=\"dosearch.php?searchkey=jArxA%27&amp;language=fullsyriac\"><span class=\"eastsyriac\">\u072b\u0735\u072a\u071a\u0735\u0710</span></a>, <a href=\"dosearch.php?searchkey=1931&amp;language=id\"><span class=\"eastsyriac\">\u0713\u0732\u0715\u0718\u073c\u0715\u0735\u0710</span></a></span>"], "key": "10316", "west": "\u0725\u0720\u073a\u071d\u0721\u0733\u0710", "phonetic": "<td>e ' li: ma:</td>", "east": "\u0725\u0720\u071d\u073c\u0721\u0735\u0710"},
{"searchkey": "6137", "audio": [], "context": ["adjectif masculin et f\u00e9minin"], "webrank": 1, "text": [" : 1) ", " : complete , no part (item or element) lacking , filled up , free from deficiency , perfect ;\r\n2) adolescent / teenager , adult / grown-up ;"], "english": "<td>1) <span class=\"context\">adjectif masculin et f\u00e9minin</span> : complete , no part (item or element) lacking , filled up , free from deficiency , perfect ;\r\n2) adolescent / teenager , adult / grown-up ;</td>", "cf": ["<span class=\"wordlink\"><a href=\"dosearch.php?searchkey=kml&amp;language=fullsyriac\"><span class=\"eastsyriac\">\u071f\u0721\u0720</span></a>, <a href=\"dosearch.php?searchkey=23560&amp;language=id\"><span class=\"eastsyriac\">\u0721\u071f\u0735\u0721\u0738\u0720</span></a>, <a href=\"dosearch.php?searchkey=23559&amp;language=id\"><span class=\"eastsyriac\">\u071f\u0735\u0721\u0738\u0720</span></a>, <a href=\"dosearch.php?searchkey=34390&amp;language=id\"><span class=\"eastsyriac\">\u0712\u071f\u0735\u0721\u071d\u073c\u0720\u0718\u073c\u072c\u0735\u0710</span></a>, <a href=\"dosearch.php?searchkey=23562&amp;language=id\"><span class=\"eastsyriac\">\u071f\u0732\u0721\u0735\u0720</span></a>, <a href=\"dosearch.php?searchkey=5645&amp;language=id\"><span class=\"eastsyriac\">\u071f\u0735\u0710\u0721\u071d\u073c\u0720</span></a>, <a href=\"dosearch.php?searchkey=23560&amp;language=id\"><span class=\"eastsyriac\">\u0721\u071f\u0735\u0721\u0738\u0720</span></a>, <a href=\"dosearch.php?searchkey=23559&amp;language=id\"><span class=\"eastsyriac\">\u071f\u0735\u0721\u0738\u0720</span></a></span>", "<span class=\"wordlink\"><a href=\"dosearch.php?searchkey=14611&amp;language=id\"><span class=\"eastsyriac\">\u072b\u071d\u073c\u0721\u0735\u0710</span></a>, <a href=\"dosearch.php?searchkey=1217&amp;language=id\"><span class=\"eastsyriac\">\u0712\u0739\u071b\u072c\u0735\u0718</span></a>, <a href=\"dosearch.php?searchkey=1807&amp;language=id\"><span class=\"eastsyriac\">\u0712\u0739\u072c\u0718\u073c\u0722</span></a>, <a href=\"dosearch.php?searchkey=4269&amp;language=id\"><span class=\"eastsyriac\">\u071a\u0718\u073f\u072b</span></a>, <a href=\"dosearch.php?searchkey=6033&amp;language=id\"><span class=\"eastsyriac\">\u071f\u0720</span></a></span>"], "key": "6137", "west": "\u071f\u0733\u0721\u073a\u071d\u0720", "phonetic": "<td>' ka: mil</td>", "east": "\u071f\u0735\u0721\u071d\u073c\u0720"}
]