[
{"searchkey": "12357", "audio": [], "context": ["Yoab Benjamin", "see \u0729\u0718\u073c\u0712\u0735\u0720\u0718\u073c\u072c\u0742\u0735\u0710", "religion : judaism and Eastern Christianity"], "webrank": 7, "text": [" : 1) the acceptance , the act of accepting / receiving what is offered , the admission / reception / adoption (?) ;\r\n2) the state of being accepted ;\r\n3) ", " : hospitality , ", " ;\r\n4) "], "english": "<td>1) the acceptance , the act of accepting / receiving what is offered , the admission / reception / adoption (?) ;\r\n2) the state of being accepted ;\r\n3) <span class=\"context\">Yoab Benjamin</span> : hospitality , <span class=\"context\">see <a href=\"dosearch.php?searchkey=qubAlutLA%27&amp;language=fullsyriac\"><span class=\"eastsyriac\">\u0729\u0718\u073c\u0712\u0735\u0720\u0718\u073c\u072c\u0742\u0735\u0710</span></a></span> ;\r\n4) <span class=\"context\">religion : judaism and Eastern Christianity ; <span class=\"locution\"><span class=\"eastsyriac\">\u0729\u0718\u073f\u0712\u0735\u0720\u0735\u0710</span></span></span> : a banquet of the Word / oral transmission of traditions <span class=\"context\">in a decentralized place of worship</span> ;</td>", "cf": ["<span class=\"wordlink\"><a href=\"dosearch.php?searchkey=20402&amp;language=id\"><span class=\"eastsyriac\">\u0729\u0712\u0720</span></a>, <a href=\"dosearch.php?searchkey=12235&amp;language=id\"><span class=\"eastsyriac\">\u0729\u0712\u0735\u0720\u0735\u0710</span></a>, <a href=\"dosearch.php?searchkey=12212&amp;language=id\"><span class=\"eastsyriac\">\u0729\u0735\u0712\u0718\u073f\u0720\u0739\u0710</span></a>, <a href=\"dosearch.php?searchkey=12211&amp;language=id\"><span class=\"eastsyriac\">\u0729\u0735\u0712\u0718\u073f\u0720</span></a>, <a href=\"dosearch.php?searchkey=12263&amp;language=id\"><span class=\"eastsyriac\">\u0729\u0735\u0712\u0735\u0720\u0735\u0710</span></a>, <a href=\"dosearch.php?searchkey=8375&amp;language=id\"><span class=\"eastsyriac\">\u0721\u0732\u0729\u0712\u0718\u073c\u0720\u0738\u0710</span></a>, <a href=\"dosearch.php?searchkey=8836&amp;language=id\"><span class=\"eastsyriac\">\u0721\u0738\u072c\u0729\u0732\u0712\u0720\u0735\u0722\u0735\u0710</span></a>, <a href=\"dosearch.php?searchkey=12244&amp;language=id\"><span class=\"eastsyriac\">\u0729\u0732\u0712\u0720\u0735\u0722\u0735\u0710</span></a>, <a href=\"dosearch.php?searchkey=12246&amp;language=id\"><span class=\"eastsyriac\">\u0729\u0735\u0712\u0732\u0720\u072c\u0735\u0710</span></a>, <a href=\"dosearch.php?searchkey=24726&amp;language=id\"><span class=\"eastsyriac\">\u0721\u0729\u0732\u0712\u0720\u0735\u0722\u0735\u0710</span></a>, <a href=\"dosearch.php?searchkey=24724&amp;language=id\"><span class=\"eastsyriac\">\u0729\u0718\u073c\u0712\u0735\u0720\u0718\u073c\u072c\u0742\u0735\u0710</span></a>, <a href=\"dosearch.php?searchkey=lA%27+qbilA%27&amp;language=fullsyriac\"><span class=\"eastsyriac\">\u0720\u0735\u0710 \u0729\u0712\u071d\u073c\u0720\u0735\u0710</span></a></span>", "<span class=\"wordlink\"><a href=\"dosearch.php?searchkey=24725&amp;language=id\"><span class=\"eastsyriac\">\u0710\u0735\u072a\u071a\u0718\u073c\u072c\u0742\u0735\u0710</span></a>, <a href=\"dosearch.php?searchkey=24723&amp;language=id\"><span class=\"eastsyriac\">\u0721\u0735\u0718\u0717\u0718\u073c\u0712\u0732\u072c</span></a>, <a href=\"dosearch.php?searchkey=30915&amp;language=id\"><span class=\"eastsyriac\">\u0721\u0732\u071a\u0718\u0718\u073f\u071d\u0735\u0710</span></a>, <a href=\"dosearch.php?searchkey=30914&amp;language=id\"><span class=\"eastsyriac\">\u071a\u0718\u0735\u071d\u0735\u0710</span></a>, <a href=\"dosearch.php?searchkey=8663&amp;language=id\"><span class=\"eastsyriac\">\u0721\u0732\u072b\u072a\u0735\u071d\u072c\u0735\u0710</span></a></span>"], "key": "12357", "west": "\u0729\u073d\u0718\u0712\u0733\u0720\u0733\u0710", "phonetic": "<td>qu: ' ba: la:</td>", "east": "\u0729\u0718\u073c\u0712\u0735\u0720\u0735\u0710"},
{"searchkey": "18675", "audio": [], "context": ["Romans : 8, 15"], "webrank": 5, "text": [" : ", " : adoption (of children) ;"], "english": "<td><span class=\"context\">Romans : 8, 15</span> : adoption (of children) ;</td>", "cf": ["<span class=\"wordlink\"><a href=\"dosearch.php?searchkey=17811&amp;language=id\"><span class=\"eastsyriac\">\u0725\u0712\u0715</span></a>, <a href=\"dosearch.php?searchkey=1709&amp;language=id\"><span class=\"eastsyriac\">\u0712\u072a\u0718\u073f\u0722\u0735\u0710</span></a></span>"], "key": "18675", "west": "\u0725\u0712\u0742\u0733\u0715\u072c\u0733\u0710 \u0715\u0712\u0722\u0308\u073d\u0718\u0722\u0736\u0710", "phonetic": "<td>' vad ta:d b ' nu: n\u00e9</td>", "east": "\u0725\u0712\u0742\u0735\u0715\u072c\u0735\u0710 \u0715\u0712\u0722\u0308\u0718\u073f\u0722\u0739\u0710"},
{"searchkey": "25694", "audio": [], "context": [], "webrank": 4, "text": [" : adoption ;"], "english": "<td>adoption ;</td>", "cf": ["<span class=\"wordlink\"><a href=\"dosearch.php?searchkey=17811&amp;language=id\"><span class=\"eastsyriac\">\u0725\u0712\u0715</span></a>, <a href=\"dosearch.php?searchkey=25693&amp;language=id\"><span class=\"eastsyriac\">\u0725\u0735\u0712\u0742\u0738\u0715\u0742</span></a>, <a href=\"dosearch.php?searchkey=10038&amp;language=id\"><span class=\"eastsyriac\">\u0725\u0712\u0742\u0735\u0715\u0735\u0710</span></a>, <a href=\"dosearch.php?searchkey=25695&amp;language=id\"><span class=\"eastsyriac\">\u0725\u0712\u0742\u0735\u0715\u0742\u072c\u0735\u0710</span></a>, <a href=\"dosearch.php?searchkey=25696&amp;language=id\"><span class=\"eastsyriac\">\u0725\u0712\u0742\u0735\u0715 \u0710\u071d\u073c\u0308\u0715\u0732\u071d\u0735\u0710</span></a>, <a href=\"dosearch.php?searchkey=25693&amp;language=id\"><span class=\"eastsyriac\">\u0725\u0735\u0712\u0742\u0738\u0715\u0742</span></a></span>", "<span class=\"wordlink\"><a href=\"dosearch.php?searchkey=27318&amp;language=id\"><span class=\"eastsyriac\">\u0723\u071d\u073c\u0721\u0732\u072c\u0742\u0712\u0308\u0722\u0732\u071d\u0735\u0710</span></a></span>"], "key": "25694", "west": "\u0725\u0712\u0742\u0733\u0715\u0742\u072c\u0733\u0710 \u0715\u0712\u0722\u073d\u0718\u0722\u0308\u0736\u0710", "phonetic": "<td>' wadh ta:d ' bnu: n\u00e9</td>", "east": "\u0725\u0712\u0742\u0735\u0715\u0742\u072c\u0735\u0710 \u0715\u0712\u0722\u0718\u073f\u0722\u0308\u0739\u0710"},
{"searchkey": "24890", "audio": [], "context": [" = \u0721\u0732\u072c\u071d\u0738\u0712\u0742 : causative of \u071d\u0735\u072c\u0738\u0712\u0742", "an official", "decree", "rules", "also with"], "webrank": 1, "text": [" : 1) ", " : to cause to sit , to let have a seat , to cause to stay ;\r\n2) to place , to put , to lay , to set , ", " : to assign , to appoint , ", " : to make , ", " : to set up , to establish , "], "english": "<td>1) <span class=\"context\"> = <a href=\"dosearch.php?searchkey=matyebL&amp;language=fullsyriac\"><span class=\"eastsyriac\">\u0721\u0732\u072c\u071d\u0738\u0712\u0742</span></a> : causative of <a href=\"dosearch.php?searchkey=yAtebL&amp;language=fullsyriac\"><span class=\"eastsyriac\">\u071d\u0735\u072c\u0738\u0712\u0742</span></a></span> : to cause to sit , to let have a seat , to cause to stay ;\r\n2) to place , to put , to lay , to set , <span class=\"context\">an official</span> : to assign , to appoint , <span class=\"context\">decree</span> : to make , <span class=\"context\">rules</span> : to set up , to establish , <span class=\"context\">also with <span class=\"locution\"><span class=\"eastsyriac\">\u0712\u0720\u0738\u0712\u0739\u0717</span></span> or <span class=\"locution\"><span class=\"eastsyriac\">\u0712\u071a\u071d\u073c\u0735\u0720\u0739\u0717</span></span></span> ;\r\n<span class=\"context\">Rh\u00e9tor\u00e9 (with a corroborative pronoun) : <span class=\"locution\"><span class=\"eastsyriac\">\u0721\u0738\u072c\u0738\u0712\u0742 \u0720\u0732\u071d \u0725\u0738\u0720\u0732\u071d \u0715\u0729\u0732\u071d\u0308\u0723\u0739\u0710</span></span></span> : \"put them on them (the) woods\" / put them on them logs / put them on the logs , <span class=\"context\">= <span class=\"locution\"><span class=\"eastsyriac\">\u0721\u0735\u072c\u0738\u0712\u0742 \u0720\u0732\u071d \u0725\u0732\u0720 \u0729\u0732\u071d\u0308\u0723\u0739\u0710</span></span></span> ;\r\n3) <span class=\"context\">with <a href=\"dosearch.php?searchkey=cal&amp;language=fullsyriac\"><span class=\"eastsyriac\">\u0725\u0732\u0720</span></a> : on</span> : tp levy / to collect <span class=\"context\">a tax</span> ;\r\n4) <span class=\"context\">NENA</span> : to camp , to lodge , to put up for the night , to host <span class=\"context\">at one's home</span> ;\r\n5) to lay down , to lay aside , <span class=\"context\">weapons ?</span> : to lay down (?) , <span class=\"context\">object, differences ?</span> : to pay aside (?) ;\r\n6) <span class=\"context\">also with <span class=\"locution\"><span class=\"eastsyriac\">\u0712\u071a\u0732\u0719\u071d\u073c\u0722\u0735\u0710</span></span></span> : to lay up , to store up ;\r\n7) <span class=\"context\">with <a href=\"dosearch.php?searchkey=l&amp;language=fullsyriac\"><span class=\"eastsyriac\">\u0720</span></a></span> : to compare with ;\r\n8) <span class=\"context\">Psalm 50, 23</span> : to set right , to prepare , to change for uprightness (?) ;\r\n9) <span class=\"context\">with <a href=\"dosearch.php?searchkey=cal&amp;language=fullsyriac\"><span class=\"eastsyriac\">\u0725\u0732\u0720</span></a></span> : to add to ;\r\n10) <span class=\"context\">with <span class=\"locution\"><span class=\"eastsyriac\">\u0712\u0712\u0738\u0722\u071d\u0732\u072c</span></span></span> : to found , to establish ;\r\n<span class=\"locution\"><span class=\"eastsyriac\">\u0721\u0732\u072c\u0738\u0712\u0742 \u0710\u071d\u073c\u0715\u0735\u0710 \u0725\u0732\u0720</span></span> : to lay hands on , to ordain ;\r\n<span class=\"context\">Ezra : 10, 10</span> : <span class=\"locution\"><span class=\"eastsyriac\">\u0721\u0732\u072c\u071d\u0738\u0712\u0742 \u0712\u0732\u071f\u0742\u072c\u0735\u0710</span></span> : to marry , to take as a wife ;\r\n<span class=\"locution\"><span class=\"eastsyriac\">\u0721\u0732\u072c\u0732\u0712\u0742\u072c\u0735\u0710 \u0715\u0712\u0722\u0718\u073f\u0722\u0308\u0739\u0710</span></span> : adoption , <span class=\"context\">= <span class=\"locution\"><span class=\"eastsyriac\">\u0725\u0712\u0742\u0742\u0735\u0715\u0742\u072c\u0735\u0710 \u0715\u0712\u0722\u0718\u073f\u0722\u0308\u0739\u0710</span></span></span> ;\r\n<span class=\"context\">Genesis : 17, 6</span> : <span class=\"locution\"><span class=\"eastsyriac\">\u0712\u0738\u072c \u0721\u0732\u072c\u0712\u0742\u0738\u0722\u0718\u073c\u071f\u0742 \u0720\u071b\u0735\u071d\u0738\u0726\u0308\u0739\u0710</span></span> : I will make nations of thee ;\r\n<span class=\"locution\"><span class=\"eastsyriac\">\u0721\u0732\u072c\u0738\u0712\u0742 \u072b\u0735\u0718\u0726\u0735\u0710</span></span> : to imprint , to mark / to take an impression ;\r\n<span class=\"context\">\u0721\u0732\u072c\u0738\u0712\u0742 \u071f\u0739\u0710\u0726\u0735\u0710 \u0725\u0732\u0720</span> : to shelve <span class=\"context\">a matter</span> , to table / to freeze / to postpone ;\r\n<span class=\"locution\"><span class=\"eastsyriac\">\u0721\u0732\u072c\u0738\u0712\u0742 \u0725\u0732\u0720 \u0729\u0715\u0735\u0720\u0718\u073c\u0717\u071d</span></span> : to make <span class=\"context\">somebody</span> responsible ;\r\n<span class=\"locution\"><span class=\"eastsyriac\">\u0721\u0732\u072c\u0738\u0712\u0742 \u0729\u0732\u0715\u072a\u0735\u0710 \u0725\u0732\u0720</span></span> : to honor , to do honor to ;\r\n<span class=\"locution\"><span class=\"eastsyriac\">\u0721\u0732\u072c\u0738\u0712\u0742 \u0720\u0738\u0712\u0735\u0710</span></span> / <span class=\"locution\"><span class=\"eastsyriac\">\u0721\u0732\u072c\u0738\u0712\u0742 \u0720\u0738\u0712\u0739\u0717</span></span> : to take to heart , to trouble about , to pay attention to , to consider ;\r\n<span class=\"context\">NENA ; with <a href=\"dosearch.php?searchkey=cal&amp;language=fullsyriac\"><span class=\"eastsyriac\">\u0725\u0732\u0720</span></a> or infinitive</span> : <span class=\"locution\"><span class=\"eastsyriac\">\u0721\u0732\u072c\u0738\u0712\u0742 \u0712\u0735\u0720\u0735\u0710</span></span> / <span class=\"locution\"><span class=\"eastsyriac\">\u0721\u0732\u072c\u0738\u0712\u073c \u0712\u0735\u0720\u0739\u0717</span></span> : to pay attention to , to set the face / the mind to , to resolve , to resolutely purpose to ;</td>", "cf": ["<span class=\"wordlink\"><a href=\"dosearch.php?searchkey=24892&amp;language=id\"><span class=\"eastsyriac\">\u0721\u0735\u0718\u072c\u0738\u0712\u0742</span></a></span>"], "key": "24890", "west": "\u0721\u0730\u072c\u0736\u0712\u0742", "phonetic": "<td>' ma tiw</td>", "east": "\u0721\u0732\u072c\u0738\u0712\u0742"},
{"searchkey": "18297", "audio": [], "context": ["Classical Syriac", "hidden"], "webrank": 2, "text": [" : ", " 1) a ", " treasure , a treasure trove / a hoard"], "english": "<td><span class=\"context\">Classical Syriac</span> 1) a <span class=\"context\">hidden</span> treasure , a treasure trove / a hoard ;\r\n<span class=\"locution\"><span class=\"eastsyriac\"> \u0723\u071d\u073c\u0721\u0732\u072c \u071a\u071d\u0308\u0710 </span></span> : of eternal life ;\r\n<a href=\"dosearch.php?searchkey=simat+mA%27nayC+pAturA%27&amp;language=fullsyriac\"><span class=\"eastsyriac\">\u0723\u071d\u073c\u0721\u0732\u072c \u0721\u0735\u0710\u0722\u0732\u071d\u0308 \u0726\u0735\u072c\u0718\u073c\u072a\u0735\u0710</span></a> : a buffet , a self-serve meal , a serve-yourself meal ;\r\n2) a secret ;\r\n3) <span class=\"locution\"><span class=\"eastsyriac\"> \u0712\u0723\u071d\u073c\u0721\u0732\u072c </span></span> : in place of , instead of / in the stead of ;\r\n4) adoption ;\r\n5) burial , internment , tomb <span class=\"context\">in phrase <span class=\"locution\"><span class=\"eastsyriac\"> \u0723\u071d\u073c\u0721\u0732\u072c \u0715\u0713\u0732\u072a\u0721\u0718\u073f\u0717\u071d </span></span></span> ;\r\n6) <span class=\"context\">Vernacular (Eastern, Western (?)) Syriac</span> : <a href=\"dosearch.php?searchkey=jTAr+simtA%27&amp;language=fullsyriac\"><span class=\"eastsyriac\">\u072b\u071b\u0735\u072a \u0723\u071d\u073c\u0721\u072c\u0735\u0710</span></a> : a cheque ;</td>", "cf": ["<span class=\"wordlink\"><a href=\"dosearch.php?searchkey=sm&amp;language=fullsyriac\"><span class=\"eastsyriac\">\u0723\u0721</span></a>, <a href=\"dosearch.php?searchkey=9377&amp;language=id\"><span class=\"eastsyriac\">\u0723\u0739\u0710\u0721\u0735\u0710</span></a></span>", "<span class=\"wordlink\"><a href=\"dosearch.php?searchkey=18298&amp;language=id\"><span class=\"eastsyriac\">\u071b\u0738\u0721\u072a\u0735\u0710</span></a>, <a href=\"dosearch.php?searchkey=18299&amp;language=id\"><span class=\"eastsyriac\">\u0721\u0732\u071b\u0721\u0718\u073c\u072a\u072c\u0735\u0710</span></a>, <a href=\"dosearch.php?searchkey=21649&amp;language=id\"><span class=\"eastsyriac\">\u071a\u0732\u0719\u0722\u0735\u0710</span></a>, <a href=\"dosearch.php?searchkey=4302&amp;language=id\"><span class=\"eastsyriac\">\u071a\u0732\u0719\u071d\u073c\u0722\u0735\u0710</span></a>, <a href=\"dosearch.php?searchkey=4312&amp;language=id\"><span class=\"eastsyriac\">\u071a\u0732\u0719\u0738\u0722\u072c\u0735\u0710</span></a>, <a href=\"dosearch.php?searchkey=21650&amp;language=id\"><span class=\"eastsyriac\">\u071a\u0738\u0719\u0308\u0722\u0735\u072c\u0742\u0735\u0710</span></a>, <a href=\"dosearch.php?searchkey=2165&amp;language=id\"><span class=\"eastsyriac\">\u0713\u0732\u0719\u0735\u0710</span></a>, <a href=\"dosearch.php?searchkey=5169&amp;language=id\"><span class=\"eastsyriac\">\u071b\u0721\u0718\u073c\u072a\u072c\u0735\u0710</span></a>, <a href=\"dosearch.php?searchkey=13040&amp;language=id\"><span class=\"eastsyriac\">\u0729\u0738\u0726\u0720\u0735\u0710</span></a>, <a href=\"dosearch.php?searchkey=33793&amp;language=id\"><span class=\"eastsyriac\">\u0713\u0732\u0722\u0719\u0735\u0710</span></a></span>"], "key": "18297", "west": "\u0723\u073a\u071d\u0721\u072c\u0733\u0710", "phonetic": "<td>' sim ta:</td>", "east": "\u0723\u071d\u073c\u0721\u072c\u0735\u0710"},
{"searchkey": "27318", "audio": [], "context": [], "webrank": 3, "text": [" : adoption ; "], "english": "<td>adoption ; </td>", "cf": ["<span class=\"wordlink\"><a href=\"dosearch.php?searchkey=25694&amp;language=id\"><span class=\"eastsyriac\">\u0725\u0712\u0742\u0735\u0715\u0742\u072c\u0735\u0710 \u0715\u0712\u0722\u0718\u073f\u0722\u0308\u0739\u0710</span></a></span>"], "key": "27318", "west": "\u0723\u073a\u071d\u0721\u0730\u072c\u0742\u0712\u0308\u0722\u0730\u071d\u0733\u0710", "phonetic": "<td>si: math ' bn\u00e9 ia: </td>", "east": "\u0723\u071d\u073c\u0721\u0732\u072c\u0742\u0712\u0308\u0722\u0732\u071d\u0735\u0710"},
{"searchkey": "10311", "audio": [], "context": [], "webrank": 6, "text": [" : 1) adoption , espousal (?) / favorable reception (?) , appropriation (?) / acquisition (?) ;\r\n2) (grammar) : insertion of a non-radical letter ;"], "english": "<td>1) adoption , espousal (?) / favorable reception (?) , appropriation (?) / acquisition (?) ;\r\n2) (grammar) : insertion of a non-radical letter ;</td>", "cf": ["<span class=\"wordlink\"><a href=\"dosearch.php?searchkey=yzApA%27&amp;language=fullsyriac\"><span class=\"eastsyriac\">\u071d\u0719\u0735\u0726\u0735\u0710</span></a></span>"], "key": "10311", "west": "\u0725\u0733\u0720\u073d\u0718\u0720\u073d\u0718\u072c\u0733\u0710", "phonetic": "<td>a: lo ' lo ta:</td>", "east": "\u0725\u0735\u0720\u0718\u073f\u0720\u0718\u073f\u072c\u0735\u0710"}
]