[
{"searchkey": "9051", "audio": [], "context": [], "webrank": 4, "text": [" : a tattoo (pigments under the skin or figure produced by scars -like in some African tribes- ) ;"], "english": "<td>a tattoo (pigments under the skin or figure produced by scars -like in some African tribes- ) ;</td>", "cf": ["<span class=\"wordlink\"><a href=\"dosearch.php?searchkey=nuqdtLA%27&amp;language=fullsyriac\"><span class=\"eastsyriac\">\u0722\u0718\u073c\u0729\u0715\u072c\u0742\u0735\u0710</span></a></span>"], "key": "9051", "west": "\u0722\u073d\u0718\u0729\u0730\u072a\u072c\u0733\u0710", "phonetic": "<td>nu ' qar ta:</td>", "east": "\u0722\u0718\u073c\u0729\u0732\u072a\u072c\u0735\u0710"},
{"searchkey": "3559", "audio": [], "context": [], "webrank": 3, "text": [" : Proteles , a South African kind of hyena (smaller and with weaker jaws) ;"], "english": "<td>Proteles , a South African kind of hyena (smaller and with weaker jaws) ;</td>", "cf": ["<span class=\"wordlink\"><a href=\"dosearch.php?searchkey=3356&amp;language=id\"><span class=\"eastsyriac\">\u0717\u0718\u073f\u071b\u0735\u072a</span></a>, <a href=\"dosearch.php?searchkey=680&amp;language=id\"><span class=\"eastsyriac\">\u0710\u0732\u0726\u0725\u0735\u0710</span></a>, <a href=\"dosearch.php?searchkey=20599&amp;language=id\"><span class=\"eastsyriac\">\u071d\u0732\u0715\u0722\u0735\u0710</span></a>, <a href=\"dosearch.php?searchkey=20600&amp;language=id\"><span class=\"eastsyriac\">\u071d\u0732\u0715\u0722\u072c\u0735\u0710</span></a>, <a href=\"dosearch.php?searchkey=5499&amp;language=id\"><span class=\"eastsyriac\">\u071d\u0732\u0720\u0735\u0720\u0735\u0710</span></a>, <a href=\"dosearch.php?searchkey=10578&amp;language=id\"><span class=\"eastsyriac\">\u0726\u0739\u0710\u0735\u0710</span></a></span>"], "key": "3559", "west": "\u0717\u0730\u072a\u071f\u0733\u0710", "phonetic": "<td>' har ka:</td>", "east": "\u0717\u0732\u072a\u071f\u0735\u0710"},
{"searchkey": "2175", "audio": [], "context": ["custom in some Muslim African countries"], "webrank": 2, "text": [" : circumcision , ", " : excision (?) ; "], "english": "<td>circumcision , <span class=\"context\">custom in some Muslim African countries</span> : excision (?) ; </td>", "cf": ["<span class=\"wordlink\"><a href=\"dosearch.php?searchkey=17316&amp;language=id\"><span class=\"eastsyriac\">\u0713\u0719\u072a</span></a>, <a href=\"dosearch.php?searchkey=2182&amp;language=id\"><span class=\"eastsyriac\">\u0713\u0732\u0719\u0735\u072a\u0735\u0710</span></a>, <a href=\"dosearch.php?searchkey=2188&amp;language=id\"><span class=\"eastsyriac\">\u0713\u0732\u0719\u0735\u072a\u0718\u073c\u072c\u0735\u0710</span></a>, <a href=\"dosearch.php?searchkey=2190&amp;language=id\"><span class=\"eastsyriac\">\u0713\u0719\u0735\u072a\u072c\u0735\u0710</span></a>, <a href=\"dosearch.php?searchkey=2174&amp;language=id\"><span class=\"eastsyriac\">\u0713\u0719\u0718\u073c\u072a\u071d\u0735\u0710</span></a>, <a href=\"dosearch.php?searchkey=17938&amp;language=id\"><span class=\"eastsyriac\">\u0713\u0735\u0719\u0739\u072a</span></a>, <a href=\"dosearch.php?searchkey=2189&amp;language=id\"><span class=\"eastsyriac\">\u0713\u0719\u0735\u072a\u0718\u073c\u072c\u0735\u0710</span></a>, <a href=\"dosearch.php?searchkey=2191&amp;language=id\"><span class=\"eastsyriac\">\u0713\u0735\u0719\u0735\u072a\u072c\u0735\u0710</span></a>, <a href=\"dosearch.php?searchkey=2192&amp;language=id\"><span class=\"eastsyriac\">\u0713\u0735\u0719\u0735\u072a\u072c\u0718\u073c\u0722\u071d\u073c\u072c\u0735\u0710</span></a>, <a href=\"dosearch.php?searchkey=17940&amp;language=id\"><span class=\"eastsyriac\">\u0713\u0718\u073c\u0719\u072a\u0735\u0710</span></a>, <a href=\"dosearch.php?searchkey=17941&amp;language=id\"><span class=\"eastsyriac\">\u0713\u0719\u071d\u073c\u072a\u072c\u0735\u0710</span></a>, <a href=\"dosearch.php?searchkey=17942&amp;language=id\"><span class=\"eastsyriac\">\u0713\u0735\u0719\u0732\u072a\u072c\u0718\u073f\u0722\u071d\u073c\u072c\u0735\u0710</span></a>, <a href=\"dosearch.php?searchkey=17943&amp;language=id\"><span class=\"eastsyriac\">\u0713\u0735\u0719\u072a\u0718\u073f\u0722\u071d\u073c\u072c\u0735\u0710</span></a>, <a href=\"dosearch.php?searchkey=2183&amp;language=id\"><span class=\"eastsyriac\">\u0713\u0739\u0719\u072a\u0735\u0710</span></a>, <a href=\"dosearch.php?searchkey=2181&amp;language=id\"><span class=\"eastsyriac\">\u0713\u0719\u0735\u072a\u0735\u0710</span></a>, <a href=\"dosearch.php?searchkey=7066&amp;language=id\"><span class=\"eastsyriac\">\u0721\u0732\u0713\u0719\u0735\u072a\u0735\u0710</span></a></span>", "<span class=\"wordlink\"><a href=\"dosearch.php?searchkey=27246&amp;language=id\"><span class=\"eastsyriac\">\u0723\u0718\u073c\u0722\u0732\u072c\u0718\u073c\u072c\u0742\u0735\u0710</span></a></span>", "<span class=\"wordlink\"><a href=\"dosearch.php?searchkey=11118&amp;language=id\"><span class=\"eastsyriac\">\u0726\u0735\u0723\u0718\u073f\u0729\u0718\u073c\u072c\u0735\u0710</span></a>, <a href=\"dosearch.php?searchkey=7051&amp;language=id\"><span class=\"eastsyriac\">\u0721\u0732\u0713\u0330\u0718\u0735\u0713\u0330\u072c\u0735\u0710</span></a>, <a href=\"dosearch.php?searchkey=10204&amp;language=id\"><span class=\"eastsyriac\">\u0725\u0718\u073c\u072a\u0720\u0718\u073c\u072c\u0735\u0710</span></a>, <a href=\"dosearch.php?searchkey=10203&amp;language=id\"><span class=\"eastsyriac\">\u0725\u0718\u073c\u072a\u0720\u0735\u0710</span></a>, <a href=\"dosearch.php?searchkey=17939&amp;language=id\"><span class=\"eastsyriac\">\u0710\u0732\u0722\u071d\u073c\u0713\u0742\u0735\u0710</span></a>, <a href=\"dosearch.php?searchkey=27244&amp;language=id\"><span class=\"eastsyriac\">\u0710\u0732\u0722\u071d\u073c\u0713\u0742\u0718\u073c\u072c\u0735\u0710</span></a>, <a href=\"dosearch.php?searchkey=27245&amp;language=id\"><span class=\"eastsyriac\">\u0721\u0722\u071d\u073c\u0713\u0742\u0718\u073c\u072c\u0735\u0710</span></a>, <a href=\"dosearch.php?searchkey=27246&amp;language=id\"><span class=\"eastsyriac\">\u0723\u0718\u073c\u0722\u0732\u072c\u0718\u073c\u072c\u0742\u0735\u0710</span></a>, <a href=\"dosearch.php?searchkey=9534&amp;language=id\"><span class=\"eastsyriac\">\u0723\u0718\u073c\u0722\u0732\u072c</span></a></span>"], "key": "2175", "west": "\u0713\u0719\u073d\u0718\u072a\u072c\u0733\u0710", "phonetic": "<td>' gzu:r ta:</td>", "east": "\u0713\u0719\u0718\u073c\u072a\u072c\u0735\u0710"},
{"searchkey": "687", "audio": [], "context": [], "webrank": 1, "text": [" : african"], "english": "<td>african</td>", "cf": [], "key": "687", "west": "\u0710\u0730\u0726\u072a\u071d\u071f\u0733\u071d\u0733\u0710", "phonetic": "<td>a pri ' ka ia</td>", "east": "\u0710\u0732\u0726\u072a\u071d\u071f\u0735\u071d\u0735\u0710"}
]