[
{"searchkey": "11498", "audio": [], "context": ["transitive verb", "Bailis Shamun ; see \u0726\u0735\u072b\u0739\u071b", "Bailis Shamun ; transitive ; see also \u0721\u0732\u0713\u0742\u0718\u0718\u073c\u071d\u0739\u0710", "Bailis Shamun ; transitive ; see also \u0722\u0735\u0723\u0739\u0712\u0742"], "webrank": 10, "text": [" : ", " : 1) to outdistance , to gradually move away from / increase the distance between self and others , to outrun , to outstrip , to outpace , to leave behind , to overtake (?) , to outdrive , to go far ahead of , to surpass , to out do , to outmatch , to transcend / exceed ;\r\n2) to stretch out , to extend , to spread out ;\r\n3) ", " : to travel , to journey , to go on a journey / a trip / a tour ;\r\n4) ", " : to pervade , to spread through ;\r\n5) ", " : to start , to start out , to cause to happen , to begin / to kick off , to cause to begin / to establish / to get going ;"], "english": "<td><span class=\"context\">transitive verb</span> : 1) to outdistance , to gradually move away from / increase the distance between self and others , to outrun , to outstrip , to outpace , to leave behind , to overtake (?) , to outdrive , to go far ahead of , to surpass , to out do , to outmatch , to transcend / exceed ;\r\n2) to stretch out , to extend , to spread out ;\r\n3) <span class=\"context\">Bailis Shamun ; see <a href=\"dosearch.php?searchkey=pAjET&amp;language=fullsyriac\"><span class=\"eastsyriac\">\u0726\u0735\u072b\u0739\u071b</span></a></span> : to travel , to journey , to go on a journey / a trip / a tour ;\r\n4) <span class=\"context\">Bailis Shamun ; transitive ; see also <a href=\"dosearch.php?searchkey=magLwuyE%27&amp;language=fullsyriac\"><span class=\"eastsyriac\">\u0721\u0732\u0713\u0742\u0718\u0718\u073c\u071d\u0739\u0710</span></a></span> : to pervade , to spread through ;\r\n5) <span class=\"context\">Bailis Shamun ; transitive ; see also <a href=\"dosearch.php?searchkey=nAsEbL&amp;language=fullsyriac\"><span class=\"eastsyriac\">\u0722\u0735\u0723\u0739\u0712\u0742</span></a></span> : to start , to start out , to cause to happen , to begin / to kick off , to cause to begin / to establish / to get going ;</td>", "cf": ["<span class=\"wordlink\"><a href=\"dosearch.php?searchkey=17486&amp;language=id\"><span class=\"eastsyriac\">\u071d\u072b\u071b</span></a>, <a href=\"dosearch.php?searchkey=11505&amp;language=id\"><span class=\"eastsyriac\">\u0726\u072b\u071d\u073c\u071b\u0735\u0710\u071d\u073c\u072c</span></a>, <a href=\"dosearch.php?searchkey=11506&amp;language=id\"><span class=\"eastsyriac\">\u0726\u072b\u071d\u073c\u071b\u0718\u073c\u072c\u0735\u0710</span></a>, <a href=\"dosearch.php?searchkey=11504&amp;language=id\"><span class=\"eastsyriac\">\u0726\u072b\u071d\u073c\u071b\u0735\u0710</span></a>, <a href=\"dosearch.php?searchkey=11500&amp;language=id\"><span class=\"eastsyriac\">\u0726\u0735\u072b\u0732\u071b\u072c\u0735\u0710</span></a>, <a href=\"dosearch.php?searchkey=11499&amp;language=id\"><span class=\"eastsyriac\">\u0726\u0738\u072b\u071b\u0735\u0722\u0735\u0710</span></a>, <a href=\"dosearch.php?searchkey=11489&amp;language=id\"><span class=\"eastsyriac\">\u0726\u0735\u072b\u0718\u073f\u071b\u0739\u0710</span></a>, <a href=\"dosearch.php?searchkey=5599&amp;language=id\"><span class=\"eastsyriac\">\u071d\u0732\u072b\u071b\u0735\u0710</span></a>, <a href=\"dosearch.php?searchkey=13658&amp;language=id\"><span class=\"eastsyriac\">\u072a\u071d\u073c\u072b\u0710 \u0715\u071d\u0732\u072b\u071b\u0735\u0710</span></a>, <a href=\"dosearch.php?searchkey=25940&amp;language=id\"><span class=\"eastsyriac\">\u0726\u0735\u072b\u0738\u071b</span></a>, <a href=\"dosearch.php?searchkey=25939&amp;language=id\"><span class=\"eastsyriac\">\u0721\u0726\u0735\u072b\u0738\u071b</span></a>, <a href=\"dosearch.php?searchkey=25941&amp;language=id\"><span class=\"eastsyriac\">\u0721\u0732\u0726\u072b\u0738\u071b</span></a>, <a href=\"dosearch.php?searchkey=11507&amp;language=id\"><span class=\"eastsyriac\">\u0726\u072b\u071d\u073c\u071b\u072c\u0735\u0710</span></a>, <a href=\"dosearch.php?searchkey=33790&amp;language=id\"><span class=\"eastsyriac\">\u0726\u0735\u072b\u0739\u071b</span></a></span>", "<span class=\"wordlink\"><a href=\"dosearch.php?searchkey=11456&amp;language=id\"><span class=\"eastsyriac\">\u0726\u0732\u072a\u072b\u0718\u073c\u071a\u0739\u0710</span></a>, <a href=\"dosearch.php?searchkey=11497&amp;language=id\"><span class=\"eastsyriac\">\u0726\u072b\u0735\u071a\u0735\u0710</span></a>, <a href=\"dosearch.php?searchkey=5245&amp;language=id\"><span class=\"eastsyriac\">\u071b\u0726\u0735\u071a\u0735\u0710</span></a>, <a href=\"dosearch.php?searchkey=8298&amp;language=id\"><span class=\"eastsyriac\">\u0721\u0732\u0726\u072a\u0718\u073c\u0723\u0739\u0710</span></a>, <a href=\"dosearch.php?searchkey=8738&amp;language=id\"><span class=\"eastsyriac\">\u0721\u072c\u0735\u071a\u0735\u0710</span></a>, <a href=\"dosearch.php?searchkey=10807&amp;language=id\"><span class=\"eastsyriac\">\u0726\u0718\u073c\u072b\u0735\u071a\u0735\u0710</span></a>, <a href=\"dosearch.php?searchkey=33786&amp;language=id\"><span class=\"eastsyriac\">\u071a\u0735\u0719\u0739\u0729</span></a>, <a href=\"dosearch.php?searchkey=35162&amp;language=id\"><span class=\"eastsyriac\">\u0721\u0732\u0713\u0742\u0718\u0739\u0710</span></a>, <a href=\"dosearch.php?searchkey=35165&amp;language=id\"><span class=\"eastsyriac\">\u072b\u0732\u072a\u0738\u0712\u0742</span></a>, <a href=\"dosearch.php?searchkey=35166&amp;language=id\"><span class=\"eastsyriac\">\u072b\u0732\u072a\u0718\u073c\u0712\u0739\u0710</span></a>, <a href=\"dosearch.php?searchkey=17925&amp;language=id\"><span class=\"eastsyriac\">\u0726\u0735\u072a\u0739\u0723</span></a>, <a href=\"dosearch.php?searchkey=11392&amp;language=id\"><span class=\"eastsyriac\">\u0726\u072a\u0735\u0723\u0735\u0710</span></a>, <a href=\"dosearch.php?searchkey=31277&amp;language=id\"><span class=\"eastsyriac\">\u071a\u0735\u0712\u0739\u072b</span></a>, <a href=\"dosearch.php?searchkey=4094&amp;language=id\"><span class=\"eastsyriac\">\u071a\u0712\u0742\u0735\u072b\u0735\u0710</span></a>, <a href=\"dosearch.php?searchkey=35162&amp;language=id\"><span class=\"eastsyriac\">\u0721\u0732\u0713\u0742\u0718\u0718\u073c\u071d\u0739\u0710</span></a>, <a href=\"dosearch.php?searchkey=33760&amp;language=id\"><span class=\"eastsyriac\">\u072c\u0735\u072a\u0739\u0725</span></a></span>"], "key": "11498", "west": "\u0726\u072b\u0733\u071b\u0733\u0710", "phonetic": "<td>' p\u0161a: \u1e6da:</td>", "east": "\u0726\u072b\u0735\u071b\u0735\u0710"},
{"searchkey": "8382", "audio": [], "context": ["sword ...", "Rh\u00e9tor\u00e9"], "webrank": 7, "text": [" : before , in front of , preceding in space , ahead of , afore , previous to , prior to , ", " drawn forth / brandished ;\r\n"], "english": "<td>before , in front of , preceding in space , ahead of , afore , previous to , prior to , <span class=\"context\">sword ...</span> drawn forth / brandished ;\r\n<span class=\"context\">Rh\u00e9tor\u00e9 ; <span class=\"locution\"><span class=\"eastsyriac\">\u072c\u0732\u072a\u0308\u0725\u0739\u0710 \u0715\u071f\u0720\u0732\u071d\u0717\u071d\u073c \u0713\u0742\u0720\u071d\u073c\u0729 \u0720\u0739\u0717 \u0718\u0723\u0732\u071d\u0726\u0739\u0717 \u0721\u0729\u0735\u0715\u0747\u0721 \u0715\u0738\u0721\u0735\u0710 \u0723\u0721\u071d\u073c\u0729 \u0720\u0739\u0717</span></span></span> : it / <span class=\"context\">the plague</span> shut the doors of all its victims, its drawn sword was reddened with blood ;\r\n</td>", "cf": ["<span class=\"wordlink\"><a href=\"dosearch.php?searchkey=21245&amp;language=id\"><span class=\"eastsyriac\">\u0729\u0715\u0721</span></a>, <a href=\"dosearch.php?searchkey=20230&amp;language=id\"><span class=\"eastsyriac\">\u0721\u0729\u0735\u0715\u0747\u0721</span></a>, <a href=\"dosearch.php?searchkey=24369&amp;language=id\"><span class=\"eastsyriac\">\u0721\u0729\u0735\u0715\u0738\u0721</span></a>, <a href=\"dosearch.php?searchkey=26067&amp;language=id\"><span class=\"eastsyriac\">\u0721\u0729\u0735\u0715\u0718\u073f\u0721\u0739\u0710</span></a></span>", "<span class=\"wordlink\"><a href=\"dosearch.php?searchkey=27171&amp;language=id\"><span class=\"eastsyriac\">\u072b\u0735\u0721\u0738\u071b</span></a></span>"], "key": "8382", "west": "\u0721\u0729\u0730\u0715\u0747\u0721", "phonetic": "<td>' mqam</td>", "east": "\u0721\u0729\u0732\u0715\u0747\u0721"},
{"searchkey": "22704", "audio": [], "context": ["see \u071d\u0735\u0713\u0747\u072a : to hire ;"], "webrank": 3, "text": [" : 1) to hasard ;\r\n2) to venture , to dare , to be bold , to meet challenges head-on / to forge ahead , to flirt (?) / to try to seduce (?) ;\r\n3) "], "english": "<td>1) to hasard ;\r\n2) to venture , to dare , to be bold , to meet challenges head-on / to forge ahead , to flirt (?) / to try to seduce (?) ;\r\n3) <span class=\"context\">see <a href=\"dosearch.php?searchkey=yAgMr&amp;language=fullsyriac\"><span class=\"eastsyriac\">\u071d\u0735\u0713\u0747\u072a</span></a> : to hire ;</span></td>", "cf": ["<span class=\"wordlink\"><a href=\"dosearch.php?searchkey=5591&amp;language=id\"><span class=\"eastsyriac\">\u071d\u0735\u072a\u0735\u0722\u0735\u0710</span></a>, <a href=\"dosearch.php?searchkey=5581&amp;language=id\"><span class=\"eastsyriac\">\u071d\u0735\u072a\u0718\u073c\u072c\u0735\u0710</span></a>, <a href=\"dosearch.php?searchkey=33927&amp;language=id\"><span class=\"eastsyriac\">\u071d\u0735\u0710\u0739\u072a</span></a></span>"], "key": "22704", "west": "\u071d\u0733\u0710\u0736\u072a", "phonetic": "<td>' ia: ir</td>", "east": "\u071d\u0735\u0710\u0738\u072a"},
{"searchkey": "24369", "audio": [], "context": ["Maclean ; Classical Syriac", "violence ...", "NENA, Classical Syriac", "with \u0720\u071f\u0738\u0723 or \u0729\u0735\u0715\u0747\u0721", "a matter", "sometimes with"], "webrank": 6, "text": [" : 1) ", " : to anticipate , to expect (?) / to foresee (?) , to pre-empt (?) / to forestall (?) / to prevent (?) ", " ;\r\n2) ", " : to get up early in the morning ;\r\n3) to seek early ,to seek diligently ;\r\n4) to come before , to come forward ;\r\n5) ", " : a) to come into the presence of , to report to , b) to bring ", " into the presence of ;\r\n6) "], "english": "<td>1) <span class=\"context\">Maclean ; Classical Syriac</span> : to anticipate , to expect (?) / to foresee (?) , to pre-empt (?) / to forestall (?) / to prevent (?) <span class=\"context\">violence ...</span> ;\r\n2) <span class=\"context\">NENA, Classical Syriac</span> : to get up early in the morning ;\r\n3) to seek early ,to seek diligently ;\r\n4) to come before , to come forward ;\r\n5) <span class=\"context\">with <a href=\"dosearch.php?searchkey=lkes&amp;language=fullsyriac\"><span class=\"eastsyriac\">\u0720\u071f\u0738\u0723</span></a> or <a href=\"dosearch.php?searchkey=qAdMm&amp;language=fullsyriac\"><span class=\"eastsyriac\">\u0729\u0735\u0715\u0747\u0721</span></a></span> : a) to come into the presence of , to report to , b) to bring <span class=\"context\">a matter</span> into the presence of ;\r\n6) <span class=\"context\">sometimes with <span class=\"locution\"><span class=\"eastsyriac\">\u0720\u0710\u0718\u073c\u072a\u071a\u0735\u0710 \u0715</span></span></span> : a) to go to meet , to go early to meet ;\r\n7) <span class=\"context\">with direct object</span> : to go in front , to go before , to ride the point ;\r\n<span class=\"locution\"><span class=\"eastsyriac\">\u0721\u0729\u0735\u0715\u0738\u0721 \u0726\u0732\u0710\u072c\u0742\u0735\u0710 \u0715</span></span> : to disappoint , to let down / to fail ;\r\n<span class=\"locution\"><span class=\"eastsyriac\">\u0721\u0729\u0735\u0715\u0738\u0721 \u071d\u0735\u0720\u0735\u0710 \u0721\u0732\u072a\u0715\u0718\u073c\u072c\u0735\u0710</span></span> : to chasten a boy betimes / while it is still time / in due time / before it is too late ;\r\n8) <span class=\"context\">Lishani</span> : to lead , to be ahead , to guide / show the way , to be an early bird , <span class=\"context\">day</span> : to dawn ;\r\n9) <span class=\"context\">Yoab Benjamin</span> : to present , to introduce , to put forward / to submit ;</td>", "cf": ["<span class=\"wordlink\"><a href=\"dosearch.php?searchkey=21245&amp;language=id\"><span class=\"eastsyriac\">\u0729\u0715\u0721</span></a>, <a href=\"dosearch.php?searchkey=20230&amp;language=id\"><span class=\"eastsyriac\">\u0721\u0729\u0735\u0715\u0747\u0721</span></a>, <a href=\"dosearch.php?searchkey=8382&amp;language=id\"><span class=\"eastsyriac\">\u0721\u0729\u0732\u0715\u0747\u0721</span></a>, <a href=\"dosearch.php?searchkey=26067&amp;language=id\"><span class=\"eastsyriac\">\u0721\u0729\u0735\u0715\u0718\u073f\u0721\u0739\u0710</span></a>, <a href=\"dosearch.php?searchkey=12315&amp;language=id\"><span class=\"eastsyriac\">\u0729\u0732\u0715\u0747\u0721\u0735\u0710</span></a>, <a href=\"dosearch.php?searchkey=28591&amp;language=id\"><span class=\"eastsyriac\">\u0729\u0735\u0715\u0742\u0738\u0721</span></a></span>", "<span class=\"wordlink\"><a href=\"dosearch.php?searchkey=28584&amp;language=id\"><span class=\"eastsyriac\">\u0729\u0735\u0715\u0718\u073f\u0721\u0739\u0710</span></a></span>", "<span class=\"wordlink\"><a href=\"dosearch.php?searchkey=20502&amp;language=id\"><span class=\"eastsyriac\">\u0717\u0735\u0715\u0739\u0710</span></a>, <a href=\"dosearch.php?searchkey=17822&amp;language=id\"><span class=\"eastsyriac\">\u0725\u0720\u0720</span></a>, <a href=\"dosearch.php?searchkey=17328&amp;language=id\"><span class=\"eastsyriac\">\u0715\u0712\u072a</span></a></span>"], "key": "24369", "west": "\u0721\u0729\u0733\u0715\u0736\u0721", "phonetic": "<td>(m) ' qa: dim</td>", "east": "\u0721\u0729\u0735\u0715\u0738\u0721"},
{"searchkey": "23909", "audio": [], "context": [], "webrank": 4, "text": [" : forwards , ahead , towards the front ;"], "english": "<td>forwards , ahead , towards the front ;</td>", "cf": ["<span class=\"wordlink\"><a href=\"dosearch.php?searchkey=23911&amp;language=id\"><span class=\"eastsyriac\">\u0720\u0712\u0735\u072c\u0747\u072a\u0718\u073c\u0717\u071d</span></a>, <a href=\"dosearch.php?searchkey=23910&amp;language=id\"><span class=\"eastsyriac\">-\u0720\u0735</span></a></span>"], "key": "23909", "west": "\u0720\u0733\u0729\u0730\u0715\u0747\u0721\u073d\u0718\u0717\u071d", "phonetic": "<td>la: ' qa: mu:</td>", "east": "\u0720\u0735\u0729\u0732\u0715\u0747\u0721\u0718\u073c\u0717\u071d"},
{"searchkey": "9224", "audio": [], "context": [], "webrank": 8, "text": [" : 1) a procession , going forth , proceeding / moving ahead / following a procedure / taking a course of action ;\r\n2) an utterance ;"], "english": "<td>1) a procession , going forth , proceeding / moving ahead / following a procedure / taking a course of action ;\r\n2) an utterance ;</td>", "cf": [], "key": "9224", "west": "\u0722\u0733\u0726\u073d\u0718\u0729\u073d\u0718\u072c\u0733\u0710", "phonetic": "<td>na pu: ' qu: ta</td>", "east": "\u0722\u0735\u0726\u0718\u073c\u0729\u0718\u073c\u072c\u0735\u0710"},
{"searchkey": "32476", "audio": [], "context": ["subject 3rd person singular masculine", "+"], "webrank": 2, "text": [" : ", " : to consider "], "english": "<td><span class=\"context\">subject 3rd person singular masculine</span> : to consider <span class=\"context\">+ <span class=\"locution\"><span class=\"eastsyriac\">\u0720\u0738</span></span> Ving</span> , to envisage , to look ahead to , to contemplate / to think about / to think of / to have <span class=\"context\">something</span> in mind ;\r\n<span class=\"context\">Rh\u00e9tor\u00e9 ; <span class=\"locution\"><span class=\"eastsyriac\">\u0718\u0725\u0735\u0720\u0721\u0735\u0710 \u0726\u071d\u073c\u072b \u0720\u0739\u0717 \u0712\u0738\u072a\u0725\u0735\u0720\u0735\u0710 \u0720\u0738\u0725\u072a\u0735\u0729\u0735\u0710 \u0717\u0712\u0742\u071d\u073c\u0720 \u0720\u0739\u0717 \u0712\u0735\u0720\u0735\u0710</span></span></span> : and everybody started to tremble / to fear and considered fleeing ;\r\n\r\n</td>", "cf": ["<span class=\"wordlink\"><a href=\"dosearch.php?searchkey=31057&amp;language=id\"><span class=\"eastsyriac\">\u0717\u0747\u0712\u0742\u071d\u073c\u0720\u0735\u0710</span></a>, <a href=\"dosearch.php?searchkey=1366&amp;language=id\"><span class=\"eastsyriac\">\u0712\u0735\u0720\u0735\u0710</span></a></span>", "<span class=\"wordlink\"><a href=\"dosearch.php?searchkey=4877&amp;language=id\"><span class=\"eastsyriac\">\u071a\u072b\u0735\u0712\u0742\u0735\u0710</span></a></span>"], "key": "32476", "west": "\u0717\u0712\u0742\u073a\u071d\u0720 \u0720\u0736\u0717 \u0712\u0733\u0720\u0733\u0710", "phonetic": "<td>' wi:l lih ' ba: la:</td>", "east": "\u0717\u0712\u0742\u071d\u073c\u0720 \u0720\u0738\u0717 \u0712\u0735\u0720\u0735\u0710"},
{"searchkey": "11111", "audio": [], "context": ["intransitive verb, with \u0712 : on", "="], "webrank": 9, "text": [" : 1) ", " : to step / go forward , to advance , to proceed , to move ahead , to go forth , to tread ;\r\n2) to march / to parade (?) , to proceed , to move forward , "], "english": "<td>1) <span class=\"context\">intransitive verb, with <a href=\"dosearch.php?searchkey=b&amp;language=fullsyriac\"><span class=\"eastsyriac\">\u0712</span></a> : on</span> : to step / go forward , to advance , to proceed , to move ahead , to go forth , to tread ;\r\n2) to march / to parade (?) , to proceed , to move forward , <span class=\"context\">= <span class=\"locution\"><span class=\"eastsyriac\">\u0726\u0735\u0723\u0738\u0725 \u0710\u0718\u073c\u072a\u071a\u0735\u0710</span></span></span> ;\r\n3) <span class=\"context\">NENA</span> : to step aside ;\r\n4) to leave , to leave off ;</td>", "cf": ["<span class=\"wordlink\"><a href=\"dosearch.php?searchkey=11116&amp;language=id\"><span class=\"eastsyriac\">\u0726\u0735\u0723\u0718\u073f\u0725\u072c\u0735\u0710</span></a>, <a href=\"dosearch.php?searchkey=11178&amp;language=id\"><span class=\"eastsyriac\">\u0726\u0735\u0728\u0718\u073f\u0725\u072c\u0735\u0710</span></a>, <a href=\"dosearch.php?searchkey=pASoltA%27&amp;language=fullsyriac\"><span class=\"eastsyriac\">\u0726\u0735\u0728\u0718\u073f\u0720\u072c\u0735\u0710</span></a>, <a href=\"dosearch.php?searchkey=11177&amp;language=id\"><span class=\"eastsyriac\"></span></a>, <a href=\"dosearch.php?searchkey=25879&amp;language=id\"><span class=\"eastsyriac\">\u0721\u0726\u0732\u0723\u0725\u0738\u0720</span></a></span>", "<span class=\"wordlink\"><a href=\"dosearch.php?searchkey=25879&amp;language=id\"><span class=\"eastsyriac\">\u0721\u0726\u0732\u0723\u0725\u0738\u0720</span></a></span>", "<span class=\"wordlink\"><a href=\"dosearch.php?searchkey=11110&amp;language=id\"><span class=\"eastsyriac\">\u0726\u0723\u0735\u0710</span></a></span>"], "key": "11111", "west": "\u0726\u0733\u0723\u0736\u0725", "phonetic": "<td>' pa: si: / ' pa: s\u00e9</td>", "east": "\u0726\u0735\u0723\u0738\u0725"},
{"searchkey": "2652", "audio": [], "context": ["expletive : = \u0715\u071d\u073c", "Rh\u00e9tor\u00e9"], "webrank": 1, "text": [" : 1) do not , be off , let go , come now ! , quit it ! , don't ! , be gone ! get lost ! , hit the road ! ;\r\n2) ", " : well ! go on !, go ahead ! , come on ! ;\r\n"], "english": "<td>1) do not , be off , let go , come now ! , quit it ! , don't ! , be gone ! get lost ! , hit the road ! ;\r\n2) <span class=\"context\">expletive : = <a href=\"dosearch.php?searchkey=di&amp;language=fullsyriac\"><span class=\"eastsyriac\">\u0715\u071d\u073c</span></a></span> : well ! go on !, go ahead ! , come on ! ;\r\n<span class=\"context\">Rh\u00e9tor\u00e9 ; <span class=\"locution\"><span class=\"eastsyriac\">\u0715\u0739\u0710 \u0712\u0715\u0718\u073f\u0722\u071d\u073c</span></span></span> : Tell me my son , come on son / so my son ;</td>", "cf": ["<span class=\"wordlink\"><a href=\"dosearch.php?searchkey=2648&amp;language=id\"><span class=\"eastsyriac\">\u0715\u0739\u0710 \u0715\u0739\u0710</span></a></span>"], "key": "2652", "west": "\u0715\u0736\u0710", "phonetic": "<td>' di:</td>", "east": "\u0715\u0739\u0710"},
{"searchkey": "26067", "audio": [], "context": ["NENA, Al Qosh :"], "webrank": 5, "text": [" : 1) beforehand , in anticipation , in advance / earlier / ahead / ahead of time / previously ;\r\n2) "], "english": "<td>1) beforehand , in anticipation , in advance / earlier / ahead / ahead of time / previously ;\r\n2) <span class=\"context\">NENA, Al Qosh : <span class=\"locution\"><span class=\"eastsyriac\">\u0721\u0747\u0729\u0735\u0715\u0718\u073f\u0721\u0739\u0710</span></span></span> : in the morning , tomorrow / to-morrow ;</td>", "cf": ["<span class=\"wordlink\"><a href=\"dosearch.php?searchkey=21245&amp;language=id\"><span class=\"eastsyriac\">\u0729\u0715\u0721</span></a>, <a href=\"dosearch.php?searchkey=20230&amp;language=id\"><span class=\"eastsyriac\">\u0721\u0729\u0735\u0715\u0747\u0721</span></a>, <a href=\"dosearch.php?searchkey=24369&amp;language=id\"><span class=\"eastsyriac\">\u0721\u0729\u0735\u0715\u0738\u0721</span></a>, <a href=\"dosearch.php?searchkey=8382&amp;language=id\"><span class=\"eastsyriac\">\u0721\u0729\u0732\u0715\u0747\u0721</span></a></span>"], "key": "26067", "west": "\u0721\u0729\u0733\u0715\u073d\u0718\u0721\u0736\u0710", "phonetic": "<td>(m) qa: ' du: mi:</td>", "east": "\u0721\u0729\u0735\u0715\u0718\u073f\u0721\u0739\u0710"},
{"searchkey": "12315", "audio": [], "context": ["Classical Syriac (adjective) :"], "webrank": 30, "text": [" : 1) the front , the fore , the foremost part the forward part , the part of anything which seems to look out , the frontage , the facade , the face ;\r\n2) "], "english": "<td>1) the front , the fore , the foremost part the forward part , the part of anything which seems to look out , the frontage , the facade , the face ;\r\n2) <span class=\"context\">Classical Syriac (adjective) : <span class=\"locution\"><span class=\"eastsyriac\">\u0729\u0732\u0715\u0721\u0735\u0710</span></span></span> : first , anterior / previous (?) , <span class=\"context\">see <a href=\"dosearch.php?searchkey=qdLim&amp;language=fullsyriac\"><span class=\"eastsyriac\">\u0729\u0715\u0742\u071d\u073c\u0721</span></a> / <a href=\"dosearch.php?searchkey=qdLimA%27&amp;language=fullsyriac\"><span class=\"eastsyriac\">\u0729\u0715\u0742\u071d\u073c\u0721\u0735\u0710</span></a></span> , <span class=\"context\">Bailis Shamun</span> : old-fashioned ;\r\n3) <span class=\"context\">adverb ; also <span class=\"locution\"><span class=\"eastsyriac\">\u0720\u0729\u0732\u0715\u0747\u0721\u0735\u0710</span></span></span> : before , in front , ahead ;\r\n4) <span class=\"context\">adverb : <span class=\"locution\"><span class=\"eastsyriac\">\u0720\u0735\u0729\u0732\u0715\u0747\u0721\u0735\u0710</span></span></span> : onwards ;\r\n<span class=\"locution\"><span class=\"eastsyriac\">\u0710\u0735\u0719\u0738\u0720 \u0720\u0729\u0732\u0715\u0747\u0721\u0739\u0717</span></span> / <span class=\"locution\"><span class=\"eastsyriac\">\u0710\u0735\u072c\u0739\u0710 \u0720\u0729\u0732\u0715\u0747\u0721\u0739\u0717</span></span> : to make progress , to proceed , to go forward / to be on its way ;\r\n<span class=\"locution\"><span class=\"eastsyriac\">\u0720\u0735\u0729\u0732\u0715\u0747\u0721\u0735\u0718\u071f\u0742\u0718\u073f\u0722</span></span> : a) forward , b) <span class=\"context\">figurative sense ; 1 Corinthians : 9, 17</span> : for the better ;\r\n<span class=\"context\">Rh\u00e9tor\u00e9 ; <span class=\"locution\"><span class=\"eastsyriac\">\u072b\u0718\u073c\u0720\u071d\u073c \u0720\u0729\u0735\u0715\u0747\u0721\u0739\u0717 \u071d\u0720\u0739\u0717</span></span></span> : my business is moving formward / proceeding well / is well on its way ;</td>", "cf": ["<span class=\"wordlink\"><a href=\"dosearch.php?searchkey=21245&amp;language=id\"><span class=\"eastsyriac\">\u0729\u0715\u0721</span></a>, <a href=\"dosearch.php?searchkey=12314&amp;language=id\"><span class=\"eastsyriac\">\u0729\u0715\u0735\u0721\u0735\u0710</span></a>, <a href=\"dosearch.php?searchkey=12316&amp;language=id\"><span class=\"eastsyriac\">\u0729\u0732\u0715\u0721\u0735\u0710\u071d\u073c\u072c</span></a>, <a href=\"dosearch.php?searchkey=12317&amp;language=id\"><span class=\"eastsyriac\">\u0729\u0732\u0715\u0721\u0718\u073c\u072c\u0735\u0710</span></a>, <a href=\"dosearch.php?searchkey=12318&amp;language=id\"><span class=\"eastsyriac\">\u0729\u0732\u0715\u0721\u0735\u071d\u0735\u0710</span></a>, <a href=\"dosearch.php?searchkey=12319&amp;language=id\"><span class=\"eastsyriac\">\u0729\u0732\u0715\u0721\u0735\u071d\u0718\u073c\u072c\u0735\u0710</span></a>, <a href=\"dosearch.php?searchkey=12304&amp;language=id\"><span class=\"eastsyriac\">\u0729\u0732\u0715\u0747\u0721</span></a>, <a href=\"dosearch.php?searchkey=12298&amp;language=id\"><span class=\"eastsyriac\">\u0729\u0718\u073c\u0715\u0721\u0739\u0710</span></a>, <a href=\"dosearch.php?searchkey=12315&amp;language=id\"><span class=\"eastsyriac\">\u0729\u0732\u0715\u0747\u0721\u0735\u0710</span></a>, <a href=\"dosearch.php?searchkey=qadmA%27&amp;language=fullsyriac\"><span class=\"eastsyriac\">\u0729\u0732\u0715\u0721\u0735\u0710</span></a>, <a href=\"dosearch.php?searchkey=qadmAyA%27&amp;language=fullsyriac\"><span class=\"eastsyriac\">\u0729\u0732\u0715\u0721\u0735\u071d\u0735\u0710</span></a></span>", "<span class=\"wordlink\"><a href=\"dosearch.php?searchkey=29673&amp;language=id\"><span class=\"eastsyriac\">\u0710\u0738\u072b\u072c\u0729\u0732\u0715\u071d\u073c</span></a></span>"], "key": "12315", "west": "\u0729\u0730\u0715\u0747\u0721\u0733\u0710", "phonetic": "<td>' qa: ma:</td>", "east": "\u0729\u0732\u0715\u0747\u0721\u0735\u0710"},
{"searchkey": "12380", "audio": [], "context": [], "webrank": 70, "text": [" : before , in front of , in the presence of , preceding in space / ahead of ;"], "english": "<td>before , in front of , in the presence of , preceding in space / ahead of ;</td>", "cf": ["<span class=\"wordlink\"><a href=\"dosearch.php?searchkey=12287&amp;language=id\"><span class=\"eastsyriac\">\u0729\u0732\u0715\u071d\u073c\u0721\u0735\u0710</span></a>, <a href=\"dosearch.php?searchkey=12303&amp;language=id\"><span class=\"eastsyriac\">\u0729\u0732\u0715\u071d\u073c\u0721\u0735\u071d\u0735\u0710</span></a>, <a href=\"dosearch.php?searchkey=12301&amp;language=id\"><span class=\"eastsyriac\">\u0729\u0732\u0715\u071d\u073c\u0721\u0718\u073c\u072c\u0735\u0710</span></a>, <a href=\"dosearch.php?searchkey=12314&amp;language=id\"><span class=\"eastsyriac\">\u0729\u0715\u0735\u0721\u0735\u0710</span></a>, <a href=\"dosearch.php?searchkey=12315&amp;language=id\"><span class=\"eastsyriac\">\u0729\u0732\u0715\u0721\u0735\u0710</span></a>, <a href=\"dosearch.php?searchkey=12316&amp;language=id\"><span class=\"eastsyriac\">\u0729\u0732\u0715\u0721\u0735\u0710\u071d\u073c\u072c</span></a>, <a href=\"dosearch.php?searchkey=12317&amp;language=id\"><span class=\"eastsyriac\">\u0729\u0732\u0715\u0721\u0718\u073c\u072c\u0735\u0710</span></a>, <a href=\"dosearch.php?searchkey=12318&amp;language=id\"><span class=\"eastsyriac\">\u0729\u0732\u0715\u0721\u0735\u071d\u0735\u0710</span></a>, <a href=\"dosearch.php?searchkey=12319&amp;language=id\"><span class=\"eastsyriac\">\u0729\u0732\u0715\u0721\u0735\u071d\u0718\u073c\u072c\u0735\u0710</span></a>, <a href=\"dosearch.php?searchkey=qadmAytA%27&amp;language=fullsyriac\"><span class=\"eastsyriac\">\u0729\u0732\u0715\u0721\u0735\u071d\u072c\u0735\u0710</span></a>, <a href=\"dosearch.php?searchkey=12305&amp;language=id\"><span class=\"eastsyriac\">\u0729\u0732\u0715\u0747\u0721 \u0710\u0735\u0715\u071d\u073c\u0735\u0710</span></a>, <a href=\"dosearch.php?searchkey=12376&amp;language=id\"><span class=\"eastsyriac\">\u0729\u0718\u073c\u0715\u0721\u0735\u0710</span></a>, <a href=\"dosearch.php?searchkey=12304&amp;language=id\"><span class=\"eastsyriac\">\u0729\u0732\u0715\u0747\u0721</span></a>, <a href=\"dosearch.php?searchkey=12379&amp;language=id\"><span class=\"eastsyriac\">\u0729\u0718\u073c\u0715\u0721\u0735\u0722\u0735\u071d\u0735\u0710</span></a></span>"], "key": "12380", "west": "\u0729\u073d\u0718\u0715\u0721\u0733\u072c", "phonetic": "<td>' qud mat</td>", "east": "\u0729\u0718\u073c\u0715\u0721\u0735\u072c"},
{"searchkey": "28594", "audio": [], "context": ["figurative sense : adjective"], "webrank": 50, "text": [" : 1) in front , ahead , forwards ;\r\n2) ", " : successful , that works ;"], "english": "<td>1) in front , ahead , forwards ;\r\n2) <span class=\"context\">figurative sense : adjective</span> : successful , that works ;</td>", "cf": ["<span class=\"wordlink\"><a href=\"dosearch.php?searchkey=21245&amp;language=id\"><span class=\"eastsyriac\">\u0729\u0715\u0721</span></a>, <a href=\"dosearch.php?searchkey=12318&amp;language=id\"><span class=\"eastsyriac\">\u0729\u0732\u0715\u0742\u0721\u0735\u071d\u0735\u0710</span></a></span>"], "key": "28594", "west": "\u0729\u0730\u0715\u0747\u0721\u0733\u071d\u073a\u071d", "phonetic": "<td>qa ' ma: i:</td>", "east": "\u0729\u0732\u0715\u0747\u0721\u0735\u071d\u071d\u073c"},
{"searchkey": "28595", "audio": [], "context": ["feminine of \u0729\u0732\u0715\u0742\u0721\u0735\u071d\u0735\u0710"], "webrank": 60, "text": [" : ", " : first , foremost , ahead ;"], "english": "<td><span class=\"context\">feminine of <a href=\"dosearch.php?searchkey=qadLmAyA%27&amp;language=fullsyriac\"><span class=\"eastsyriac\">\u0729\u0732\u0715\u0742\u0721\u0735\u071d\u0735\u0710</span></a></span> : first , foremost , ahead ;</td>", "cf": ["<span class=\"wordlink\"><a href=\"dosearch.php?searchkey=21245&amp;language=id\"><span class=\"eastsyriac\">\u0729\u0715\u0721</span></a></span>"], "key": "28595", "west": "\u0729\u0730\u0715\u0747\u0721\u072c\u0733\u0710", "phonetic": "<td>' qam ta:</td>", "east": "\u0729\u0732\u0715\u0747\u0721\u072c\u0735\u0710"},
{"searchkey": "14237", "audio": [], "context": ["physically, mentally, morally ...]", "JAAS"], "webrank": 100, "text": [" : advance , a forward move , the state of being advanced / ahead , progress , headway / headways / improvement , increase , ", " : the state of being advanced / ahead  / foremost (?) ; progress , moving / going forward , proceeding onward , advance / advancement , headway , growth , development , evolution ; \r\n", " :"], "english": "<td>advance , a forward move , the state of being advanced / ahead , progress , headway / headways / improvement , increase , <span class=\"context\">physically, mentally, morally ...]</span> : the state of being advanced / ahead  / foremost (?) ; progress , moving / going forward , proceeding onward , advance / advancement , headway , growth , development , evolution ; \r\n<span class=\"context\">JAAS</span> : <span class=\"locution\"><span class=\"eastsyriac\">\u072b\u0712\u0742\u071d\u073c\u0720\u0735\u0710 \u0715\u072b\u0718\u0718\u073c\u072b\u0735\u071b\u0735\u0710</span></span> : the path of progress ;\r\n<span class=\"locution\"><span class=\"eastsyriac\">\u0721\u0738\u072c\u071b\u0735\u0718\u072a\u0735\u0722\u0718\u073c\u072c\u0735\u0710 \u071a\u0735\u0715\u0747 \u0710\u0738\u0723\u071b\u0718\u073c\u071f\u073c\u0723\u0735\u0710 \u071f\u071d\u0735\u0722\u0735\u071d\u0735\u0710 \u071d\u0720\u0735\u0717 \u0713\u0735\u0718 \u072b\u0712\u0742\u071d\u073c\u0720\u0735\u0710 \u0715\u072b\u0718\u073c\u0718\u072b\u0735\u071b\u0735\u0710   </span></span> : Evolution is a natural factor on the path to progress ;\r\n2) stretching out / extension , conducting / leading ;\r\n3) <span class=\"context\">Sokoloff</span> : puberty ;</td>", "cf": ["<span class=\"wordlink\"><a href=\"dosearch.php?searchkey=14479&amp;language=id\"><span class=\"eastsyriac\">\u072b\u0732\u0718\u072b\u0738\u071b</span></a>, <a href=\"dosearch.php?searchkey=32755&amp;language=id\"><span class=\"eastsyriac\">\u0721\u0738\u072b\u072c\u0735\u0718\u072b\u071b\u0735\u0722\u0735\u0710</span></a></span>", "<span class=\"wordlink\"><a href=\"dosearch.php?searchkey=33113&amp;language=id\"><span class=\"eastsyriac\">\u072b\u0718\u073c\u072b\u0735\u071b\u0735\u0710</span></a></span>", "<span class=\"wordlink\"><a href=\"dosearch.php?searchkey=11116&amp;language=id\"><span class=\"eastsyriac\">\u0726\u0735\u0723\u0718\u073f\u0725\u072c\u0742\u0735\u0710</span></a></span>"], "key": "14237", "west": "\u072b\u073d\u0718\u0718\u072b\u0733\u071b\u0733\u0710", "phonetic": "<td>\u0161uw: ' \u0161a: \u1e6da:</td>", "east": "\u072b\u0718\u073c\u0718\u072b\u0735\u071b\u0735\u0710"},
{"searchkey": "12316", "audio": [], "context": [], "webrank": 40, "text": [" : firstly , in the first place , before anything else , first of all , primarily , imprimis , foremost , ahead (?) , in front (?) , forth (?) ;"], "english": "<td>firstly , in the first place , before anything else , first of all , primarily , imprimis , foremost , ahead (?) , in front (?) , forth (?) ;</td>", "cf": ["<span class=\"wordlink\"><a href=\"dosearch.php?searchkey=21245&amp;language=id\"><span class=\"eastsyriac\">\u0729\u0715\u0721</span></a>, <a href=\"dosearch.php?searchkey=12315&amp;language=id\"><span class=\"eastsyriac\">\u0729\u0732\u0715\u0721\u0735\u0710</span></a>, <a href=\"dosearch.php?searchkey=12304&amp;language=id\"><span class=\"eastsyriac\">\u0729\u0732\u0715\u0747\u0721</span></a>, <a href=\"dosearch.php?searchkey=12287&amp;language=id\"><span class=\"eastsyriac\">\u0729\u0732\u0715\u071d\u073c\u0721\u0735\u0710</span></a>, <a href=\"dosearch.php?searchkey=12303&amp;language=id\"><span class=\"eastsyriac\">\u0729\u0732\u0715\u071d\u073c\u0721\u0735\u071d\u0735\u0710</span></a>, <a href=\"dosearch.php?searchkey=12301&amp;language=id\"><span class=\"eastsyriac\">\u0729\u0732\u0715\u071d\u073c\u0721\u0718\u073c\u072c\u0735\u0710</span></a>, <a href=\"dosearch.php?searchkey=12314&amp;language=id\"><span class=\"eastsyriac\">\u0729\u0715\u0735\u0721\u0735\u0710</span></a>, <a href=\"dosearch.php?searchkey=12317&amp;language=id\"><span class=\"eastsyriac\">\u0729\u0732\u0715\u0721\u0718\u073c\u072c\u0735\u0710</span></a>, <a href=\"dosearch.php?searchkey=12318&amp;language=id\"><span class=\"eastsyriac\">\u0729\u0732\u0715\u0721\u0735\u071d\u0735\u0710</span></a>, <a href=\"dosearch.php?searchkey=12319&amp;language=id\"><span class=\"eastsyriac\">\u0729\u0732\u0715\u0721\u0735\u071d\u0718\u073c\u072c\u0735\u0710</span></a>, <a href=\"dosearch.php?searchkey=qadmAytA%27&amp;language=fullsyriac\"><span class=\"eastsyriac\">\u0729\u0732\u0715\u0721\u0735\u071d\u072c\u0735\u0710</span></a>, <a href=\"dosearch.php?searchkey=12305&amp;language=id\"><span class=\"eastsyriac\">\u0729\u0732\u0715\u0747\u0721 \u0710\u0735\u0715\u071d\u073c\u0735\u0710</span></a>, <a href=\"dosearch.php?searchkey=19396&amp;language=id\"><span class=\"eastsyriac\">\u0729\u0732\u0715\u0747\u0721\u0735\u071d\u0735\u0710</span></a></span>", "<span class=\"wordlink\"><a href=\"dosearch.php?searchkey=15921&amp;language=id\"><span class=\"eastsyriac\">\u072c\u072a\u0732\u071d\u0735\u0722\u0735\u0710\u071d\u073c\u072c\u0742</span></a>, <a href=\"dosearch.php?searchkey=15603&amp;language=id\"><span class=\"eastsyriac\">\u072c\u0720\u071d\u073c\u072c\u0735\u0710\u071d\u073c\u072c\u0742</span></a>, <a href=\"dosearch.php?searchkey=30541&amp;language=id\"><span class=\"eastsyriac\">\u072a\u0712\u0742\u071d\u0725\u0735\u0710\u071d\u073c\u072c\u0742</span></a></span>"], "key": "12316", "west": "\u0729\u0730\u0715\u0721\u0733\u0710\u073a\u071d\u072c", "phonetic": "<td>qad ' ma: i:t</td>", "east": "\u0729\u0732\u0715\u0721\u0735\u0710\u071d\u073c\u072c"},
{"searchkey": "13423", "audio": [], "context": ["river"], "webrank": 90, "text": [" : 1) -?- (intransitive verb) : to flow , to move , to proceed , to progress , to go / carry on , to go forward / advance , to move ahead , to move along , to stream (?) , ", " : to run (?) ;\r\n\r\n2) -?- (transitive verb) : to approve of , to sanction / give sanction to , to endorse , to back , to be for , to second , to approbate (?)  / okay (?) / to ratify (?) , to be pleased with , to regard as good , to commend , to think well of , to admire / to look up to (?) ;"], "english": "<td>1) -?- (intransitive verb) : to flow , to move , to proceed , to progress , to go / carry on , to go forward / advance , to move ahead , to move along , to stream (?) , <span class=\"context\">river</span> : to run (?) ;\r\n\r\n2) -?- (transitive verb) : to approve of , to sanction / give sanction to , to endorse , to back , to be for , to second , to approbate (?)  / okay (?) / to ratify (?) , to be pleased with , to regard as good , to commend , to think well of , to admire / to look up to (?) ;</td>", "cf": ["<span class=\"wordlink\"><a href=\"dosearch.php?searchkey=13414&amp;language=id\"><span class=\"eastsyriac\">\u072a\u0715\u0735\u0710</span></a>, <a href=\"dosearch.php?searchkey=13415&amp;language=id\"><span class=\"eastsyriac\">\u072a\u0715\u0735\u0710</span></a>, <a href=\"dosearch.php?searchkey=13422&amp;language=id\"><span class=\"eastsyriac\">\u072a\u0738\u0715\u071d\u0735\u0710</span></a>, <a href=\"dosearch.php?searchkey=13427&amp;language=id\"><span class=\"eastsyriac\">\u072a\u0715\u0735\u071d\u072c\u0735\u0710</span></a></span>"], "key": "13423", "west": "\u072a\u0715\u0733\u071d\u0733\u0710", "phonetic": "<td>' rda ia </td>", "east": "\u072a\u0715\u0735\u071d\u0735\u0710"},
{"searchkey": "13414", "audio": [], "context": ["river"], "webrank": 80, "text": [" : (intransitive verb) : to flow , to move , to proceed , to progress , to go / carry on , to go forward / advance , to move ahead , to move along , to stream (?) , ", " : to run (?) ;"], "english": "<td>(intransitive verb) : to flow , to move , to proceed , to progress , to go / carry on , to go forward / advance , to move ahead , to move along , to stream (?) , <span class=\"context\">river</span> : to run (?) ;</td>", "cf": ["<span class=\"wordlink\"><a href=\"dosearch.php?searchkey=13419&amp;language=id\"><span class=\"eastsyriac\">\u072a\u0735\u0715\u0718\u073f\u071d\u0735\u0710</span></a>, <a href=\"dosearch.php?searchkey=13422&amp;language=id\"><span class=\"eastsyriac\">\u072a\u0738\u0715\u071d\u0735\u0710</span></a>, <a href=\"dosearch.php?searchkey=13423&amp;language=id\"><span class=\"eastsyriac\">\u072a\u0715\u0735\u071d\u0735\u0710</span></a></span>"], "key": "13414", "west": "\u072a\u0715\u0733\u0710", "phonetic": "<td>' rda</td>", "east": "\u072a\u0715\u0735\u0710"},
{"searchkey": "12304", "audio": [], "context": ["Rh\u00e9tor\u00e9 (NENA, Al Qosh) :"], "webrank": 20, "text": [" : 1) the fore , in the part that precedes / goes first ;\r\n2) before , in front of , ahead -of- (?) , forward (?) , forth (?) ;\r\n"], "english": "<td>1) the fore , in the part that precedes / goes first ;\r\n2) before , in front of , ahead -of- (?) , forward (?) , forth (?) ;\r\n<span class=\"context\">Rh\u00e9tor\u00e9 (NENA, Al Qosh) : <span class=\"locution\"><span class=\"eastsyriac\">\u0717\u0718\u073f\u0720\u0739\u0717 \u0712\u072a\u071d\u073c\u071f\u0735\u0710 \u0729\u0735\u0715\u0747\u0721\u0718\u073f\u071f\u0742</span></span></span> : he is kneeling in front of you ;</td>", "cf": ["<span class=\"wordlink\"><a href=\"dosearch.php?searchkey=21245&amp;language=id\"><span class=\"eastsyriac\">\u0729\u0715\u0721</span></a>, <a href=\"dosearch.php?searchkey=12287&amp;language=id\"><span class=\"eastsyriac\">\u0729\u0732\u0715\u071d\u073c\u0721\u0735\u0710</span></a>, <a href=\"dosearch.php?searchkey=12303&amp;language=id\"><span class=\"eastsyriac\">\u0729\u0732\u0715\u071d\u073c\u0721\u0735\u071d\u0735\u0710</span></a>, <a href=\"dosearch.php?searchkey=12301&amp;language=id\"><span class=\"eastsyriac\">\u0729\u0732\u0715\u071d\u073c\u0721\u0718\u073c\u072c\u0735\u0710</span></a>, <a href=\"dosearch.php?searchkey=12314&amp;language=id\"><span class=\"eastsyriac\">\u0729\u0715\u0735\u0721\u0735\u0710</span></a>, <a href=\"dosearch.php?searchkey=12315&amp;language=id\"><span class=\"eastsyriac\">\u0729\u0732\u0715\u0721\u0735\u0710</span></a>, <a href=\"dosearch.php?searchkey=12316&amp;language=id\"><span class=\"eastsyriac\">\u0729\u0732\u0715\u0721\u0735\u0710\u071d\u073c\u072c</span></a>, <a href=\"dosearch.php?searchkey=12317&amp;language=id\"><span class=\"eastsyriac\">\u0729\u0732\u0715\u0721\u0718\u073c\u072c\u0735\u0710</span></a>, <a href=\"dosearch.php?searchkey=12318&amp;language=id\"><span class=\"eastsyriac\">\u0729\u0732\u0715\u0721\u0735\u071d\u0735\u0710</span></a>, <a href=\"dosearch.php?searchkey=12319&amp;language=id\"><span class=\"eastsyriac\">\u0729\u0732\u0715\u0721\u0735\u071d\u0718\u073c\u072c\u0735\u0710</span></a>, <a href=\"dosearch.php?searchkey=qadmAytA%27&amp;language=fullsyriac\"><span class=\"eastsyriac\">\u0729\u0732\u0715\u0721\u0735\u071d\u072c\u0735\u0710</span></a>, <a href=\"dosearch.php?searchkey=12305&amp;language=id\"><span class=\"eastsyriac\">\u0729\u0732\u0715\u0747\u0721 \u0710\u0735\u0715\u071d\u073c\u0735\u0710</span></a>, <a href=\"dosearch.php?searchkey=12376&amp;language=id\"><span class=\"eastsyriac\">\u0729\u0718\u073c\u0715\u0721\u0735\u0710</span></a>, <a href=\"dosearch.php?searchkey=12378&amp;language=id\"><span class=\"eastsyriac\">\u0729\u0718\u073c\u0715\u0721\u0735\u0710\u071d\u073c\u072c</span></a>, <a href=\"dosearch.php?searchkey=12886&amp;language=id\"><span class=\"eastsyriac\">\u0729\u0732\u0715\u0747\u0721</span></a>, <a href=\"dosearch.php?searchkey=16540&amp;language=id\"><span class=\"eastsyriac\">\u0729\u0735\u0715\u0747\u0721</span></a>, <a href=\"dosearch.php?searchkey=16734&amp;language=id\"><span class=\"eastsyriac\">\u0729\u0715\u0735\u0721 \u071f\u0735\u0718\u0738\u072c\u072a\u0735\u0710</span></a>, <a href=\"dosearch.php?searchkey=6874&amp;language=id\"><span class=\"eastsyriac\">\u0720\u0729\u0735\u0715\u0747\u0721</span></a></span>"], "key": "12304", "west": "\u0729\u0730\u0715\u0747\u0721", "phonetic": "<td>' qam</td>", "east": "\u0729\u0732\u0715\u0747\u0721"},
{"searchkey": "28591", "audio": [], "context": ["with direct object", "on a person", "see \u0721\u0729\u0735\u0715\u0738\u0721"], "webrank": 10, "text": [" : 1) ", " : to go in front , to walk ahead , to go before , to precede , to get ahead of ;\r\n2) to come ", " unawares , to come across (?) / to bump into (?) ;\r\n3) to seek early , ", " ;"], "english": "<td>1) <span class=\"context\">with direct object</span> : to go in front , to walk ahead , to go before , to precede , to get ahead of ;\r\n2) to come <span class=\"context\">on a person</span> unawares , to come across (?) / to bump into (?) ;\r\n3) to seek early , <span class=\"context\">see <a href=\"dosearch.php?searchkey=mqAdem&amp;language=fullsyriac\"><span class=\"eastsyriac\">\u0721\u0729\u0735\u0715\u0738\u0721</span></a></span> ;</td>", "cf": ["<span class=\"wordlink\"><a href=\"dosearch.php?searchkey=21245&amp;language=id\"><span class=\"eastsyriac\">\u0729\u0715\u0721</span></a>, <a href=\"dosearch.php?searchkey=12287&amp;language=id\"><span class=\"eastsyriac\">\u0729\u0732\u0715\u071d\u073c\u0721\u0735\u0710</span></a>, <a href=\"dosearch.php?searchkey=12303&amp;language=id\"><span class=\"eastsyriac\">\u0729\u0732\u0715\u071d\u073c\u0721\u0735\u071d\u0735\u0710</span></a>, <a href=\"dosearch.php?searchkey=12301&amp;language=id\"><span class=\"eastsyriac\">\u0729\u0732\u0715\u071d\u073c\u0721\u0718\u073c\u072c\u0735\u0710</span></a>, <a href=\"dosearch.php?searchkey=12314&amp;language=id\"><span class=\"eastsyriac\">\u0729\u0715\u0735\u0721\u0735\u0710</span></a>, <a href=\"dosearch.php?searchkey=12315&amp;language=id\"><span class=\"eastsyriac\">\u0729\u0732\u0715\u0747\u0721\u0735\u0710</span></a>, <a href=\"dosearch.php?searchkey=12316&amp;language=id\"><span class=\"eastsyriac\">\u0729\u0732\u0715\u0721\u0735\u0710\u071d\u073c\u072c</span></a>, <a href=\"dosearch.php?searchkey=12317&amp;language=id\"><span class=\"eastsyriac\">\u0729\u0732\u0715\u0721\u0718\u073c\u072c\u0735\u0710</span></a>, <a href=\"dosearch.php?searchkey=12318&amp;language=id\"><span class=\"eastsyriac\">\u0729\u0732\u0715\u0721\u0735\u071d\u0735\u0710</span></a>, <a href=\"dosearch.php?searchkey=12319&amp;language=id\"><span class=\"eastsyriac\">\u0729\u0732\u0715\u0721\u0735\u071d\u0718\u073c\u072c\u0735\u0710</span></a>, <a href=\"dosearch.php?searchkey=28587&amp;language=id\"><span class=\"eastsyriac\">\u0729\u0732\u0715\u071d\u073c\u0721\u0735\u071d\u072c\u0735\u0710</span></a>, <a href=\"dosearch.php?searchkey=12305&amp;language=id\"><span class=\"eastsyriac\">\u0729\u0732\u0715\u0747\u0721 \u0710\u0735\u0715\u071d\u073c\u0735\u0710</span></a>, <a href=\"dosearch.php?searchkey=12376&amp;language=id\"><span class=\"eastsyriac\">\u0729\u0718\u073c\u0715\u0721\u0735\u0710</span></a>, <a href=\"dosearch.php?searchkey=12378&amp;language=id\"><span class=\"eastsyriac\">\u0729\u0718\u073c\u0715\u0721\u0735\u0710\u071d\u073c\u072c</span></a>, <a href=\"dosearch.php?searchkey=12304&amp;language=id\"><span class=\"eastsyriac\">\u0729\u0732\u0715\u0747\u0721</span></a>, <a href=\"dosearch.php?searchkey=12886&amp;language=id\"><span class=\"eastsyriac\">\u0729\u0732\u0715\u0747\u0721</span></a>, <a href=\"dosearch.php?searchkey=16734&amp;language=id\"><span class=\"eastsyriac\">\u0729\u0715\u0735\u0721 \u071f\u0735\u0718\u0738\u072c\u072a\u0735\u0710</span></a>, <a href=\"dosearch.php?searchkey=28593&amp;language=id\"><span class=\"eastsyriac\">\u0729\u0739\u0715\u0747\u0721\u0718\u073c\u072c\u0742\u0735\u0710</span></a>, <a href=\"dosearch.php?searchkey=35872&amp;language=id\"><span class=\"eastsyriac\">\u0729\u0735\u0715\u0739\u0721</span></a></span>", "<span class=\"wordlink\"><a href=\"dosearch.php?searchkey=35870&amp;language=id\"><span class=\"eastsyriac\">\u0729\u0735\u072a\u0739\u0712\u0742</span></a>, <a href=\"dosearch.php?searchkey=35871&amp;language=id\"><span class=\"eastsyriac\">\u0721\u0732\u0715\u072a\u0739\u071f\u0742</span></a>, <a href=\"dosearch.php?searchkey=35872&amp;language=id\"><span class=\"eastsyriac\">\u0729\u0735\u0715\u0739\u0721</span></a>, <a href=\"dosearch.php?searchkey=35873&amp;language=id\"><span class=\"eastsyriac\">\u0729\u0732\u072a\u0712\u0738\u0722</span></a>, <a href=\"dosearch.php?searchkey=26160&amp;language=id\"><span class=\"eastsyriac\">\u0729\u072a\u0735\u0712\u0742\u0735\u0710</span></a>, <a href=\"dosearch.php?searchkey=35869&amp;language=id\"><span class=\"eastsyriac\">\u0715\u0735\u0722\u0739\u0710</span></a></span>"], "key": "28591", "west": "\u0729\u0733\u0715\u0742\u0736\u0721", "phonetic": "<td>' qa: dhim</td>", "east": "\u0729\u0735\u0715\u0742\u0738\u0721"}
][
{"searchkey": "11498", "audio": [], "context": ["transitive verb", "Bailis Shamun ; see \u0726\u0735\u072b\u0739\u071b", "Bailis Shamun ; transitive ; see also \u0721\u0732\u0713\u0742\u0718\u0718\u073c\u071d\u0739\u0710", "Bailis Shamun ; transitive ; see also \u0722\u0735\u0723\u0739\u0712\u0742"], "webrank": 10, "text": [" : ", " : 1) to outdistance , to gradually move away from / increase the distance between self and others , to outrun , to outstrip , to outpace , to leave behind , to overtake (?) , to outdrive , to go far ahead of , to surpass , to out do , to outmatch , to transcend / exceed ;\r\n2) to stretch out , to extend , to spread out ;\r\n3) ", " : to travel , to journey , to go on a journey / a trip / a tour ;\r\n4) ", " : to pervade , to spread through ;\r\n5) ", " : to start , to start out , to cause to happen , to begin / to kick off , to cause to begin / to establish / to get going ;"], "english": "<td><span class=\"context\">transitive verb</span> : 1) to outdistance , to gradually move away from / increase the distance between self and others , to outrun , to outstrip , to outpace , to leave behind , to overtake (?) , to outdrive , to go far ahead of , to surpass , to out do , to outmatch , to transcend / exceed ;\r\n2) to stretch out , to extend , to spread out ;\r\n3) <span class=\"context\">Bailis Shamun ; see <a href=\"dosearch.php?searchkey=pAjET&amp;language=fullsyriac\"><span class=\"eastsyriac\">\u0726\u0735\u072b\u0739\u071b</span></a></span> : to travel , to journey , to go on a journey / a trip / a tour ;\r\n4) <span class=\"context\">Bailis Shamun ; transitive ; see also <a href=\"dosearch.php?searchkey=magLwuyE%27&amp;language=fullsyriac\"><span class=\"eastsyriac\">\u0721\u0732\u0713\u0742\u0718\u0718\u073c\u071d\u0739\u0710</span></a></span> : to pervade , to spread through ;\r\n5) <span class=\"context\">Bailis Shamun ; transitive ; see also <a href=\"dosearch.php?searchkey=nAsEbL&amp;language=fullsyriac\"><span class=\"eastsyriac\">\u0722\u0735\u0723\u0739\u0712\u0742</span></a></span> : to start , to start out , to cause to happen , to begin / to kick off , to cause to begin / to establish / to get going ;</td>", "cf": ["<span class=\"wordlink\"><a href=\"dosearch.php?searchkey=17486&amp;language=id\"><span class=\"eastsyriac\">\u071d\u072b\u071b</span></a>, <a href=\"dosearch.php?searchkey=11505&amp;language=id\"><span class=\"eastsyriac\">\u0726\u072b\u071d\u073c\u071b\u0735\u0710\u071d\u073c\u072c</span></a>, <a href=\"dosearch.php?searchkey=11506&amp;language=id\"><span class=\"eastsyriac\">\u0726\u072b\u071d\u073c\u071b\u0718\u073c\u072c\u0735\u0710</span></a>, <a href=\"dosearch.php?searchkey=11504&amp;language=id\"><span class=\"eastsyriac\">\u0726\u072b\u071d\u073c\u071b\u0735\u0710</span></a>, <a href=\"dosearch.php?searchkey=11500&amp;language=id\"><span class=\"eastsyriac\">\u0726\u0735\u072b\u0732\u071b\u072c\u0735\u0710</span></a>, <a href=\"dosearch.php?searchkey=11499&amp;language=id\"><span class=\"eastsyriac\">\u0726\u0738\u072b\u071b\u0735\u0722\u0735\u0710</span></a>, <a href=\"dosearch.php?searchkey=11489&amp;language=id\"><span class=\"eastsyriac\">\u0726\u0735\u072b\u0718\u073f\u071b\u0739\u0710</span></a>, <a href=\"dosearch.php?searchkey=5599&amp;language=id\"><span class=\"eastsyriac\">\u071d\u0732\u072b\u071b\u0735\u0710</span></a>, <a href=\"dosearch.php?searchkey=13658&amp;language=id\"><span class=\"eastsyriac\">\u072a\u071d\u073c\u072b\u0710 \u0715\u071d\u0732\u072b\u071b\u0735\u0710</span></a>, <a href=\"dosearch.php?searchkey=25940&amp;language=id\"><span class=\"eastsyriac\">\u0726\u0735\u072b\u0738\u071b</span></a>, <a href=\"dosearch.php?searchkey=25939&amp;language=id\"><span class=\"eastsyriac\">\u0721\u0726\u0735\u072b\u0738\u071b</span></a>, <a href=\"dosearch.php?searchkey=25941&amp;language=id\"><span class=\"eastsyriac\">\u0721\u0732\u0726\u072b\u0738\u071b</span></a>, <a href=\"dosearch.php?searchkey=11507&amp;language=id\"><span class=\"eastsyriac\">\u0726\u072b\u071d\u073c\u071b\u072c\u0735\u0710</span></a>, <a href=\"dosearch.php?searchkey=33790&amp;language=id\"><span class=\"eastsyriac\">\u0726\u0735\u072b\u0739\u071b</span></a></span>", "<span class=\"wordlink\"><a href=\"dosearch.php?searchkey=11456&amp;language=id\"><span class=\"eastsyriac\">\u0726\u0732\u072a\u072b\u0718\u073c\u071a\u0739\u0710</span></a>, <a href=\"dosearch.php?searchkey=11497&amp;language=id\"><span class=\"eastsyriac\">\u0726\u072b\u0735\u071a\u0735\u0710</span></a>, <a href=\"dosearch.php?searchkey=5245&amp;language=id\"><span class=\"eastsyriac\">\u071b\u0726\u0735\u071a\u0735\u0710</span></a>, <a href=\"dosearch.php?searchkey=8298&amp;language=id\"><span class=\"eastsyriac\">\u0721\u0732\u0726\u072a\u0718\u073c\u0723\u0739\u0710</span></a>, <a href=\"dosearch.php?searchkey=8738&amp;language=id\"><span class=\"eastsyriac\">\u0721\u072c\u0735\u071a\u0735\u0710</span></a>, <a href=\"dosearch.php?searchkey=10807&amp;language=id\"><span class=\"eastsyriac\">\u0726\u0718\u073c\u072b\u0735\u071a\u0735\u0710</span></a>, <a href=\"dosearch.php?searchkey=33786&amp;language=id\"><span class=\"eastsyriac\">\u071a\u0735\u0719\u0739\u0729</span></a>, <a href=\"dosearch.php?searchkey=35162&amp;language=id\"><span class=\"eastsyriac\">\u0721\u0732\u0713\u0742\u0718\u0739\u0710</span></a>, <a href=\"dosearch.php?searchkey=35165&amp;language=id\"><span class=\"eastsyriac\">\u072b\u0732\u072a\u0738\u0712\u0742</span></a>, <a href=\"dosearch.php?searchkey=35166&amp;language=id\"><span class=\"eastsyriac\">\u072b\u0732\u072a\u0718\u073c\u0712\u0739\u0710</span></a>, <a href=\"dosearch.php?searchkey=17925&amp;language=id\"><span class=\"eastsyriac\">\u0726\u0735\u072a\u0739\u0723</span></a>, <a href=\"dosearch.php?searchkey=11392&amp;language=id\"><span class=\"eastsyriac\">\u0726\u072a\u0735\u0723\u0735\u0710</span></a>, <a href=\"dosearch.php?searchkey=31277&amp;language=id\"><span class=\"eastsyriac\">\u071a\u0735\u0712\u0739\u072b</span></a>, <a href=\"dosearch.php?searchkey=4094&amp;language=id\"><span class=\"eastsyriac\">\u071a\u0712\u0742\u0735\u072b\u0735\u0710</span></a>, <a href=\"dosearch.php?searchkey=35162&amp;language=id\"><span class=\"eastsyriac\">\u0721\u0732\u0713\u0742\u0718\u0718\u073c\u071d\u0739\u0710</span></a>, <a href=\"dosearch.php?searchkey=33760&amp;language=id\"><span class=\"eastsyriac\">\u072c\u0735\u072a\u0739\u0725</span></a></span>"], "key": "11498", "west": "\u0726\u072b\u0733\u071b\u0733\u0710", "phonetic": "<td>' p\u0161a: \u1e6da:</td>", "east": "\u0726\u072b\u0735\u071b\u0735\u0710"},
{"searchkey": "9224", "audio": [], "context": [], "webrank": 8, "text": [" : 1) a procession , going forth , proceeding / moving ahead / following a procedure / taking a course of action ;\r\n2) an utterance ;"], "english": "<td>1) a procession , going forth , proceeding / moving ahead / following a procedure / taking a course of action ;\r\n2) an utterance ;</td>", "cf": [], "key": "9224", "west": "\u0722\u0733\u0726\u073d\u0718\u0729\u073d\u0718\u072c\u0733\u0710", "phonetic": "<td>na pu: ' qu: ta</td>", "east": "\u0722\u0735\u0726\u0718\u073c\u0729\u0718\u073c\u072c\u0735\u0710"},
{"searchkey": "8382", "audio": [], "context": ["sword ...", "Rh\u00e9tor\u00e9"], "webrank": 7, "text": [" : before , in front of , preceding in space , ahead of , afore , previous to , prior to , ", " drawn forth / brandished ;\r\n"], "english": "<td>before , in front of , preceding in space , ahead of , afore , previous to , prior to , <span class=\"context\">sword ...</span> drawn forth / brandished ;\r\n<span class=\"context\">Rh\u00e9tor\u00e9 ; <span class=\"locution\"><span class=\"eastsyriac\">\u072c\u0732\u072a\u0308\u0725\u0739\u0710 \u0715\u071f\u0720\u0732\u071d\u0717\u071d\u073c \u0713\u0742\u0720\u071d\u073c\u0729 \u0720\u0739\u0717 \u0718\u0723\u0732\u071d\u0726\u0739\u0717 \u0721\u0729\u0735\u0715\u0747\u0721 \u0715\u0738\u0721\u0735\u0710 \u0723\u0721\u071d\u073c\u0729 \u0720\u0739\u0717</span></span></span> : it / <span class=\"context\">the plague</span> shut the doors of all its victims, its drawn sword was reddened with blood ;\r\n</td>", "cf": ["<span class=\"wordlink\"><a href=\"dosearch.php?searchkey=21245&amp;language=id\"><span class=\"eastsyriac\">\u0729\u0715\u0721</span></a>, <a href=\"dosearch.php?searchkey=20230&amp;language=id\"><span class=\"eastsyriac\">\u0721\u0729\u0735\u0715\u0747\u0721</span></a>, <a href=\"dosearch.php?searchkey=24369&amp;language=id\"><span class=\"eastsyriac\">\u0721\u0729\u0735\u0715\u0738\u0721</span></a>, <a href=\"dosearch.php?searchkey=26067&amp;language=id\"><span class=\"eastsyriac\">\u0721\u0729\u0735\u0715\u0718\u073f\u0721\u0739\u0710</span></a></span>", "<span class=\"wordlink\"><a href=\"dosearch.php?searchkey=27171&amp;language=id\"><span class=\"eastsyriac\">\u072b\u0735\u0721\u0738\u071b</span></a></span>"], "key": "8382", "west": "\u0721\u0729\u0730\u0715\u0747\u0721", "phonetic": "<td>' mqam</td>", "east": "\u0721\u0729\u0732\u0715\u0747\u0721"},
{"searchkey": "11111", "audio": [], "context": ["intransitive verb, with \u0712 : on", "="], "webrank": 9, "text": [" : 1) ", " : to step / go forward , to advance , to proceed , to move ahead , to go forth , to tread ;\r\n2) to march / to parade (?) , to proceed , to move forward , "], "english": "<td>1) <span class=\"context\">intransitive verb, with <a href=\"dosearch.php?searchkey=b&amp;language=fullsyriac\"><span class=\"eastsyriac\">\u0712</span></a> : on</span> : to step / go forward , to advance , to proceed , to move ahead , to go forth , to tread ;\r\n2) to march / to parade (?) , to proceed , to move forward , <span class=\"context\">= <span class=\"locution\"><span class=\"eastsyriac\">\u0726\u0735\u0723\u0738\u0725 \u0710\u0718\u073c\u072a\u071a\u0735\u0710</span></span></span> ;\r\n3) <span class=\"context\">NENA</span> : to step aside ;\r\n4) to leave , to leave off ;</td>", "cf": ["<span class=\"wordlink\"><a href=\"dosearch.php?searchkey=11116&amp;language=id\"><span class=\"eastsyriac\">\u0726\u0735\u0723\u0718\u073f\u0725\u072c\u0735\u0710</span></a>, <a href=\"dosearch.php?searchkey=11178&amp;language=id\"><span class=\"eastsyriac\">\u0726\u0735\u0728\u0718\u073f\u0725\u072c\u0735\u0710</span></a>, <a href=\"dosearch.php?searchkey=pASoltA%27&amp;language=fullsyriac\"><span class=\"eastsyriac\">\u0726\u0735\u0728\u0718\u073f\u0720\u072c\u0735\u0710</span></a>, <a href=\"dosearch.php?searchkey=11177&amp;language=id\"><span class=\"eastsyriac\"></span></a>, <a href=\"dosearch.php?searchkey=25879&amp;language=id\"><span class=\"eastsyriac\">\u0721\u0726\u0732\u0723\u0725\u0738\u0720</span></a></span>", "<span class=\"wordlink\"><a href=\"dosearch.php?searchkey=25879&amp;language=id\"><span class=\"eastsyriac\">\u0721\u0726\u0732\u0723\u0725\u0738\u0720</span></a></span>", "<span class=\"wordlink\"><a href=\"dosearch.php?searchkey=11110&amp;language=id\"><span class=\"eastsyriac\">\u0726\u0723\u0735\u0710</span></a></span>"], "key": "11111", "west": "\u0726\u0733\u0723\u0736\u0725", "phonetic": "<td>' pa: si: / ' pa: s\u00e9</td>", "east": "\u0726\u0735\u0723\u0738\u0725"},
{"searchkey": "23909", "audio": [], "context": [], "webrank": 4, "text": [" : forwards , ahead , towards the front ;"], "english": "<td>forwards , ahead , towards the front ;</td>", "cf": ["<span class=\"wordlink\"><a href=\"dosearch.php?searchkey=23911&amp;language=id\"><span class=\"eastsyriac\">\u0720\u0712\u0735\u072c\u0747\u072a\u0718\u073c\u0717\u071d</span></a>, <a href=\"dosearch.php?searchkey=23910&amp;language=id\"><span class=\"eastsyriac\">-\u0720\u0735</span></a></span>"], "key": "23909", "west": "\u0720\u0733\u0729\u0730\u0715\u0747\u0721\u073d\u0718\u0717\u071d", "phonetic": "<td>la: ' qa: mu:</td>", "east": "\u0720\u0735\u0729\u0732\u0715\u0747\u0721\u0718\u073c\u0717\u071d"},
{"searchkey": "24369", "audio": [], "context": ["Maclean ; Classical Syriac", "violence ...", "NENA, Classical Syriac", "with \u0720\u071f\u0738\u0723 or \u0729\u0735\u0715\u0747\u0721", "a matter", "sometimes with"], "webrank": 6, "text": [" : 1) ", " : to anticipate , to expect (?) / to foresee (?) , to pre-empt (?) / to forestall (?) / to prevent (?) ", " ;\r\n2) ", " : to get up early in the morning ;\r\n3) to seek early ,to seek diligently ;\r\n4) to come before , to come forward ;\r\n5) ", " : a) to come into the presence of , to report to , b) to bring ", " into the presence of ;\r\n6) "], "english": "<td>1) <span class=\"context\">Maclean ; Classical Syriac</span> : to anticipate , to expect (?) / to foresee (?) , to pre-empt (?) / to forestall (?) / to prevent (?) <span class=\"context\">violence ...</span> ;\r\n2) <span class=\"context\">NENA, Classical Syriac</span> : to get up early in the morning ;\r\n3) to seek early ,to seek diligently ;\r\n4) to come before , to come forward ;\r\n5) <span class=\"context\">with <a href=\"dosearch.php?searchkey=lkes&amp;language=fullsyriac\"><span class=\"eastsyriac\">\u0720\u071f\u0738\u0723</span></a> or <a href=\"dosearch.php?searchkey=qAdMm&amp;language=fullsyriac\"><span class=\"eastsyriac\">\u0729\u0735\u0715\u0747\u0721</span></a></span> : a) to come into the presence of , to report to , b) to bring <span class=\"context\">a matter</span> into the presence of ;\r\n6) <span class=\"context\">sometimes with <span class=\"locution\"><span class=\"eastsyriac\">\u0720\u0710\u0718\u073c\u072a\u071a\u0735\u0710 \u0715</span></span></span> : a) to go to meet , to go early to meet ;\r\n7) <span class=\"context\">with direct object</span> : to go in front , to go before , to ride the point ;\r\n<span class=\"locution\"><span class=\"eastsyriac\">\u0721\u0729\u0735\u0715\u0738\u0721 \u0726\u0732\u0710\u072c\u0742\u0735\u0710 \u0715</span></span> : to disappoint , to let down / to fail ;\r\n<span class=\"locution\"><span class=\"eastsyriac\">\u0721\u0729\u0735\u0715\u0738\u0721 \u071d\u0735\u0720\u0735\u0710 \u0721\u0732\u072a\u0715\u0718\u073c\u072c\u0735\u0710</span></span> : to chasten a boy betimes / while it is still time / in due time / before it is too late ;\r\n8) <span class=\"context\">Lishani</span> : to lead , to be ahead , to guide / show the way , to be an early bird , <span class=\"context\">day</span> : to dawn ;\r\n9) <span class=\"context\">Yoab Benjamin</span> : to present , to introduce , to put forward / to submit ;</td>", "cf": ["<span class=\"wordlink\"><a href=\"dosearch.php?searchkey=21245&amp;language=id\"><span class=\"eastsyriac\">\u0729\u0715\u0721</span></a>, <a href=\"dosearch.php?searchkey=20230&amp;language=id\"><span class=\"eastsyriac\">\u0721\u0729\u0735\u0715\u0747\u0721</span></a>, <a href=\"dosearch.php?searchkey=8382&amp;language=id\"><span class=\"eastsyriac\">\u0721\u0729\u0732\u0715\u0747\u0721</span></a>, <a href=\"dosearch.php?searchkey=26067&amp;language=id\"><span class=\"eastsyriac\">\u0721\u0729\u0735\u0715\u0718\u073f\u0721\u0739\u0710</span></a>, <a href=\"dosearch.php?searchkey=12315&amp;language=id\"><span class=\"eastsyriac\">\u0729\u0732\u0715\u0747\u0721\u0735\u0710</span></a>, <a href=\"dosearch.php?searchkey=28591&amp;language=id\"><span class=\"eastsyriac\">\u0729\u0735\u0715\u0742\u0738\u0721</span></a></span>", "<span class=\"wordlink\"><a href=\"dosearch.php?searchkey=28584&amp;language=id\"><span class=\"eastsyriac\">\u0729\u0735\u0715\u0718\u073f\u0721\u0739\u0710</span></a></span>", "<span class=\"wordlink\"><a href=\"dosearch.php?searchkey=20502&amp;language=id\"><span class=\"eastsyriac\">\u0717\u0735\u0715\u0739\u0710</span></a>, <a href=\"dosearch.php?searchkey=17822&amp;language=id\"><span class=\"eastsyriac\">\u0725\u0720\u0720</span></a>, <a href=\"dosearch.php?searchkey=17328&amp;language=id\"><span class=\"eastsyriac\">\u0715\u0712\u072a</span></a></span>"], "key": "24369", "west": "\u0721\u0729\u0733\u0715\u0736\u0721", "phonetic": "<td>(m) ' qa: dim</td>", "east": "\u0721\u0729\u0735\u0715\u0738\u0721"},
{"searchkey": "22704", "audio": [], "context": ["see \u071d\u0735\u0713\u0747\u072a : to hire ;"], "webrank": 3, "text": [" : 1) to hasard ;\r\n2) to venture , to dare , to be bold , to meet challenges head-on / to forge ahead , to flirt (?) / to try to seduce (?) ;\r\n3) "], "english": "<td>1) to hasard ;\r\n2) to venture , to dare , to be bold , to meet challenges head-on / to forge ahead , to flirt (?) / to try to seduce (?) ;\r\n3) <span class=\"context\">see <a href=\"dosearch.php?searchkey=yAgMr&amp;language=fullsyriac\"><span class=\"eastsyriac\">\u071d\u0735\u0713\u0747\u072a</span></a> : to hire ;</span></td>", "cf": ["<span class=\"wordlink\"><a href=\"dosearch.php?searchkey=5591&amp;language=id\"><span class=\"eastsyriac\">\u071d\u0735\u072a\u0735\u0722\u0735\u0710</span></a>, <a href=\"dosearch.php?searchkey=5581&amp;language=id\"><span class=\"eastsyriac\">\u071d\u0735\u072a\u0718\u073c\u072c\u0735\u0710</span></a>, <a href=\"dosearch.php?searchkey=33927&amp;language=id\"><span class=\"eastsyriac\">\u071d\u0735\u0710\u0739\u072a</span></a></span>"], "key": "22704", "west": "\u071d\u0733\u0710\u0736\u072a", "phonetic": "<td>' ia: ir</td>", "east": "\u071d\u0735\u0710\u0738\u072a"},
{"searchkey": "2652", "audio": [], "context": ["expletive : = \u0715\u071d\u073c", "Rh\u00e9tor\u00e9"], "webrank": 1, "text": [" : 1) do not , be off , let go , come now ! , quit it ! , don't ! , be gone ! get lost ! , hit the road ! ;\r\n2) ", " : well ! go on !, go ahead ! , come on ! ;\r\n"], "english": "<td>1) do not , be off , let go , come now ! , quit it ! , don't ! , be gone ! get lost ! , hit the road ! ;\r\n2) <span class=\"context\">expletive : = <a href=\"dosearch.php?searchkey=di&amp;language=fullsyriac\"><span class=\"eastsyriac\">\u0715\u071d\u073c</span></a></span> : well ! go on !, go ahead ! , come on ! ;\r\n<span class=\"context\">Rh\u00e9tor\u00e9 ; <span class=\"locution\"><span class=\"eastsyriac\">\u0715\u0739\u0710 \u0712\u0715\u0718\u073f\u0722\u071d\u073c</span></span></span> : Tell me my son , come on son / so my son ;</td>", "cf": ["<span class=\"wordlink\"><a href=\"dosearch.php?searchkey=2648&amp;language=id\"><span class=\"eastsyriac\">\u0715\u0739\u0710 \u0715\u0739\u0710</span></a></span>"], "key": "2652", "west": "\u0715\u0736\u0710", "phonetic": "<td>' di:</td>", "east": "\u0715\u0739\u0710"},
{"searchkey": "26067", "audio": [], "context": ["NENA, Al Qosh :"], "webrank": 5, "text": [" : 1) beforehand , in anticipation , in advance / earlier / ahead / ahead of time / previously ;\r\n2) "], "english": "<td>1) beforehand , in anticipation , in advance / earlier / ahead / ahead of time / previously ;\r\n2) <span class=\"context\">NENA, Al Qosh : <span class=\"locution\"><span class=\"eastsyriac\">\u0721\u0747\u0729\u0735\u0715\u0718\u073f\u0721\u0739\u0710</span></span></span> : in the morning , tomorrow / to-morrow ;</td>", "cf": ["<span class=\"wordlink\"><a href=\"dosearch.php?searchkey=21245&amp;language=id\"><span class=\"eastsyriac\">\u0729\u0715\u0721</span></a>, <a href=\"dosearch.php?searchkey=20230&amp;language=id\"><span class=\"eastsyriac\">\u0721\u0729\u0735\u0715\u0747\u0721</span></a>, <a href=\"dosearch.php?searchkey=24369&amp;language=id\"><span class=\"eastsyriac\">\u0721\u0729\u0735\u0715\u0738\u0721</span></a>, <a href=\"dosearch.php?searchkey=8382&amp;language=id\"><span class=\"eastsyriac\">\u0721\u0729\u0732\u0715\u0747\u0721</span></a></span>"], "key": "26067", "west": "\u0721\u0729\u0733\u0715\u073d\u0718\u0721\u0736\u0710", "phonetic": "<td>(m) qa: ' du: mi:</td>", "east": "\u0721\u0729\u0735\u0715\u0718\u073f\u0721\u0739\u0710"},
{"searchkey": "14237", "audio": [], "context": ["physically, mentally, morally ...]", "JAAS"], "webrank": 100, "text": [" : advance , a forward move , the state of being advanced / ahead , progress , headway / headways / improvement , increase , ", " : the state of being advanced / ahead  / foremost (?) ; progress , moving / going forward , proceeding onward , advance / advancement , headway , growth , development , evolution ; \r\n", " :"], "english": "<td>advance , a forward move , the state of being advanced / ahead , progress , headway / headways / improvement , increase , <span class=\"context\">physically, mentally, morally ...]</span> : the state of being advanced / ahead  / foremost (?) ; progress , moving / going forward , proceeding onward , advance / advancement , headway , growth , development , evolution ; \r\n<span class=\"context\">JAAS</span> : <span class=\"locution\"><span class=\"eastsyriac\">\u072b\u0712\u0742\u071d\u073c\u0720\u0735\u0710 \u0715\u072b\u0718\u0718\u073c\u072b\u0735\u071b\u0735\u0710</span></span> : the path of progress ;\r\n<span class=\"locution\"><span class=\"eastsyriac\">\u0721\u0738\u072c\u071b\u0735\u0718\u072a\u0735\u0722\u0718\u073c\u072c\u0735\u0710 \u071a\u0735\u0715\u0747 \u0710\u0738\u0723\u071b\u0718\u073c\u071f\u073c\u0723\u0735\u0710 \u071f\u071d\u0735\u0722\u0735\u071d\u0735\u0710 \u071d\u0720\u0735\u0717 \u0713\u0735\u0718 \u072b\u0712\u0742\u071d\u073c\u0720\u0735\u0710 \u0715\u072b\u0718\u073c\u0718\u072b\u0735\u071b\u0735\u0710   </span></span> : Evolution is a natural factor on the path to progress ;\r\n2) stretching out / extension , conducting / leading ;\r\n3) <span class=\"context\">Sokoloff</span> : puberty ;</td>", "cf": ["<span class=\"wordlink\"><a href=\"dosearch.php?searchkey=14479&amp;language=id\"><span class=\"eastsyriac\">\u072b\u0732\u0718\u072b\u0738\u071b</span></a>, <a href=\"dosearch.php?searchkey=32755&amp;language=id\"><span class=\"eastsyriac\">\u0721\u0738\u072b\u072c\u0735\u0718\u072b\u071b\u0735\u0722\u0735\u0710</span></a></span>", "<span class=\"wordlink\"><a href=\"dosearch.php?searchkey=33113&amp;language=id\"><span class=\"eastsyriac\">\u072b\u0718\u073c\u072b\u0735\u071b\u0735\u0710</span></a></span>", "<span class=\"wordlink\"><a href=\"dosearch.php?searchkey=11116&amp;language=id\"><span class=\"eastsyriac\">\u0726\u0735\u0723\u0718\u073f\u0725\u072c\u0742\u0735\u0710</span></a></span>"], "key": "14237", "west": "\u072b\u073d\u0718\u0718\u072b\u0733\u071b\u0733\u0710", "phonetic": "<td>\u0161uw: ' \u0161a: \u1e6da:</td>", "east": "\u072b\u0718\u073c\u0718\u072b\u0735\u071b\u0735\u0710"},
{"searchkey": "28594", "audio": [], "context": ["figurative sense : adjective"], "webrank": 50, "text": [" : 1) in front , ahead , forwards ;\r\n2) ", " : successful , that works ;"], "english": "<td>1) in front , ahead , forwards ;\r\n2) <span class=\"context\">figurative sense : adjective</span> : successful , that works ;</td>", "cf": ["<span class=\"wordlink\"><a href=\"dosearch.php?searchkey=21245&amp;language=id\"><span class=\"eastsyriac\">\u0729\u0715\u0721</span></a>, <a href=\"dosearch.php?searchkey=12318&amp;language=id\"><span class=\"eastsyriac\">\u0729\u0732\u0715\u0742\u0721\u0735\u071d\u0735\u0710</span></a></span>"], "key": "28594", "west": "\u0729\u0730\u0715\u0747\u0721\u0733\u071d\u073a\u071d", "phonetic": "<td>qa ' ma: i:</td>", "east": "\u0729\u0732\u0715\u0747\u0721\u0735\u071d\u071d\u073c"},
{"searchkey": "12316", "audio": [], "context": [], "webrank": 40, "text": [" : firstly , in the first place , before anything else , first of all , primarily , imprimis , foremost , ahead (?) , in front (?) , forth (?) ;"], "english": "<td>firstly , in the first place , before anything else , first of all , primarily , imprimis , foremost , ahead (?) , in front (?) , forth (?) ;</td>", "cf": ["<span class=\"wordlink\"><a href=\"dosearch.php?searchkey=21245&amp;language=id\"><span class=\"eastsyriac\">\u0729\u0715\u0721</span></a>, <a href=\"dosearch.php?searchkey=12315&amp;language=id\"><span class=\"eastsyriac\">\u0729\u0732\u0715\u0721\u0735\u0710</span></a>, <a href=\"dosearch.php?searchkey=12304&amp;language=id\"><span class=\"eastsyriac\">\u0729\u0732\u0715\u0747\u0721</span></a>, <a href=\"dosearch.php?searchkey=12287&amp;language=id\"><span class=\"eastsyriac\">\u0729\u0732\u0715\u071d\u073c\u0721\u0735\u0710</span></a>, <a href=\"dosearch.php?searchkey=12303&amp;language=id\"><span class=\"eastsyriac\">\u0729\u0732\u0715\u071d\u073c\u0721\u0735\u071d\u0735\u0710</span></a>, <a href=\"dosearch.php?searchkey=12301&amp;language=id\"><span class=\"eastsyriac\">\u0729\u0732\u0715\u071d\u073c\u0721\u0718\u073c\u072c\u0735\u0710</span></a>, <a href=\"dosearch.php?searchkey=12314&amp;language=id\"><span class=\"eastsyriac\">\u0729\u0715\u0735\u0721\u0735\u0710</span></a>, <a href=\"dosearch.php?searchkey=12317&amp;language=id\"><span class=\"eastsyriac\">\u0729\u0732\u0715\u0721\u0718\u073c\u072c\u0735\u0710</span></a>, <a href=\"dosearch.php?searchkey=12318&amp;language=id\"><span class=\"eastsyriac\">\u0729\u0732\u0715\u0721\u0735\u071d\u0735\u0710</span></a>, <a href=\"dosearch.php?searchkey=12319&amp;language=id\"><span class=\"eastsyriac\">\u0729\u0732\u0715\u0721\u0735\u071d\u0718\u073c\u072c\u0735\u0710</span></a>, <a href=\"dosearch.php?searchkey=qadmAytA%27&amp;language=fullsyriac\"><span class=\"eastsyriac\">\u0729\u0732\u0715\u0721\u0735\u071d\u072c\u0735\u0710</span></a>, <a href=\"dosearch.php?searchkey=12305&amp;language=id\"><span class=\"eastsyriac\">\u0729\u0732\u0715\u0747\u0721 \u0710\u0735\u0715\u071d\u073c\u0735\u0710</span></a>, <a href=\"dosearch.php?searchkey=19396&amp;language=id\"><span class=\"eastsyriac\">\u0729\u0732\u0715\u0747\u0721\u0735\u071d\u0735\u0710</span></a></span>", "<span class=\"wordlink\"><a href=\"dosearch.php?searchkey=15921&amp;language=id\"><span class=\"eastsyriac\">\u072c\u072a\u0732\u071d\u0735\u0722\u0735\u0710\u071d\u073c\u072c\u0742</span></a>, <a href=\"dosearch.php?searchkey=15603&amp;language=id\"><span class=\"eastsyriac\">\u072c\u0720\u071d\u073c\u072c\u0735\u0710\u071d\u073c\u072c\u0742</span></a>, <a href=\"dosearch.php?searchkey=30541&amp;language=id\"><span class=\"eastsyriac\">\u072a\u0712\u0742\u071d\u0725\u0735\u0710\u071d\u073c\u072c\u0742</span></a></span>"], "key": "12316", "west": "\u0729\u0730\u0715\u0721\u0733\u0710\u073a\u071d\u072c", "phonetic": "<td>qad ' ma: i:t</td>", "east": "\u0729\u0732\u0715\u0721\u0735\u0710\u071d\u073c\u072c"},
{"searchkey": "13414", "audio": [], "context": ["river"], "webrank": 80, "text": [" : (intransitive verb) : to flow , to move , to proceed , to progress , to go / carry on , to go forward / advance , to move ahead , to move along , to stream (?) , ", " : to run (?) ;"], "english": "<td>(intransitive verb) : to flow , to move , to proceed , to progress , to go / carry on , to go forward / advance , to move ahead , to move along , to stream (?) , <span class=\"context\">river</span> : to run (?) ;</td>", "cf": ["<span class=\"wordlink\"><a href=\"dosearch.php?searchkey=13419&amp;language=id\"><span class=\"eastsyriac\">\u072a\u0735\u0715\u0718\u073f\u071d\u0735\u0710</span></a>, <a href=\"dosearch.php?searchkey=13422&amp;language=id\"><span class=\"eastsyriac\">\u072a\u0738\u0715\u071d\u0735\u0710</span></a>, <a href=\"dosearch.php?searchkey=13423&amp;language=id\"><span class=\"eastsyriac\">\u072a\u0715\u0735\u071d\u0735\u0710</span></a></span>"], "key": "13414", "west": "\u072a\u0715\u0733\u0710", "phonetic": "<td>' rda</td>", "east": "\u072a\u0715\u0735\u0710"},
{"searchkey": "12380", "audio": [], "context": [], "webrank": 70, "text": [" : before , in front of , in the presence of , preceding in space / ahead of ;"], "english": "<td>before , in front of , in the presence of , preceding in space / ahead of ;</td>", "cf": ["<span class=\"wordlink\"><a href=\"dosearch.php?searchkey=12287&amp;language=id\"><span class=\"eastsyriac\">\u0729\u0732\u0715\u071d\u073c\u0721\u0735\u0710</span></a>, <a href=\"dosearch.php?searchkey=12303&amp;language=id\"><span class=\"eastsyriac\">\u0729\u0732\u0715\u071d\u073c\u0721\u0735\u071d\u0735\u0710</span></a>, <a href=\"dosearch.php?searchkey=12301&amp;language=id\"><span class=\"eastsyriac\">\u0729\u0732\u0715\u071d\u073c\u0721\u0718\u073c\u072c\u0735\u0710</span></a>, <a href=\"dosearch.php?searchkey=12314&amp;language=id\"><span class=\"eastsyriac\">\u0729\u0715\u0735\u0721\u0735\u0710</span></a>, <a href=\"dosearch.php?searchkey=12315&amp;language=id\"><span class=\"eastsyriac\">\u0729\u0732\u0715\u0721\u0735\u0710</span></a>, <a href=\"dosearch.php?searchkey=12316&amp;language=id\"><span class=\"eastsyriac\">\u0729\u0732\u0715\u0721\u0735\u0710\u071d\u073c\u072c</span></a>, <a href=\"dosearch.php?searchkey=12317&amp;language=id\"><span class=\"eastsyriac\">\u0729\u0732\u0715\u0721\u0718\u073c\u072c\u0735\u0710</span></a>, <a href=\"dosearch.php?searchkey=12318&amp;language=id\"><span class=\"eastsyriac\">\u0729\u0732\u0715\u0721\u0735\u071d\u0735\u0710</span></a>, <a href=\"dosearch.php?searchkey=12319&amp;language=id\"><span class=\"eastsyriac\">\u0729\u0732\u0715\u0721\u0735\u071d\u0718\u073c\u072c\u0735\u0710</span></a>, <a href=\"dosearch.php?searchkey=qadmAytA%27&amp;language=fullsyriac\"><span class=\"eastsyriac\">\u0729\u0732\u0715\u0721\u0735\u071d\u072c\u0735\u0710</span></a>, <a href=\"dosearch.php?searchkey=12305&amp;language=id\"><span class=\"eastsyriac\">\u0729\u0732\u0715\u0747\u0721 \u0710\u0735\u0715\u071d\u073c\u0735\u0710</span></a>, <a href=\"dosearch.php?searchkey=12376&amp;language=id\"><span class=\"eastsyriac\">\u0729\u0718\u073c\u0715\u0721\u0735\u0710</span></a>, <a href=\"dosearch.php?searchkey=12304&amp;language=id\"><span class=\"eastsyriac\">\u0729\u0732\u0715\u0747\u0721</span></a>, <a href=\"dosearch.php?searchkey=12379&amp;language=id\"><span class=\"eastsyriac\">\u0729\u0718\u073c\u0715\u0721\u0735\u0722\u0735\u071d\u0735\u0710</span></a></span>"], "key": "12380", "west": "\u0729\u073d\u0718\u0715\u0721\u0733\u072c", "phonetic": "<td>' qud mat</td>", "east": "\u0729\u0718\u073c\u0715\u0721\u0735\u072c"},
{"searchkey": "13423", "audio": [], "context": ["river"], "webrank": 90, "text": [" : 1) -?- (intransitive verb) : to flow , to move , to proceed , to progress , to go / carry on , to go forward / advance , to move ahead , to move along , to stream (?) , ", " : to run (?) ;\r\n\r\n2) -?- (transitive verb) : to approve of , to sanction / give sanction to , to endorse , to back , to be for , to second , to approbate (?)  / okay (?) / to ratify (?) , to be pleased with , to regard as good , to commend , to think well of , to admire / to look up to (?) ;"], "english": "<td>1) -?- (intransitive verb) : to flow , to move , to proceed , to progress , to go / carry on , to go forward / advance , to move ahead , to move along , to stream (?) , <span class=\"context\">river</span> : to run (?) ;\r\n\r\n2) -?- (transitive verb) : to approve of , to sanction / give sanction to , to endorse , to back , to be for , to second , to approbate (?)  / okay (?) / to ratify (?) , to be pleased with , to regard as good , to commend , to think well of , to admire / to look up to (?) ;</td>", "cf": ["<span class=\"wordlink\"><a href=\"dosearch.php?searchkey=13414&amp;language=id\"><span class=\"eastsyriac\">\u072a\u0715\u0735\u0710</span></a>, <a href=\"dosearch.php?searchkey=13415&amp;language=id\"><span class=\"eastsyriac\">\u072a\u0715\u0735\u0710</span></a>, <a href=\"dosearch.php?searchkey=13422&amp;language=id\"><span class=\"eastsyriac\">\u072a\u0738\u0715\u071d\u0735\u0710</span></a>, <a href=\"dosearch.php?searchkey=13427&amp;language=id\"><span class=\"eastsyriac\">\u072a\u0715\u0735\u071d\u072c\u0735\u0710</span></a></span>"], "key": "13423", "west": "\u072a\u0715\u0733\u071d\u0733\u0710", "phonetic": "<td>' rda ia </td>", "east": "\u072a\u0715\u0735\u071d\u0735\u0710"},
{"searchkey": "28595", "audio": [], "context": ["feminine of \u0729\u0732\u0715\u0742\u0721\u0735\u071d\u0735\u0710"], "webrank": 60, "text": [" : ", " : first , foremost , ahead ;"], "english": "<td><span class=\"context\">feminine of <a href=\"dosearch.php?searchkey=qadLmAyA%27&amp;language=fullsyriac\"><span class=\"eastsyriac\">\u0729\u0732\u0715\u0742\u0721\u0735\u071d\u0735\u0710</span></a></span> : first , foremost , ahead ;</td>", "cf": ["<span class=\"wordlink\"><a href=\"dosearch.php?searchkey=21245&amp;language=id\"><span class=\"eastsyriac\">\u0729\u0715\u0721</span></a></span>"], "key": "28595", "west": "\u0729\u0730\u0715\u0747\u0721\u072c\u0733\u0710", "phonetic": "<td>' qam ta:</td>", "east": "\u0729\u0732\u0715\u0747\u0721\u072c\u0735\u0710"},
{"searchkey": "12315", "audio": [], "context": ["Classical Syriac (adjective) :"], "webrank": 30, "text": [" : 1) the front , the fore , the foremost part the forward part , the part of anything which seems to look out , the frontage , the facade , the face ;\r\n2) "], "english": "<td>1) the front , the fore , the foremost part the forward part , the part of anything which seems to look out , the frontage , the facade , the face ;\r\n2) <span class=\"context\">Classical Syriac (adjective) : <span class=\"locution\"><span class=\"eastsyriac\">\u0729\u0732\u0715\u0721\u0735\u0710</span></span></span> : first , anterior / previous (?) , <span class=\"context\">see <a href=\"dosearch.php?searchkey=qdLim&amp;language=fullsyriac\"><span class=\"eastsyriac\">\u0729\u0715\u0742\u071d\u073c\u0721</span></a> / <a href=\"dosearch.php?searchkey=qdLimA%27&amp;language=fullsyriac\"><span class=\"eastsyriac\">\u0729\u0715\u0742\u071d\u073c\u0721\u0735\u0710</span></a></span> , <span class=\"context\">Bailis Shamun</span> : old-fashioned ;\r\n3) <span class=\"context\">adverb ; also <span class=\"locution\"><span class=\"eastsyriac\">\u0720\u0729\u0732\u0715\u0747\u0721\u0735\u0710</span></span></span> : before , in front , ahead ;\r\n4) <span class=\"context\">adverb : <span class=\"locution\"><span class=\"eastsyriac\">\u0720\u0735\u0729\u0732\u0715\u0747\u0721\u0735\u0710</span></span></span> : onwards ;\r\n<span class=\"locution\"><span class=\"eastsyriac\">\u0710\u0735\u0719\u0738\u0720 \u0720\u0729\u0732\u0715\u0747\u0721\u0739\u0717</span></span> / <span class=\"locution\"><span class=\"eastsyriac\">\u0710\u0735\u072c\u0739\u0710 \u0720\u0729\u0732\u0715\u0747\u0721\u0739\u0717</span></span> : to make progress , to proceed , to go forward / to be on its way ;\r\n<span class=\"locution\"><span class=\"eastsyriac\">\u0720\u0735\u0729\u0732\u0715\u0747\u0721\u0735\u0718\u071f\u0742\u0718\u073f\u0722</span></span> : a) forward , b) <span class=\"context\">figurative sense ; 1 Corinthians : 9, 17</span> : for the better ;\r\n<span class=\"context\">Rh\u00e9tor\u00e9 ; <span class=\"locution\"><span class=\"eastsyriac\">\u072b\u0718\u073c\u0720\u071d\u073c \u0720\u0729\u0735\u0715\u0747\u0721\u0739\u0717 \u071d\u0720\u0739\u0717</span></span></span> : my business is moving formward / proceeding well / is well on its way ;</td>", "cf": ["<span class=\"wordlink\"><a href=\"dosearch.php?searchkey=21245&amp;language=id\"><span class=\"eastsyriac\">\u0729\u0715\u0721</span></a>, <a href=\"dosearch.php?searchkey=12314&amp;language=id\"><span class=\"eastsyriac\">\u0729\u0715\u0735\u0721\u0735\u0710</span></a>, <a href=\"dosearch.php?searchkey=12316&amp;language=id\"><span class=\"eastsyriac\">\u0729\u0732\u0715\u0721\u0735\u0710\u071d\u073c\u072c</span></a>, <a href=\"dosearch.php?searchkey=12317&amp;language=id\"><span class=\"eastsyriac\">\u0729\u0732\u0715\u0721\u0718\u073c\u072c\u0735\u0710</span></a>, <a href=\"dosearch.php?searchkey=12318&amp;language=id\"><span class=\"eastsyriac\">\u0729\u0732\u0715\u0721\u0735\u071d\u0735\u0710</span></a>, <a href=\"dosearch.php?searchkey=12319&amp;language=id\"><span class=\"eastsyriac\">\u0729\u0732\u0715\u0721\u0735\u071d\u0718\u073c\u072c\u0735\u0710</span></a>, <a href=\"dosearch.php?searchkey=12304&amp;language=id\"><span class=\"eastsyriac\">\u0729\u0732\u0715\u0747\u0721</span></a>, <a href=\"dosearch.php?searchkey=12298&amp;language=id\"><span class=\"eastsyriac\">\u0729\u0718\u073c\u0715\u0721\u0739\u0710</span></a>, <a href=\"dosearch.php?searchkey=12315&amp;language=id\"><span class=\"eastsyriac\">\u0729\u0732\u0715\u0747\u0721\u0735\u0710</span></a>, <a href=\"dosearch.php?searchkey=qadmA%27&amp;language=fullsyriac\"><span class=\"eastsyriac\">\u0729\u0732\u0715\u0721\u0735\u0710</span></a>, <a href=\"dosearch.php?searchkey=qadmAyA%27&amp;language=fullsyriac\"><span class=\"eastsyriac\">\u0729\u0732\u0715\u0721\u0735\u071d\u0735\u0710</span></a></span>", "<span class=\"wordlink\"><a href=\"dosearch.php?searchkey=29673&amp;language=id\"><span class=\"eastsyriac\">\u0710\u0738\u072b\u072c\u0729\u0732\u0715\u071d\u073c</span></a></span>"], "key": "12315", "west": "\u0729\u0730\u0715\u0747\u0721\u0733\u0710", "phonetic": "<td>' qa: ma:</td>", "east": "\u0729\u0732\u0715\u0747\u0721\u0735\u0710"},
{"searchkey": "12304", "audio": [], "context": ["Rh\u00e9tor\u00e9 (NENA, Al Qosh) :"], "webrank": 20, "text": [" : 1) the fore , in the part that precedes / goes first ;\r\n2) before , in front of , ahead -of- (?) , forward (?) , forth (?) ;\r\n"], "english": "<td>1) the fore , in the part that precedes / goes first ;\r\n2) before , in front of , ahead -of- (?) , forward (?) , forth (?) ;\r\n<span class=\"context\">Rh\u00e9tor\u00e9 (NENA, Al Qosh) : <span class=\"locution\"><span class=\"eastsyriac\">\u0717\u0718\u073f\u0720\u0739\u0717 \u0712\u072a\u071d\u073c\u071f\u0735\u0710 \u0729\u0735\u0715\u0747\u0721\u0718\u073f\u071f\u0742</span></span></span> : he is kneeling in front of you ;</td>", "cf": ["<span class=\"wordlink\"><a href=\"dosearch.php?searchkey=21245&amp;language=id\"><span class=\"eastsyriac\">\u0729\u0715\u0721</span></a>, <a href=\"dosearch.php?searchkey=12287&amp;language=id\"><span class=\"eastsyriac\">\u0729\u0732\u0715\u071d\u073c\u0721\u0735\u0710</span></a>, <a href=\"dosearch.php?searchkey=12303&amp;language=id\"><span class=\"eastsyriac\">\u0729\u0732\u0715\u071d\u073c\u0721\u0735\u071d\u0735\u0710</span></a>, <a href=\"dosearch.php?searchkey=12301&amp;language=id\"><span class=\"eastsyriac\">\u0729\u0732\u0715\u071d\u073c\u0721\u0718\u073c\u072c\u0735\u0710</span></a>, <a href=\"dosearch.php?searchkey=12314&amp;language=id\"><span class=\"eastsyriac\">\u0729\u0715\u0735\u0721\u0735\u0710</span></a>, <a href=\"dosearch.php?searchkey=12315&amp;language=id\"><span class=\"eastsyriac\">\u0729\u0732\u0715\u0721\u0735\u0710</span></a>, <a href=\"dosearch.php?searchkey=12316&amp;language=id\"><span class=\"eastsyriac\">\u0729\u0732\u0715\u0721\u0735\u0710\u071d\u073c\u072c</span></a>, <a href=\"dosearch.php?searchkey=12317&amp;language=id\"><span class=\"eastsyriac\">\u0729\u0732\u0715\u0721\u0718\u073c\u072c\u0735\u0710</span></a>, <a href=\"dosearch.php?searchkey=12318&amp;language=id\"><span class=\"eastsyriac\">\u0729\u0732\u0715\u0721\u0735\u071d\u0735\u0710</span></a>, <a href=\"dosearch.php?searchkey=12319&amp;language=id\"><span class=\"eastsyriac\">\u0729\u0732\u0715\u0721\u0735\u071d\u0718\u073c\u072c\u0735\u0710</span></a>, <a href=\"dosearch.php?searchkey=qadmAytA%27&amp;language=fullsyriac\"><span class=\"eastsyriac\">\u0729\u0732\u0715\u0721\u0735\u071d\u072c\u0735\u0710</span></a>, <a href=\"dosearch.php?searchkey=12305&amp;language=id\"><span class=\"eastsyriac\">\u0729\u0732\u0715\u0747\u0721 \u0710\u0735\u0715\u071d\u073c\u0735\u0710</span></a>, <a href=\"dosearch.php?searchkey=12376&amp;language=id\"><span class=\"eastsyriac\">\u0729\u0718\u073c\u0715\u0721\u0735\u0710</span></a>, <a href=\"dosearch.php?searchkey=12378&amp;language=id\"><span class=\"eastsyriac\">\u0729\u0718\u073c\u0715\u0721\u0735\u0710\u071d\u073c\u072c</span></a>, <a href=\"dosearch.php?searchkey=12886&amp;language=id\"><span class=\"eastsyriac\">\u0729\u0732\u0715\u0747\u0721</span></a>, <a href=\"dosearch.php?searchkey=16540&amp;language=id\"><span class=\"eastsyriac\">\u0729\u0735\u0715\u0747\u0721</span></a>, <a href=\"dosearch.php?searchkey=16734&amp;language=id\"><span class=\"eastsyriac\">\u0729\u0715\u0735\u0721 \u071f\u0735\u0718\u0738\u072c\u072a\u0735\u0710</span></a>, <a href=\"dosearch.php?searchkey=6874&amp;language=id\"><span class=\"eastsyriac\">\u0720\u0729\u0735\u0715\u0747\u0721</span></a></span>"], "key": "12304", "west": "\u0729\u0730\u0715\u0747\u0721", "phonetic": "<td>' qam</td>", "east": "\u0729\u0732\u0715\u0747\u0721"},
{"searchkey": "28591", "audio": [], "context": ["with direct object", "on a person", "see \u0721\u0729\u0735\u0715\u0738\u0721"], "webrank": 10, "text": [" : 1) ", " : to go in front , to walk ahead , to go before , to precede , to get ahead of ;\r\n2) to come ", " unawares , to come across (?) / to bump into (?) ;\r\n3) to seek early , ", " ;"], "english": "<td>1) <span class=\"context\">with direct object</span> : to go in front , to walk ahead , to go before , to precede , to get ahead of ;\r\n2) to come <span class=\"context\">on a person</span> unawares , to come across (?) / to bump into (?) ;\r\n3) to seek early , <span class=\"context\">see <a href=\"dosearch.php?searchkey=mqAdem&amp;language=fullsyriac\"><span class=\"eastsyriac\">\u0721\u0729\u0735\u0715\u0738\u0721</span></a></span> ;</td>", "cf": ["<span class=\"wordlink\"><a href=\"dosearch.php?searchkey=21245&amp;language=id\"><span class=\"eastsyriac\">\u0729\u0715\u0721</span></a>, <a href=\"dosearch.php?searchkey=12287&amp;language=id\"><span class=\"eastsyriac\">\u0729\u0732\u0715\u071d\u073c\u0721\u0735\u0710</span></a>, <a href=\"dosearch.php?searchkey=12303&amp;language=id\"><span class=\"eastsyriac\">\u0729\u0732\u0715\u071d\u073c\u0721\u0735\u071d\u0735\u0710</span></a>, <a href=\"dosearch.php?searchkey=12301&amp;language=id\"><span class=\"eastsyriac\">\u0729\u0732\u0715\u071d\u073c\u0721\u0718\u073c\u072c\u0735\u0710</span></a>, <a href=\"dosearch.php?searchkey=12314&amp;language=id\"><span class=\"eastsyriac\">\u0729\u0715\u0735\u0721\u0735\u0710</span></a>, <a href=\"dosearch.php?searchkey=12315&amp;language=id\"><span class=\"eastsyriac\">\u0729\u0732\u0715\u0747\u0721\u0735\u0710</span></a>, <a href=\"dosearch.php?searchkey=12316&amp;language=id\"><span class=\"eastsyriac\">\u0729\u0732\u0715\u0721\u0735\u0710\u071d\u073c\u072c</span></a>, <a href=\"dosearch.php?searchkey=12317&amp;language=id\"><span class=\"eastsyriac\">\u0729\u0732\u0715\u0721\u0718\u073c\u072c\u0735\u0710</span></a>, <a href=\"dosearch.php?searchkey=12318&amp;language=id\"><span class=\"eastsyriac\">\u0729\u0732\u0715\u0721\u0735\u071d\u0735\u0710</span></a>, <a href=\"dosearch.php?searchkey=12319&amp;language=id\"><span class=\"eastsyriac\">\u0729\u0732\u0715\u0721\u0735\u071d\u0718\u073c\u072c\u0735\u0710</span></a>, <a href=\"dosearch.php?searchkey=28587&amp;language=id\"><span class=\"eastsyriac\">\u0729\u0732\u0715\u071d\u073c\u0721\u0735\u071d\u072c\u0735\u0710</span></a>, <a href=\"dosearch.php?searchkey=12305&amp;language=id\"><span class=\"eastsyriac\">\u0729\u0732\u0715\u0747\u0721 \u0710\u0735\u0715\u071d\u073c\u0735\u0710</span></a>, <a href=\"dosearch.php?searchkey=12376&amp;language=id\"><span class=\"eastsyriac\">\u0729\u0718\u073c\u0715\u0721\u0735\u0710</span></a>, <a href=\"dosearch.php?searchkey=12378&amp;language=id\"><span class=\"eastsyriac\">\u0729\u0718\u073c\u0715\u0721\u0735\u0710\u071d\u073c\u072c</span></a>, <a href=\"dosearch.php?searchkey=12304&amp;language=id\"><span class=\"eastsyriac\">\u0729\u0732\u0715\u0747\u0721</span></a>, <a href=\"dosearch.php?searchkey=12886&amp;language=id\"><span class=\"eastsyriac\">\u0729\u0732\u0715\u0747\u0721</span></a>, <a href=\"dosearch.php?searchkey=16734&amp;language=id\"><span class=\"eastsyriac\">\u0729\u0715\u0735\u0721 \u071f\u0735\u0718\u0738\u072c\u072a\u0735\u0710</span></a>, <a href=\"dosearch.php?searchkey=28593&amp;language=id\"><span class=\"eastsyriac\">\u0729\u0739\u0715\u0747\u0721\u0718\u073c\u072c\u0742\u0735\u0710</span></a>, <a href=\"dosearch.php?searchkey=35872&amp;language=id\"><span class=\"eastsyriac\">\u0729\u0735\u0715\u0739\u0721</span></a></span>", "<span class=\"wordlink\"><a href=\"dosearch.php?searchkey=35870&amp;language=id\"><span class=\"eastsyriac\">\u0729\u0735\u072a\u0739\u0712\u0742</span></a>, <a href=\"dosearch.php?searchkey=35871&amp;language=id\"><span class=\"eastsyriac\">\u0721\u0732\u0715\u072a\u0739\u071f\u0742</span></a>, <a href=\"dosearch.php?searchkey=35872&amp;language=id\"><span class=\"eastsyriac\">\u0729\u0735\u0715\u0739\u0721</span></a>, <a href=\"dosearch.php?searchkey=35873&amp;language=id\"><span class=\"eastsyriac\">\u0729\u0732\u072a\u0712\u0738\u0722</span></a>, <a href=\"dosearch.php?searchkey=26160&amp;language=id\"><span class=\"eastsyriac\">\u0729\u072a\u0735\u0712\u0742\u0735\u0710</span></a>, <a href=\"dosearch.php?searchkey=35869&amp;language=id\"><span class=\"eastsyriac\">\u0715\u0735\u0722\u0739\u0710</span></a></span>"], "key": "28591", "west": "\u0729\u0733\u0715\u0742\u0736\u0721", "phonetic": "<td>' qa: dhim</td>", "east": "\u0729\u0735\u0715\u0742\u0738\u0721"},
{"searchkey": "32476", "audio": [], "context": ["subject 3rd person singular masculine", "+"], "webrank": 2, "text": [" : ", " : to consider "], "english": "<td><span class=\"context\">subject 3rd person singular masculine</span> : to consider <span class=\"context\">+ <span class=\"locution\"><span class=\"eastsyriac\">\u0720\u0738</span></span> Ving</span> , to envisage , to look ahead to , to contemplate / to think about / to think of / to have <span class=\"context\">something</span> in mind ;\r\n<span class=\"context\">Rh\u00e9tor\u00e9 ; <span class=\"locution\"><span class=\"eastsyriac\">\u0718\u0725\u0735\u0720\u0721\u0735\u0710 \u0726\u071d\u073c\u072b \u0720\u0739\u0717 \u0712\u0738\u072a\u0725\u0735\u0720\u0735\u0710 \u0720\u0738\u0725\u072a\u0735\u0729\u0735\u0710 \u0717\u0712\u0742\u071d\u073c\u0720 \u0720\u0739\u0717 \u0712\u0735\u0720\u0735\u0710</span></span></span> : and everybody started to tremble / to fear and considered fleeing ;\r\n\r\n</td>", "cf": ["<span class=\"wordlink\"><a href=\"dosearch.php?searchkey=31057&amp;language=id\"><span class=\"eastsyriac\">\u0717\u0747\u0712\u0742\u071d\u073c\u0720\u0735\u0710</span></a>, <a href=\"dosearch.php?searchkey=1366&amp;language=id\"><span class=\"eastsyriac\">\u0712\u0735\u0720\u0735\u0710</span></a></span>", "<span class=\"wordlink\"><a href=\"dosearch.php?searchkey=4877&amp;language=id\"><span class=\"eastsyriac\">\u071a\u072b\u0735\u0712\u0742\u0735\u0710</span></a></span>"], "key": "32476", "west": "\u0717\u0712\u0742\u073a\u071d\u0720 \u0720\u0736\u0717 \u0712\u0733\u0720\u0733\u0710", "phonetic": "<td>' wi:l lih ' ba: la:</td>", "east": "\u0717\u0712\u0742\u071d\u073c\u0720 \u0720\u0738\u0717 \u0712\u0735\u0720\u0735\u0710"}
]