[
{"searchkey": "13894", "audio": [], "context": [], "webrank": 6, "text": [" : an airplane, a helicopter ;"], "english": "<td>an airplane, a helicopter ;</td>", "cf": ["<span class=\"wordlink\"><a href=\"dosearch.php?searchkey=18599&amp;language=id\"><span class=\"eastsyriac\">\u0726\u072a\u071a</span></a>, <a href=\"dosearch.php?searchkey=11311&amp;language=id\"><span class=\"eastsyriac\">\u0726\u072a\u0735\u071a\u0735\u0710</span></a>, <a href=\"dosearch.php?searchkey=11316&amp;language=id\"><span class=\"eastsyriac\">\u0726\u0732\u072a\u0735\u071a\u0735\u0710</span></a>, <a href=\"dosearch.php?searchkey=11312&amp;language=id\"><span class=\"eastsyriac\">\u0726\u0732\u072a\u0735\u071a\u0735\u0710</span></a>, <a href=\"dosearch.php?searchkey=11318&amp;language=id\"><span class=\"eastsyriac\">\u0726\u072a\u0732\u071a\u0715\u0718\u073f\u0715\u0735\u0710</span></a>, <a href=\"dosearch.php?searchkey=11317&amp;language=id\"><span class=\"eastsyriac\">\u0726\u0732\u072a\u0735\u071a\u0718\u073c\u072c\u0735\u0710</span></a>, <a href=\"dosearch.php?searchkey=18660&amp;language=id\"><span class=\"eastsyriac\">\u0726\u0732\u072a\u071a\u0735\u0722\u0718\u073c\u072c\u0735\u0710</span></a>, <a href=\"dosearch.php?searchkey=11319&amp;language=id\"><span class=\"eastsyriac\">\u0726\u0735\u072a\u071a\u0732\u072c \u0720\u0732\u071d\u0720\u0739\u0710</span></a>, <a href=\"dosearch.php?searchkey=11321&amp;language=id\"><span class=\"eastsyriac\">\u0726\u072a\u0735\u071a\u072c\u0735\u0710</span></a>, <a href=\"dosearch.php?searchkey=11311&amp;language=id\"><span class=\"eastsyriac\">\u0726\u072a\u0735\u071a\u0735\u0710</span></a>, <a href=\"dosearch.php?searchkey=14616&amp;language=id\"><span class=\"eastsyriac\">\u072b\u0732\u071d\u0722\u0735\u0710 \u0726\u0732\u072a\u071a\u0739\u0710</span></a>, <a href=\"dosearch.php?searchkey=17595&amp;language=id\"><span class=\"eastsyriac\">\u0726\u0732\u072a\u071a\u0718\u073f\u0722\u071d\u073c\u072c\u0742\u0735\u0710</span></a>, <a href=\"dosearch.php?searchkey=11315&amp;language=id\"><span class=\"eastsyriac\">\u0726\u0735\u072a\u071a\u0735\u0710 \u0720\u0732\u071d\u0720\u0739\u0710</span></a>, <a href=\"dosearch.php?searchkey=11272&amp;language=id\"><span class=\"eastsyriac\">\u0726\u0735\u072a\u0718\u073f\u071a\u0718\u073f\u072c\u0735\u0710</span></a>, <a href=\"dosearch.php?searchkey=11271&amp;language=id\"><span class=\"eastsyriac\">\u0726\u0735\u072a\u0718\u073f\u071a\u0735\u0710</span></a>, <a href=\"dosearch.php?searchkey=8299&amp;language=id\"><span class=\"eastsyriac\">\u0721\u0732\u0726\u072a\u071a\u0735\u0722\u0735\u0710</span></a>, <a href=\"dosearch.php?searchkey=11314&amp;language=id\"><span class=\"eastsyriac\">\u0726\u0732\u072a\u0735\u071a\u0739\u0710</span></a>, <a href=\"dosearch.php?searchkey=11320&amp;language=id\"><span class=\"eastsyriac\">\u0726\u0732\u072a\u071a\u0735\u0719\u0742\u072c\u0735\u0710</span></a></span>", "<span class=\"wordlink\"><a href=\"dosearch.php?searchkey=5103&amp;language=id\"><span class=\"eastsyriac\">\u071b\u0732\u071d\u0735\u072a\u0735\u0710</span></a>, <a href=\"dosearch.php?searchkey=16144&amp;language=id\"><span class=\"eastsyriac\">\u071b\u0732\u071d\u0735\u0723\u072c\u0735\u0710</span></a>, <a href=\"dosearch.php?searchkey=32805&amp;language=id\"><span class=\"eastsyriac\">\u071b\u0735\u071d\u0718\u073f\u0723\u072c\u0735\u0710</span></a></span>"], "key": "13894", "west": "\u0726\u0730\u072a\u071a\u0733\u0722\u072c\u0733\u0710", "phonetic": "<td>' par ' \u1e25an ' ta:</td>", "east": "\u0726\u0732\u072a\u071a\u0735\u0722\u072c\u0735\u0710"},
{"searchkey": "2064", "audio": [], "context": ["fish, seal, shark ...", "bird, insect", "modern technology: airplane, engine, scuba-diving, sail-boat ...", "plural"], "webrank": 1, "text": [" : 1) ", " : a fin ;\r\n2) ", " : a wing , the two anterior limbs of birds or insects ;\r\n3) -?- ", " : a fin (?) ;\r\n", " : \u0713\u0718\u073c\u0720\u0726\u0735\u0722\u0735\u0722\u0308\u0739\u0710 : fins , wings ;"], "english": "<td>1) <span class=\"context\">fish, seal, shark ...</span> : a fin ;\r\n2) <span class=\"context\">bird, insect</span> : a wing , the two anterior limbs of birds or insects ;\r\n3) -?- <span class=\"context\">modern technology: airplane, engine, scuba-diving, sail-boat ...</span> : a fin (?) ;\r\n<span class=\"context\">plural</span> : <a href=\"dosearch.php?searchkey=gulpAnAnCE%27&amp;language=fullsyriac\"><span class=\"eastsyriac\">\u0713\u0718\u073c\u0720\u0726\u0735\u0722\u0735\u0722\u0308\u0739\u0710</span></a> : fins , wings ;</td>", "cf": ["<span class=\"wordlink\"><a href=\"dosearch.php?searchkey=gp&amp;language=fullsyriac\"><span class=\"eastsyriac\">\u0713\u0726</span></a>, <a href=\"dosearch.php?searchkey=19009&amp;language=id\"><span class=\"eastsyriac\">\u0713\u0718\u073c\u0720\u0726\u0735\u0722\u0735\u0722\u0308\u0739\u0710</span></a>, <a href=\"dosearch.php?searchkey=19010&amp;language=id\"><span class=\"eastsyriac\">\u0713\u0738\u0720\u0726\u0735\u0722\u0308\u0739\u0710</span></a>, <a href=\"dosearch.php?searchkey=19011&amp;language=id\"><span class=\"eastsyriac\">\u0713\u0718\u073c\u0720\u0726\u0735\u0722\u0735\u0710 \u0726\u072a\u0735\u0723\u0735\u0710</span></a>, <a href=\"dosearch.php?searchkey=1711&amp;language=id\"><span class=\"eastsyriac\">\u0713\u0738\u0726\u0735\u0710</span></a>, <a href=\"dosearch.php?searchkey=35225&amp;language=id\"><span class=\"eastsyriac\">\u0713\u0738\u0720\u0726\u0735\u0722\u0735\u0710</span></a>, <a href=\"dosearch.php?searchkey=2344&amp;language=id\"><span class=\"eastsyriac\">\u0713\u0739\u0720\u0726\u0735\u0710</span></a></span>", "<span class=\"wordlink\"><a href=\"dosearch.php?searchkey=35224&amp;language=id\"><span class=\"eastsyriac\">\u0710\u0738\u0712\u0742\u072a\u0735\u0710</span></a>, <a href=\"dosearch.php?searchkey=2495&amp;language=id\"><span class=\"eastsyriac\">\u071f\u0738\u0722\u0726\u0735\u0710</span></a>, <a href=\"dosearch.php?searchkey=35223&amp;language=id\"><span class=\"eastsyriac\">\u0726\u0732\u072a\u0726\u0720\u0718\u073c\u071b\u0735\u0710</span></a></span>"], "key": "2064", "west": "\u0713\u073d\u0718\u0720\u0726\u0733\u0710", "phonetic": "<td>' gul pa:</td>", "east": "\u0713\u0718\u073c\u0720\u0726\u0735\u0710"},
{"searchkey": "5103", "audio": [], "context": [], "webrank": 4, "text": [" : 1) an airplane pilot , one who flies , a flyer , an aviator , an airman ;\r\n2) an airplane , a plane , a flying machine ;"], "english": "<td>1) an airplane pilot , one who flies , a flyer , an aviator , an airman ;\r\n2) an airplane , a plane , a flying machine ;</td>", "cf": ["<span class=\"wordlink\"><a href=\"dosearch.php?searchkey=pAroxotA%27&amp;language=fullsyriac\"><span class=\"eastsyriac\">\u0726\u0735\u072a\u0718\u073f\u071a\u0718\u073f\u072c\u0735\u0710</span></a>, <a href=\"dosearch.php?searchkey=pAroxA%27&amp;language=fullsyriac\"><span class=\"eastsyriac\">\u0726\u0735\u072a\u0718\u073f\u071a\u0735\u0710</span></a>, <a href=\"dosearch.php?searchkey=parAxA%27&amp;language=fullsyriac\"><span class=\"eastsyriac\">\u0726\u0732\u072a\u0735\u071a\u0735\u0710</span></a></span>"], "key": "5103", "west": "\u071b\u0730\u071d\u0733\u072a\u0733\u0710", "phonetic": "<td>\u1e6dai ' ia: ra:</td>", "east": "\u071b\u0732\u071d\u0735\u072a\u0735\u0710"},
{"searchkey": "10180", "audio": [], "context": [], "webrank": 5, "text": [" : 1) a winged creature , a fowl , a bird of prey ;\r\n2) any winged or flying object , an arrow , a plane (?) / an airplane (?) / a kite (?) / a missile (?) ;"], "english": "<td>1) a winged creature , a fowl , a bird of prey ;\r\n2) any winged or flying object , an arrow , a plane (?) / an airplane (?) / a kite (?) / a missile (?) ;</td>", "cf": ["<span class=\"wordlink\"><a href=\"dosearch.php?searchkey=11272&amp;language=id\"><span class=\"eastsyriac\">\u0726\u0735\u072a\u0718\u073f\u071a\u0718\u073f\u072c\u0735\u0710</span></a>, <a href=\"dosearch.php?searchkey=11271&amp;language=id\"><span class=\"eastsyriac\">\u0726\u0735\u072a\u0718\u073f\u071a\u0735\u0710</span></a>, <a href=\"dosearch.php?searchkey=5103&amp;language=id\"><span class=\"eastsyriac\">\u071b\u0732\u071d\u0735\u072a\u0735\u0710</span></a>, <a href=\"dosearch.php?searchkey=2513&amp;language=id\"><span class=\"eastsyriac\">\u0713\u0738\u072a\u0735\u0710</span></a>, <a href=\"dosearch.php?searchkey=2870&amp;language=id\"><span class=\"eastsyriac\">\u0715\u0718\u073c\u072a\u071b\u0735\u0710</span></a>, <a href=\"dosearch.php?searchkey=3968&amp;language=id\"><span class=\"eastsyriac\">\u0719\u0732\u072a\u0713\u0735\u0710</span></a>, <a href=\"dosearch.php?searchkey=16316&amp;language=id\"><span class=\"eastsyriac\">\u0719\u0718\u073c\u072a\u072c\u0735\u0710</span></a>, <a href=\"dosearch.php?searchkey=16317&amp;language=id\"><span class=\"eastsyriac\">\u071f\u072b\u0735\u071b\u0735\u0710</span></a>, <a href=\"dosearch.php?searchkey=1849&amp;language=id\"><span class=\"eastsyriac\">\u0713\u0739\u0710\u072a\u0735\u0710</span></a>, <a href=\"dosearch.php?searchkey=bAdbLAn&amp;language=fullsyriac\"><span class=\"eastsyriac\">\u0712\u0735\u0715\u0712\u0742\u0735\u0722</span></a>, <a href=\"dosearch.php?searchkey=2995&amp;language=id\"><span class=\"eastsyriac\">\u0715\u0732\u071d\u072c\u0735\u0710</span></a></span>"], "key": "10180", "west": "\u0725\u0730\u0718\u0726\u0733\u0710", "phonetic": "<td>' \u02bfo pa</td>", "east": "\u0725\u0732\u0718\u0726\u0735\u0710"},
{"searchkey": "32805", "audio": [], "context": [], "webrank": 2, "text": [" : an aeroplane , a plane , an aircraft , an airplane"], "english": "<td>an aeroplane , a plane , an aircraft , an airplane ;\r\n<span class=\"locution\"><span class=\"eastsyriac\">\u071a\u0719\u0718\u073c\u0729\u071d\u0735\u0710 \u0712\u071d\u0732\u0721\u0735\u0710 \u0710\u0735\u0718 \u0712\u071b\u0735\u071d\u0718\u073f\u0723\u072c\u0735\u0710</span></span> : a voyage by sea / boat or by plane / a crossing or a flight ;</td>", "cf": ["<span class=\"wordlink\"><a href=\"dosearch.php?searchkey=16144&amp;language=id\"><span class=\"eastsyriac\">\u071b\u0732\u071d\u0735\u0723\u072c\u0735\u0710</span></a></span>", "<span class=\"wordlink\"><a href=\"dosearch.php?searchkey=13894&amp;language=id\"><span class=\"eastsyriac\">\u0726\u0732\u072a\u071a\u0735\u0722\u072c\u0735\u0710</span></a></span>"], "key": "32805", "west": "\u071b\u0733\u071d\u073d\u0718\u0723\u072c\u0733\u0710", "phonetic": "<td>\u1e6d\u00e9 ' iu:s ta:</td>", "east": "\u071b\u0735\u071d\u0718\u073f\u0723\u072c\u0735\u0710"},
{"searchkey": "16144", "audio": [], "context": [], "webrank": 3, "text": [" : a plane , an airplane , an aeroplane , an aircraft"], "english": "<td>a plane , an airplane , an aeroplane , an aircraft ;\r\n<span class=\"locution\"><span class=\"eastsyriac\">\u071b\u0732\u071d\u0735\u0723\u072c\u0735\u0710 \u0715\u0720\u0735\u0710 \u0721\u0732\u0726\u072a\u071a\u0735\u0722\u0735\u0710</span></span> : a drone ; </td>", "cf": ["<span class=\"wordlink\"><a href=\"dosearch.php?searchkey=32805&amp;language=id\"><span class=\"eastsyriac\">\u071b\u0735\u071d\u0718\u073f\u0723\u072c\u0735\u0710</span></a></span>", "<span class=\"wordlink\"><a href=\"dosearch.php?searchkey=13894&amp;language=id\"><span class=\"eastsyriac\">\u0726\u0732\u072a\u071a\u0735\u0722\u072c\u0735\u0710</span></a></span>"], "key": "16144", "west": "\u071b\u0730\u071d\u0733\u0723\u072c\u0733\u0710", "phonetic": "<td>\u1e6da ' ias ta:</td>", "east": "\u071b\u0732\u071d\u0735\u0723\u072c\u0735\u0710"}
]