[
{"searchkey": "18200", "audio": [], "context": [], "webrank": 2, "text": [" : alive , living"], "english": "<td>alive , living ;\r\n<span class=\"locution\"><span class=\"eastsyriac\">\u071a\u0721\u0735\u072a\u0735\u0710 \u0712\u071d\u073c\u071a\u0735\u071d\u0739\u0710 \u071b\u0735\u0712\u0742 \u0721\u0738\u0722 \u0710\u0732\u072a\u071d\u0735\u0710 \u0721\u071d\u073c\u072c\u0742\u0735\u0710</span></span> : a living donkey is better than a dead lion ;</td>", "cf": ["<span class=\"wordlink\"><a href=\"dosearch.php?searchkey=18199&amp;language=id\"><span class=\"eastsyriac\">\u071a\u0732\u0308\u071d\u0739\u0710</span></a></span>", "<span class=\"wordlink\"><a href=\"dosearch.php?searchkey=9247&amp;language=id\"><span class=\"eastsyriac\">\u0722\u0732\u032e\u0726\u072b\u0735\u0722\u0735\u0710</span></a></span>"], "key": "18200", "west": "\u0712\u0736\u071d \u071a\u0730\u0308\u071d\u0736\u0710", "phonetic": "<td>' bi: ' ha yi:</td>", "east": "\u0712\u0739\u071d \u071a\u0732\u0308\u071d\u0739\u0710"},
{"searchkey": "21615", "audio": [], "context": ["of a sickness", "past participle masculine \u071a\u071d\u073c\u0735\u0710"], "webrank": 5, "text": [" : 1) to live , to be alive ;\r\n2) to be saved , to recover ", " , to save one's life , to resuscitate / to rise from the dead / to be brought back to life ;\r\n", " / feminine : \u071a\u071d\u073c\u072c\u0735\u0710"], "english": "<td>1) to live , to be alive ;\r\n2) to be saved , to recover <span class=\"context\">of a sickness</span> , to save one's life , to resuscitate / to rise from the dead / to be brought back to life ;\r\n<span class=\"context\">past participle masculine <a href=\"dosearch.php?searchkey=xiA%27&amp;language=fullsyriac\"><span class=\"eastsyriac\">\u071a\u071d\u073c\u0735\u0710</span></a></span> / feminine : <a href=\"dosearch.php?searchkey=xitA%27&amp;language=fullsyriac\"><span class=\"eastsyriac\">\u071a\u071d\u073c\u072c\u0735\u0710</span></a> : lived , saved , recovered <span class=\"context\">of a sickness</span> / healed / cured ;</td>", "cf": ["<span class=\"wordlink\"><a href=\"dosearch.php?searchkey=xy%27&amp;language=fullsyriac\"><span class=\"eastsyriac\">\u071a\u071d\u0710</span></a>, <a href=\"dosearch.php?searchkey=34306&amp;language=id\"><span class=\"eastsyriac\">\u071a\u0732\u071d\u0718\u073c\u072c\u0735\u0722\u0718\u073c\u072c\u0735\u0710</span></a>, <a href=\"dosearch.php?searchkey=34307&amp;language=id\"><span class=\"eastsyriac\">\u071a\u0732\u071d\u0718\u073c\u072c\u0735\u0722\u0735\u071d\u0718\u073c\u072c\u0735\u0710</span></a>, <a href=\"dosearch.php?searchkey=34305&amp;language=id\"><span class=\"eastsyriac\">\u0721\u071a\u0732\u071d\u0718\u073c\u072c\u0735\u0722\u0718\u073c\u072c\u0735\u0710</span></a>, <a href=\"dosearch.php?searchkey=4153&amp;language=id\"><span class=\"eastsyriac\">\u071a\u0718\u073c</span></a>, <a href=\"dosearch.php?searchkey=21616&amp;language=id\"><span class=\"eastsyriac\">\u0721\u0732\u071a\u0739\u0710</span></a>, <a href=\"dosearch.php?searchkey=21617&amp;language=id\"><span class=\"eastsyriac\">\u071a\u0732\u071d\u0735\u0710</span></a>, <a href=\"dosearch.php?searchkey=4369&amp;language=id\"><span class=\"eastsyriac\">\u071a\u0732\u071d\u0718\u073c\u072c\u0735\u0710</span></a>, <a href=\"dosearch.php?searchkey=21618&amp;language=id\"><span class=\"eastsyriac\">\u071a\u0732\u071d\u0308\u0718\u0735\u072c\u0735\u0710</span></a>, <a href=\"dosearch.php?searchkey=18199&amp;language=id\"><span class=\"eastsyriac\">\u071a\u0732\u071d\u0308\u0739\u0710</span></a>, <a href=\"dosearch.php?searchkey=21619&amp;language=id\"><span class=\"eastsyriac\">\u071a\u0735\u071d\u0735\u0722\u0735\u0710</span></a>, <a href=\"dosearch.php?searchkey=4351&amp;language=id\"><span class=\"eastsyriac\">\u071a\u0732\u071d\u0739\u0710</span></a>, <a href=\"dosearch.php?searchkey=21858&amp;language=id\"><span class=\"eastsyriac\">\u071a\u0732\u071d\u072c\u0735\u0710</span></a>, <a href=\"dosearch.php?searchkey=31339&amp;language=id\"><span class=\"eastsyriac\">\u0712\u071d\u073c\u071a\u0735\u071d\u0739\u0710</span></a></span>", "<span class=\"wordlink\"><a href=\"dosearch.php?searchkey=16993&amp;language=id\"><span class=\"eastsyriac\">\u0729\u0735\u0710\u0739\u0721</span></a>, <a href=\"dosearch.php?searchkey=12734&amp;language=id\"><span class=\"eastsyriac\">\u0729\u071d\u0735\u0721\u0735\u0710</span></a>, <a href=\"dosearch.php?searchkey=18795&amp;language=id\"><span class=\"eastsyriac\">\u072a\u0735\u0725\u0739\u072b</span></a>, <a href=\"dosearch.php?searchkey=35489&amp;language=id\"><span class=\"eastsyriac\">\u0722\u0735\u071a\u0739\u0721</span></a></span>"], "key": "21615", "west": "\u071a\u0733\u071d\u0736\u0710", "phonetic": "<td>' \u1e25a: yi:</td>", "east": "\u071a\u0735\u071d\u0739\u0710"},
{"searchkey": "31339", "audio": [], "context": [], "webrank": 3, "text": [" : alive / quick / living ;"], "english": "<td>alive / quick / living ;</td>", "cf": ["<span class=\"wordlink\"><a href=\"dosearch.php?searchkey=18156&amp;language=id\"><span class=\"eastsyriac\">\u0712\u071d\u073c</span></a>, <a href=\"dosearch.php?searchkey=1270&amp;language=id\"><span class=\"eastsyriac\">\u0712\u0739\u071d\u072c</span></a>, <a href=\"dosearch.php?searchkey=21615&amp;language=id\"><span class=\"eastsyriac\">\u071a\u0735\u071d\u0739\u0710</span></a>, <a href=\"dosearch.php?searchkey=4350&amp;language=id\"><span class=\"eastsyriac\">\u071a\u071d\u073c\u0735\u0710</span></a>, <a href=\"dosearch.php?searchkey=4351&amp;language=id\"><span class=\"eastsyriac\">\u071a\u0732\u071d\u0308\u0739\u0710</span></a>, <a href=\"dosearch.php?searchkey=4370&amp;language=id\"><span class=\"eastsyriac\">\u071a\u0732\u071d\u0718\u073c\u072c\u0735\u0722\u0735\u0710</span></a>, <a href=\"dosearch.php?searchkey=4368&amp;language=id\"><span class=\"eastsyriac\">\u071a\u0735\u071d\u0718\u073c\u072c\u0735\u0710</span></a>, <a href=\"dosearch.php?searchkey=17409&amp;language=id\"><span class=\"eastsyriac\">\u071a\u071d\u0710</span></a>, <a href=\"dosearch.php?searchkey=4352&amp;language=id\"><span class=\"eastsyriac\">\u071a\u0732\u071d\u0735\u0710</span></a></span>"], "key": "31339", "west": "\u0712\u073a\u071d\u071a\u0733\u071d\u0736\u0710", "phonetic": "<td>bi: ' \u1e25a: y\u00e9</td>", "east": "\u0712\u071d\u073c\u071a\u0735\u071d\u0739\u0710"},
{"searchkey": "4153", "audio": [], "context": [], "webrank": 4, "text": [" : 1) = \u072c\u071a\u0718\u073f\u072c\u0742 : under , underneath , beneath"], "english": "<td>1) = <a href=\"dosearch.php?searchkey=txotL&amp;language=fullsyriac\"><span class=\"eastsyriac\">\u072c\u071a\u0718\u073f\u072c\u0742</span></a> : under , underneath , beneath ;\r\n<span class=\"locution\"><span class=\"eastsyriac\">\u071a\u0718\u073f\u072c\u0742\u071d\u073c</span></span> : under me ;\r\n<span class=\"locution\"><span class=\"eastsyriac\">\u071a\u0718\u073f\u072c\u0742\u0718\u073f\u071f\u0742</span></span> : under thee / you <span class=\"context\">masculine</span> ;\r\n<span class=\"locution\"><span class=\"eastsyriac\">\u071a\u0718\u073f\u072c\u0742\u0735\u071f\u0742</span></span> : under thee / you <span class=\"context\">feminine</span> ;\r\n<span class=\"locution\"><span class=\"eastsyriac\">\u071a\u0718\u073f\u072c\u0742\u0739\u0717</span></span> : under him ;\r\n<span class=\"locution\"><span class=\"eastsyriac\">\u071a\u0718\u073f\u072c\u0742\u0735\u0717\u073f</span></span> : under her ;\r\n<span class=\"locution\"><span class=\"eastsyriac\">\u071a\u0718\u073f\u072c\u0742\u0732\u0722</span></span> : under us ;\r\n<span class=\"locution\"><span class=\"eastsyriac\">\u071a\u0718\u073c\u072c\u0742\u0735\u0718\u071f\u0742\u0718\u073c</span></span> : under you ;\r\n<span class=\"locution\"><span class=\"eastsyriac\">\u071a\u0718\u073f\u072c\u0742\u071d\u0732\u071d</span></span> / <span class=\"locution\"><span class=\"eastsyriac\">\u071a\u0718\u073f\u072c\u0742\u071d\u0732\u071d\u0717\u071d\u073c</span></span> / <span class=\"locution\"><span class=\"eastsyriac\">\u071a\u0718\u073f\u072c\u0742\u071d\u0732\u071d\u0717\u0739\u071d\u0722</span></span> : under them ;\r\n2) <span class=\"context\">Ashita</span> : <span class=\"context\">imperative of <a href=\"dosearch.php?searchkey=xAyE%27&amp;language=fullsyriac\"><span class=\"eastsyriac\">\u071a\u0735\u071d\u0739\u0710</span></a></span> : live ! / be alive ! , <span class=\"context\">see <a href=\"dosearch.php?searchkey=xAwA%27&amp;language=fullsyriac\"><span class=\"eastsyriac\">\u071a\u0735\u0718\u0735\u0710</span></a></span> : Eve ;</td>", "cf": ["<span class=\"wordlink\"><a href=\"dosearch.php?searchkey=22397&amp;language=id\"><span class=\"eastsyriac\">\u071a\u072c\u0742\u0735\u071d\u0735\u0710</span></a>, <a href=\"dosearch.php?searchkey=32463&amp;language=id\"><span class=\"eastsyriac\">\u071a\u072c\u0735\u071d\u072c\u0735\u0710</span></a></span>", "<span class=\"wordlink\"><a href=\"dosearch.php?searchkey=31410&amp;language=id\"><span class=\"eastsyriac\">\u071a\u0718\u073c\u072c</span></a></span>"], "key": "4153", "west": "\u071a\u073d\u0718", "phonetic": "<td>' \u1e25u: </td>", "east": "\u071a\u0718\u073c"},
{"searchkey": "31624", "audio": [], "context": [], "webrank": 1, "text": [" : either ... or"], "english": "<td>either ... or ;\r\n<span class=\"locution\"><span class=\"eastsyriac\">\u0710\u0738\u0722 \u0712\u071d\u073c\u071a\u0735\u071d\u0739\u0710 \u0710\u0738\u0722 \u0721\u071d\u073c\u072c\u0742\u0735\u0710</span></span> : either alive or dead , alive or dead ;</td>", "cf": ["<span class=\"wordlink\"><a href=\"dosearch.php?searchkey=500&amp;language=id\"><span class=\"eastsyriac\">\u0710\u0738\u0722</span></a></span>", "<span class=\"wordlink\"><a href=\"dosearch.php?searchkey=5317&amp;language=id\"><span class=\"eastsyriac\">\u071d\u0735\u0710</span></a></span>"], "key": "31624", "west": "\u0710\u0736\u0722 ... \u0710\u0736\u0722", "phonetic": "<td>' in ' in </td>", "east": "\u0710\u0738\u0722 ... \u0710\u0738\u0722"},
{"searchkey": "9232", "audio": [], "context": [], "webrank": 40, "text": [" : animal life , the state of being able to breathe / living , the state of being alive / a soul ;"], "english": "<td>animal life , the state of being able to breathe / living , the state of being alive / a soul ;</td>", "cf": ["<span class=\"wordlink\"><a href=\"dosearch.php?searchkey=33345&amp;language=id\"><span class=\"eastsyriac\">\u0722\u0726\u072b</span></a>, <a href=\"dosearch.php?searchkey=13314&amp;language=id\"><span class=\"eastsyriac\">\u072a\u0732\u0712 \u0722\u0732\u032e\u0726\u072b\u0735\u0710</span></a>, <a href=\"dosearch.php?searchkey=14184&amp;language=id\"><span class=\"eastsyriac\">\u072b\u0718\u0735\u0710 \u0712\u0722\u0732\u032e\u0726\u072b\u0735\u0710</span></a>, <a href=\"dosearch.php?searchkey=15166&amp;language=id\"><span class=\"eastsyriac\">\u072b\u072a\u0735\u071d \u0715\u0722\u0732\u032e\u0726\u072b\u0739\u0717</span></a>, <a href=\"dosearch.php?searchkey=9247&amp;language=id\"><span class=\"eastsyriac\">\u0722\u0732\u032e\u0726\u072b\u0735\u0722\u0735\u0710</span></a>, <a href=\"dosearch.php?searchkey=9248&amp;language=id\"><span class=\"eastsyriac\">\u0722\u0732\u032e\u0726\u072b\u0735\u0722\u0735\u071d\u0735\u0710</span></a>, <a href=\"dosearch.php?searchkey=18454&amp;language=id\"><span class=\"eastsyriac\">\u0712\u0722\u0732\u032e\u0726\u072b\u0718\u073c\u0717\u071d</span></a>, <a href=\"dosearch.php?searchkey=18453&amp;language=id\"><span class=\"eastsyriac\">\u0712\u0722\u0732\u032e\u0726\u072b\u0739\u0717</span></a>, <a href=\"dosearch.php?searchkey=26200&amp;language=id\"><span class=\"eastsyriac\">\u0721\u0732\u072a\u071d\u073c\u072a\u0732\u072c\u0742 \u0722\u0732\u032e\u0726\u072b\u0735\u0710</span></a>, <a href=\"dosearch.php?searchkey=18077&amp;language=id\"><span class=\"eastsyriac\">\u0722\u0735\u0726\u0739\u072b</span></a>, <a href=\"dosearch.php?searchkey=27059&amp;language=id\"><span class=\"eastsyriac\">\u0722\u0726\u0732\u072b</span></a>, <a href=\"dosearch.php?searchkey=27060&amp;language=id\"><span class=\"eastsyriac\">\u0722\u0732\u0726\u032e\u072b\u0735\u0722\u0735\u071d\u072c\u0735\u0710</span></a>, <a href=\"dosearch.php?searchkey=9236&amp;language=id\"><span class=\"eastsyriac\">\u0722\u0735\u0726\u0735\u0723</span></a>, <a href=\"dosearch.php?searchkey=9246&amp;language=id\"><span class=\"eastsyriac\">\u0722\u0732\u032e\u0726\u072b\u0735\u0710</span></a></span>", "<span class=\"wordlink\"><a href=\"dosearch.php?searchkey=4351&amp;language=id\"><span class=\"eastsyriac\">\u071a\u0732\u071d\u0739\u0710</span></a>, <a href=\"dosearch.php?searchkey=4352&amp;language=id\"><span class=\"eastsyriac\">\u071a\u0735\u071d\u0735\u0710</span></a>, <a href=\"dosearch.php?searchkey=4370&amp;language=id\"><span class=\"eastsyriac\">\u071a\u0732\u071d\u0718\u073c\u072c\u0735\u0722\u0735\u0710</span></a>, <a href=\"dosearch.php?searchkey=4368&amp;language=id\"><span class=\"eastsyriac\">\u071a\u0735\u071d\u0718\u073c\u072c\u0735\u0710</span></a>, <a href=\"dosearch.php?searchkey=9247&amp;language=id\"><span class=\"eastsyriac\">\u0722\u0732\u0726\u032e\u072b\u0735\u0722\u0735\u0710</span></a>, <a href=\"dosearch.php?searchkey=9246&amp;language=id\"><span class=\"eastsyriac\">\u0722\u0732\u0726\u032e\u072b\u0735\u0710</span></a>, <a href=\"dosearch.php?searchkey=9248&amp;language=id\"><span class=\"eastsyriac\">\u0722\u0732\u0726\u032e\u072b\u0735\u0722\u0735\u071d\u0735\u0710</span></a>, <a href=\"dosearch.php?searchkey=9232&amp;language=id\"><span class=\"eastsyriac\">\u0722\u0726\u071d\u073c\u072b\u0718\u073c\u072c\u0735\u0710</span></a>, <a href=\"dosearch.php?searchkey=10380&amp;language=id\"><span class=\"eastsyriac\">\u0725\u0721\u0735\u072a\u0735\u0710</span></a>, <a href=\"dosearch.php?searchkey=10172&amp;language=id\"><span class=\"eastsyriac\">\u0725\u0735\u0718\u0721\u072a</span></a>, <a href=\"dosearch.php?searchkey=10379&amp;language=id\"><span class=\"eastsyriac\">\u0725\u0732\u0721\u072a</span></a>, <a href=\"dosearch.php?searchkey=4350&amp;language=id\"><span class=\"eastsyriac\">\u071a\u071d\u0735\u0710</span></a>, <a href=\"dosearch.php?searchkey=18199&amp;language=id\"><span class=\"eastsyriac\">\u071a\u0732\u071d\u0308\u0739\u0710</span></a></span>"], "key": "9232", "west": "\u0722\u0726\u073a\u071d\u072b\u073d\u0718\u072c\u0733\u0710", "phonetic": "<td>npi: ' \u0161u: ta:</td>", "east": "\u0722\u0726\u071d\u073c\u072b\u0718\u073c\u072c\u0735\u0710"},
{"searchkey": "9247", "audio": [], "context": [], "webrank": 50, "text": [" : animate , endowed with life , being / having a soul , alive ;"], "english": "<td>animate , endowed with life , being / having a soul , alive ;</td>", "cf": ["<span class=\"wordlink\"><a href=\"dosearch.php?searchkey=13314&amp;language=id\"><span class=\"eastsyriac\">\u072a\u0732\u0712 \u0722\u0732\u032e\u0726\u072b\u0735\u0710</span></a>, <a href=\"dosearch.php?searchkey=14184&amp;language=id\"><span class=\"eastsyriac\">\u072b\u0718\u0735\u0710 \u0712\u0722\u0732\u032e\u0726\u072b\u0735\u0710</span></a>, <a href=\"dosearch.php?searchkey=15166&amp;language=id\"><span class=\"eastsyriac\">\u072b\u072a\u0735\u071d \u0715\u0722\u0732\u032e\u0726\u072b\u0739\u0717</span></a>, <a href=\"dosearch.php?searchkey=9248&amp;language=id\"><span class=\"eastsyriac\">\u0722\u0732\u032e\u0726\u072b\u0735\u0722\u0735\u071d\u0735\u0710</span></a>, <a href=\"dosearch.php?searchkey=9232&amp;language=id\"><span class=\"eastsyriac\">\u0722\u0726\u071d\u073c\u072b\u0718\u073c\u072c\u0735\u0710</span></a>, <a href=\"dosearch.php?searchkey=18454&amp;language=id\"><span class=\"eastsyriac\">\u0712\u0722\u0732\u032e\u0726\u072b\u0718\u073c\u0717\u071d</span></a>, <a href=\"dosearch.php?searchkey=18453&amp;language=id\"><span class=\"eastsyriac\">\u0712\u0722\u0732\u032e\u0726\u072b\u0739\u0717</span></a>, <a href=\"dosearch.php?searchkey=26200&amp;language=id\"><span class=\"eastsyriac\">\u0721\u0732\u072a\u071d\u073c\u072a\u0732\u072c\u0742 \u0722\u0732\u032e\u0726\u072b\u0735\u0710</span></a>, <a href=\"dosearch.php?searchkey=18077&amp;language=id\"><span class=\"eastsyriac\">\u0722\u0735\u0726\u0739\u072b</span></a>, <a href=\"dosearch.php?searchkey=27059&amp;language=id\"><span class=\"eastsyriac\">\u0722\u0726\u0732\u072b</span></a>, <a href=\"dosearch.php?searchkey=27060&amp;language=id\"><span class=\"eastsyriac\">\u0722\u0732\u0726\u032e\u072b\u0735\u0722\u0735\u071d\u072c\u0735\u0710</span></a>, <a href=\"dosearch.php?searchkey=9236&amp;language=id\"><span class=\"eastsyriac\">\u0722\u0735\u0726\u0735\u0723</span></a>, <a href=\"dosearch.php?searchkey=9246&amp;language=id\"><span class=\"eastsyriac\">\u0722\u0732\u032e\u0726\u072b\u0735\u0710</span></a>, <a href=\"dosearch.php?searchkey=9246&amp;language=id\"><span class=\"eastsyriac\">\u0722\u0732\u0726\u032e\u072b\u0735\u0710</span></a>, <a href=\"dosearch.php?searchkey=9248&amp;language=id\"><span class=\"eastsyriac\">\u0722\u0732\u0726\u032e\u072b\u0735\u0722\u0735\u071d\u0735\u0710</span></a>, <a href=\"dosearch.php?searchkey=9232&amp;language=id\"><span class=\"eastsyriac\">\u0722\u0726\u071d\u073c\u072b\u0718\u073c\u072c\u0735\u0710</span></a></span>", "<span class=\"wordlink\"><a href=\"dosearch.php?searchkey=10380&amp;language=id\"><span class=\"eastsyriac\">\u0725\u0721\u0735\u072a\u0735\u0710</span></a>, <a href=\"dosearch.php?searchkey=10172&amp;language=id\"><span class=\"eastsyriac\">\u0725\u0735\u0718\u0721\u072a</span></a>, <a href=\"dosearch.php?searchkey=10379&amp;language=id\"><span class=\"eastsyriac\">\u0725\u0732\u0721\u072a</span></a>, <a href=\"dosearch.php?searchkey=18200&amp;language=id\"><span class=\"eastsyriac\">\u0712\u0739\u071d \u071a\u0732\u0308\u071d\u0739\u0710</span></a></span>"], "key": "9247", "west": "\u0722\u0730\u032e\u0726\u072b\u0733\u0722\u0733\u0710", "phonetic": "<td>no: ' \u0161a: na:</td>", "east": "\u0722\u0732\u032e\u0726\u072b\u0735\u0722\u0735\u0710"},
{"searchkey": "9248", "audio": [], "context": ["Maclean : James : 3, 15", "Oraham", "Oraham", "feminine : \u0722\u0732\u0726\u032e\u072b\u0735\u0722\u0735\u071d\u072c\u0735\u0710", "Sokoloff"], "webrank": 60, "text": [" : 1) ", " : natural , animal , ", " : living , having life alive , animal ;\r\n2) ", " : ", " : selfish , egoistic , self-serving , self-seeking ;\r\n", " ;\r\n3) ", " : pertaining to the soul , spiritual ;\r\n4) psychological"], "english": "<td>1) <span class=\"context\">Maclean : James : 3, 15</span> : natural , animal , <span class=\"context\">Oraham</span> : living , having life alive , animal ;\r\n2) <span class=\"context\">Oraham</span> : <span class=\"field\">moral life</span> : selfish , egoistic , self-serving , self-seeking ;\r\n<span class=\"context\">feminine : <a href=\"dosearch.php?searchkey=napFjAnAytA%27&amp;language=fullsyriac\"><span class=\"eastsyriac\">\u0722\u0732\u0726\u032e\u072b\u0735\u0722\u0735\u071d\u072c\u0735\u0710</span></a></span> ;\r\n3) <span class=\"context\">Sokoloff</span> : pertaining to the soul , spiritual ;\r\n4) psychological ;\r\n<span class=\"locution\"><span class=\"eastsyriac\">\u072b\u072a\u0735\u071d\u072c\u0735\u0710 \u0722\u0732\u0726\u032e\u072b\u0735\u0722\u0735\u071d\u072c\u0735\u0710</span></span> : psychoanalysis / <span class=\"context\">see <a href=\"dosearch.php?searchkey=jrAytA%27&amp;language=fullsyriac\"><span class=\"eastsyriac\">\u072b\u072a\u0735\u071d\u072c\u0735\u0710</span></a></span> ;</td>", "cf": ["<span class=\"wordlink\"><a href=\"dosearch.php?searchkey=13314&amp;language=id\"><span class=\"eastsyriac\">\u072a\u0732\u0712 \u0722\u032e\u0732\u0726\u072b\u0735\u0710</span></a>, <a href=\"dosearch.php?searchkey=14184&amp;language=id\"><span class=\"eastsyriac\">\u072b\u0718\u0735\u0710 \u0712\u0722\u032e\u0732\u0726\u072b\u0735\u0710</span></a>, <a href=\"dosearch.php?searchkey=15166&amp;language=id\"><span class=\"eastsyriac\">\u072b\u072a\u0735\u071d \u0715\u0722\u032e\u0732\u0726\u072b\u0739\u0717</span></a>, <a href=\"dosearch.php?searchkey=9247&amp;language=id\"><span class=\"eastsyriac\">\u0722\u032e\u0732\u0726\u072b\u0735\u0722\u0735\u0710</span></a>, <a href=\"dosearch.php?searchkey=9232&amp;language=id\"><span class=\"eastsyriac\">\u0722\u0726\u071d\u073c\u072b\u0718\u073c\u072c\u0735\u0710</span></a>, <a href=\"dosearch.php?searchkey=18454&amp;language=id\"><span class=\"eastsyriac\">\u0712\u0722\u032e\u0732\u0726\u072b\u0718\u073c\u0717\u071d</span></a>, <a href=\"dosearch.php?searchkey=18453&amp;language=id\"><span class=\"eastsyriac\">\u0712\u0722\u032e\u0732\u0726\u072b\u0739\u0717</span></a>, <a href=\"dosearch.php?searchkey=26200&amp;language=id\"><span class=\"eastsyriac\">\u0721\u0732\u072a\u071d\u073c\u072a\u0732\u072c\u0742 \u0722\u032e\u0732\u0726\u072b\u0735\u0710</span></a>, <a href=\"dosearch.php?searchkey=18077&amp;language=id\"><span class=\"eastsyriac\">\u0722\u0735\u0726\u0739\u072b</span></a>, <a href=\"dosearch.php?searchkey=27059&amp;language=id\"><span class=\"eastsyriac\">\u0722\u0726\u0732\u072b</span></a>, <a href=\"dosearch.php?searchkey=27060&amp;language=id\"><span class=\"eastsyriac\">\u0722\u0732\u0726\u032e\u072b\u0735\u0722\u0735\u071d\u072c\u0735\u0710</span></a>, <a href=\"dosearch.php?searchkey=9236&amp;language=id\"><span class=\"eastsyriac\">\u0722\u0735\u0726\u0735\u0723</span></a>, <a href=\"dosearch.php?searchkey=9246&amp;language=id\"><span class=\"eastsyriac\">\u0722\u032e\u0732\u0726\u072b\u0735\u0710</span></a></span>", "<span class=\"wordlink\"><a href=\"dosearch.php?searchkey=10380&amp;language=id\"><span class=\"eastsyriac\">\u0725\u0721\u0735\u072a\u0735\u0710</span></a>, <a href=\"dosearch.php?searchkey=10172&amp;language=id\"><span class=\"eastsyriac\">\u0725\u0735\u0718\u0721\u072a</span></a>, <a href=\"dosearch.php?searchkey=10379&amp;language=id\"><span class=\"eastsyriac\">\u0725\u0732\u0721\u072a</span></a>, <a href=\"dosearch.php?searchkey=21640&amp;language=id\"><span class=\"eastsyriac\">\u071a\u0718\u073c\u0715\u0718\u073c\u072a\u071d\u073c</span></a>, <a href=\"dosearch.php?searchkey=522&amp;language=id\"><span class=\"eastsyriac\">\u0710\u0735\u0722\u0735\u071d\u0735\u0710</span></a></span>"], "key": "9248", "west": "\u0722\u032e\u0730\u0726\u072b\u0733\u0722\u0733\u071d\u0733\u0710", "phonetic": "<td>no: \u0161a: ' na: ia:</td>", "east": "\u0722\u032e\u0732\u0726\u072b\u0735\u0722\u0735\u071d\u0735\u0710"},
{"searchkey": "25731", "audio": [], "context": ["causative of \u0725\u0735\u0710\u0738\u072b"], "webrank": 30, "text": [" : ", " : to keep alive / to feed , to nourish , to provide for / to supply for the needs of / to support / to maintain ;"], "english": "<td><span class=\"context\">causative of <a href=\"dosearch.php?searchkey=cA%27ej&amp;language=fullsyriac\"><span class=\"eastsyriac\">\u0725\u0735\u0710\u0738\u072b</span></a></span> : to keep alive / to feed , to nourish , to provide for / to supply for the needs of / to support / to maintain ;</td>", "cf": ["<span class=\"wordlink\"><a href=\"dosearch.php?searchkey=15952&amp;language=id\"><span class=\"eastsyriac\">\u072c\u0732\u072a\u0723\u0718\u073c\u071d\u0739\u0710</span></a>, <a href=\"dosearch.php?searchkey=2692&amp;language=id\"><span class=\"eastsyriac\">\u0715\u0735\u0712\u0718\u073c\u072a\u0739\u0710</span></a>, <a href=\"dosearch.php?searchkey=2714&amp;language=id\"><span class=\"eastsyriac\">\u0715\u0712\u0735\u072a\u0735\u0710</span></a>, <a href=\"dosearch.php?searchkey=15952&amp;language=id\"><span class=\"eastsyriac\">\u072c\u0732\u072a\u0723\u0718\u073c\u071d\u0739\u0710</span></a></span>"], "key": "25731", "west": "\u0721\u0730\u0725\u071d\u0736\u072b", "phonetic": "<td>' ma: yi\u0161</td>", "east": "\u0721\u0732\u0725\u071d\u0738\u072b"},
{"searchkey": "24351", "audio": [], "context": ["with \u0712 or \u0720", "pain", "intransitive", "past participle"], "webrank": 100, "text": [" : 1) ", " : to feel ", " , to be hurt (?) , to be in travail ;\r\n2) to wake up , to awake ", " ;\r\n"], "english": "<td>1) <span class=\"context\">with <a href=\"dosearch.php?searchkey=b&amp;language=fullsyriac\"><span class=\"eastsyriac\">\u0712</span></a> or <a href=\"dosearch.php?searchkey=l&amp;language=fullsyriac\"><span class=\"eastsyriac\">\u0720</span></a></span> : to feel <span class=\"context\">pain</span> , to be hurt (?) , to be in travail ;\r\n2) to wake up , to awake <span class=\"context\">intransitive</span> ;\r\n<span class=\"context\">past participle <span class=\"locution\"><span class=\"eastsyriac\">\u072a\u0713\u0747\u071d\u073c\u072b\u0735\u0710</span></span></span> : awake , watchful , watching , vigilant ;\r\n3) <span class=\"context\">figurative sense, with <a href=\"dosearch.php?searchkey=b&amp;language=fullsyriac\"><span class=\"eastsyriac\">\u0712</span></a> or <a href=\"dosearch.php?searchkey=cal&amp;language=fullsyriac\"><span class=\"eastsyriac\">\u0725\u0732\u0720</span></a> or a subjoined clause (Al Qosh : <a href=\"dosearch.php?searchkey=l&amp;language=fullsyriac\"><span class=\"eastsyriac\">\u0720</span></a> ou <a href=\"dosearch.php?searchkey=bgAw&amp;language=fullsyriac\"><span class=\"eastsyriac\">\u0712\u0713\u0735\u0718</span></a></span> : to awake to , to find out about , to suspect , to be aware of , to be alive to , to perceive , to detect / to sense / to suss / to scent / to smell out , to understand / to appreciate , to notice ;\r\n4) <span class=\"context\">2 Thimothy : 2, 26 ; with <a href=\"dosearch.php?searchkey=men&amp;language=fullsyriac\"><span class=\"eastsyriac\">\u0721\u0738\u0722</span></a></span> : to recover <span class=\"context\">from ...</span> ;</td>", "cf": ["<span class=\"wordlink\"><a href=\"dosearch.php?searchkey=rgj&amp;language=fullsyriac\"><span class=\"eastsyriac\">\u072a\u0713\u072b</span></a>, <a href=\"dosearch.php?searchkey=34147&amp;language=id\"><span class=\"eastsyriac\">\u072a\u0735\u0713\u0739\u072b</span></a>, <a href=\"dosearch.php?searchkey=35534&amp;language=id\"><span class=\"eastsyriac\">\u072a\u0713\u0742\u071d\u072b\u0735\u0710</span></a>, <a href=\"dosearch.php?searchkey=26252&amp;language=id\"><span class=\"eastsyriac\">\u072a\u0738\u0713\u0742\u072b\u0735\u0710</span></a>, <a href=\"dosearch.php?searchkey=26253&amp;language=id\"><span class=\"eastsyriac\">\u072a\u0732\u0713\u0718\u073c\u072b\u072c\u0735\u0722\u0735\u0710</span></a>, <a href=\"dosearch.php?searchkey=26250&amp;language=id\"><span class=\"eastsyriac\">\u0721\u0732\u072a\u0738\u0713\u0747\u072b</span></a>, <a href=\"dosearch.php?searchkey=18795&amp;language=id\"><span class=\"eastsyriac\">\u072a\u0735\u0725\u0739\u072b</span></a>, <a href=\"dosearch.php?searchkey=13372&amp;language=id\"><span class=\"eastsyriac\">\u072a\u0735\u0713\u0742\u0718\u073f\u072b\u0735\u0710</span></a>, <a href=\"dosearch.php?searchkey=13373&amp;language=id\"><span class=\"eastsyriac\">\u072a\u0735\u0713\u0742\u0718\u073f\u072b\u0718\u073c\u072c\u0735\u0710</span></a>, <a href=\"dosearch.php?searchkey=13374&amp;language=id\"><span class=\"eastsyriac\">\u072a\u0735\u0713\u0742\u0718\u073f\u072b\u072c\u0735\u0722\u0735\u0710</span></a>, <a href=\"dosearch.php?searchkey=13375&amp;language=id\"><span class=\"eastsyriac\">\u072a\u0735\u0713\u0742\u0718\u073f\u072b\u072c\u0735\u0722\u0718\u073c\u072c\u0735\u0710</span></a>, <a href=\"dosearch.php?searchkey=13399&amp;language=id\"><span class=\"eastsyriac\">\u072a\u0713\u0742\u0738\u072b\u072c\u0735\u0710</span></a>, <a href=\"dosearch.php?searchkey=13391&amp;language=id\"><span class=\"eastsyriac\">\u072a\u0713\u0742\u0735\u072b\u0735\u0710</span></a>, <a href=\"dosearch.php?searchkey=26252&amp;language=id\"><span class=\"eastsyriac\">\u072a\u0738\u0713\u0742\u072b\u0735\u0710</span></a>, <a href=\"dosearch.php?searchkey=13395&amp;language=id\"><span class=\"eastsyriac\">\u0713\u0720\u071d\u073c\u0719\u0718\u073c\u072c \u072a\u0738\u0713\u0742\u072b\u0735\u0710</span></a></span>", "<span class=\"wordlink\"><a href=\"dosearch.php?searchkey=26248&amp;language=id\"><span class=\"eastsyriac\">\u072a\u0735\u0710\u0738\u072b</span></a></span>", "<span class=\"wordlink\"><a href=\"dosearch.php?searchkey=30830&amp;language=id\"><span class=\"eastsyriac\">\u072a\u0710\u0735\u072b\u0735\u0710</span></a></span>", "<span class=\"wordlink\"><a href=\"dosearch.php?searchkey=26247&amp;language=id\"><span class=\"eastsyriac\">\u072a\u0735\u0713\u0747\u072b</span></a></span>", "<span class=\"wordlink\"><a href=\"dosearch.php?searchkey=26249&amp;language=id\"><span class=\"eastsyriac\">\u072a\u0735\u0725\u0738\u072b</span></a></span>", "<span class=\"wordlink\"><a href=\"dosearch.php?searchkey=24343&amp;language=id\"><span class=\"eastsyriac\">\u0721\u0710\u0732\u072a\u0713\u0738\u0713\u0330</span></a>, <a href=\"dosearch.php?searchkey=24350&amp;language=id\"><span class=\"eastsyriac\">\u072a\u0735\u0713\u0330\u0738\u0722</span></a></span>"], "key": "24351", "west": "\u072a\u0713\u0730\u072b", "phonetic": "<td>' rga\u0161</td>", "east": "\u072a\u0713\u0732\u072b"},
{"searchkey": "10941", "audio": [], "context": ["intransitive"], "webrank": 80, "text": [" : 1) to stay ", " , to remain / to be left after others have been removed or destroyed , to stop"], "english": "<td>1) to stay <span class=\"context\">intransitive</span> , to remain / to be left after others have been removed or destroyed , to stop ;\r\n<span class=\"locution\"><span class=\"eastsyriac\">\u0726\u0735\u0710\u0738\u072b \u0717\u0732\u072a \u0717\u0735\u0715\u071f\u0742\u0735\u0710</span></span> : to remain in statu quo , to stay as one is , to be back to square one (?) ;\r\n<span class=\"locution\"><span class=\"eastsyriac\">\u0726\u0735\u0710\u0738\u072b \u0712\u0720\u0732\u071d\u0720\u0739\u0710</span></span> : to spend the night ; \r\n<span class=\"locution\"><span class=\"eastsyriac\">\u0726\u0718\u073c\u072b \u0712\u072b\u0732\u071d\u0722\u0735\u0710</span></span> : goodbye <span class=\"context\">said by one leaving ; the reply is <span class=\"locution\"><span class=\"eastsyriac\">\u0710\u0732\u0720\u0735\u0717\u0735\u0710 \u0721\u0738\u0722\u0718\u073c\u071f\u0742</span></span></span> ;\r\n<span class=\"context\">Al Qosh</span> : <span class=\"locution\"><span class=\"eastsyriac\">\u0720\u0735\u0710 \u0726\u071d\u073c\u072b \u0720\u0739\u0717 \u0712\u0732\u0722</span></span> : we could no longer ... ;\r\n<span class=\"locution\"><span class=\"eastsyriac\">\u0720\u0738\u0712\u0718\u073c\u0717\u071d \u0726\u071d\u073c\u072b \u0720\u0739\u0717 \u0721\u0738\u0722</span></span> / <span class=\"locution\"><span class=\"eastsyriac\">\u071f\u0735\u071d\u0726\u0718\u073c\u0717\u071d \u0726\u071d\u073c\u072b\u072c\u0735\u0710 \u071d\u0720\u0735\u0717\u073f \u0721\u0738\u0722</span></span> : he was not hearty with , he was displeased with ;\r\n<span class=\"locution\"><span class=\"eastsyriac\">\u0723\u0735\u0717\u0747\u0721\u0735\u0710 \u0726\u071d\u073c\u072b\u0735\u0710</span></span> / <span class=\"locution\"><span class=\"eastsyriac\">\u0726\u071d\u073c\u072b\u0735\u0710</span></span> : the remainder ;\r\n2) <span class=\"context\">especially Urmiah, Al Qosh : used in all its tenses with the past participle of verbs to form the passive voice</span> ; \r\n<span class=\"context\">Rh\u00e9tor\u00e9 ; <span class=\"locution\"><span class=\"eastsyriac\">\u0713\u0732\u0722\u0735\u0712\u0308\u0742\u0739\u0710 \u0710\u0735\u0722\u0732\u071d \u0715\u0726\u071d\u073c\u072b \u0720\u071d\u073c \u0721\u0718\u073c\u072b\u0720\u071a\u0735\u0710 \u0721\u0738\u0722\u0732\u071d</span></span></span> : the thieves by whom I was robbed / stripped ;\r\n3) <span class=\"context\">especially NENA, Al Qosh</span> : to become , to be / to find oneself , <span class=\"context\">= <a href=\"dosearch.php?searchkey=hAwE%27&amp;language=fullsyriac\"><span class=\"eastsyriac\">\u0717\u0735\u0718\u0739\u0710</span></a></span> ;\r\n<span class=\"context\">Rh\u00e9tor\u00e9 ; <span class=\"locution\"><span class=\"eastsyriac\">\u071f\u0718\u073c\u0715 \u0726\u071d\u073c\u072b \u0720\u0732\u071d \u0712\u0732\u072a\u0735\u071d\u0739\u0710</span></span></span> : when they were outside ;\r\n4) to be alive , to survive , to remain behind ;\r\n5) <span class=\"context\">with <a href=\"dosearch.php?searchkey=men&amp;language=fullsyriac\"><span class=\"eastsyriac\">\u0721\u0738\u0722</span></a></span> : to fail , to fall short of  , to miss ;\r\n6) <span class=\"context\">avec <a href=\"dosearch.php?searchkey=xAzE%27&amp;language=fullsyriac\"><span class=\"eastsyriac\">\u071a\u0735\u0719\u0739\u0710</span></a></span> : to find oneself , to happen to be ;\r\n<span class=\"locution\"><span class=\"eastsyriac\">\u072a\u0710\u0739\u072a\u0732\u072c\u0742 \u071d\u0735\u0718\u0721\u0735\u0710 \u0726\u071d\u073c\u072b \u0720\u0739\u0717 \u071a\u0738\u0719\u071d\u0735\u0710 \u0712\u0732\u071d\u0722\u0735\u072c\u0742\u0732\u071d\u0717\u071d\u073c \u071f\u0718\u073c\u0715 \u0710\u0735\u0722\u0717\u071d\u073c \u0721\u0713\u0738\u071a\u0718\u073f\u0715\u0739\u0710 \u071a\u0735\u0715\u0747 \u0725\u0738\u0721\u0739\u0717 \u0715\u0710\u0747\u071a\u0738\u072a\u0747\u0722\u0735\u0710</span></span> : the next day he found himself in their midst while they were arguing with each other ;</td>", "cf": ["<span class=\"wordlink\"><a href=\"dosearch.php?searchkey=18525&amp;language=id\"><span class=\"eastsyriac\">\u0726\u0718\u072b</span></a>, <a href=\"dosearch.php?searchkey=10805&amp;language=id\"><span class=\"eastsyriac\">\u0726\u0718\u073c\u072b</span></a>, <a href=\"dosearch.php?searchkey=10944&amp;language=id\"><span class=\"eastsyriac\">\u0726\u071d\u0735\u072b\u0735\u0710</span></a>, <a href=\"dosearch.php?searchkey=10623&amp;language=id\"><span class=\"eastsyriac\">\u0726\u0739\u0710\u072b\u0735\u0710</span></a>, <a href=\"dosearch.php?searchkey=10624&amp;language=id\"><span class=\"eastsyriac\">\u0726\u0710\u0735\u072b\u0735\u0710</span></a>, <a href=\"dosearch.php?searchkey=10940&amp;language=id\"><span class=\"eastsyriac\">\u0726\u0735\u071d\u0739\u072b</span></a>, <a href=\"dosearch.php?searchkey=10945&amp;language=id\"><span class=\"eastsyriac\">\u0726\u071d\u073c\u072b\u0735\u0710</span></a>, <a href=\"dosearch.php?searchkey=10950&amp;language=id\"><span class=\"eastsyriac\">\u0726\u0732\u071d\u072b\u0735\u0722\u0735\u0710</span></a>, <a href=\"dosearch.php?searchkey=10952&amp;language=id\"><span class=\"eastsyriac\">\u0726\u0732\u071d\u072b\u0735\u0722\u0718\u073c\u072c\u0735\u0710</span></a>, <a href=\"dosearch.php?searchkey=10953&amp;language=id\"><span class=\"eastsyriac\">\u0726\u071d\u0735\u072b\u072c\u0735\u0710</span></a>, <a href=\"dosearch.php?searchkey=25937&amp;language=id\"><span class=\"eastsyriac\">\u0721\u0732\u0726\u0738\u072b</span></a>, <a href=\"dosearch.php?searchkey=30673&amp;language=id\"><span class=\"eastsyriac\">\u0726\u0735\u071d\u072b\u0738\u0722</span></a>, <a href=\"dosearch.php?searchkey=30674&amp;language=id\"><span class=\"eastsyriac\">\u0726\u071d\u073c\u072b \u0720\u071d\u073c</span></a>, <a href=\"dosearch.php?searchkey=33348&amp;language=id\"><span class=\"eastsyriac\">\u0726\u0735\u0718\u072b\u0735\u0710</span></a></span>", "<span class=\"wordlink\"><a href=\"dosearch.php?searchkey=10939&amp;language=id\"><span class=\"eastsyriac\">\u0726\u0735\u071d\u0739\u072b\u0710</span></a></span>"], "key": "10941", "west": "\u0726\u0733\u0710\u0736\u072b", "phonetic": "<td>' pa: i\u0161</td>", "east": "\u0726\u0735\u0710\u0738\u072b"},
{"searchkey": "10944", "audio": [], "context": ["intransitive verb"], "webrank": 90, "text": [" : ", " : 1) to remain / to be left after others have been removed or destroyed , to be left after a quantity has been cut off , to survive / live after an event/ remain alive"], "english": "<td><span class=\"context\">intransitive verb</span> : 1) to remain / to be left after others have been removed or destroyed , to be left after a quantity has been cut off , to survive / live after an event/ remain alive ;\r\n<span class=\"locution\"><span class=\"eastsyriac\">\u0720\u0735\u0710 \u0726\u071d\u073c\u072b \u0720\u0739\u0717 \u0720\u0735\u0717\u073f \u0725\u0718\u073c\u0715\u0742\u072a\u0735\u0722\u0735\u0710</span></span> : she had no aid / help left , no help remained for her ;\r\n<span class=\"locution\"><span class=\"eastsyriac\">\u0726\u071d\u073c\u072b \u0720\u0739\u0717 \u072c\u0735\u0721\u0735\u0710</span></span> : he stayed over there ;\r\n<span class=\"locution\"><span class=\"eastsyriac\">\u0726\u0718\u073f\u072b \u0712\u0712\u0732\u071d\u072c\u071d\u073c</span></span> : stay in my house ;\r\n<span class=\"locution\"><span class=\"eastsyriac\">\u0721\u0738\u0722 \u0719\u0718\u073c\u0719\u0308\u0739\u0710 \u0715\u0738\u0721\u0728\u0718\u073c\u072a\u0726\u071d\u073c \u0720\u0718\u073f\u071f\u0742 \u071f\u0721\u0735\u0710 \u0710\u071d\u073c\u072c \u0720\u0718\u073f\u071f\u0742 \u0726\u071d\u073c\u072b\u0308\u0739\u0710</span></span> : of the money that you spent how much do you have left ? ;\r\n<span class=\"locution\"><span class=\"eastsyriac\">\u0720\u0735\u0710 \u0726\u071d\u073c\u072b</span></span> : nothing was left , there was nothing left , nothing remained , there is nothing left ;\r\n<span class=\"context\">JAAS ; <span class=\"locution\"><span class=\"eastsyriac\">\u0721\u0732\u0722\u0726\u0718\u073c\u072a\u0739\u0710 \u071d\u0722\u0735\u0710 \u0720\u0717\u0741\u0718 \u0721\u0738\u0722\u071d\u0735\u0722\u0735\u0710 \u0721\u072c\u0732\u071a\u0721\u0735\u0710 \u0715\u071d\u0732\u0720\u071d\u073c\u0726\u0739\u0308\u0710 \u0715\u0710\u071d\u073c\u072c \u0720\u0732\u0722 \u0726\u071d\u0735\u072b\u0735\u0710</span></span></span> : they are driving away the limited number of educated individuals we have left ;\r\n<span class=\"locution\"><span class=\"eastsyriac\">\u0722\u0732\u0713\u071d\u073c\u072a\u0718\u073c\u072c\u0735\u0710 \u0726\u071d\u0735\u072b\u072c\u0735\u0710</span></span> : continued existence / survival ;\r\n<span class=\"context\">see also <a href=\"dosearch.php?searchkey=yAtEbL&amp;language=fullsyriac\"><span class=\"eastsyriac\">\u071d\u0735\u072c\u0739\u0712\u0742</span></a> : <span class=\"locution\"><span class=\"eastsyriac\">\u0726\u071d\u0735\u072b\u0735\u0710 \u0712\u0715\u0718\u073c\u071f\u072c\u0735\u0710</span></span></span> : to stay / to dwell <span class=\"context\">in a place</span> , to sojourn <span class=\"context\">in a place</span> , to occupy / to settle down in <span class=\"context\">a place</span> ;\r\n2) to pause , to stop , to stay , to be delayed temporarily ;\r\n3) <span class=\"context\">Rh\u00e9tor\u00e9, for the conjugation see <a href=\"dosearch.php?searchkey=pAyjen&amp;language=fullsyriac\"><span class=\"eastsyriac\">\u0726\u0735\u071d\u072b\u0738\u0722</span></a> and <a href=\"dosearch.php?searchkey=pijli&amp;language=fullsyriac\"><span class=\"eastsyriac\">\u0726\u071d\u073c\u072b\u0720\u071d\u073c</span></a></span> : a) to become / to turn (into) , to be , the future / the transformation (?) / the evolution (?) / , being ;\r\n<span class=\"locution\"><span class=\"eastsyriac\">\u071f\u0726\u0735\u071d\u072b\u0738\u072c \u0715\u0742\u0713\u0735\u0720\u0735\u0710</span></span> : you are becoming a liar , you are being a liar / you are lying / you are a liar right now ;</td>", "cf": ["<span class=\"wordlink\"><a href=\"dosearch.php?searchkey=18525&amp;language=id\"><span class=\"eastsyriac\">\u0726\u0718\u072b</span></a>, <a href=\"dosearch.php?searchkey=10805&amp;language=id\"><span class=\"eastsyriac\">\u0726\u0718\u073c\u072b</span></a>, <a href=\"dosearch.php?searchkey=10623&amp;language=id\"><span class=\"eastsyriac\">\u0726\u0739\u0710\u072b\u0735\u0710</span></a>, <a href=\"dosearch.php?searchkey=10624&amp;language=id\"><span class=\"eastsyriac\">\u0726\u0710\u0735\u072b\u0735\u0710</span></a>, <a href=\"dosearch.php?searchkey=10940&amp;language=id\"><span class=\"eastsyriac\">\u0726\u0735\u071d\u0739\u072b</span></a>, <a href=\"dosearch.php?searchkey=10945&amp;language=id\"><span class=\"eastsyriac\">\u0726\u071d\u073c\u072b\u0735\u0710</span></a>, <a href=\"dosearch.php?searchkey=10950&amp;language=id\"><span class=\"eastsyriac\">\u0726\u0732\u071d\u072b\u0735\u0722\u0735\u0710</span></a>, <a href=\"dosearch.php?searchkey=10952&amp;language=id\"><span class=\"eastsyriac\">\u0726\u0732\u071d\u072b\u0735\u0722\u0718\u073c\u072c\u0735\u0710</span></a>, <a href=\"dosearch.php?searchkey=10953&amp;language=id\"><span class=\"eastsyriac\">\u0726\u071d\u0735\u072b\u072c\u0735\u0710</span></a>, <a href=\"dosearch.php?searchkey=30676&amp;language=id\"><span class=\"eastsyriac\">\u0726\u071d\u073c\u072b\u0720\u071d\u073c</span></a></span>"], "key": "10944", "west": "\u0726\u071d\u0733\u072b\u0733\u0710", "phonetic": "<td>' pia: \u0161a:</td>", "east": "\u0726\u071d\u0735\u072b\u0735\u0710"},
{"searchkey": "8034", "audio": [], "context": [], "webrank": 20, "text": [" : animation , the state of being alive , vitality , liveliness (?) , respiration , breathing , breath of life (?) ;"], "english": "<td>animation , the state of being alive , vitality , liveliness (?) , respiration , breathing , breath of life (?) ;</td>", "cf": [], "key": "8034", "west": "\u0721\u0722\u0730\u0726\u032e\u072b\u0733\u0722\u073d\u0718\u072c\u0733\u0710", "phonetic": "<td>mnaf ' \u0161a nu: ta (?) / mne ' \u0161a nu: ta </td>", "east": "\u0721\u0722\u0732\u0726\u032e\u072b\u0735\u0722\u0718\u073c\u072c\u0735\u0710"},
{"searchkey": "8033", "audio": [], "context": [], "webrank": 10, "text": [" : animate , endowed with life , living , alive , having life , existing (?) ;"], "english": "<td>animate , endowed with life , living , alive , having life , existing (?) ;</td>", "cf": [], "key": "8033", "west": "\u0721\u0722\u0730\u0726\u032e\u072b\u0733\u0722\u0733\u0710", "phonetic": "<td>mnaf ' \u0161a na (?) / mne ' \u0161a na </td>", "east": "\u0721\u0722\u0732\u0726\u032e\u072b\u0735\u0722\u0735\u0710"},
{"searchkey": "9416", "audio": [], "context": ["Revelation : 19, 12", "with ..."], "webrank": 70, "text": [" : ", " : many , consisting of a great number , numerous , several , not few , much , a lot  / lots , a great deal , plenty / plenteous , multiple , galore / aplenty / and to spare , copious / abundant / in abundance , profuse / bountiful , plus / as well as (?) / along with (?) / without including (?) / supplementary (?) / extra (?) / in addition (?) / added (?) , teeming (?) / swarming (?) / alive ", " (?) ;"], "english": "<td><span class=\"context\">Revelation : 19, 12</span> : many , consisting of a great number , numerous , several , not few , much , a lot  / lots , a great deal , plenty / plenteous , multiple , galore / aplenty / and to spare , copious / abundant / in abundance , profuse / bountiful , plus / as well as (?) / along with (?) / without including (?) / supplementary (?) / extra (?) / in addition (?) / added (?) , teeming (?) / swarming (?) / alive <span class=\"context\">with ...</span> (?) ;</td>", "cf": ["<span class=\"wordlink\"><a href=\"dosearch.php?searchkey=17715&amp;language=id\"><span class=\"eastsyriac\">\u0723\u0713\u0710</span></a>, <a href=\"dosearch.php?searchkey=9410&amp;language=id\"><span class=\"eastsyriac\">\u0723\u0713\u0735\u0710</span></a>, <a href=\"dosearch.php?searchkey=9417&amp;language=id\"><span class=\"eastsyriac\">\u0723\u0732\u0713\u071d\u073c\u0710\u0718\u073c\u072c\u0735\u0710</span></a>, <a href=\"dosearch.php?searchkey=9418&amp;language=id\"><span class=\"eastsyriac\">\u0723\u0732\u0713\u071d\u073c\u0735\u0710\u071d\u073c\u072c</span></a>, <a href=\"dosearch.php?searchkey=27180&amp;language=id\"><span class=\"eastsyriac\">\u0723\u0732\u0713\u071d\u073c</span></a>, <a href=\"dosearch.php?searchkey=27181&amp;language=id\"><span class=\"eastsyriac\">\u0723\u0732\u0713\u071d\u073c\u0735\u0710\u0722\u0735\u071d\u0735\u0710</span></a>, <a href=\"dosearch.php?searchkey=27182&amp;language=id\"><span class=\"eastsyriac\">\u0723\u0732\u0713\u071d\u073c\u0735\u0710\u0722\u0735\u071d\u072c\u0735\u0710</span></a>, <a href=\"dosearch.php?searchkey=27183&amp;language=id\"><span class=\"eastsyriac\">\u0723\u0732\u0713\u071d\u073c\u0735\u0710\u0722\u0735\u071d\u0718\u073c\u072c\u0742\u0735\u0710</span></a>, <a href=\"dosearch.php?searchkey=9416&amp;language=id\"><span class=\"eastsyriac\">\u0723\u0732\u0713\u071d\u073c\u0710\u0735\u0710</span></a></span>", "<span class=\"wordlink\"><a href=\"dosearch.php?searchkey=3740&amp;language=id\"><span class=\"eastsyriac\">\u0719\u0735\u0718\u0715\u0735\u0710</span></a>, <a href=\"dosearch.php?searchkey=32122&amp;language=id\"><span class=\"eastsyriac\">\u071a\u0738\u0723\u072a\u0735\u0710</span></a>, <a href=\"dosearch.php?searchkey=32123&amp;language=id\"><span class=\"eastsyriac\">\u072c\u0735\u0718\u0723\u071d\u073c\u0726\u0735\u0710</span></a>, <a href=\"dosearch.php?searchkey=5611&amp;language=id\"><span class=\"eastsyriac\">\u071d\u0732\u072c\u071d\u073c\u072a\u0735\u0710</span></a>, <a href=\"dosearch.php?searchkey=9416&amp;language=id\"><span class=\"eastsyriac\">\u0723\u0732\u0713\u071d\u073c\u0710\u0735\u0710</span></a>, <a href=\"dosearch.php?searchkey=15020&amp;language=id\"><span class=\"eastsyriac\">\u072b\u0726\u071d\u073c\u0725\u0735\u0710</span></a>, <a href=\"dosearch.php?searchkey=32121&amp;language=id\"><span class=\"eastsyriac\">\u0713\u0721\u071d\u073c\u0721\u0735\u0710</span></a>, <a href=\"dosearch.php?searchkey=33415&amp;language=id\"><span class=\"eastsyriac\">\u0721\u072b\u0732\u072a\u072c\u071a\u0735\u0710</span></a></span>"], "key": "9416", "west": "\u0723\u0730\u0713\u073a\u071d\u0710\u0733\u0710", "phonetic": "<td>sa ' gi: a:</td>", "east": "\u0723\u0732\u0713\u071d\u073c\u0710\u0735\u0710"}
]