[
{"searchkey": "11857", "audio": [], "context": [], "webrank": 10, "text": [" : a mourning , penitence , grieving , lamenting , sorrowing ;"], "english": "<td>a mourning , penitence , grieving , lamenting , sorrowing ;</td>", "cf": [], "key": "11857", "west": "\u0710\u0730\u0712\u0742\u073a\u071d\u0720\u073d\u0718\u071b\u0733\u0710", "phonetic": "<td>av-vey-lue-ta</td>", "east": "\u0710\u0732\u0712\u0742\u071d\u073c\u0720\u0718\u073c\u071b\u0735\u0710"},
{"searchkey": "16743", "audio": [], "context": ["1 Kings : 14, 1"], "webrank": 7, "text": [" : ", " : Abiah / Abijah / Abijam ;"], "english": "<td><span class=\"context\">1 Kings : 14, 1</span> : Abiah / Abijah / Abijam ;</td>", "cf": ["<span class=\"wordlink\"><a href=\"dosearch.php?searchkey=16744&amp;language=id\"><span class=\"eastsyriac\">\u0710\u0732\u0712\u0742\u071d\u073c\u0735\u0721</span></a></span>", "<span class=\"wordlink\"><a href=\"dosearch.php?searchkey=16744&amp;language=id\"><span class=\"eastsyriac\">\u0710\u0732\u0712\u0742\u071d\u073c\u0735\u0721</span></a></span>"], "key": "16743", "west": "\u0710\u0730\u0712\u0742\u073a\u071d\u0733\u0710", "phonetic": "<td>' o: wi: ya</td>", "east": "\u0710\u0732\u0712\u0742\u071d\u073c\u0735\u0710"},
{"searchkey": "16359", "audio": [], "context": ["Biblical name, I Samuel IX,1"], "webrank": 8, "text": [" : ", " : Abigail - my father is strong- ;"], "english": "<td><span class=\"context\">Biblical name, I Samuel IX,1</span> : Abigail - my father is strong- ;</td>", "cf": ["<span class=\"wordlink\"><a href=\"dosearch.php?searchkey=12&amp;language=id\"><span class=\"eastsyriac\">\u0710\u0732\u0712\u0735\u0710</span></a>, <a href=\"dosearch.php?searchkey=4383&amp;language=id\"><span class=\"eastsyriac\">\u071a\u0732\u071d\u0720\u0735\u0710</span></a></span>"], "key": "16359", "west": "\u0710\u0730\u0712\u0742\u073a\u071d\u0713\u0742\u0736\u0720", "phonetic": "<td>a ' wi ghil</td>", "east": "\u0710\u0732\u0712\u0742\u071d\u073c\u0713\u0742\u0738\u0720"},
{"searchkey": "16358", "audio": [], "context": ["Classical Syriac", "Urmiah", "Classical Syriac ; adjective", "synonymous with \u0729\u071d\u073c\u0729\u0722\u0735\u0710", "synonymous with \u0710\u0738\u072b\u071b\u0735\u072a\u0735\u0710", "Bailis Shamun ; see also \u0710\u0738\u072b\u071b\u0735\u072a \u071d\u073c\u0719\u0732\u0726\u072c\u0735\u0710"], "webrank": 6, "text": [" : 1) ", " : a plough-beam , a plow-beam ;\r\n2) ", " : a comb in a loom ;\r\n3) ", " : raw ;\r\n5) a water wheel ", " ;\r\n7) writing ", " ;\r\n8) ", " : a promissory note ;"], "english": "<td>1) <span class=\"context\">Classical Syriac</span> : a plough-beam , a plow-beam ;\r\n2) <span class=\"context\">Urmiah</span> : a comb in a loom ;\r\n3) <span class=\"context\">Classical Syriac ; adjective</span> : raw ;\r\n5) a water wheel <span class=\"context\">synonymous with <a href=\"dosearch.php?searchkey=qiqnA%27&amp;language=fullsyriac\"><span class=\"eastsyriac\">\u0729\u071d\u073c\u0729\u0722\u0735\u0710</span></a></span> ;\r\n7) writing <span class=\"context\">synonymous with <a href=\"dosearch.php?searchkey=%27ejTArA%27&amp;language=fullsyriac\"><span class=\"eastsyriac\">\u0710\u0738\u072b\u071b\u0735\u072a\u0735\u0710</span></a></span> ;\r\n8) <span class=\"context\">Bailis Shamun ; see also <a href=\"dosearch.php?searchkey=%27ejTAr+izaptA%27&amp;language=fullsyriac\"><span class=\"eastsyriac\">\u0710\u0738\u072b\u071b\u0735\u072a \u071d\u073c\u0719\u0732\u0726\u072c\u0735\u0710</span></a></span> : a promissory note ;</td>", "cf": ["<span class=\"wordlink\"><a href=\"dosearch.php?searchkey=31899&amp;language=id\"><span class=\"eastsyriac\">\u0710\u0732\u0712\u0719\u0735\u072a\u0735\u0710 \u0710\u0738\u072b\u071b\u0735\u072a\u0735\u0710</span></a></span>", "<span class=\"wordlink\"><a href=\"dosearch.php?searchkey=23419&amp;language=id\"><span class=\"eastsyriac\">\u071f\u071d\u073c\u072a\u0735\u0710</span></a></span>", "<span class=\"wordlink\"><a href=\"dosearch.php?searchkey=14571&amp;language=id\"><span class=\"eastsyriac\">\u072b\u071b\u0735\u072a \u0715\u071a\u0735\u0718\u0712\u0735\u0710</span></a></span>"], "key": "16358", "west": "\u0710\u0730\u0712\u0719\u0733\u072a\u0733\u0710", "phonetic": "<td>ab ' za: ra:</td>", "east": "\u0710\u0732\u0712\u0719\u0735\u072a\u0735\u0710"},
{"searchkey": "18913", "audio": [], "context": [], "webrank": 9, "text": [" : amnesia ;"], "english": "<td>amnesia ;</td>", "cf": ["<span class=\"wordlink\"><a href=\"dosearch.php?searchkey=18194&amp;language=id\"><span class=\"eastsyriac\">\u0710\u0732\u0712\u071d\u073c\u0715\u0718\u073c\u072c\u0735\u0710</span></a>, <a href=\"dosearch.php?searchkey=10136&amp;language=id\"><span class=\"eastsyriac\">\u0725\u0718\u073c\u0715\u0735\u0722\u0735\u0710</span></a></span>", "<span class=\"wordlink\"><a href=\"dosearch.php?searchkey=18912&amp;language=id\"><span class=\"eastsyriac\">\u071b\u0718\u073c\u0720\u0735\u0729 \u0725\u0718\u073c\u0717\u0715\u0735\u0722\u0735\u0710</span></a></span>"], "key": "18913", "west": "\u0710\u0730\u0712\u073a\u071d\u0715\u073d\u0718\u072c \u0725\u073d\u0718\u0715\u0733\u0722\u0733\u0710", "phonetic": "<td>a ' bi: du:t u: ' da: na:</td>", "east": "\u0710\u0732\u0712\u071d\u073c\u0715\u0718\u073c\u072c \u0725\u0718\u073c\u0715\u0735\u0722\u0735\u0710"},
{"searchkey": "16356", "audio": [], "context": ["feminine", "masculine"], "webrank": 5, "text": [" : ", " : a marsh , a swamp , a bog ;\r\n", " : \u0710\u0732\u0712\u0742\u0719\u0718\u073f\u0722\u0735\u0710 ;"], "english": "<td><span class=\"context\">feminine</span> : a marsh , a swamp , a bog ;\r\n<span class=\"context\">masculine</span> : <a href=\"dosearch.php?searchkey=%27abLzonA%27&amp;language=fullsyriac\"><span class=\"eastsyriac\">\u0710\u0732\u0712\u0742\u0719\u0718\u073f\u0722\u0735\u0710</span></a> ;</td>", "cf": ["<span class=\"wordlink\"><a href=\"dosearch.php?searchkey=16357&amp;language=id\"><span class=\"eastsyriac\">\u0710\u0732\u0712\u0742\u0719\u0718\u073f\u0722\u0735\u0710</span></a></span>", "<span class=\"wordlink\"><a href=\"dosearch.php?searchkey=16357&amp;language=id\"><span class=\"eastsyriac\">\u0710\u0732\u0712\u0742\u0719\u0718\u073f\u0722\u0735\u0710</span></a></span>"], "key": "16356", "west": "\u0710\u0730\u0712\u0742\u0719\u0733\u0710", "phonetic": "<td>' o: za</td>", "east": "\u0710\u0732\u0712\u0742\u0719\u0735\u0710"},
{"searchkey": "19101", "audio": [], "context": ["Yoab Benjamin", "Bailis Shamun ; see \u0721\u0735\u072b\u0718\u073f\u0725\u0735\u0710"], "webrank": 4, "text": [" : 1) ", " : an aqueduct ;\r\n2) ", " : a trowel ;"], "english": "<td>1) <span class=\"context\">Yoab Benjamin</span> : an aqueduct ;\r\n2) <span class=\"context\">Bailis Shamun ; see <a href=\"dosearch.php?searchkey=mAjocA%27&amp;language=fullsyriac\"><span class=\"eastsyriac\">\u0721\u0735\u072b\u0718\u073f\u0725\u0735\u0710</span></a></span> : a trowel ;</td>", "cf": ["<span class=\"wordlink\"><a href=\"dosearch.php?searchkey=13457&amp;language=id\"><span class=\"eastsyriac\">\u072a\u0735\u0717\u0735\u072c\u071d\u073c</span></a>, <a href=\"dosearch.php?searchkey=9658&amp;language=id\"><span class=\"eastsyriac\">\u0723\u071d\u073c\u0720\u0735\u0710</span></a>, <a href=\"dosearch.php?searchkey=19095&amp;language=id\"><span class=\"eastsyriac\">\u0721\u0718\u073c\u0713\u0735\u0710</span></a>, <a href=\"dosearch.php?searchkey=19096&amp;language=id\"><span class=\"eastsyriac\">\u072a\u0735\u0721\u0718\u073f\u071d\u072c\u0735\u0710</span></a>, <a href=\"dosearch.php?searchkey=19097&amp;language=id\"><span class=\"eastsyriac\">\u072b\u0735\u0726\u071f\u0735\u0710</span></a>, <a href=\"dosearch.php?searchkey=19099&amp;language=id\"><span class=\"eastsyriac\">\u0719\u0735\u0721\u0718\u073f\u072a\u0735\u0710</span></a>, <a href=\"dosearch.php?searchkey=19100&amp;language=id\"><span class=\"eastsyriac\">\u0721\u0732\u072a\u0715\u071d\u0735\u0710</span></a>, <a href=\"dosearch.php?searchkey=19101&amp;language=id\"><span class=\"eastsyriac\">\u0710\u0735\u0712\u0742\u0718\u073f\u072c\u0735\u0710</span></a>, <a href=\"dosearch.php?searchkey=19102&amp;language=id\"><span class=\"eastsyriac\">\u0710\u0735\u0713\u0742\u0718\u073f\u0713\u0742\u0735\u0710</span></a>, <a href=\"dosearch.php?searchkey=19103&amp;language=id\"><span class=\"eastsyriac\">\u0720\u0732\u0713\u0742\u0720\u0718\u073c\u0713\u0742\u0735\u0710</span></a>, <a href=\"dosearch.php?searchkey=19104&amp;language=id\"><span class=\"eastsyriac\">\u0721\u0732\u072a\u0719\u0735\u0712\u0742\u0735\u0710</span></a>, <a href=\"dosearch.php?searchkey=16494&amp;language=id\"><span class=\"eastsyriac\">\u0721\u0732\u0725\u0712\u072a\u0735\u0722\u0735\u0710</span></a>, <a href=\"dosearch.php?searchkey=19105&amp;language=id\"><span class=\"eastsyriac\">\u0721\u0735\u0729\u0718\u073f\u072a\u0735\u0710</span></a>, <a href=\"dosearch.php?searchkey=19106&amp;language=id\"><span class=\"eastsyriac\">\u0710\u0732\u0713\u0742\u0718\u073c\u0713\u0735\u0710</span></a>, <a href=\"dosearch.php?searchkey=5711&amp;language=id\"><span class=\"eastsyriac\">\u071f\u0735\u0717\u072a\u071d\u073c\u0719</span></a></span>"], "key": "19101", "west": "\u0710\u0733\u0712\u0742\u073d\u0718\u072c\u0733\u0710", "phonetic": "<td>a: ' wo: ta:</td>", "east": "\u0710\u0735\u0712\u0742\u0718\u073f\u072c\u0735\u0710"},
{"searchkey": "13", "audio": ["./audio/entry13.mp3"], "context": ["plural : \u0710\u0738\u0712\u0308\u0712\u0735\u0722\u0739\u0710", "Yoab Benjamin : Eastern Syriac"], "webrank": 3, "text": [" : 1) fruit , produce of the earth , a crop , a harvest ;\r\n", " : fruit / fruits ;\r\n2) ", " : a flower ;"], "english": "<td>1) fruit , produce of the earth , a crop , a harvest ;\r\n<span class=\"context\">plural : <a href=\"dosearch.php?searchkey=%27ebCbAnE%27&amp;language=fullsyriac\"><span class=\"eastsyriac\">\u0710\u0738\u0712\u0308\u0712\u0735\u0722\u0739\u0710</span></a></span> : fruit / fruits ;\r\n2) <span class=\"context\">Yoab Benjamin : Eastern Syriac</span> : a flower ;</td>", "cf": ["<span class=\"wordlink\"><a href=\"dosearch.php?searchkey=34701&amp;language=id\"><span class=\"eastsyriac\">\u0710\u0738\u0712\u0308\u0712\u0735\u0722\u0739\u0710</span></a></span>", "<span class=\"wordlink\"><a href=\"dosearch.php?searchkey=24682&amp;language=id\"><span class=\"eastsyriac\">\u0721\u0739\u0718\u0735\u0710</span></a></span>", "<span class=\"wordlink\"><a href=\"dosearch.php?searchkey=28090&amp;language=id\"><span class=\"eastsyriac\">\u0726\u0739\u071f\u0735\u0710</span></a></span>", "<span class=\"wordlink\"><a href=\"dosearch.php?searchkey=28091&amp;language=id\"><span class=\"eastsyriac\">\u0726\u0739\u0729\u071d\u073c\u0735\u0710</span></a></span>", "<span class=\"wordlink\"><a href=\"dosearch.php?searchkey=1541&amp;language=id\"><span class=\"eastsyriac\">\u0712\u0735\u0725\u0718\u073f\u0720\u0735\u0710</span></a>, <a href=\"dosearch.php?searchkey=1438&amp;language=id\"><span class=\"eastsyriac\">\u0712\u0732\u0720\u0729\u0718\u073c</span></a>, <a href=\"dosearch.php?searchkey=5214&amp;language=id\"><span class=\"eastsyriac\">\u071b\u0725\u0718\u073c\u0722\u072c\u0735\u0710</span></a>, <a href=\"dosearch.php?searchkey=5222&amp;language=id\"><span class=\"eastsyriac\">\u071b\u0725\u071d\u073c\u0722\u0718\u073c\u072c\u0735\u0710</span></a>, <a href=\"dosearch.php?searchkey=5453&amp;language=id\"><span class=\"eastsyriac\">\u071d\u0735\u071d\u0721\u071d\u073c\u072b</span></a>, <a href=\"dosearch.php?searchkey=6261&amp;language=id\"><span class=\"eastsyriac\">\u071f\u0738\u0723\u0735\u0722\u0735\u0710</span></a>, <a href=\"dosearch.php?searchkey=8980&amp;language=id\"><span class=\"eastsyriac\">\u0722\u0718\u073f\u0712\u0735\u072a\u0720\u0739\u0713</span></a>, <a href=\"dosearch.php?searchkey=10616&amp;language=id\"><span class=\"eastsyriac\">\u0726\u0739\u0710\u072a\u0735\u0710</span></a>, <a href=\"dosearch.php?searchkey=13076&amp;language=id\"><span class=\"eastsyriac\">\u0729\u0735\u0729\u0735\u0710</span></a>, <a href=\"dosearch.php?searchkey=18161&amp;language=id\"><span class=\"eastsyriac\">\u0726\u0738\u071f\u072c\u0735\u0710</span></a>, <a href=\"dosearch.php?searchkey=9736&amp;language=id\"><span class=\"eastsyriac\">\u0723\u0721\u0735\u0715\u072a\u0735\u0710</span></a>, <a href=\"dosearch.php?searchkey=18168&amp;language=id\"><span class=\"eastsyriac\">\u0712\u0732\u071d\u0712\u0718\u073c\u0722\u0735\u0710</span></a>, <a href=\"dosearch.php?searchkey=17372&amp;language=id\"><span class=\"eastsyriac\">\u0717\u0712\u0712</span></a>, <a href=\"dosearch.php?searchkey=18162&amp;language=id\"><span class=\"eastsyriac\">\u0717\u0732\u0712\u0735\u0712\u0742\u0735\u0710</span></a>, <a href=\"dosearch.php?searchkey=3281&amp;language=id\"><span class=\"eastsyriac\">\u0717\u0732\u0712\u072c\u0735\u0710</span></a>, <a href=\"dosearch.php?searchkey=18163&amp;language=id\"><span class=\"eastsyriac\">\u0717\u0738\u0720\u0729\u0735\u0710</span></a>, <a href=\"dosearch.php?searchkey=18164&amp;language=id\"><span class=\"eastsyriac\">\u0719\u0732\u0717\u072a\u0735\u0710</span></a>, <a href=\"dosearch.php?searchkey=18165&amp;language=id\"><span class=\"eastsyriac\">\u0722\u0718\u073c\u072a\u072c\u0735\u0710</span></a>, <a href=\"dosearch.php?searchkey=9736&amp;language=id\"><span class=\"eastsyriac\">\u0723\u0721\u0735\u0715\u072a\u0735\u0710</span></a>, <a href=\"dosearch.php?searchkey=18166&amp;language=id\"><span class=\"eastsyriac\">\u072a\u0718\u073c\u0715\u0735\u0710</span></a>, <a href=\"dosearch.php?searchkey=18167&amp;language=id\"><span class=\"eastsyriac\">\u0712\u0738\u072a\u071b\u0735\u0710</span></a>, <a href=\"dosearch.php?searchkey=23211&amp;language=id\"><span class=\"eastsyriac\">\u0723\u0721\u0735\u0715\u0742\u072a\u0735\u0710</span></a></span>"], "key": "13", "west": "\u0710\u0736\u0712\u0733\u0710", "phonetic": "<td>' ib ba:</td>", "east": "\u0710\u0738\u0712\u0735\u0710"},
{"searchkey": "21884", "audio": [], "context": ["plural :"], "webrank": 2, "text": [" : 1) a father , "], "english": "<td>1) a father , <span class=\"context\">plural : <span class=\"locution\"><span class=\"eastsyriac\">\u0710\u0732\u0712\u0742\u0735\u072c\u0739\u0710</span></span> / <span class=\"locution\"><span class=\"eastsyriac\">\u0710\u0732\u0712\u0742\u0735\u0717\u0308\u0739\u0710</span></span> : fathers</span> ;\r\n2) <span class=\"context\"><span class=\"locution\"><span class=\"eastsyriac\">\u0721\u0735\u072a\u071d \u0710\u0732\u0712\u0742\u0735\u0710</span></span>the name of several Doctors of the Assyrian Church of the East, now used in the name of churches</span> ;</td>", "cf": ["<span class=\"wordlink\"><a href=\"dosearch.php?searchkey=21883&amp;language=id\"><span class=\"eastsyriac\">\u0725\u072a\u0718\u073c\u0712\u0742\u072c\u0735\u0710 \u0715\u0721\u0735\u072a\u071d \u0710\u0732\u0712\u0742\u0735\u0710</span></a>, <a href=\"dosearch.php?searchkey=30392&amp;language=id\"><span class=\"eastsyriac\">\u0710\u0732\u0712\u0742\u0735\u0717\u0308\u0739\u0710</span></a></span>"], "key": "21884", "west": "\u0710\u0730\u0712\u0742\u0733\u0710", "phonetic": "<td>a ' wa:</td>", "east": "\u0710\u0732\u0712\u0742\u0735\u0710"},
{"searchkey": "7", "audio": ["./audio/entry7.mp3"], "context": ["Oraham", "Bailis Shamun", "plural : \u0710\u0735\u0710\u0732\u072a\u0308\u0735\u071d\u0735\u072c\u0739\u0710"], "webrank": 1, "text": [" : 1) ", " : airy, exposed to or containing air, relating to air, breezy ;\r\n2) ", " : atmospheric / climatic , weather / related to the weather , related to the climate , meteorological (?) ;\r\n"], "english": "<td>1) <span class=\"context\">Oraham</span> : airy, exposed to or containing air, relating to air, breezy ;\r\n2) <span class=\"context\">Bailis Shamun</span> : atmospheric / climatic , weather / related to the weather , related to the climate , meteorological (?) ;\r\n<span class=\"context\">plural : <a href=\"dosearch.php?searchkey=%27A%27arCAyAtE%27&amp;language=fullsyriac\"><span class=\"eastsyriac\">\u0710\u0735\u0710\u0732\u072a\u0308\u0735\u071d\u0735\u072c\u0739\u0710</span></a></span> ;\r\n<span class=\"locution\"><span class=\"eastsyriac\">\u0725\u0738\u0720\u0308\u0720\u0735\u072c\u0739\u0710 \u0710\u0735\u0710\u0732\u072a\u0308\u0735\u071d\u0735\u072c\u0739\u0710</span></span> : atmospheric causes ;</td>", "cf": ["<span class=\"wordlink\"><a href=\"dosearch.php?searchkey=6&amp;language=id\"><span class=\"eastsyriac\">\u0710\u0735\u0710\u0732\u072a</span></a>, <a href=\"dosearch.php?searchkey=8&amp;language=id\"><span class=\"eastsyriac\">\u0710\u0735\u0710\u0732\u072a\u0735\u0722\u0735\u071d\u0735\u0710</span></a></span>", "<span class=\"wordlink\"><a href=\"dosearch.php?searchkey=35050&amp;language=id\"><span class=\"eastsyriac\">\u0710\u0735\u0710\u0732\u072a\u0308\u0735\u071d\u0735\u072c\u0739\u0710</span></a></span>"], "key": "7", "west": "\u0710\u0733\u0710\u0730\u072a\u0733\u071d\u0733\u0710", "phonetic": "<td>a: ar ' ra: ia:</td>", "east": "\u0710\u0735\u0710\u0732\u072a\u0735\u071d\u0735\u0710"},
{"searchkey": "36", "audio": ["./audio/entry36.mp3"], "context": ["stream"], "webrank": 40, "text": [" : 1) a flume , a reach , a section of a canal , an artificial watercourse that leads water from an articial dam / weir completely aside a natural flow , a mill-race (?) ;\r\n2) ", " : a bank / the banks ;"], "english": "<td>1) a flume , a reach , a section of a canal , an artificial watercourse that leads water from an articial dam / weir completely aside a natural flow , a mill-race (?) ;\r\n2) <span class=\"context\">stream</span> : a bank / the banks ;</td>", "cf": ["<span class=\"wordlink\"><a href=\"dosearch.php?searchkey=11181&amp;language=id\"><span class=\"eastsyriac\">\u0726\u0728\u071d\u073c\u0715\u0735\u0710</span></a>, <a href=\"dosearch.php?searchkey=12161&amp;language=id\"><span class=\"eastsyriac\">\u0729\u0735\u0710\u0715\u071d\u073c\u0722\u0735\u0710</span></a>, <a href=\"dosearch.php?searchkey=8975&amp;language=id\"><span class=\"eastsyriac\">\u0722\u0732\u0717\u072a\u0718\u073c\u0722\u0735\u0710</span></a>, <a href=\"dosearch.php?searchkey=27&amp;language=id\"><span class=\"eastsyriac\">\u0710\u0732\u0712\u0718\u073c\u0712\u0735\u0710</span></a>, <a href=\"dosearch.php?searchkey=13441&amp;language=id\"><span class=\"eastsyriac\">\u072a\u0732\u0717\u071b\u0735\u0710</span></a>, <a href=\"dosearch.php?searchkey=8959&amp;language=id\"><span class=\"eastsyriac\">\u0722\u0715\u071d\u073c\u072a\u0718\u073c\u072c\u0735\u0710</span></a>, <a href=\"dosearch.php?searchkey=8974&amp;language=id\"><span class=\"eastsyriac\">\u0722\u0732\u0717\u072a\u0735\u0710</span></a>, <a href=\"dosearch.php?searchkey=9089&amp;language=id\"><span class=\"eastsyriac\">\u0722\u0732\u071a\u0720\u0735\u0710</span></a>, <a href=\"dosearch.php?searchkey=9933&amp;language=id\"><span class=\"eastsyriac\">\u0723\u0735\u072a\u0735\u0718\u0732\u0722\u0715</span></a>, <a href=\"dosearch.php?searchkey=13422&amp;language=id\"><span class=\"eastsyriac\">\u072a\u0738\u0715\u071d\u0735\u0710</span></a>, <a href=\"dosearch.php?searchkey=36&amp;language=id\"><span class=\"eastsyriac\">\u0710\u0735\u0712\u0735\u072a\u0735\u0710</span></a>, <a href=\"dosearch.php?searchkey=34246&amp;language=id\"><span class=\"eastsyriac\">\u0721\u0732\u0723\u071f\u0718\u073c\u072a\u0735\u0710</span></a>, <a href=\"dosearch.php?searchkey=9702&amp;language=id\"><span class=\"eastsyriac\">\u0723\u071f\u0735\u072a\u0735\u0710</span></a>, <a href=\"dosearch.php?searchkey=34245&amp;language=id\"><span class=\"eastsyriac\">\u0721\u0732\u0723\u071f\u072a\u0735\u0710</span></a></span>"], "key": "36", "west": "\u0710\u0733\u0712\u0733\u072a\u0733\u0710", "phonetic": "<td>a: ' ba: ra:</td>", "east": "\u0710\u0735\u0712\u0735\u072a\u0735\u0710"},
{"searchkey": "47", "audio": ["./audio/entry47.mp3"], "context": ["Oraham"], "webrank": 60, "text": [" : 1) ", " : struggle , contest , a violent effort , a great endeavor"], "english": "<td>1) <span class=\"context\">Oraham</span> : struggle , contest , a violent effort , a great endeavor ;\r\n<span class=\"locution\"><span class=\"eastsyriac\">\u0725\u0735\u0712\u0738\u0715 \u0710\u0735\u0713\u0742\u0718\u073f\u0722\u0735\u0710</span></span> : to strive for mastery , to compete in a contest ;\r\n2) <span class=\"context\">Yoab Benjamin</span> : war , warfare ;</td>", "cf": ["<span class=\"wordlink\"><a href=\"dosearch.php?searchkey=13093&amp;language=id\"><span class=\"eastsyriac\">\u0729\u072a\u0735\u0712\u0735\u0710</span></a>, <a href=\"dosearch.php?searchkey=3541&amp;language=id\"><span class=\"eastsyriac\">\u0717\u0732\u072a\u0712</span></a>, <a href=\"dosearch.php?searchkey=15116&amp;language=id\"><span class=\"eastsyriac\">\u072b\u0732\u072a\u0739\u0710</span></a>, <a href=\"dosearch.php?searchkey=3165&amp;language=id\"><span class=\"eastsyriac\">\u0715\u0732\u072a\u0735\u0710</span></a>, <a href=\"dosearch.php?searchkey=xarbA%27&amp;language=fullsyriac\"><span class=\"eastsyriac\">\u071a\u0732\u072a\u0712\u0735\u0710</span></a>, <a href=\"dosearch.php?searchkey=takLtujA%27&amp;language=fullsyriac\"><span class=\"eastsyriac\">\u072c\u0732\u071f\u0742\u072c\u0718\u073c\u072b\u0735\u0710</span></a>, <a href=\"dosearch.php?searchkey=18636&amp;language=id\"><span class=\"eastsyriac\">\u0729\u072a\u0735\u0712\u0742\u0735\u0710</span></a>, <a href=\"dosearch.php?searchkey=18592&amp;language=id\"><span class=\"eastsyriac\">\u0726\u0720\u072b</span></a>, <a href=\"dosearch.php?searchkey=11066&amp;language=id\"><span class=\"eastsyriac\">\u0726\u0720\u0735\u072b\u0735\u0710</span></a>, <a href=\"dosearch.php?searchkey=11067&amp;language=id\"><span class=\"eastsyriac\">\u0726\u0735\u0720\u0735\u072b\u0735\u0710</span></a>, <a href=\"dosearch.php?searchkey=11068&amp;language=id\"><span class=\"eastsyriac\">\u0726\u0735\u0720\u072b\u0735\u0722\u0735\u0710</span></a>, <a href=\"dosearch.php?searchkey=11069&amp;language=id\"><span class=\"eastsyriac\">\u0726\u0720\u0735\u072b\u072c\u0735\u0710</span></a></span>"], "key": "47", "west": "\u0710\u0733\u0713\u0742\u073d\u0718\u0722\u0733\u0710", "phonetic": "<td>a: ' ghu: na:</td>", "east": "\u0710\u0735\u0713\u0742\u0718\u073f\u0722\u0735\u0710"},
{"searchkey": "67", "audio": ["./audio/entry67.mp3"], "context": ["Classical Syriac", "Bailis Shamun"], "webrank": 90, "text": [" : 1) crater of a vulcano ;\r\n2) a goblet ;\r\n3) ", " : a large pot , a bowl , a trough , the base of a vessel ;\r\n3) "], "english": "<td>1) crater of a vulcano ;\r\n2) a goblet ;\r\n3) <span class=\"context\">Classical Syriac</span> : a large pot , a bowl , a trough , the base of a vessel ;\r\n3) <span class=\"context\">Bailis Shamun ; <span class=\"locution\"><span class=\"eastsyriac\">\u0710\u0732\u0713\u0735\u0722\u0735\u0710 \u0715\u072c\u071d\u073c\u0722\u0308\u0739\u0710</span></span></span> : a urinal ;\r\n</td>", "cf": ["<span class=\"wordlink\"><a href=\"dosearch.php?searchkey=16375&amp;language=id\"><span class=\"eastsyriac\">\u0710\u0732\u0713\u0735\u0722\u072c\u0735\u0710</span></a></span>", "<span class=\"wordlink\"><a href=\"dosearch.php?searchkey=13083&amp;language=id\"><span class=\"eastsyriac\">\u0729\u0732\u0729\u0718\u073c\u0722\u072c\u0735\u0710</span></a>, <a href=\"dosearch.php?searchkey=6895&amp;language=id\"><span class=\"eastsyriac\">\u0720\u0738\u0729\u0722\u0735\u0710</span></a>, <a href=\"dosearch.php?searchkey=6065&amp;language=id\"><span class=\"eastsyriac\">\u071f\u0732\u0720\u0718\u073c\u071b\u0735\u0710</span></a>, <a href=\"dosearch.php?searchkey=10884&amp;language=id\"><span class=\"eastsyriac\">\u0726\u071d\u0735\u0710\u0720\u0735\u0710</span></a>, <a href=\"dosearch.php?searchkey=961&amp;language=id\"><span class=\"eastsyriac\">\u0712\u0732\u0715\u071d\u0735\u0710</span></a>, <a href=\"dosearch.php?searchkey=2871&amp;language=id\"><span class=\"eastsyriac\">\u0715\u0735\u0718\u072a\u071d\u073c</span></a>, <a href=\"dosearch.php?searchkey=4955&amp;language=id\"><span class=\"eastsyriac\">\u071b\u0735\u0710\u0723\u0735\u0710</span></a>, <a href=\"dosearch.php?searchkey=5206&amp;language=id\"><span class=\"eastsyriac\">\u071b\u0732\u0723\u0735\u0710</span></a>, <a href=\"dosearch.php?searchkey=6275&amp;language=id\"><span class=\"eastsyriac\">\u071f\u0732\u0726\u0735\u0710</span></a>, <a href=\"dosearch.php?searchkey=6895&amp;language=id\"><span class=\"eastsyriac\">\u0721\u0718\u073f\u0715\u0735\u0710</span></a>, <a href=\"dosearch.php?searchkey=7286&amp;language=id\"><span class=\"eastsyriac\">\u0721\u071d\u073c\u0729\u071d\u073c\u072c\u0735\u0710</span></a>, <a href=\"dosearch.php?searchkey=7973&amp;language=id\"><span class=\"eastsyriac\">\u0721\u0735\u0722\u0735\u0710</span></a>, <a href=\"dosearch.php?searchkey=14704&amp;language=id\"><span class=\"eastsyriac\">\u072b\u0735\u071f\u0735\u0723\u0735\u0710</span></a>, <a href=\"dosearch.php?searchkey=16058&amp;language=id\"><span class=\"eastsyriac\">\u0719\u0735\u0712\u0742\u0718\u073f\u072a\u0735\u0710</span></a>, <a href=\"dosearch.php?searchkey=28814&amp;language=id\"><span class=\"eastsyriac\">\u0729\u0732\u071b\u071a\u0735\u0710</span></a>, <a href=\"dosearch.php?searchkey=28815&amp;language=id\"><span class=\"eastsyriac\">\u0729\u0735\u071b\u0738\u071a\u072c\u0735\u0710</span></a>, <a href=\"dosearch.php?searchkey=3598&amp;language=id\"><span class=\"eastsyriac\">\u0718\u0732\u0719\u0722\u0735\u0710</span></a>, <a href=\"dosearch.php?searchkey=4174&amp;language=id\"><span class=\"eastsyriac\">\u071a\u0735\u0718\u0715\u0735\u0710</span></a>, <a href=\"dosearch.php?searchkey=8093&amp;language=id\"><span class=\"eastsyriac\">\u0721\u0735\u0723\u0735\u071a\u0735\u0710</span></a>, <a href=\"dosearch.php?searchkey=2146&amp;language=id\"><span class=\"eastsyriac\">\u0713\u0718\u073c\u072a\u0722\u0735\u0710</span></a>, <a href=\"dosearch.php?searchkey=33610&amp;language=id\"><span class=\"eastsyriac\">\u0712\u0739\u071d\u072c \u0721\u0732\u072b\u072c\u071d\u0735\u0710</span></a></span>"], "key": "67", "west": "\u0710\u0730\u0713\u0733\u0722\u0733\u0710", "phonetic": "<td>ag ' ga: na:</td>", "east": "\u0710\u0732\u0713\u0735\u0722\u0735\u0710"},
{"searchkey": "49", "audio": ["./audio/entry49.mp3"], "context": [], "webrank": 70, "text": [" : a lessee , a hirer , one who hires , a person to whom prperty is rented for a certain amount of time and upon certain conditions ;\r\n"], "english": "<td>a lessee , a hirer , one who hires , a person to whom prperty is rented for a certain amount of time and upon certain conditions ;\r\n</td>", "cf": ["<span class=\"wordlink\"><a href=\"dosearch.php?searchkey=19217&amp;language=id\"><span class=\"eastsyriac\">\u0710\u0735\u0713\u0718\u073f\u072a\u0735\u0710</span></a></span>", "<span class=\"wordlink\"><a href=\"dosearch.php?searchkey=19215&amp;language=id\"><span class=\"eastsyriac\">\u0720\u0712\u0742\u071d\u073c\u0722\u072c\u0735\u0710</span></a>, <a href=\"dosearch.php?searchkey=13183&amp;language=id\"><span class=\"eastsyriac\">\u0729\u0732\u072a\u0721\u071d\u073c\u0715\u0735\u0710</span></a>, <a href=\"dosearch.php?searchkey=19216&amp;language=id\"><span class=\"eastsyriac\">\u0729\u0732\u072a\u0721\u071d\u073c\u0715\u072c\u0735\u0710</span></a>, <a href=\"dosearch.php?searchkey=6470&amp;language=id\"><span class=\"eastsyriac\">\u071f\u0732\u072a\u0726\u071d\u073c\u071f\u0330</span></a></span>"], "key": "49", "west": "\u0710\u0733\u0713\u0742\u073d\u0718\u072a\u0733\u0710", "phonetic": "<td>agho:ra</td>", "east": "\u0710\u0735\u0713\u0742\u0718\u073f\u072a\u0735\u0710"},
{"searchkey": "56", "audio": ["./audio/entry56.mp3"], "context": ["from its lands or tenants", "Bailis Shamun :"], "webrank": 80, "text": [" : 1) an estate , a farm , land / grounds ;\r\n2) the interest one derives ", " ;\r\n3) "], "english": "<td>1) an estate , a farm , land / grounds ;\r\n2) the interest one derives <span class=\"context\">from its lands or tenants</span> ;\r\n3) <span class=\"context\">Bailis Shamun : <span class=\"locution\"><span class=\"eastsyriac\">\u0710\u0735\u0713\u0742\u0718\u073c\u072a\u0723\u0735\u0710</span></span> ; voir aussi <a href=\"dosearch.php?searchkey=qritLA%27&amp;language=fullsyriac\"><span class=\"eastsyriac\">\u0729\u072a\u071d\u073c\u072c\u0742\u0735\u0710</span></a></span> : a village ;</td>", "cf": ["<span class=\"wordlink\"><a href=\"dosearch.php?searchkey=13164&amp;language=id\"><span class=\"eastsyriac\">\u0729\u072a\u071d\u073c\u072c\u0742\u0735\u0710</span></a>, <a href=\"dosearch.php?searchkey=6317&amp;language=id\"><span class=\"eastsyriac\">\u071f\u0732\u0726\u072a\u0735\u0710</span></a></span>"], "key": "56", "west": "\u0710\u0733\u0713\u073d\u0718\u072a\u0723\u0733\u0710", "phonetic": "<td>agorsa</td>", "east": "\u0710\u0735\u0713\u0718\u073f\u072a\u0723\u0735\u0710"},
{"searchkey": "45", "audio": ["./audio/entry45.mp3"], "context": [], "webrank": 50, "text": [" : Muslin , a cotton cloth either fine and thin or stout and heavy , cambric ;"], "english": "<td>Muslin , a cotton cloth either fine and thin or stout and heavy , cambric ;</td>", "cf": ["<span class=\"wordlink\"><a href=\"dosearch.php?searchkey=19086&amp;language=id\"><span class=\"eastsyriac\">\u0713\u0330\u0718\u073c\u0722\u0735\u0710</span></a></span>"], "key": "45", "west": "\u0710\u0733\u0713\u0742\u0733\u0712\u0733\u0722\u0733\u0710", "phonetic": "<td>a: gha: ' ba: na:</td>", "east": "\u0710\u0735\u0713\u0742\u0735\u0712\u0735\u0722\u0735\u0710"},
{"searchkey": "71", "audio": ["./audio/entry71.mp3"], "context": ["Rh\u00e9tor\u00e9 (NENA / Al Qosh)"], "webrank": 100, "text": [" : 1) wages , a compensation given to a hired person for services , fees ;\r\n", " :"], "english": "<td>1) wages , a compensation given to a hired person for services , fees ;\r\n<span class=\"context\">Rh\u00e9tor\u00e9 (NENA / Al Qosh)</span> : <span class=\"locution\"><span class=\"eastsyriac\">\u0729\u071b\u071d\u073c\u0725 \u0720\u0732\u0722 \u0710\u0735\u072a\u0739\u0717 \u0715\u071d\u073c\u0722\u0735\u072a\u0735\u0710</span></span> : we have established his wages at one denier / dinar ;\r\n2) <span class=\"context\">Bailis Shamun</span> : a reward ;</td>", "cf": ["<span class=\"wordlink\"><a href=\"dosearch.php?searchkey=44&amp;language=id\"><span class=\"eastsyriac\">\u0710\u0739\u0713\u0735\u0330\u0710\u072a\u0735\u0710</span></a>, <a href=\"dosearch.php?searchkey=11863&amp;language=id\"><span class=\"eastsyriac\">\u0710\u0739\u0713\u0735\u0330\u072a\u0735\u0710 \u0715\u0712\u0742\u0735\u0729\u0735\u0710</span></a>, <a href=\"dosearch.php?searchkey=72&amp;language=id\"><span class=\"eastsyriac\">\u0710\u0738\u0713\u0735\u0330\u072a\u0735\u0710</span></a>, <a href=\"dosearch.php?searchkey=16740&amp;language=id\"><span class=\"eastsyriac\">\u0710\u0739\u0713\u0747\u071d\u073c\u072a\u0735\u0710</span></a>, <a href=\"dosearch.php?searchkey=22706&amp;language=id\"><span class=\"eastsyriac\">\u0710\u0732\u0713\u071d\u073c\u072a\u0735\u0710</span></a>, <a href=\"dosearch.php?searchkey=22707&amp;language=id\"><span class=\"eastsyriac\">\u0710\u0739\u0713\u0330\u0735\u072a\u0735\u0710</span></a>, <a href=\"dosearch.php?searchkey=22705&amp;language=id\"><span class=\"eastsyriac\">\u071d\u0735\u0713\u0747\u072a</span></a>, <a href=\"dosearch.php?searchkey=22708&amp;language=id\"><span class=\"eastsyriac\">\u0710\u0738\u0713\u0732\u072a</span></a>, <a href=\"dosearch.php?searchkey=14139&amp;language=id\"><span class=\"eastsyriac\">\u072c\u0732\u0713\u0718\u073c\u072a\u072c\u0735\u0710</span></a></span>", "<span class=\"wordlink\"><a href=\"dosearch.php?searchkey=28792&amp;language=id\"><span class=\"eastsyriac\">\u0729\u0735\u0719\u0732\u0722\u0713\u0330\u0718\u073c\u072c\u0742\u0735\u0710</span></a>, <a href=\"dosearch.php?searchkey=3532&amp;language=id\"><span class=\"eastsyriac\">\u0717\u0735\u0729\u0735\u0710</span></a>, <a href=\"dosearch.php?searchkey=10791&amp;language=id\"><span class=\"eastsyriac\">\u0726\u0718\u073c\u072a\u0725\u0735\u0722\u0718\u073c\u072c\u0735\u0710</span></a>, <a href=\"dosearch.php?searchkey=4162&amp;language=id\"><span class=\"eastsyriac\">\u071a\u0718\u073c\u0712\u0735\u0720\u0735\u0710</span></a>, <a href=\"dosearch.php?searchkey=8600&amp;language=id\"><span class=\"eastsyriac\">\u0721\u0738\u072b\u071b\u0718\u073c\u0720\u0738\u0713</span></a>, <a href=\"dosearch.php?searchkey=674&amp;language=id\"><span class=\"eastsyriac\">\u0710\u0732\u0726\u0723\u0718\u073f\u0722\u071d\u073c\u072c\u0735\u0742\u0710</span></a>, <a href=\"dosearch.php?searchkey=9536&amp;language=id\"><span class=\"eastsyriac\">\u0723\u0718\u073f\u0722\u072c\u071d\u073c\u0723</span></a>, <a href=\"dosearch.php?searchkey=26957&amp;language=id\"><span class=\"eastsyriac\">\u0710\u0735\u0713\u0735\u072a</span></a>, <a href=\"dosearch.php?searchkey=674&amp;language=id\"><span class=\"eastsyriac\">\u0710\u0732\u0726\u0723\u0718\u073f\u0722\u071d\u073c\u072c\u0735\u0742\u0710</span></a>, <a href=\"dosearch.php?searchkey=10790&amp;language=id\"><span class=\"eastsyriac\">\u0726\u0718\u073c\u072a\u0725\u0735\u0722\u0735\u0710</span></a></span>"], "key": "71", "west": "\u0710\u0730\u0713\u0742\u072a\u0733\u0710", "phonetic": "<td>' a ghra:</td>", "east": "\u0710\u0732\u0713\u0742\u072a\u0735\u0710"},
{"searchkey": "11858", "audio": [], "context": [], "webrank": 20, "text": [" : to mourn , to express or to feel grief or sorrow , to grieve , to be sorrowful , to lament , especially someone's death , to bewail ; "], "english": "<td>to mourn , to express or to feel grief or sorrow , to grieve , to be sorrowful , to lament , especially someone's death , to bewail ; </td>", "cf": ["<span class=\"wordlink\"><a href=\"dosearch.php?searchkey=27729&amp;language=id\"><span class=\"eastsyriac\">\u0710\u0735\u0712\u0739\u0720</span></a>, <a href=\"dosearch.php?searchkey=27730&amp;language=id\"><span class=\"eastsyriac\">\u0710\u0732\u0712\u0742\u071d\u073c\u0720\u0735\u0710</span></a>, <a href=\"dosearch.php?searchkey=27728&amp;language=id\"><span class=\"eastsyriac\">\u0710\u0732\u0712\u0742\u071d\u073c\u0720\u0718\u073c\u072c\u0735\u0710</span></a></span>", "<span class=\"wordlink\"><a href=\"dosearch.php?searchkey=18275&amp;language=id\"><span class=\"eastsyriac\">\u0712\u0735\u071f\u0742\u0739\u0710</span></a>, <a href=\"dosearch.php?searchkey=321&amp;language=id\"><span class=\"eastsyriac\">\u0710\u071d\u0720\u0735\u0720\u0735\u0710</span></a>, <a href=\"dosearch.php?searchkey=403&amp;language=id\"><span class=\"eastsyriac\">\u0710\u0720\u0735\u0710</span></a>, <a href=\"dosearch.php?searchkey=16485&amp;language=id\"><span class=\"eastsyriac\">\u071d\u0735\u0720\u0739\u0710</span></a>, <a href=\"dosearch.php?searchkey=31986&amp;language=id\"><span class=\"eastsyriac\">\u072a\u0729\u0715</span></a>, <a href=\"dosearch.php?searchkey=5461&amp;language=id\"><span class=\"eastsyriac\">\u071d\u0720\u0735\u0710</span></a></span>"], "key": "11858", "west": "\u0710\u0730\u0712\u0742\u0733\u0720\u0733\u0710", "phonetic": "<td>a ' wa: la:</td>", "east": "\u0710\u0732\u0712\u0742\u0735\u0720\u0735\u0710"},
{"searchkey": "16450", "audio": [], "context": ["demonstrative adjective, masculine and feminine ; sometimes"], "webrank": 40, "text": [" : "], "english": "<td><span class=\"context\">demonstrative adjective, masculine and feminine ; sometimes <span class=\"locution\"><span class=\"eastsyriac\">\u0710\u0738\u0715</span></span> : contraction of <a href=\"dosearch.php?searchkey=%27Adi&amp;language=fullsyriac\"><span class=\"eastsyriac\">\u0710\u0735\u0715\u071d\u073c</span></a></span> : this one , that one , this , that ;\r\n<span class=\"context\">Rh\u00e9tor\u00e9 ; <span class=\"locution\"><span class=\"eastsyriac\">\u0710\u0738\u0715\u0720\u0732\u071d\u0720\u0739\u0710</span></span></span> : tonight , this night ;\r\n<span class=\"context\">Rh\u00e9tor\u00e9</span> : <span class=\"locution\"><span class=\"eastsyriac\">\u0710\u0735\u0715\u0742 \u072b\u0732\u0722\u0747\u072c \u0720\u0735\u0710 \u071a\u0719\u0738\u0710 \u0720\u0732\u0722 \u0710\u0747\u0722\u0735\u072b\u0308\u0739\u0710 \u0710\u0735\u0722\u0732\u071d \u0715\u0710\u0747\u072c\u0739\u0710 \u0717\u0747\u0718\u073c\u0735 \u0720\u0732\u071d \u072b\u0738\u072c\u0729\u0739\u0710</span></span> : this year we did not see the men who came last year ;\r\n<span class=\"locution\"><span class=\"eastsyriac\">\u0710\u0738\u0715\u071d\u0718\u073c\u0721\u0747</span></span> : today ;\r\n<span class=\"context\">Rh\u00e9tor\u00e9 ; <span class=\"locution\"><span class=\"eastsyriac\">\u0720\u0732\u071d\u072c \u0717\u0747\u0718\u0735\u0710 \u0712\u0739\u0717 \u0710\u0747\u0722\u0735\u072b\u0735\u0710 \u0715\u072b\u0735\u0721\u0738\u0725 \u0720\u0710\u0735\u0715\u0742 \u0721\u0732\u072a\u071d\u073c\u072a\u0718\u073c\u072c\u0742\u0735\u0710</span></span></span> : there was no one to listen to this expression of grief and sorrow ;\r\n<span class=\"context\">Rh\u00e9tor\u00e9 , see <a href=\"dosearch.php?searchkey=j%27AjA%27&amp;language=fullsyriac\"><span class=\"eastsyriac\">\u072b\u0710\u0735\u072b\u0735\u0710</span></a>; <span class=\"locution\"><span class=\"eastsyriac\">\u072b\u0710\u071d\u073c\u072b \u0720\u0735\u0717\u073f \u0710\u0735\u072b\u071d\u073c\u072c\u0742\u0735\u0710 \u072b\u0710\u0735\u072b\u0735\u0710 \u0712\u0710\u0735\u0715\u0742 \u0728\u0735\u072a\u0712\u0735\u0710 \u0715\u032e\u072b\u071d\u073c\u072a\u0308\u072a\u0738\u071f\u0722\u0735\u071d\u0739\u0710 \u0712\u071d\u073c\u0308\u072b\u0739\u0710</span></span></span> : Ashita was shocked by the attack from the wicked Jirkis ;\r\n<span class=\"context\">Rh\u00e9tor\u00e9 ; <span class=\"locution\"><span class=\"eastsyriac\">\u0710\u0738\u0720\u0735\u0710 \u0712\u0710\u0735\u0715\u0742 \u0725\u0718\u073c\u0721\u072a\u071d\u073c \u0720\u0735\u0710 \u0726\u071d\u073c\u072b \u071b\u0735\u0726\u0738\u0722\u0739\u0717</span></span></span> : but at my age / at this age of mine I no longer can catch up with it ;</td>", "cf": ["<span class=\"wordlink\"><a href=\"dosearch.php?searchkey=82&amp;language=id\"><span class=\"eastsyriac\">\u0710\u0738\u0715\u071d\u0718\u073f\u0721</span></a>, <a href=\"dosearch.php?searchkey=16451&amp;language=id\"><span class=\"eastsyriac\">\u0710\u0735\u0715\u071d\u073c</span></a>, <a href=\"dosearch.php?searchkey=16452&amp;language=id\"><span class=\"eastsyriac\">\u0717\u0735\u0715\u0739\u0710</span></a>, <a href=\"dosearch.php?searchkey=16453&amp;language=id\"><span class=\"eastsyriac\">\u0710\u0735\u0715 \u0720\u0732\u071d\u0720\u0739\u0710</span></a>, <a href=\"dosearch.php?searchkey=16454&amp;language=id\"><span class=\"eastsyriac\">\u0710\u0738\u0715\u0735\u0717\u0735\u0722\u0739\u0710</span></a>, <a href=\"dosearch.php?searchkey=138&amp;language=id\"><span class=\"eastsyriac\">\u0710\u0735\u0717\u0735\u0710</span></a></span>", "<span class=\"wordlink\"><a href=\"dosearch.php?searchkey=17755&amp;language=id\"><span class=\"eastsyriac\">\u0710\u0738\u0715\u071d\u0718\u073f\u0721\u0747</span></a></span>"], "key": "16450", "west": "\u0710\u0733\u0715\u0742", "phonetic": "<td>' a:dh</td>", "east": "\u0710\u0735\u0715\u0742"},
{"searchkey": "16454", "audio": [], "context": ["Shamizdin"], "webrank": 50, "text": [" : ", " : this ;"], "english": "<td><span class=\"context\">Shamizdin</span> : this ;</td>", "cf": ["<span class=\"wordlink\"><a href=\"dosearch.php?searchkey=82&amp;language=id\"><span class=\"eastsyriac\">\u0710\u0738\u0715\u071d\u0718\u073f\u0721</span></a>, <a href=\"dosearch.php?searchkey=16451&amp;language=id\"><span class=\"eastsyriac\">\u0710\u0735\u0715\u071d\u073c</span></a>, <a href=\"dosearch.php?searchkey=16452&amp;language=id\"><span class=\"eastsyriac\">\u0717\u0735\u0715\u0739\u0710</span></a>, <a href=\"dosearch.php?searchkey=16453&amp;language=id\"><span class=\"eastsyriac\">\u0710\u0735\u0715 \u0720\u0732\u071d\u0720\u0739\u0710</span></a>, <a href=\"dosearch.php?searchkey=16450&amp;language=id\"><span class=\"eastsyriac\">\u0710\u0735\u0715</span></a>, <a href=\"dosearch.php?searchkey=20699&amp;language=id\"><span class=\"eastsyriac\">\u0717\u073f\u071d\u0717\u0735\u0710</span></a></span>"], "key": "16454", "west": "\u0710\u0736\u0715\u0733\u0717\u0733\u0722\u0736\u0710", "phonetic": "<td>i da: ' ha: ni:</td>", "east": "\u0710\u0738\u0715\u0735\u0717\u0735\u0722\u0739\u0710"},
{"searchkey": "86", "audio": ["./audio/entry86.mp3"], "context": ["Genesis : 2, 20", "Joshuah : 3, 16", "Peshitta :"], "webrank": 100, "text": [" : 1) ", " : Adam ;\r\n2) a man ;\r\n3) ", " : (name of a city) , "], "english": "<td>1) <span class=\"context\">Genesis : 2, 20</span> : Adam ;\r\n2) a man ;\r\n3) <span class=\"context\">Joshuah : 3, 16</span> : (name of a city) , <span class=\"context\">Peshitta : <span class=\"locution\"><span class=\"eastsyriac\">\u0710\u0735\u072a\u0735\u0721</span></span> : Aram</span></td>", "cf": [], "key": "86", "west": "\u0710\u0733\u0715\u0733\u0721", "phonetic": "<td>' a: da:m</td>", "east": "\u0710\u0735\u0715\u0735\u0721"},
{"searchkey": "16447", "audio": [], "context": ["the Yezidi temple North of Mosul"], "webrank": 70, "text": [" : Adai , (personal name) , see Luke 3, 28 ;\r\n\u072b\u0739\u071d\u071a \u0725\u0732\u0715\u071d\u073c : Sheikh Adi , ", " ;"], "english": "<td>Adai , (personal name) , see Luke 3, 28 ;\r\n<a href=\"dosearch.php?searchkey=jEyx+cadi&amp;language=fullsyriac\"><span class=\"eastsyriac\">\u072b\u0739\u071d\u071a \u0725\u0732\u0715\u071d\u073c</span></a> : Sheikh Adi , <span class=\"context\">the Yezidi temple North of Mosul</span> ;</td>", "cf": ["<span class=\"wordlink\"><a href=\"dosearch.php?searchkey=16448&amp;language=id\"><span class=\"eastsyriac\">\u0725\u0732\u0715\u071d\u073c</span></a>, <a href=\"dosearch.php?searchkey=16449&amp;language=id\"><span class=\"eastsyriac\">\u0710\u0732\u0715\u071d\u073c</span></a></span>", "<span class=\"wordlink\"><a href=\"dosearch.php?searchkey=16449&amp;language=id\"><span class=\"eastsyriac\">\u0710\u0732\u0715\u071d\u073c</span></a></span>", "<span class=\"wordlink\"><a href=\"dosearch.php?searchkey=16448&amp;language=id\"><span class=\"eastsyriac\">\u0725\u0732\u0715\u071d\u073c</span></a></span>"], "key": "16447", "west": "\u0710\u0730\u0715\u0730\u071d", "phonetic": "<td>' a di:</td>", "east": "\u0710\u0732\u0715\u0732\u071d"},
{"searchkey": "16451", "audio": [], "context": ["demonstrative adjective and pronoun , masculine and feminine"], "webrank": 60, "text": [" : ", " : this one , that one , this , that"], "english": "<td><span class=\"context\">demonstrative adjective and pronoun , masculine and feminine</span> : this one , that one , this , that ;\r\n<span class=\"locution\"><span class=\"eastsyriac\">\u0710\u0735\u0715\u071d\u073c\u0720\u0739\u0717 \u0712\u072a\u0718\u073f\u0722\u071d\u073c</span></span> : this is my son , this one is my son , here is my son ;\r\n<span class=\"context\">Rh\u00e9tor\u00e9 : <span class=\"locution\"><span class=\"eastsyriac\">\u0710\u0747\u0722\u0735\u072b\u0735\u0710 \u0715\u0739\u071d\u071f\u0742 \u0715\u0710\u0735\u0715\u0742\u071d\u073c</span></span></span> : a man like that / such as that one ;\r\n<span class=\"context\">Rh\u00e9tor\u00e9 : <span class=\"locution\"><span class=\"eastsyriac\">\u0710\u0735\u0715\u0742 \u0715\u071a\u0735\u071d\u0739\u0710 \u0725\u0738\u0721\u0718\u073f\u071f\u0742</span></span></span> : the one who lives with you , he who lives with you ;\r\n<span class=\"context\">Rh\u00e9tor\u00e9 ; <span class=\"locution\"><span class=\"eastsyriac\">\u0710\u0735\u0715\u0742\u071d\u073c \u0712\u0732\u071f\u0742\u072c\u0735\u0710 \u0720\u0735\u0710 \u071f\u071f\u0735\u0720\u071d\u0735\u0710 \u0721\u0738\u0720\u0735\u071a\u0735\u0710</span></span></span> : that woman keeps on working , never stops working ;\r\n<span class=\"context\">Rh\u00e9tor\u00e9 ; <span class=\"locution\"><span class=\"eastsyriac\">\u071f\u072c\u0742\u071d\u073c\u0712\u0742 \u0720\u071d\u073c \u0710\u0735\u0715\u0742\u071d\u073c</span></span></span> : I wrote this ;\r\n<span class=\"context\">plural both genders : <a href=\"dosearch.php?searchkey=%27Ani&amp;language=fullsyriac\"><span class=\"eastsyriac\">\u0710\u0735\u0722\u071d\u073c</span></a> / <a href=\"dosearch.php?searchkey=%27An&amp;language=fullsyriac\"><span class=\"eastsyriac\">\u0710\u0735\u0722</span></a> / <a href=\"dosearch.php?searchkey=%27Anay&amp;language=fullsyriac\"><span class=\"eastsyriac\">\u0710\u0735\u0722\u0732\u071d</span></a></span> : these ones , these , those ones , those ;\r\n<span class=\"context\">Rh\u00e9tor\u00e9 ; <span class=\"locution\"><span class=\"eastsyriac\">\u0718\u0725\u072a\u071d\u073c\u0729 \u0720\u0739\u0717 \u0721\u0718\u073c\u072b\u0739\u0710 \u0712\u0710\u0735\u0715\u0742\u071d\u073c \u072c\u0732\u0722\u0735\u071d\u072c\u0742\u0735\u0710</span></span></span> : and Moses fled at those words ;\r\n<span class=\"locution\"><span class=\"eastsyriac\">\u0710\u0735\u0715\u071d\u073c \u0715\u071d\u073c\u0720\u0739\u0717 \u071b\u0735\u0720\u0718\u073f\u071f\u0742</span></span> : the one that is yours ;\r\n<span class=\"locution\"><span class=\"eastsyriac\">\u0710\u0735\u0715\u071d\u073c \u0715\u0710\u0747\u0721\u071d\u073c\u072a\u0718\u073f\u071f\u0742</span></span> / <span class=\"locution\"><span class=\"eastsyriac\">\u0717\u0735\u0718 \u0721\u0738\u0722\u0715\u071d\u073c \u0715\u0710\u0747\u0721\u071d\u073c\u072a\u0718\u073f\u071f\u0742</span></span> : what you said ;\r\n<span class=\"context\">Rh\u00e9tor\u00e9 ; <span class=\"locution\"><span class=\"eastsyriac\">\u0712\u0725\u0738\u0715\u0735\u0722\u0735\u0710 \u0715\u0738\u072b\u0729\u071d\u073c\u0720 \u0720\u0732\u071d \u0710\u0735\u0715\u0742\u071d\u073c \u071f\u0742\u0732\u0712\u072a\u0735\u0710</span></span></span> : at the time when they heard those news / when they heard that piece of news ;\r\n<span class=\"context\">Rh\u00e9tor\u00e9 ; <span class=\"locution\"><span class=\"eastsyriac\">\u0710\u0735\u0715\u0742\u071d\u073c \u071f\u0739\u0710\u0726\u0735\u0710 \u0715\u071d\u073c\u0720\u0739\u0717 \u0729\u0735\u0715\u0747\u0721 \u0710\u0732\u0729\u0308\u0720\u0735\u072c\u0742\u071d\u073c</span></span></span> : this stone which is in front of my feet , that rock that is before my feet ;\r\n<span class=\"context\">Rh\u00e9tor\u00e9 ; <span class=\"locution\"><span class=\"eastsyriac\">\u0721\u0735\u0710 \u071f\u071a\u0735\u072b\u0712\u0742\u0738\u072c : \u0712\u0738\u0715 \u0712\u0735\u072a\u0739\u0710 \u071a\u0735\u0715\u0747 \u0721\u0738\u0722\u0715\u071d\u073c \u0721\u0738\u0722 \u0710\u0735\u0715\u0742\u071d\u073c \u0712\u072a\u071d\u073c\u071f\u0742\u0735\u0710</span></span></span> : what do you think ? : will something ever come out of this Brikha ? / will that Brikha ever amount to anything ? ;\r\n<span class=\"context\">Rh\u00e9tor\u00e9 : <span class=\"locution\"><span class=\"eastsyriac\">\u0710\u0735\u0717: \u0729\u0735\u0728\u0738\u072c\u071d\u073c \u071d\u0720\u0735\u0717\u073f \u0710\u0735\u0715\u0742\u071d\u073c</span></span></span> : ah ! this is my story ;\r\n2) <span class=\"context\">adjective</span> : such ;\r\n<span class=\"context\">Rh\u00e9tor\u00e9 ; <span class=\"locution\"><span class=\"eastsyriac\">\u0710\u0735\u0715\u0742\u071d\u073c\u0720\u0739\u0717 \u071a\u0735\u0710\u0720 \u0715\u0710\u0747\u0722\u0735\u0308\u072b\u0739\u0710 \u0715\u0725\u0732\u072b\u071d\u073c\u072a\u0735\u072c\u0739\u0710 : \u0729\u071b\u0735\u0720\u0735\u0710 \u071d\u0735\u0722 \u0722\u0726\u0735\u0720\u0735\u0710 \u0712\u0729\u0738\u071b\u0720\u0735\u0710</span></span></span> : such is the life of tribal people / Ashirat , kill or be killed ;</td>", "cf": ["<span class=\"wordlink\"><a href=\"dosearch.php?searchkey=82&amp;language=id\"><span class=\"eastsyriac\">\u0710\u0738\u0715\u071d\u0718\u073f\u0721</span></a>, <a href=\"dosearch.php?searchkey=16451&amp;language=id\"><span class=\"eastsyriac\">\u0710\u0735\u0715\u071d\u073c</span></a>, <a href=\"dosearch.php?searchkey=16452&amp;language=id\"><span class=\"eastsyriac\">\u0717\u0735\u0715\u0739\u0710</span></a>, <a href=\"dosearch.php?searchkey=16450&amp;language=id\"><span class=\"eastsyriac\">\u0710\u0735\u0715\u0742</span></a>, <a href=\"dosearch.php?searchkey=16453&amp;language=id\"><span class=\"eastsyriac\">\u0710\u0735\u0715 \u0720\u0732\u071d\u0720\u0739\u0710</span></a></span>"], "key": "16451", "west": "\u0710\u0733\u0715\u073a\u071d", "phonetic": "<td>' a: di</td>", "east": "\u0710\u0735\u0715\u071d\u073c"},
{"searchkey": "84", "audio": ["./audio/entry84.mp3"], "context": [], "webrank": 90, "text": [" : Lapidium Latifolia , pepperwort , a plant of the mustard family"], "english": "<td>Lapidium Latifolia , pepperwort , a plant of the mustard family</td>", "cf": [], "key": "84", "west": "\u0710\u0730\u0715\u0720\u0733\u0710", "phonetic": "<td>ad la</td>", "east": "\u0710\u0732\u0715\u0720\u0735\u0710"},
{"searchkey": "82", "audio": ["./audio/entry82.mp3"], "context": ["High Tkhuma"], "webrank": 80, "text": [" : today , this day , the present day , on this day ;\r\n", " :"], "english": "<td>today , this day , the present day , on this day ;\r\n<span class=\"context\">High Tkhuma</span> : <span class=\"locution\"><span class=\"eastsyriac\">\u0710\u0738\u0715\u071d\u0718\u073f\u0721\u0747 \u071d\u0718\u073f\u0721\u0735\u0710</span></span> ; <span class=\"context\">Tiari / Al Qosh</span> : <span class=\"locution\"><span class=\"eastsyriac\">\u0710\u0738\u0715\u071d\u073f\u0718\u073f\u0721\u0747 \u071d\u0735\u0718\u0721\u0735\u0710</span></span> ; <span class=\"context\">Tkhuma, also</span> : <span class=\"locution\"><span class=\"eastsyriac\">\u0710\u0738\u0713\u071d\u0718\u073f\u0721\u0747</span></span> ; <span class=\"context\">Salamas, Gawar</span> : <span class=\"locution\"><span class=\"eastsyriac\">\u0710\u0718\u073c\u0715\u071d\u0718\u073f\u0721\u0747</span></span> ;\r\n<span class=\"locution\"><span class=\"eastsyriac\">\u0721\u0710\u0732\u071d\u071f \u0710\u0738\u0715\u071d\u0718\u073f\u0721\u0747</span></span> : this day week , this time tomorrow ;\r\n<span class=\"context\">Rh\u00e9tor\u00e9 ; <span class=\"locution\"><span class=\"eastsyriac\">\u0718\u0710\u0735\u0717\u0718\u073c \u0712\u0717\u0735\u0715\u0732\u071f\u0742 \u0713\u0732\u0722\u0747\u0712\u0735\u072a\u0718\u073c\u072c\u0742\u0735\u0710 \u071f\u0738\u0721\u0719\u0735\u0725\u0738\u0726 \u0720\u0732\u071d \u0721\u0715\u0732\u072b\u0732\u0722\u072c\u0735\u0710 \u0715\u0717\u0738\u0720 \u0710\u0738\u0715\u071d\u0718\u073c\u0721 \u0712\u0738\u072a\u071a\u0735\u072b\u0735\u0710\u0747 \u071d\u0720\u0732\u071d</span></span></span> : and He pushed them with such a strength from the start that, as of today, they are still moving / he gave them such an impetus from the beginning that they are still on the move today ;</td>", "cf": ["<span class=\"wordlink\"><a href=\"dosearch.php?searchkey=14255&amp;language=id\"><span class=\"eastsyriac\">\u071d\u0735\u0718\u0721\u0735\u0710</span></a>, <a href=\"dosearch.php?searchkey=5404&amp;language=id\"><span class=\"eastsyriac\">\u071d\u0718\u073f\u0721</span></a>, <a href=\"dosearch.php?searchkey=16450&amp;language=id\"><span class=\"eastsyriac\">\u0710\u0735\u0715</span></a>, <a href=\"dosearch.php?searchkey=17756&amp;language=id\"><span class=\"eastsyriac\">\u0710\u0738\u0715\u071d\u0718\u073f\u0721\u0747 \u071d\u0718\u073f\u0721\u0735\u0710</span></a>, <a href=\"dosearch.php?searchkey=17757&amp;language=id\"><span class=\"eastsyriac\">\u0710\u0738\u0715\u071d\u0718\u073f\u0721\u0747 \u071d\u0735\u0718\u0721\u0735\u0710</span></a>, <a href=\"dosearch.php?searchkey=17759&amp;language=id\"><span class=\"eastsyriac\">\u0710\u0738\u0713\u071d\u0718\u073f\u0721\u0747</span></a>, <a href=\"dosearch.php?searchkey=17758&amp;language=id\"><span class=\"eastsyriac\">\u0710\u0718\u073c\u0715\u071d\u0718\u073f\u0721\u0747</span></a>, <a href=\"dosearch.php?searchkey=17755&amp;language=id\"><span class=\"eastsyriac\">\u0710\u0738\u0715\u071d\u0718\u073f\u0721\u0747</span></a></span>", "<span class=\"wordlink\"><a href=\"dosearch.php?searchkey=16453&amp;language=id\"><span class=\"eastsyriac\">\u0710\u0735\u0715 \u0720\u0732\u071d\u0720\u0739\u0710</span></a></span>"], "key": "82", "west": "\u0710\u0736\u0715\u071d\u073d\u0718\u0721", "phonetic": "<td>' id ium</td>", "east": "\u0710\u0738\u0715\u071d\u0718\u073f\u0721"},
{"searchkey": "78", "audio": ["./audio/entry78.mp3"], "context": ["Sokoloff", "Awde/Lamassu/Al Jeloo ; \u0710\u0738\u0713\u0732\u072a\u072c\u0735\u0710 \u0710\u0738\u0720\u071d\u073c\u0729\u0732\u071b\u072a\u0718\u073f\u0722\u0735\u071d\u072c\u0735\u0710", "Bailis Shamun :"], "webrank": 30, "text": [" : an epistle , a letter , a formal letter , a written communication , a message , ", " : a contract ;\r\n", " : an email / an e-mail ;\r\n"], "english": "<td>an epistle , a letter , a formal letter , a written communication , a message , <span class=\"context\">Sokoloff</span> : a contract ;\r\n<span class=\"context\">Awde/Lamassu/Al Jeloo ; <a href=\"dosearch.php?searchkey=%27egartA%27+%27eliqaTronAytA%27&amp;language=fullsyriac\"><span class=\"eastsyriac\">\u0710\u0738\u0713\u0732\u072a\u072c\u0735\u0710 \u0710\u0738\u0720\u071d\u073c\u0729\u0732\u071b\u072a\u0718\u073f\u0722\u0735\u071d\u072c\u0735\u0710</span></a></span> : an email / an e-mail ;\r\n<span class=\"context\">Bailis Shamun : <span class=\"locution\"><span class=\"eastsyriac\">\u0710\u0738\u0713\u0732\u072a\u072c\u0735\u0710 \u071b\u0738\u0735\u0722\u0735\u071d\u072c\u0735\u0710</span></span></span> : a newsletter ;</td>", "cf": ["<span class=\"wordlink\"><a href=\"dosearch.php?searchkey=29012&amp;language=id\"><span class=\"eastsyriac\">\u0721\u0732\u0710\u0720\u0732\u071f\u0742\u0718\u073c\u072c\u0742\u0735\u0710</span></a>, <a href=\"dosearch.php?searchkey=9903&amp;language=id\"><span class=\"eastsyriac\">\u0723\u0732\u0729\u072a\u0735\u0710</span></a>, <a href=\"dosearch.php?searchkey=23886&amp;language=id\"><span class=\"eastsyriac\">\u072b\u0720\u071d\u073c\u071a\u0718\u073c\u072c\u0742\u0735\u0710</span></a>, <a href=\"dosearch.php?searchkey=6510&amp;language=id\"><span class=\"eastsyriac\">\u071f\u072c\u0742\u0735\u0712\u0742\u0735\u0710</span></a>, <a href=\"dosearch.php?searchkey=29011&amp;language=id\"><span class=\"eastsyriac\">\u0729\u0735\u0728\u0738\u0715\u0718\u073c\u072c\u0735\u0710</span></a></span>"], "key": "78", "west": "\u0710\u0736\u0713\u0730\u072a\u072c\u0733\u0710", "phonetic": "<td>ig ' gar ta:</td>", "east": "\u0710\u0738\u0713\u0732\u072a\u072c\u0735\u0710"},
{"searchkey": "70", "audio": ["./audio/entry70.mp3"], "context": ["Rh\u00e9tor\u00e9", "on the roof"], "webrank": 20, "text": [" : 1) a roof , a house-top , the covering of an edifice or building ;\r\n2) ", " : a terrace "], "english": "<td>1) a roof , a house-top , the covering of an edifice or building ;\r\n2) <span class=\"context\">Rh\u00e9tor\u00e9</span> : a terrace <span class=\"context\">on the roof</span> ;\r\n<span class=\"locution\"><span class=\"eastsyriac\">\u0726\u0720\u071d\u073c\u071b\u0735\u0710\u0747\u071d\u0718\u0738\u0722 \u0720\u0710\u0747\u0713\u0735\u072a\u0739\u0710</span></span> : I went out / up to the terrace (the roof) , <span class=\"context\">literally : \"I am having gone out\"</span> ;\r\n<span class=\"context\">Rh\u00e9thor\u00e9 ; <span class=\"locution\"><span class=\"eastsyriac\">\u0729\u0715\u0308\u071d\u073c\u0720\u0732\u071d \u0720\u0710\u0747\u0713\u0735\u072a\u0739\u0710 \u0721\u071a\u0718\u073c\u0720\u0729\u071d\u073c \u0720\u0739\u0717</span></span></span> : it threw their keys onto the terraced roof / <span class=\"context\">it closed houses</span> ;</td>", "cf": ["<span class=\"wordlink\"><a href=\"dosearch.php?searchkey=19758&amp;language=id\"><span class=\"eastsyriac\">\u0713\u0732\u072a\u071d\u073c\u072c\u0735\u0710</span></a>, <a href=\"dosearch.php?searchkey=19757&amp;language=id\"><span class=\"eastsyriac\">\u0710\u0738\u0713\u0735\u072a\u0735\u0710</span></a></span>", "<span class=\"wordlink\"><a href=\"dosearch.php?searchkey=19758&amp;language=id\"><span class=\"eastsyriac\">\u0713\u0732\u072a\u071d\u073c\u072c\u0735\u0710</span></a></span>"], "key": "70", "west": "\u0710\u0747\u0713\u0733\u072a\u0736\u0710", "phonetic": "<td>' ga: r\u00e9 / ' ga: ri:</td>", "east": "\u0710\u0747\u0713\u0735\u072a\u0739\u0710"},
{"searchkey": "19757", "audio": [], "context": ["Rh\u00e9tor\u00e9 :"], "webrank": 10, "text": [" : a roof , a house top ;\r\n"], "english": "<td>a roof , a house top ;\r\n<span class=\"context\">Rh\u00e9tor\u00e9 : <span class=\"locution\"><span class=\"eastsyriac\">\u0726\u0720\u071d\u073c\u071b\u0735\u0710\u0747\u071d\u0718\u0738\u0722 \u0720\u0710\u0747\u0713\u0735\u072a\u0739\u0710</span></span></span> : I went out / up to the terrace (the roof) , <span class=\"context\">literally : \"I am having gone out\"</span> ;\r\n<span class=\"context\">Rh\u00e9thor\u00e9 ; <span class=\"locution\"><span class=\"eastsyriac\">\u0729\u0715\u0308\u071d\u073c\u0720\u0732\u071d \u0720\u0710\u0747\u0713\u0735\u072a\u0739\u0710 \u0721\u071a\u0718\u073c\u0720\u0729\u071d\u073c \u0720\u0739\u0717</span></span></span> : it threw their keys onto the terraced roof / <span class=\"context\">it closed houses</span> ;\r\n</td>", "cf": ["<span class=\"wordlink\"><a href=\"dosearch.php?searchkey=19758&amp;language=id\"><span class=\"eastsyriac\">\u0713\u0732\u072a\u071d\u073c\u072c\u0735\u0710</span></a>, <a href=\"dosearch.php?searchkey=70&amp;language=id\"><span class=\"eastsyriac\">\u0710\u0747\u0713\u0735\u072a\u0739\u0710</span></a>, <a href=\"dosearch.php?searchkey=1627&amp;language=id\"><span class=\"eastsyriac\">\u0712\u0732\u072a \u0710\u0739\u0713\u0735\u072a\u0735\u0710</span></a></span>"], "key": "19757", "west": "\u0710\u0736\u0713\u0733\u072a\u0733\u0710", "phonetic": "<td>i ' ga: ra:</td>", "east": "\u0710\u0738\u0713\u0735\u072a\u0735\u0710"}
]