[
{"searchkey": "638", "audio": [], "context": [], "webrank": 7, "text": [" : a stater , a gold coin of the Ancient Greece ;"], "english": "<td>a stater , a gold coin of the Ancient Greece ;</td>", "cf": ["<span class=\"wordlink\"><a href=\"dosearch.php?searchkey=16816&amp;language=id\"><span class=\"eastsyriac\">\u0710\u0738\u0723\u072c\u071d\u073c\u072a</span></a>, <a href=\"dosearch.php?searchkey=16817&amp;language=id\"><span class=\"eastsyriac\">\u0710\u0738\u0723\u072c\u072a\u0735\u0710</span></a></span>"], "key": "638", "west": "\u0710\u0736\u0723\u072c\u073a\u071d\u072a", "phonetic": "<td>' is tir</td>", "east": "\u0710\u0738\u0723\u072c\u071d\u073c\u072a"},
{"searchkey": "25173", "audio": [], "context": [], "webrank": 6, "text": [" : an archivist / a recorder / a public records clerk , a secretary of ancient historical documents / manuscripts ;"], "english": "<td>an archivist / a recorder / a public records clerk , a secretary of ancient historical documents / manuscripts ;</td>", "cf": ["<span class=\"wordlink\"><a href=\"dosearch.php?searchkey=7733&amp;language=id\"><span class=\"eastsyriac\">\u0721\u071d\u073c\u072a\u0719\u0735\u0710</span></a>, <a href=\"dosearch.php?searchkey=31263&amp;language=id\"><span class=\"eastsyriac\">\u071f\u0735\u072c\u0738\u0712</span></a>, <a href=\"dosearch.php?searchkey=25172&amp;language=id\"><span class=\"eastsyriac\">\u0722\u0735\u071b\u0732\u072a \u0710\u0747\u072a\u0308\u0735\u0719\u0739\u0710</span></a></span>"], "key": "25173", "west": "\u0710\u0736\u0723\u0729\u0730\u072a\u071d\u0733\u072a\u0733\u0710", "phonetic": "<td>is qa ' ria: ra:</td>", "east": "\u0710\u0738\u0723\u0729\u0732\u072a\u071d\u0735\u072a\u0735\u0710"},
{"searchkey": "685", "audio": [], "context": [], "webrank": 8, "text": [" : Venus (both the planet and the ancient goddess)"], "english": "<td>Venus (both the planet and the ancient goddess)</td>", "cf": [], "key": "685", "west": "\u0710\u0730\u0726\u072a\u073d\u0718\u0715\u073a\u071d\u0729\u073a\u071d", "phonetic": "<td>a pru ' di: qi</td>", "east": "\u0710\u0732\u0726\u072a\u0718\u073c\u0715\u071d\u073c\u0729\u071d\u073c"},
{"searchkey": "770", "audio": [], "context": [], "webrank": 10, "text": [" : Archon , a chief magistrate in the Ancient Greece , a high priest ;"], "english": "<td>Archon , a chief magistrate in the Ancient Greece , a high priest ;</td>", "cf": ["<span class=\"wordlink\"><a href=\"dosearch.php?searchkey=16919&amp;language=id\"><span class=\"eastsyriac\">\u0710\u0732\u072a\u071f\u0735\u0722</span></a>, <a href=\"dosearch.php?searchkey=729&amp;language=id\"><span class=\"eastsyriac\">\u0710\u0732\u072a\u071f\u071d\u073c\u0715\u071d\u073c\u0735\u0729\u0718\u073f\u0722</span></a>, <a href=\"dosearch.php?searchkey=768&amp;language=id\"><span class=\"eastsyriac\">\u0710\u0732\u072a\u071f\u0718\u073f\u0722\u0735\u0710</span></a>, <a href=\"dosearch.php?searchkey=769&amp;language=id\"><span class=\"eastsyriac\">\u0710\u0732\u072a\u071f\u071d\u073c\u0715\u071d\u073c\u0735\u0729\u0718\u073f\u0722</span></a></span>", "<span class=\"wordlink\"><a href=\"dosearch.php?searchkey=16919&amp;language=id\"><span class=\"eastsyriac\">\u0710\u0732\u072a\u071f\u0735\u0722</span></a></span>"], "key": "770", "west": "\u0710\u0730\u072a\u071f\u0733\u0722", "phonetic": "<td>' ar kan</td>", "east": "\u0710\u0732\u072a\u071f\u0735\u0722"},
{"searchkey": "592", "audio": [], "context": [], "webrank": 5, "text": [" : Estrangelo , the most ancient of the three Assyrian alphabets ;"], "english": "<td>Estrangelo , the most ancient of the three Assyrian alphabets ;</td>", "cf": ["<span class=\"wordlink\"><a href=\"dosearch.php?searchkey=16788&amp;language=id\"><span class=\"eastsyriac\">\u0710\u0738\u0723\u071b\u072a\u0732\u0722\u0713\u0739\u0720\u0735\u0710</span></a></span>", "<span class=\"wordlink\"><a href=\"dosearch.php?searchkey=16788&amp;language=id\"><span class=\"eastsyriac\">\u0710\u0738\u0723\u071b\u072a\u0732\u0722\u0713\u0739\u0720\u0735\u0710</span></a></span>"], "key": "592", "west": "\u0710\u0736\u0723\u071b\u072a\u0733\u0722\u0713\u0720\u0736\u0710", "phonetic": "<td>is\u1e6d ' ran gli</td>", "east": "\u0710\u0738\u0723\u071b\u072a\u0735\u0722\u0713\u0720\u0738\u0710"},
{"searchkey": "12668", "audio": [], "context": [], "webrank": 4, "text": [" : 1) an inhabitant of Ancient Mesopotamia (Assyrian, Babylonian and Persian Empires) ;\r\n2) a Middle-Eastern Sureth / Syriac / Aramaic-speaking christian ;\r\n3) an Assyrian (also spelled"], "english": "<td>1) an inhabitant of Ancient Mesopotamia (Assyrian, Babylonian and Persian Empires) ;\r\n2) a Middle-Eastern Sureth / Syriac / Aramaic-speaking christian ;\r\n3) an Assyrian (also spelled <span class=\"locution\"><span class=\"eastsyriac\">\u0723\u0718\u073c\u072a\u0735\u071d\u0735\u0710</span></span>) ;\r\n</td>", "cf": ["<span class=\"wordlink\"><a href=\"dosearch.php?searchkey=9044&amp;language=id\"><span class=\"eastsyriac\">\u0723\u0718\u073c\u072a\u0735\u071d\u0735\u0710</span></a>, <a href=\"dosearch.php?searchkey=14175&amp;language=id\"><span class=\"eastsyriac\">\u0710\u0735\u072b\u0718\u073f\u072a</span></a>, <a href=\"dosearch.php?searchkey=841&amp;language=id\"><span class=\"eastsyriac\">\u0710\u0735\u072c\u0742\u0718\u073f\u072a</span></a>, <a href=\"dosearch.php?searchkey=842&amp;language=id\"><span class=\"eastsyriac\">\u0710\u0735\u072c\u0718\u073f\u072a\u0735\u071d\u0735\u0308\u0710</span></a>, <a href=\"dosearch.php?searchkey=17005&amp;language=id\"><span class=\"eastsyriac\">\u0710\u0735\u072c\u0742\u0718\u073f\u072a\u0735\u071d\u072c\u0735\u0710</span></a>, <a href=\"dosearch.php?searchkey=17004&amp;language=id\"><span class=\"eastsyriac\">\u0710\u0735\u072c\u0742\u0718\u073f\u072a\u0735\u071d\u0735\u0710</span></a></span>"], "key": "12668", "west": "\u0710\u0747\u0723\u073d\u0718\u072a\u0733\u071d\u0733\u0710", "phonetic": "<td>su: ' ra: ia:</td>", "east": "\u0710\u0747\u0723\u0718\u073c\u072a\u0735\u071d\u0735\u0710"},
{"searchkey": "16843", "audio": [], "context": ["Maclean", "Bailis Shamun", "see \u072c\u0732\u0726\u0722\u071f\u0742\u0735\u071d\u0735\u0710"], "webrank": 9, "text": [" : 1) ", " : original , natural , inborn ;\r\n2) ", " : a) primitive , earliest / ancient , b) original / new / newfangled , "], "english": "<td>1) <span class=\"context\">Maclean</span> : original , natural , inborn ;\r\n2) <span class=\"context\">Bailis Shamun</span> : a) primitive , earliest / ancient , b) original / new / newfangled , <span class=\"context\">see <a href=\"dosearch.php?searchkey=tapnkLAyA%27&amp;language=fullsyriac\"><span class=\"eastsyriac\">\u072c\u0732\u0726\u0722\u071f\u0742\u0735\u071d\u0735\u0710</span></a></span> ;\r\n<span class=\"locution\"><span class=\"eastsyriac\">\u0725\u0735\u0721\u0308\u0718\u073f\u072a\u0739\u0710 \u0710\u0732\u0728\u0720\u0735\u071d\u0739\u0710</span></span> : the indigenous people , the original inhabitants , the autochthons / the natives / the aborigines ;</td>", "cf": ["<span class=\"wordlink\"><a href=\"dosearch.php?searchkey=10443&amp;language=id\"><span class=\"eastsyriac\">\u0725\u0735\u0728\u0720\u071d\u073c</span></a>, <a href=\"dosearch.php?searchkey=15259&amp;language=id\"><span class=\"eastsyriac\">\u0710\u0735\u0728\u0720\u0735\u0710</span></a>, <a href=\"dosearch.php?searchkey=10442&amp;language=id\"><span class=\"eastsyriac\">\u0725\u0735\u0728\u0720</span></a>, <a href=\"dosearch.php?searchkey=699&amp;language=id\"><span class=\"eastsyriac\">\u0710\u0735\u0728\u0720</span></a>, <a href=\"dosearch.php?searchkey=698&amp;language=id\"><span class=\"eastsyriac\">\u0710\u0735\u0728\u0738\u0720</span></a>, <a href=\"dosearch.php?searchkey=16107&amp;language=id\"><span class=\"eastsyriac\">\u0710\u0735\u0723\u071d\u073c\u0720</span></a>, <a href=\"dosearch.php?searchkey=16110&amp;language=id\"><span class=\"eastsyriac\">\u0710\u0735\u0723\u0720\u071d\u073c</span></a>, <a href=\"dosearch.php?searchkey=16842&amp;language=id\"><span class=\"eastsyriac\">\u0710\u0732\u0728\u0720\u071d\u073c</span></a>, <a href=\"dosearch.php?searchkey=701&amp;language=id\"><span class=\"eastsyriac\">\u0710\u0735\u0728\u0720\u071d\u073c</span></a>, <a href=\"dosearch.php?searchkey=17257&amp;language=id\"><span class=\"eastsyriac\">\u0710\u0732\u0728\u0720\u0735\u0722\u0735\u071d\u0735\u0710</span></a>, <a href=\"dosearch.php?searchkey=17258&amp;language=id\"><span class=\"eastsyriac\">\u0710\u0732\u0728\u0720\u0735\u0722\u0735\u071d\u072c\u0735\u0710</span></a>, <a href=\"dosearch.php?searchkey=34474&amp;language=id\"><span class=\"eastsyriac\">\u0710\u0732\u0728\u0720\u0735\u0710\u071d\u073c\u072c</span></a></span>", "<span class=\"wordlink\"><a href=\"dosearch.php?searchkey=30899&amp;language=id\"><span class=\"eastsyriac\">\u072b\u0735\u072a\u0718\u0735\u071d\u0735\u0710</span></a>, <a href=\"dosearch.php?searchkey=1356&amp;language=id\"><span class=\"eastsyriac\">\u0712\u071f\u0742\u071d\u073c\u072a\u0735\u071d\u0735\u0710</span></a>, <a href=\"dosearch.php?searchkey=34410&amp;language=id\"><span class=\"eastsyriac\">\u0710\u0738\u0723\u071b\u0718\u073c\u071f\u0742\u0723\u0735\u0722\u0735\u071d\u0735\u0710</span></a>, <a href=\"dosearch.php?searchkey=34886&amp;language=id\"><span class=\"eastsyriac\">\u0729\u0732\u0715\u0721\u0735\u071d\u0735\u0710</span></a></span>"], "key": "16843", "west": "\u0710\u0730\u0728\u0720\u0733\u071d\u0733\u0710", "phonetic": "<td>' a\u1e63 ' la: ia:</td>", "east": "\u0710\u0732\u0728\u0720\u0735\u071d\u0735\u0710"},
{"searchkey": "550", "audio": [], "context": [], "webrank": 3, "text": [" : antiquity , ancientness , being of great age , extreme oldness ;"], "english": "<td>antiquity , ancientness , being of great age , extreme oldness ;</td>", "cf": ["<span class=\"wordlink\"><a href=\"dosearch.php?searchkey=10219&amp;language=id\"><span class=\"eastsyriac\">\u0725\u0718\u073c\u072c\u0729\u0738\u0722\u0735\u0710</span></a>, <a href=\"dosearch.php?searchkey=10220&amp;language=id\"><span class=\"eastsyriac\">\u0725\u0718\u073c\u072c\u0729\u0735\u0710</span></a>, <a href=\"dosearch.php?searchkey=10218&amp;language=id\"><span class=\"eastsyriac\">\u0725\u0718\u073c\u072c\u0735\u0729\u0735\u0710</span></a>, <a href=\"dosearch.php?searchkey=549&amp;language=id\"><span class=\"eastsyriac\">\u0710\u0732\u0722\u072c\u071d\u073c\u071f\u0735\u0710</span></a></span>", "<span class=\"wordlink\"><a href=\"dosearch.php?searchkey=898&amp;language=id\"><span class=\"eastsyriac\">\u0712\u0735\u0710\u071d\u0735\u072c</span></a>, <a href=\"dosearch.php?searchkey=1224&amp;language=id\"><span class=\"eastsyriac\">\u0712\u0735\u071d\u0735\u072c</span></a>, <a href=\"dosearch.php?searchkey=9383&amp;language=id\"><span class=\"eastsyriac\">\u0723\u0735\u0712\u0742\u0735\u0710</span></a>, <a href=\"dosearch.php?searchkey=9638&amp;language=id\"><span class=\"eastsyriac\">\u0723\u071d\u073c\u0712\u0742\u0735\u0710</span></a>, <a href=\"dosearch.php?searchkey=6153&amp;language=id\"><span class=\"eastsyriac\">\u071f\u0721\u0735\u0720\u0735\u0710</span></a>, <a href=\"dosearch.php?searchkey=14672&amp;language=id\"><span class=\"eastsyriac\">\u072b\u071d\u073c\u072c\u0735\u0722\u0735\u071d\u0718\u073c\u072c\u0735\u0710</span></a>, <a href=\"dosearch.php?searchkey=550&amp;language=id\"><span class=\"eastsyriac\">\u0710\u0732\u0722\u072c\u071d\u073c\u071f\u0718\u073c\u072c\u0735\u0710</span></a></span>"], "key": "550", "west": "\u0710\u0730\u0722\u072c\u073a\u071d\u071f\u073d\u0718\u072c\u0733\u0710", "phonetic": "<td>an ti ' ku: ta</td>", "east": "\u0710\u0732\u0722\u072c\u071d\u073c\u071f\u0718\u073c\u072c\u0735\u0710"},
{"searchkey": "549", "audio": [], "context": ["noun", "noun"], "webrank": 2, "text": [" : 1) antique , old , ancient , of great age ;\r\n2) ", " : an antique ;\r\n3) ", " : a curiosity (even if new !) ;"], "english": "<td>1) antique , old , ancient , of great age ;\r\n2) <span class=\"context\">noun</span> : an antique ;\r\n3) <span class=\"context\">noun</span> : a curiosity (even if new !) ;</td>", "cf": ["<span class=\"wordlink\"><a href=\"dosearch.php?searchkey=550&amp;language=id\"><span class=\"eastsyriac\">\u0710\u0732\u0722\u072c\u071d\u073c\u071f\u0718\u073c\u072c\u0735\u0710</span></a>, <a href=\"dosearch.php?searchkey=17243&amp;language=id\"><span class=\"eastsyriac\">\u0710\u0732\u0722\u072c\u071d\u073c\u0729\u0735\u0710</span></a></span>", "<span class=\"wordlink\"><a href=\"dosearch.php?searchkey=17243&amp;language=id\"><span class=\"eastsyriac\">\u0710\u0732\u0722\u072c\u071d\u073c\u0729\u0735\u0710</span></a></span>", "<span class=\"wordlink\"><a href=\"dosearch.php?searchkey=898&amp;language=id\"><span class=\"eastsyriac\">\u0712\u0735\u0710\u071d\u0735\u072c</span></a>, <a href=\"dosearch.php?searchkey=1224&amp;language=id\"><span class=\"eastsyriac\">\u0712\u0735\u071d\u0735\u072c</span></a>, <a href=\"dosearch.php?searchkey=9383&amp;language=id\"><span class=\"eastsyriac\">\u0723\u0735\u0712\u0742\u0735\u0710</span></a>, <a href=\"dosearch.php?searchkey=9638&amp;language=id\"><span class=\"eastsyriac\">\u0723\u071d\u073c\u0712\u0742\u0735\u0710</span></a>, <a href=\"dosearch.php?searchkey=6153&amp;language=id\"><span class=\"eastsyriac\">\u071f\u0721\u0735\u0720\u0735\u0710</span></a>, <a href=\"dosearch.php?searchkey=10219&amp;language=id\"><span class=\"eastsyriac\">\u0725\u0718\u073c\u072c\u0729\u0738\u0722\u0735\u0710</span></a>, <a href=\"dosearch.php?searchkey=10220&amp;language=id\"><span class=\"eastsyriac\">\u0725\u0718\u073c\u072c\u0729\u0735\u0710</span></a>, <a href=\"dosearch.php?searchkey=10218&amp;language=id\"><span class=\"eastsyriac\">\u0725\u0718\u073c\u072c\u0735\u0729\u0735\u0710</span></a>, <a href=\"dosearch.php?searchkey=571&amp;language=id\"><span class=\"eastsyriac\">\u0710\u0738\u0723\u071b\u0718\u073c\u071f\u0723\u0735\u0722\u071d\u0735\u0710</span></a>, <a href=\"dosearch.php?searchkey=1354&amp;language=id\"><span class=\"eastsyriac\">\u0712\u071f\u0742\u071d\u073c\u072a\u0735\u0710</span></a>, <a href=\"dosearch.php?searchkey=14672&amp;language=id\"><span class=\"eastsyriac\">\u072b\u071d\u073c\u072c\u0735\u0722\u0735\u071d\u0718\u073c\u072c\u0735\u0710</span></a>, <a href=\"dosearch.php?searchkey=12317&amp;language=id\"><span class=\"eastsyriac\">\u0729\u0732\u0715\u0721\u0718\u073c\u072c\u0735\u0710</span></a>, <a href=\"dosearch.php?searchkey=14671&amp;language=id\"><span class=\"eastsyriac\">\u072b\u071d\u073c\u072c\u0735\u0722\u0735\u071d\u0735\u0710</span></a></span>"], "key": "549", "west": "\u0710\u0730\u0722\u072c\u073a\u071d\u071f\u0733\u0710", "phonetic": "<td>an ' ti ka</td>", "east": "\u0710\u0732\u0722\u072c\u071d\u073c\u071f\u0735\u0710"},
{"searchkey": "105", "audio": ["./audio/entry105.mp3"], "context": [], "webrank": 1, "text": [" : 1) a species , a sort , a subdivision of a genus or a class , a form (in the Platonic sense, Greek \"", "\") , a kind / a stripe"], "english": "<td>1) a species , a sort , a subdivision of a genus or a class , a form (in the Platonic sense, Greek \"<i>idea</i>\") , a kind / a stripe ;\r\n<span class=\"locution\"><span class=\"eastsyriac\">\u071a\u0732\u0715 \u0710\u0715\u072b\u0735\u0710 \u0715\u0710\u071d\u073c\u0720\u0735\u0722\u0735\u0710</span></span> : a kind of tree ;\r\n<span class=\"locution\"><span class=\"eastsyriac\">\u0721\u0738\u0722 \u0710\u0735\u0715\u072b\u0735\u0710 \u0725\u0732\u072c\u071d\u073c\u0729\u0735\u0710</span></span> : of an ancient kind / sort , old-fashioned , outmoded ;\r\n2) <span class=\"context\">see also <a href=\"dosearch.php?searchkey=%27aynAyutA%27&amp;language=fullsyriac\"><span class=\"eastsyriac\">\u0710\u0732\u071d\u0722\u0735\u071d\u0718\u073c\u072c\u0735\u0710</span></a></span> : character , nature / quality ;\r\n3) <span class=\"context\">of Greek grammarians</span> : style ;\r\n4) a fruit ;\r\n<span class=\"context\">Romans 1, 13 ; <span class=\"locution\"><span class=\"eastsyriac\">\u0712\u0741\u071f\u0742\u0718\u073f\u0722 \u0722\u0739\u0717\u0718\u0739\u0710 \u0720\u071d\u073c \u0710\u0735\u0715\u0742\u072b\u0735\u0710 \u0710\u0732\u071d\u071f\u0742 \u0715\u0741\u0732\u0712\u0742\u072b\u0732\u072a\u071f\u0741\u0735\u0710 \u0715\u0741\u0725\u0732\u0721\u0748\u0721\u0739\u0710</span></span></span> : that I might have some fruit among you also, even as among other Gentiles ;\r\n5) <span class=\"context\">Tobia Giwargis ; see also <a href=\"dosearch.php?searchkey=jbLilA%27&amp;language=fullsyriac\"><span class=\"eastsyriac\">\u072b\u0712\u0742\u071d\u073c\u0720\u0735\u0710</span></a></span> : a method ;</td>", "cf": ["<span class=\"wordlink\"><a href=\"dosearch.php?searchkey=%27dj&amp;language=fullsyriac\"><span class=\"eastsyriac\">\u0710\u0715\u072b</span></a>, <a href=\"dosearch.php?searchkey=107&amp;language=id\"><span class=\"eastsyriac\">\u0710\u0735\u0715\u072b\u0735\u0722\u0735\u071d\u0718\u073c\u072c\u0735\u0710</span></a></span>", "<span class=\"wordlink\"><a href=\"dosearch.php?searchkey=15364&amp;language=id\"><span class=\"eastsyriac\">\u072c\u0735\u0717\u0735\u072a</span></a>, <a href=\"dosearch.php?searchkey=107&amp;language=id\"><span class=\"eastsyriac\">\u0710\u0735\u0715\u072b\u0735\u0722\u0735\u071d\u0718\u073c\u072c\u0735\u0710</span></a>, <a href=\"dosearch.php?searchkey=2151&amp;language=id\"><span class=\"eastsyriac\">\u0713\u0330\u0718\u073c\u072a\u072a\u0735\u0710</span></a>, <a href=\"dosearch.php?searchkey=15259&amp;language=id\"><span class=\"eastsyriac\">\u0710\u0735\u0728\u0720\u0735\u0710</span></a>, <a href=\"dosearch.php?searchkey=13387&amp;language=id\"><span class=\"eastsyriac\">\u072c\u0718\u073c\u071a\u0721\u0735\u0710</span></a>, <a href=\"dosearch.php?searchkey=15937&amp;language=id\"><span class=\"eastsyriac\">\u072c\u0732\u072a\u071f\u071d\u073c\u0712</span></a>, <a href=\"dosearch.php?searchkey=2088&amp;language=id\"><span class=\"eastsyriac\">\u0713\u0735\u0718\u0722\u0735\u0710</span></a>, <a href=\"dosearch.php?searchkey=2456&amp;language=id\"><span class=\"eastsyriac\">\u0713\u0738\u0722\u0723\u0735\u0710</span></a>, <a href=\"dosearch.php?searchkey=3885&amp;language=id\"><span class=\"eastsyriac\">\u0719\u0722\u0735\u0710</span></a></span>"], "key": "105", "west": "\u0710\u0733\u0715\u072b\u0733\u0710", "phonetic": "<td>' a:d \u0161a:</td>", "east": "\u0710\u0735\u0715\u072b\u0735\u0710"},
{"searchkey": "16026", "audio": [], "context": ["cattle", "woman", "masculine word", "Payne Smith :"], "webrank": 90, "text": [" : 1) ", " : pregnant , in calf ; \r\n", " : \u0712\u071b\u071d\u073c\u0722\u072c\u0735\u0710 ; \r\n2) ", " : inception , genesis , origination , creation , formation , formulation , invention / elaboration , procreation , beginning , origin ;\r\n"], "english": "<td>1) <span class=\"context\">cattle</span> : pregnant , in calf ; \r\n<span class=\"context\">woman</span> : <a href=\"dosearch.php?searchkey=bTintA%27&amp;language=fullsyriac\"><span class=\"eastsyriac\">\u0712\u071b\u071d\u073c\u0722\u072c\u0735\u0710</span></a> ; \r\n2) <span class=\"context\">masculine word</span> : inception , genesis , origination , creation , formation , formulation , invention / elaboration , procreation , beginning , origin ;\r\n<span class=\"context\">Payne Smith : <span class=\"locution\"><span class=\"eastsyriac\">\u0712\u0732\u071b\u0308\u0722\u0735\u071d \u071a\u0738\u0721\u072c\u0742\u0735\u0710</span></span></span> : the conceptions of anger / the origins of anger ;\r\n<span class=\"locution\"><span class=\"eastsyriac\">\u0721\u0738\u0722 \u0712\u0732\u071b\u0722\u0735\u0710</span></span> : from the womb ; \r\n<span class=\"locution\"><span class=\"eastsyriac\">\u0712\u0722\u0732\u071d \u0712\u0732\u071b\u0722\u071d\u073c</span></span> : the children of my womb ( Job 19; 17,3)\r\n3) <span class=\"context\">proper noun</span> : Ecbatane , the ancient name of Hamadan  (Tobit 14,12) ;\r\n4) <span class=\"context\">Sureth</span> : the abdomen , the belly , the tummy ;</td>", "cf": ["<span class=\"wordlink\"><a href=\"dosearch.php?searchkey=bTn&amp;language=fullsyriac\"><span class=\"eastsyriac\">\u0712\u071b\u0722</span></a>, <a href=\"dosearch.php?searchkey=16025&amp;language=id\"><span class=\"eastsyriac\">\u0712\u071b\u071d\u073c\u0722\u072c\u0735\u0710</span></a>, <a href=\"dosearch.php?searchkey=16024&amp;language=id\"><span class=\"eastsyriac\">\u0712\u0735\u071b\u0739\u0722</span></a>, <a href=\"dosearch.php?searchkey=1209&amp;language=id\"><span class=\"eastsyriac\">\u0712\u071b\u0735\u0722\u0735\u0710</span></a>, <a href=\"dosearch.php?searchkey=1212&amp;language=id\"><span class=\"eastsyriac\">\u0712\u0732\u071b\u0722\u0718\u073c\u072c\u0735\u0710</span></a>, <a href=\"dosearch.php?searchkey=1213&amp;language=id\"><span class=\"eastsyriac\">\u0712\u071b\u0735\u0722\u072c\u0735\u0710</span></a>, <a href=\"dosearch.php?searchkey=1211&amp;language=id\"><span class=\"eastsyriac\">\u0712\u0732\u071b\u0722\u0735\u0710</span></a>, <a href=\"dosearch.php?searchkey=1210&amp;language=id\"><span class=\"eastsyriac\">\u0712\u0738\u071b\u0722\u0735\u0710</span></a>, <a href=\"dosearch.php?searchkey=baTAntA%27&amp;language=fullsyriac\"><span class=\"eastsyriac\">\u0712\u0732\u071b\u0735\u0722\u072c\u0735\u0710</span></a>, <a href=\"dosearch.php?searchkey=16026&amp;language=id\"><span class=\"eastsyriac\">\u0712\u0732\u071b\u0722\u0735\u0710</span></a>, <a href=\"dosearch.php?searchkey=19912&amp;language=id\"><span class=\"eastsyriac\">\u0712\u0732\u071b\u0308\u0722\u0735\u072c\u0742\u0735\u0710</span></a></span>", "<span class=\"wordlink\"><a href=\"dosearch.php?searchkey=17604&amp;language=id\"><span class=\"eastsyriac\">\u071b\u0725\u071d\u073c\u0722\u072c\u0735\u0710</span></a>, <a href=\"dosearch.php?searchkey=17606&amp;language=id\"><span class=\"eastsyriac\">\u071b\u0725\u071d\u073c\u0721\u0718\u073c\u072c\u0735\u0710</span></a>, <a href=\"dosearch.php?searchkey=17605&amp;language=id\"><span class=\"eastsyriac\">\u0721\u0732\u071b\u0725\u0738\u0722</span></a>, <a href=\"dosearch.php?searchkey=17477&amp;language=id\"><span class=\"eastsyriac\">\u071d\u0720\u0715</span></a>, <a href=\"dosearch.php?searchkey=5564&amp;language=id\"><span class=\"eastsyriac\">\u071d\u0735\u0729\u0718\u073f\u072a\u0735\u0710</span></a>, <a href=\"dosearch.php?searchkey=16025&amp;language=id\"><span class=\"eastsyriac\">\u0712\u0732\u071b\u071d\u073c\u0722\u072c\u0735\u0710</span></a>, <a href=\"dosearch.php?searchkey=17603&amp;language=id\"><span class=\"eastsyriac\">\u071a\u0720\u071d\u073c\u0726\u072c\u0735\u0710</span></a></span>"], "key": "16026", "west": "\u0712\u0730\u071b\u0722\u0733\u0710", "phonetic": "<td>' ba\u1e6d na:</td>", "east": "\u0712\u0732\u071b\u0722\u0735\u0710"},
{"searchkey": "13887", "audio": [], "context": [], "webrank": 80, "text": [" : Babylon , the ancient capital of Babylonia ;"], "english": "<td>Babylon , the ancient capital of Babylonia ;</td>", "cf": ["<span class=\"wordlink\"><a href=\"dosearch.php?searchkey=16193&amp;language=id\"><span class=\"eastsyriac\">\u0712\u0735\u0712\u0742\u071d\u073c\u0720</span></a>, <a href=\"dosearch.php?searchkey=16196&amp;language=id\"><span class=\"eastsyriac\">\u0712\u0735\u0712\u0742\u0720\u0735\u071d\u0735\u0710</span></a></span>"], "key": "13887", "west": "\u0712\u0733\u0712\u0742\u0736\u0720", "phonetic": "<td>' ba:  wil  / ' bab bil</td>", "east": "\u0712\u0735\u0712\u0742\u0738\u0720"},
{"searchkey": "16193", "audio": [], "context": [], "webrank": 70, "text": [" : Babylon , the ancient capital of Babylonia ;"], "english": "<td>Babylon , the ancient capital of Babylonia ;</td>", "cf": ["<span class=\"wordlink\"><a href=\"dosearch.php?searchkey=13887&amp;language=id\"><span class=\"eastsyriac\">\u0712\u0735\u0712\u0742\u0738\u0720</span></a>, <a href=\"dosearch.php?searchkey=16196&amp;language=id\"><span class=\"eastsyriac\">\u0712\u0735\u0712\u0742\u0720\u0735\u071d\u0735\u0710</span></a></span>"], "key": "16193", "west": "\u0712\u0733\u0712\u0742\u073a\u071d\u0720", "phonetic": "<td>' ba vil</td>", "east": "\u0712\u0735\u0712\u0742\u071d\u073c\u0720"},
{"searchkey": "10563", "audio": [], "context": [], "webrank": 60, "text": [" : 1) antiquity , old age , ancient times , the old order , time long since passed ;\r\n2) the state of being old / aged / ancient ;"], "english": "<td>1) antiquity , old age , ancient times , the old order , time long since passed ;\r\n2) the state of being old / aged / ancient ;</td>", "cf": ["<span class=\"wordlink\"><a href=\"dosearch.php?searchkey=17839&amp;language=id\"><span class=\"eastsyriac\">\u0725\u072c\u0729</span></a>, <a href=\"dosearch.php?searchkey=10572&amp;language=id\"><span class=\"eastsyriac\">\u0725\u0738\u072c\u0729\u0735\u0710</span></a>, <a href=\"dosearch.php?searchkey=10574&amp;language=id\"><span class=\"eastsyriac\">\u0725\u0732\u072c\u0729\u0718\u073c\u0722\u0739\u0710</span></a>, <a href=\"dosearch.php?searchkey=10570&amp;language=id\"><span class=\"eastsyriac\">\u0725\u072c\u0735\u0729\u0735\u0710</span></a>, <a href=\"dosearch.php?searchkey=10576&amp;language=id\"><span class=\"eastsyriac\">\u0725\u0732\u072c\u071d\u073c\u0729\u0718\u073c\u072c\u0735\u0710</span></a>, <a href=\"dosearch.php?searchkey=10575&amp;language=id\"><span class=\"eastsyriac\">\u0725\u0732\u072c\u071d\u073c\u0729\u0735\u0710\u071d\u073c\u072c</span></a>, <a href=\"dosearch.php?searchkey=10571&amp;language=id\"><span class=\"eastsyriac\">\u0725\u0732\u072c\u071d\u073c\u0729\u0735\u0710</span></a>, <a href=\"dosearch.php?searchkey=10573&amp;language=id\"><span class=\"eastsyriac\">\u0725\u0738\u072c\u0729\u0739\u0710 \u0721\u0738\u072c\u0729\u0739\u0710</span></a>, <a href=\"dosearch.php?searchkey=10218&amp;language=id\"><span class=\"eastsyriac\">\u0725\u0718\u073c\u072c\u0735\u0729\u0735\u0710</span></a>, <a href=\"dosearch.php?searchkey=10219&amp;language=id\"><span class=\"eastsyriac\">\u0725\u0718\u073c\u072c\u0729\u0738\u0722\u0735\u0710</span></a>, <a href=\"dosearch.php?searchkey=10562&amp;language=id\"><span class=\"eastsyriac\">\u0710\u0732\u072c\u071d\u073c\u0729\u0735\u0710\u071d\u073c\u072c</span></a>, <a href=\"dosearch.php?searchkey=10561&amp;language=id\"><span class=\"eastsyriac\">\u0710\u0732\u072c\u071d\u073c\u0729\u0735\u0710</span></a>, <a href=\"dosearch.php?searchkey=10220&amp;language=id\"><span class=\"eastsyriac\">\u0725\u0718\u073c\u072c\u0729\u0735\u0710</span></a></span>", "<span class=\"wordlink\"><a href=\"dosearch.php?searchkey=14672&amp;language=id\"><span class=\"eastsyriac\">\u072b\u071d\u073c\u072c\u0735\u0722\u0735\u071d\u0718\u073c\u072c\u0735\u0710</span></a></span>"], "key": "10563", "west": "\u0710\u0730\u072c\u073a\u071d\u0729\u073d\u0718\u072c\u0733\u0710", "phonetic": "<td>at ti: ' qu: ta</td>", "east": "\u0710\u0732\u072c\u071d\u073c\u0729\u0718\u073c\u072c\u0735\u0710"},
{"searchkey": "1489", "audio": [], "context": [], "webrank": 100, "text": [" : ancient gold or silver coin worth 700 drachmas"], "english": "<td>ancient gold or silver coin worth 700 drachmas</td>", "cf": [], "key": "1489", "west": "\u0712\u0736\u0723\u0715\u0733\u071d\u0733\u0710", "phonetic": "<td>bis ' da ia</td>", "east": "\u0712\u0739\u0723\u0715\u0735\u071d\u0735\u0710"},
{"searchkey": "10562", "audio": [], "context": [], "webrank": 50, "text": [" : anciently , in an ancient manner , of old ;"], "english": "<td>anciently , in an ancient manner , of old ;</td>", "cf": ["<span class=\"wordlink\"><a href=\"dosearch.php?searchkey=17839&amp;language=id\"><span class=\"eastsyriac\">\u0725\u072c\u0729</span></a>, <a href=\"dosearch.php?searchkey=10572&amp;language=id\"><span class=\"eastsyriac\">\u0725\u0738\u072c\u0729\u0735\u0710</span></a>, <a href=\"dosearch.php?searchkey=10574&amp;language=id\"><span class=\"eastsyriac\">\u0725\u0732\u072c\u0729\u0718\u073c\u0722\u0739\u0710</span></a>, <a href=\"dosearch.php?searchkey=10570&amp;language=id\"><span class=\"eastsyriac\">\u0725\u072c\u0735\u0729\u0735\u0710</span></a>, <a href=\"dosearch.php?searchkey=10576&amp;language=id\"><span class=\"eastsyriac\">\u0725\u0732\u072c\u071d\u073c\u0729\u0718\u073c\u072c\u0735\u0710</span></a>, <a href=\"dosearch.php?searchkey=10575&amp;language=id\"><span class=\"eastsyriac\">\u0725\u0732\u072c\u071d\u073c\u0729\u0735\u0710\u071d\u073c\u072c</span></a>, <a href=\"dosearch.php?searchkey=10571&amp;language=id\"><span class=\"eastsyriac\">\u0725\u0732\u072c\u071d\u073c\u0729\u0735\u0710</span></a>, <a href=\"dosearch.php?searchkey=10573&amp;language=id\"><span class=\"eastsyriac\">\u0725\u0738\u072c\u0729\u0739\u0710 \u0721\u0738\u072c\u0729\u0739\u0710</span></a>, <a href=\"dosearch.php?searchkey=10218&amp;language=id\"><span class=\"eastsyriac\">\u0725\u0718\u073c\u072c\u0735\u0729\u0735\u0710</span></a>, <a href=\"dosearch.php?searchkey=10219&amp;language=id\"><span class=\"eastsyriac\">\u0725\u0718\u073c\u072c\u0729\u0738\u0722\u0735\u0710</span></a>, <a href=\"dosearch.php?searchkey=10563&amp;language=id\"><span class=\"eastsyriac\">\u0710\u0732\u072c\u071d\u073c\u0729\u0718\u073c\u072c\u0735\u0710</span></a>, <a href=\"dosearch.php?searchkey=10561&amp;language=id\"><span class=\"eastsyriac\">\u0710\u0732\u072c\u071d\u073c\u0729\u0735\u0710</span></a>, <a href=\"dosearch.php?searchkey=10220&amp;language=id\"><span class=\"eastsyriac\">\u0725\u0718\u073c\u072c\u0729\u0735\u0710</span></a></span>"], "key": "10562", "west": "\u0710\u0730\u072c\u073a\u071d\u0729\u0733\u0710\u073a\u071d\u072c", "phonetic": "<td>at ti: ' qa it</td>", "east": "\u0710\u0732\u072c\u071d\u073c\u0729\u0735\u0710\u071d\u073c\u072c"},
{"searchkey": "10561", "audio": [], "context": [], "webrank": 40, "text": [" : old , advanced far in years of life , aged , ancient ;"], "english": "<td>old , advanced far in years of life , aged , ancient ;</td>", "cf": ["<span class=\"wordlink\"><a href=\"dosearch.php?searchkey=17839&amp;language=id\"><span class=\"eastsyriac\">\u0725\u072c\u0729</span></a>, <a href=\"dosearch.php?searchkey=10572&amp;language=id\"><span class=\"eastsyriac\">\u0725\u0738\u072c\u0729\u0735\u0710</span></a>, <a href=\"dosearch.php?searchkey=10574&amp;language=id\"><span class=\"eastsyriac\">\u0725\u0732\u072c\u0729\u0718\u073c\u0722\u0739\u0710</span></a>, <a href=\"dosearch.php?searchkey=10570&amp;language=id\"><span class=\"eastsyriac\">\u0725\u072c\u0735\u0729\u0735\u0710</span></a>, <a href=\"dosearch.php?searchkey=10576&amp;language=id\"><span class=\"eastsyriac\">\u0725\u0732\u072c\u071d\u073c\u0729\u0718\u073c\u072c\u0735\u0710</span></a>, <a href=\"dosearch.php?searchkey=10575&amp;language=id\"><span class=\"eastsyriac\">\u0725\u0732\u072c\u071d\u073c\u0729\u0735\u0710\u071d\u073c\u072c</span></a>, <a href=\"dosearch.php?searchkey=10571&amp;language=id\"><span class=\"eastsyriac\">\u0725\u0732\u072c\u071d\u073c\u0729\u0735\u0710</span></a>, <a href=\"dosearch.php?searchkey=10573&amp;language=id\"><span class=\"eastsyriac\">\u0725\u0738\u072c\u0729\u0739\u0710 \u0721\u0738\u072c\u0729\u0739\u0710</span></a>, <a href=\"dosearch.php?searchkey=10218&amp;language=id\"><span class=\"eastsyriac\">\u0725\u0718\u073c\u072c\u0735\u0729\u0735\u0710</span></a>, <a href=\"dosearch.php?searchkey=10219&amp;language=id\"><span class=\"eastsyriac\">\u0725\u0718\u073c\u072c\u0729\u0738\u0722\u0735\u0710</span></a>, <a href=\"dosearch.php?searchkey=10563&amp;language=id\"><span class=\"eastsyriac\">\u0710\u0732\u072c\u071d\u073c\u0729\u0718\u073c\u072c\u0735\u0710</span></a>, <a href=\"dosearch.php?searchkey=10562&amp;language=id\"><span class=\"eastsyriac\">\u0710\u0732\u072c\u071d\u073c\u0729\u0735\u0710\u071d\u073c\u072c</span></a>, <a href=\"dosearch.php?searchkey=10220&amp;language=id\"><span class=\"eastsyriac\">\u0725\u0718\u073c\u072c\u0729\u0735\u0710</span></a></span>"], "key": "10561", "west": "\u0710\u0730\u072c\u073a\u071d\u0729\u0733\u0710", "phonetic": "<td>at ' ti: qa</td>", "east": "\u0710\u0732\u072c\u071d\u073c\u0729\u0735\u0710"},
{"searchkey": "777", "audio": [], "context": ["masculine", "Lishani ; = \u0710\u0732\u072a\u0721\u0735\u071d\u0735\u0710", "see \u072c\u0739\u0712\u0739\u071d\u0720\u0735\u071d\u0735\u0710", "feminine"], "webrank": 30, "text": [" : ", " : aramaean , pertaining to (the high lands of) Ancient Aram (ancient name for Syria) , living on high lands / highland , highlander ;\r\n2) ", " : pagan , internationalist , cosmopolitan (?) ", " ;\r\n", " : \u0710\u0735\u072a\u0735\u0721\u0735\u071d\u072c\u0735\u0710"], "english": "<td><span class=\"context\">masculine</span> : aramaean , pertaining to (the high lands of) Ancient Aram (ancient name for Syria) , living on high lands / highland , highlander ;\r\n2) <span class=\"context\">Lishani ; = <a href=\"dosearch.php?searchkey=%27armAyA%27&amp;language=fullsyriac\"><span class=\"eastsyriac\">\u0710\u0732\u072a\u0721\u0735\u071d\u0735\u0710</span></a></span> : pagan , internationalist , cosmopolitan (?) <span class=\"context\">see <a href=\"dosearch.php?searchkey=tEbEylAyA%27&amp;language=fullsyriac\"><span class=\"eastsyriac\">\u072c\u0739\u0712\u0739\u071d\u0720\u0735\u071d\u0735\u0710</span></a></span> ;\r\n<span class=\"context\">feminine</span> : <a href=\"dosearch.php?searchkey=%27ArAmAytA%27&amp;language=fullsyriac\"><span class=\"eastsyriac\">\u0710\u0735\u072a\u0735\u0721\u0735\u071d\u072c\u0735\u0710</span></a></td>", "cf": ["<span class=\"wordlink\"><a href=\"dosearch.php?searchkey=10210&amp;language=id\"><span class=\"eastsyriac\">\u072a\u0735\u0721\u0735\u0710</span></a>, <a href=\"dosearch.php?searchkey=13713&amp;language=id\"><span class=\"eastsyriac\">\u072a\u0735\u0721\u0718\u073f\u072c\u0735\u0710</span></a>, <a href=\"dosearch.php?searchkey=773&amp;language=id\"><span class=\"eastsyriac\">\u0710\u0735\u072a\u0735\u0721</span></a>, <a href=\"dosearch.php?searchkey=13975&amp;language=id\"><span class=\"eastsyriac\">\u0710\u0735\u072a\u0735\u0721\u0735\u0710\u071d\u073c\u072c</span></a>, <a href=\"dosearch.php?searchkey=783&amp;language=id\"><span class=\"eastsyriac\">\u0710\u0735\u072a\u0735\u0721 \u0722\u0732\u0717\u072a\u071d\u073c\u0722</span></a>, <a href=\"dosearch.php?searchkey=16930&amp;language=id\"><span class=\"eastsyriac\">\u0710\u0732\u072a\u0721\u0735\u071d\u0735\u0710</span></a>, <a href=\"dosearch.php?searchkey=16931&amp;language=id\"><span class=\"eastsyriac\">\u0710\u072a\u0721\u0735\u071d\u072c\u0735\u0710</span></a>, <a href=\"dosearch.php?searchkey=777&amp;language=id\"><span class=\"eastsyriac\">\u0710\u0735\u072a\u0735\u0721\u0735\u071d\u0735\u0710</span></a></span>", "<span class=\"wordlink\"><a href=\"dosearch.php?searchkey=31818&amp;language=id\"><span class=\"eastsyriac\">\u0712\u0732\u071d\u0722\u0732\u071d \u0710\u0718\u073c\u0721\u072c\u0735\u0722\u0735\u071d\u0735\u0710</span></a>, <a href=\"dosearch.php?searchkey=31817&amp;language=id\"><span class=\"eastsyriac\">\u072c\u0739\u0712\u0739\u071d\u0720\u0735\u071d\u0735\u0710</span></a>, <a href=\"dosearch.php?searchkey=9980&amp;language=id\"><span class=\"eastsyriac\">\u0723\u0732\u072a\u0729\u0735\u071d\u0735\u0710</span></a>, <a href=\"dosearch.php?searchkey=12145&amp;language=id\"><span class=\"eastsyriac\">\u072b\u0732\u0710\u0721</span></a>, <a href=\"dosearch.php?searchkey=13975&amp;language=id\"><span class=\"eastsyriac\">\u0710\u0735\u072a\u0735\u0721\u0735\u0710\u071d\u073c\u072c</span></a>, <a href=\"dosearch.php?searchkey=9576&amp;language=id\"><span class=\"eastsyriac\">\u0723\u0718\u073c\u072a\u071d\u0735\u071d\u0735\u0710</span></a>, <a href=\"dosearch.php?searchkey=9573&amp;language=id\"><span class=\"eastsyriac\">\u0723\u0718\u073c\u072a\u071d\u0735\u0710</span></a>, <a href=\"dosearch.php?searchkey=27042&amp;language=id\"><span class=\"eastsyriac\">\u0722\u0732\u0725\u0721\u0735\u0722</span></a></span>"], "key": "777", "west": "\u0710\u0733\u072a\u0733\u0721\u0733\u071d\u0733\u0710", "phonetic": "<td>a: ra: ' ma: ia:</td>", "east": "\u0710\u0735\u072a\u0735\u0721\u0735\u071d\u0735\u0710"},
{"searchkey": "13975", "audio": [], "context": ["language"], "webrank": 20, "text": [" : 1) in the manner of / pertaining to the ancient kingdoms composing Ancient Syria (Western Mesopotamia) ;\r\n2) ", " : Aramaic , Syriac ;"], "english": "<td>1) in the manner of / pertaining to the ancient kingdoms composing Ancient Syria (Western Mesopotamia) ;\r\n2) <span class=\"context\">language</span> : Aramaic , Syriac ;</td>", "cf": ["<span class=\"wordlink\"><a href=\"dosearch.php?searchkey=773&amp;language=id\"><span class=\"eastsyriac\">\u0710\u0735\u072a\u0735\u0721</span></a>, <a href=\"dosearch.php?searchkey=777&amp;language=id\"><span class=\"eastsyriac\">\u0710\u0735\u072a\u0735\u0721\u0735\u071d\u0735\u0710</span></a></span>", "<span class=\"wordlink\"><a href=\"dosearch.php?searchkey=12145&amp;language=id\"><span class=\"eastsyriac\">\u072b\u0732\u0710\u0721</span></a>, <a href=\"dosearch.php?searchkey=16713&amp;language=id\"><span class=\"eastsyriac\">\u0710\u0735\u0721\u0718\u073f\u072a\u0735\u071d\u0735\u0710</span></a>, <a href=\"dosearch.php?searchkey=9043&amp;language=id\"><span class=\"eastsyriac\">\u0723\u0718\u073c\u072a\u0738\u072c</span></a></span>"], "key": "13975", "west": "\u0710\u0733\u072a\u0733\u0721\u0733\u0710\u073a\u071d\u072c", "phonetic": "<td>a: ra: ' ma: it</td>", "east": "\u0710\u0735\u072a\u0735\u0721\u0735\u0710\u071d\u073c\u072c"},
{"searchkey": "773", "audio": [], "context": ["see \u072a\u0735\u0721\u0735\u0710"], "webrank": 10, "text": [" : 1) Aram , ancient name for Syria (especially its highlands) , ", " ;\r\n2) name of the peoples living there (nomadic Arameans and city-dwellers - Amorites-) ;"], "english": "<td>1) Aram , ancient name for Syria (especially its highlands) , <span class=\"context\">see <a href=\"dosearch.php?searchkey=rAmA%27&amp;language=fullsyriac\"><span class=\"eastsyriac\">\u072a\u0735\u0721\u0735\u0710</span></a></span> ;\r\n2) name of the peoples living there (nomadic Arameans and city-dwellers - Amorites-) ;</td>", "cf": ["<span class=\"wordlink\"><a href=\"dosearch.php?searchkey=13975&amp;language=id\"><span class=\"eastsyriac\">\u0710\u0735\u072a\u0735\u0721\u0735\u0710\u071d\u073c\u072c</span></a>, <a href=\"dosearch.php?searchkey=777&amp;language=id\"><span class=\"eastsyriac\">\u0710\u0735\u072a\u0735\u0721\u0735\u071d\u0735\u0710</span></a>, <a href=\"dosearch.php?searchkey=783&amp;language=id\"><span class=\"eastsyriac\">\u0710\u0735\u072a\u0735\u0721 \u0722\u0732\u0717\u072a\u071d\u073c\u0722</span></a>, <a href=\"dosearch.php?searchkey=13713&amp;language=id\"><span class=\"eastsyriac\">\u072a\u0735\u0721\u0718\u073f\u072c\u0735\u0710</span></a>, <a href=\"dosearch.php?searchkey=13510&amp;language=id\"><span class=\"eastsyriac\">\u072a\u0718\u073c\u0721\u072c\u0735\u0710</span></a>, <a href=\"dosearch.php?searchkey=13506&amp;language=id\"><span class=\"eastsyriac\">\u072a\u0732\u0718\u0721\u0735\u0710</span></a>, <a href=\"dosearch.php?searchkey=12009&amp;language=id\"><span class=\"eastsyriac\">\u072a\u0710\u0735\u0721\u0735\u0710</span></a>, <a href=\"dosearch.php?searchkey=16924&amp;language=id\"><span class=\"eastsyriac\">\u071d\u0735\u072a\u0738\u0721</span></a>, <a href=\"dosearch.php?searchkey=16925&amp;language=id\"><span class=\"eastsyriac\">\u0710\u0735\u072a\u0738\u0721</span></a>, <a href=\"dosearch.php?searchkey=16923&amp;language=id\"><span class=\"eastsyriac\">\u072a\u0735\u0710\u0738\u0721</span></a>, <a href=\"dosearch.php?searchkey=17549&amp;language=id\"><span class=\"eastsyriac\">\u0726\u0735\u072a\u0735\u0722 \u0715\u0710\u0735\u072a\u0735\u0721</span></a>, <a href=\"dosearch.php?searchkey=10210&amp;language=id\"><span class=\"eastsyriac\">\u072a\u0735\u0721\u0735\u0710</span></a></span>", "<span class=\"wordlink\"><a href=\"dosearch.php?searchkey=12145&amp;language=id\"><span class=\"eastsyriac\">\u072b\u0732\u0710\u0721</span></a>, <a href=\"dosearch.php?searchkey=14841&amp;language=id\"><span class=\"eastsyriac\">\u072b\u0732\u0721\u0735\u071d\u0735\u0710</span></a>, <a href=\"dosearch.php?searchkey=12147&amp;language=id\"><span class=\"eastsyriac\">\u072b\u0732\u0710\u0721\u0735\u071d\u0735\u0710</span></a>, <a href=\"dosearch.php?searchkey=9573&amp;language=id\"><span class=\"eastsyriac\">\u0723\u0718\u073c\u072a\u071d\u0735\u0710</span></a></span>"], "key": "773", "west": "\u0710\u0733\u072a\u0733\u0721", "phonetic": "<td>' a: ra:m</td>", "east": "\u0710\u0735\u072a\u0735\u0721"},
{"searchkey": "5416", "audio": [], "context": [], "webrank": 70, "text": [" : 1) a hyacinth\r\n2) a precious stone of the Ancients of a blue colour (perhaps sapphire)\r\n3) a transparent red or brownish variety of zircon (sometimes used as a gem)\r\n"], "english": "<td>1) a hyacinth\r\n2) a precious stone of the Ancients of a blue colour (perhaps sapphire)\r\n3) a transparent red or brownish variety of zircon (sometimes used as a gem)\r\n</td>", "cf": [], "key": "5416", "west": "\u071d\u073d\u0718\u0729\u0730\u0722\u072c\u073a\u071d\u0722\u0733\u0710", "phonetic": "<td>iu: qan ' ti: na</td>", "east": "\u071d\u0718\u073c\u0729\u0732\u0722\u072c\u071d\u073c\u0722\u0735\u0710"},
{"searchkey": "23280", "audio": [], "context": ["an ancient measure", "plural"], "webrank": 90, "text": [" : a cor ", " ;\r\n", " : \u071f\u0718\u073c\u072a\u0308\u071d\u073c\u0722 ;"], "english": "<td>a cor <span class=\"context\">an ancient measure</span> ;\r\n<span class=\"context\">plural</span> : <a href=\"dosearch.php?searchkey=kurCin&amp;language=fullsyriac\"><span class=\"eastsyriac\">\u071f\u0718\u073c\u072a\u0308\u071d\u073c\u0722</span></a> ;</td>", "cf": [], "key": "23280", "west": "\u071f\u073d\u0718\u072a", "phonetic": "<td>' ku:r</td>", "east": "\u071f\u0718\u073c\u072a"},
{"searchkey": "6030", "audio": [], "context": [], "webrank": 100, "text": [" : 1) a talent (an ancient currency equalling 12000 zuzi or 3000 silver staters) ;\r\n2) a talent , a pre-eminent and special aptitude for effective performance along certain lines , a gift for certain activities"], "english": "<td>1) a talent (an ancient currency equalling 12000 zuzi or 3000 silver staters) ;\r\n2) a talent , a pre-eminent and special aptitude for effective performance along certain lines , a gift for certain activities ;\r\n<span class=\"locution\"><span class=\"eastsyriac\">\u0710\u0747\u0722\u0735\u072b\u0710 \u0721\u0735\u072a\u0739\u0710 \u071f\u0732\u071f\u072a\u0308\u0739\u0710</span></span> : a talented man , a gifted man ;\r\n3) <span class=\"context\">the name of a bitter grass</span> ;</td>", "cf": ["<span class=\"wordlink\"><a href=\"dosearch.php?searchkey=9984&amp;language=id\"><span class=\"eastsyriac\">\u0723\u0735\u072a\u0738\u072b\u072c\u0735\u0710</span></a>, <a href=\"dosearch.php?searchkey=7251&amp;language=id\"><span class=\"eastsyriac\">\u0721\u0717\u071d\u073c\u072a\u0718\u073c\u072c\u0735\u0710</span></a>, <a href=\"dosearch.php?searchkey=34607&amp;language=id\"><span class=\"eastsyriac\">\u0722\u0738\u0723\u0735\u071d\u0718\u073c\u072c\u0735\u0710</span></a>, <a href=\"dosearch.php?searchkey=31651&amp;language=id\"><span class=\"eastsyriac\">\u0721\u0735\u0718\u0717\u0732\u0712\u0742\u072c\u0735\u0710</span></a></span>"], "key": "6030", "west": "\u071f\u0730\u071f\u072a\u0733\u0710", "phonetic": "<td>' kak ra:</td>", "east": "\u071f\u0732\u071f\u072a\u0735\u0710"},
{"searchkey": "3212", "audio": [], "context": [], "webrank": 40, "text": [" : a daric , a gold coin of Ancient Persia ;"], "english": "<td>a daric , a gold coin of Ancient Persia ;</td>", "cf": ["<span class=\"wordlink\"><a href=\"dosearch.php?searchkey=2744&amp;language=id\"><span class=\"eastsyriac\">\u0715\u0732\u0717\u0712\u0742\u0735\u0710</span></a></span>"], "key": "3212", "west": "\u0715\u072a\u071d\u071f", "phonetic": "<td>' drik</td>", "east": "\u0715\u072a\u071d\u071f"},
{"searchkey": "24956", "audio": [], "context": [], "webrank": 50, "text": [" : diminutive of"], "english": "<td>diminutive of <span class=\"locution\"><span class=\"eastsyriac\">\u0719\u0738\u0729\u0735\u0710</span></span> - a waterskin , a receptacle used to hold water typically made of a sheep or cow bladder and used as a canteen ;  the first pictures of it however are from ancient Assyrians , from as far back as 3000 B.C , who used the bladders as floats .</td>", "cf": ["<span class=\"wordlink\"><a href=\"dosearch.php?searchkey=17972&amp;language=id\"><span class=\"eastsyriac\">\u0719\u0738\u0729\u0735\u0710</span></a>, <a href=\"dosearch.php?searchkey=24955&amp;language=id\"><span class=\"eastsyriac\">\u0721\u0719\u0732\u0729\u0719\u0738\u0729</span></a></span>"], "key": "24956", "west": "\u0719\u0736\u0729\u073d\u0718\u0729\u072c\u0733\u0710", "phonetic": "<td>zi ' qu:q ta:</td>", "east": "\u0719\u0738\u0729\u0718\u073c\u0729\u072c\u0735\u0710"},
{"searchkey": "4175", "audio": [], "context": [], "webrank": 60, "text": [" : 1) a tiara (a headdress worn by ancient Persians and Assyrian kings ...)\r\n2) the Roman Catholic Pope's triple crown"], "english": "<td>1) a tiara (a headdress worn by ancient Persians and Assyrian kings ...)\r\n2) the Roman Catholic Pope's triple crown</td>", "cf": ["<span class=\"wordlink\"><a href=\"dosearch.php?searchkey=1479&amp;language=id\"><span class=\"eastsyriac\">\u0712\u0739\u0722\u0726\u0735\u072a</span></a>, <a href=\"dosearch.php?searchkey=1078&amp;language=id\"><span class=\"eastsyriac\">\u0712\u0718\u073c\u0722\u0726\u0739\u072a\u0735\u0710</span></a>, <a href=\"dosearch.php?searchkey=1480&amp;language=id\"><span class=\"eastsyriac\">\u0712\u0732\u0722\u0726\u0739\u072a\u0735\u0722\u0735\u0710</span></a>, <a href=\"dosearch.php?searchkey=11619&amp;language=id\"><span class=\"eastsyriac\">\u072c\u0735\u0713\u0742\u0735\u0710</span></a>, <a href=\"dosearch.php?searchkey=4425&amp;language=id\"><span class=\"eastsyriac\">\u072c\u0735\u0710\u0713\u0330</span></a>, <a href=\"dosearch.php?searchkey=11634&amp;language=id\"><span class=\"eastsyriac\">\u072c\u0735\u0713\u0330</span></a>, <a href=\"dosearch.php?searchkey=12634&amp;language=id\"><span class=\"eastsyriac\">\u0729\u0732\u0719\u0721\u0735\u0710</span></a>, <a href=\"dosearch.php?searchkey=16252&amp;language=id\"><span class=\"eastsyriac\">\u0729\u0718\u073c\u0712\u072c\u0735\u0710</span></a>, <a href=\"dosearch.php?searchkey=7079&amp;language=id\"><span class=\"eastsyriac\">\u071f\u0720\u071d\u073c\u0720\u0735\u0710</span></a>, <a href=\"dosearch.php?searchkey=5810&amp;language=id\"><span class=\"eastsyriac\">\u071f\u0718\u073c\u0720\u0735\u0720\u0735\u0710</span></a></span>"], "key": "4175", "west": "\u071a\u073d\u0718\u0715\u0733\u0710", "phonetic": "<td>' \u1e25u: da</td>", "east": "\u071a\u0718\u073c\u0715\u0735\u0710"},
{"searchkey": "5652", "audio": [], "context": [], "webrank": 80, "text": [" : a cither , a cittern / a zither , an ancient musical instrument of the lyre class ;"], "english": "<td>a cither , a cittern / a zither , an ancient musical instrument of the lyre class ;</td>", "cf": ["<span class=\"wordlink\"><a href=\"dosearch.php?searchkey=6226&amp;language=id\"><span class=\"eastsyriac\">\u071f\u0738\u0722\u0735\u072a\u0735\u0710</span></a>, <a href=\"dosearch.php?searchkey=6227&amp;language=id\"><span class=\"eastsyriac\">\u071f\u0738\u0722\u0735\u072a\u0723\u071b\u0735\u0710</span></a></span>", "<span class=\"wordlink\"><a href=\"dosearch.php?searchkey=12783&amp;language=id\"><span class=\"eastsyriac\">\u0729\u0735\u071d\u072c\u072a\u0735\u0710</span></a>, <a href=\"dosearch.php?searchkey=5729&amp;language=id\"><span class=\"eastsyriac\">\u071f\u0748\u0718\u073c\u0713\u0718\u073f\u072a</span></a>, <a href=\"dosearch.php?searchkey=6226&amp;language=id\"><span class=\"eastsyriac\">\u071f\u0738\u0722\u0735\u072a\u0735\u0710</span></a>, <a href=\"dosearch.php?searchkey=6227&amp;language=id\"><span class=\"eastsyriac\">\u071f\u0738\u0722\u0735\u072a\u0723\u071b\u0735\u0710</span></a>, <a href=\"dosearch.php?searchkey=9729&amp;language=id\"><span class=\"eastsyriac\">\u0723\u0739\u0721\u0735\u0710</span></a>, <a href=\"dosearch.php?searchkey=4978&amp;language=id\"><span class=\"eastsyriac\">\u072c\u0735\u0710\u072a</span></a></span>"], "key": "5652", "west": "\u071f\u0736\u0710\u0722\u0733\u072a\u0733\u0710", "phonetic": "<td>ki ' na: ra:</td>", "east": "\u071f\u0739\u0710\u0722\u0735\u072a\u0735\u0710"},
{"searchkey": "2772", "audio": [], "context": [], "webrank": 30, "text": [" : 1) dogmatic , official , authorized ;\r\n2) an ancient sect of physicians opposed to the Empiric ;"], "english": "<td>1) dogmatic , official , authorized ;\r\n2) an ancient sect of physicians opposed to the Empiric ;</td>", "cf": ["<span class=\"wordlink\"><a href=\"dosearch.php?searchkey=11127&amp;language=id\"><span class=\"eastsyriac\">\u0726\u0732\u0723\u071d\u073c\u0723</span></a>, <a href=\"dosearch.php?searchkey=11137&amp;language=id\"><span class=\"eastsyriac\">\u0726\u0723\u0735\u0723\u0735\u0710</span></a>, <a href=\"dosearch.php?searchkey=8284&amp;language=id\"><span class=\"eastsyriac\">\u0721\u0732\u0726\u0723\u0735\u0722\u0718\u073c\u072c\u0735\u0710</span></a>, <a href=\"dosearch.php?searchkey=11138&amp;language=id\"><span class=\"eastsyriac\">\u0726\u0723\u0735\u0723\u0718\u073f\u072c\u0735\u0710</span></a>, <a href=\"dosearch.php?searchkey=32200&amp;language=id\"><span class=\"eastsyriac\">\u0726\u0723\u071d\u073c\u0723\u0735\u0710</span></a></span>"], "key": "2772", "west": "\u0715\u073d\u0718\u0713\u0742\u0721\u0730\u072c\u073a\u071d\u0729\u073a\u071d", "phonetic": "<td>dog ma ' ti: qi:</td>", "east": "\u0715\u0718\u073f\u0713\u0742\u0721\u0732\u072c\u071d\u073c\u0729\u071d\u073c"},
{"searchkey": "2145", "audio": [], "context": [], "webrank": 20, "text": [" : a cubit , an ancient measure of about eighteen inches ;"], "english": "<td>a cubit , an ancient measure of about eighteen inches ;</td>", "cf": ["<span class=\"wordlink\"><a href=\"dosearch.php?searchkey=5515&amp;language=id\"><span class=\"eastsyriac\">\u071d\u0732\u0721\u071d\u073c\u0722\u0735\u0710</span></a></span>"], "key": "2145", "west": "\u0713\u073d\u0718\u072a\u0721\u073a\u071d\u0715\u0733\u0710", "phonetic": "<td>gur ' mi: da:</td>", "east": "\u0713\u0718\u073c\u072a\u0721\u071d\u073c\u0715\u0735\u0710"},
{"searchkey": "35877", "audio": [], "context": [], "webrank": 10, "text": [" : once / formerly , erstwhile , in the old days / in the olden days , in ancient times / in olden times  , yore , in the past ;"], "english": "<td>once / formerly , erstwhile , in the old days / in the olden days , in ancient times / in olden times  , yore , in the past ;</td>", "cf": ["<span class=\"wordlink\"><a href=\"dosearch.php?searchkey=21245&amp;language=id\"><span class=\"eastsyriac\">\u0729\u0715\u0721</span></a>, <a href=\"dosearch.php?searchkey=12276&amp;language=id\"><span class=\"eastsyriac\">\u0729\u0735\u0715\u0718\u073f\u0721\u0718\u073c\u072c\u0735\u0710</span></a>, <a href=\"dosearch.php?searchkey=qadMm&amp;language=fullsyriac\"><span class=\"eastsyriac\">\u0729\u0732\u0715\u0747\u0721</span></a>, <a href=\"dosearch.php?searchkey=12287&amp;language=id\"><span class=\"eastsyriac\">\u0729\u0732\u0715\u071d\u073c\u0721\u0735\u0710</span></a>, <a href=\"dosearch.php?searchkey=12303&amp;language=id\"><span class=\"eastsyriac\">\u0729\u0732\u0715\u071d\u073c\u0721\u0735\u071d\u0735\u0710</span></a>, <a href=\"dosearch.php?searchkey=12301&amp;language=id\"><span class=\"eastsyriac\">\u0729\u0732\u0715\u071d\u073c\u0721\u0718\u073c\u072c\u0735\u0710</span></a>, <a href=\"dosearch.php?searchkey=12314&amp;language=id\"><span class=\"eastsyriac\">\u0729\u0715\u0735\u0721\u0735\u0710</span></a>, <a href=\"dosearch.php?searchkey=34885&amp;language=id\"><span class=\"eastsyriac\">\u0729\u0732\u0715\u0721\u0735\u0710</span></a>, <a href=\"dosearch.php?searchkey=12316&amp;language=id\"><span class=\"eastsyriac\">\u0729\u0732\u0715\u0721\u0735\u0710\u071d\u073c\u072c</span></a>, <a href=\"dosearch.php?searchkey=12317&amp;language=id\"><span class=\"eastsyriac\">\u0729\u0732\u0715\u0721\u0718\u073c\u072c\u0735\u0710</span></a>, <a href=\"dosearch.php?searchkey=12318&amp;language=id\"><span class=\"eastsyriac\">\u0729\u0732\u0715\u0721\u0735\u071d\u0735\u0710</span></a>, <a href=\"dosearch.php?searchkey=12319&amp;language=id\"><span class=\"eastsyriac\">\u0729\u0732\u0715\u0721\u0735\u071d\u0718\u073c\u072c\u0735\u0710</span></a>, <a href=\"dosearch.php?searchkey=12320&amp;language=id\"><span class=\"eastsyriac\">\u0729\u0732\u0715\u0721\u0735\u071d\u072c\u0735\u0710</span></a>, <a href=\"dosearch.php?searchkey=12315&amp;language=id\"><span class=\"eastsyriac\">\u0729\u0732\u0715\u0747\u0721\u0735\u0710</span></a>, <a href=\"dosearch.php?searchkey=12287&amp;language=id\"><span class=\"eastsyriac\">\u0729\u0732\u0715\u071d\u073c\u0721\u0735\u0710</span></a></span>"], "key": "35877", "west": "\u0712\u0729\u0733\u0715\u073a\u071d\u0721\u073a\u071d", "phonetic": "<td>bqa: ' di: mi:</td>", "east": "\u0712\u0729\u0735\u0715\u071d\u073c\u0721\u071d\u073c"},
{"searchkey": "6360", "audio": [], "context": [], "webrank": 60, "text": [" : a cherub , a mysterious being supposed to be the footstool and chariot of the Almighty, standing for the fullness of knowledge or influence proceeding from God and descending upon the earth and all men.\r\n(compare with the Assyrian \"karabu\" and Akkadian \"kuribu\", these words mean \"mighty\" and \"great\" in ancient Assyrian and \"propitious\" or \"blessed\" in ancient Akkadian; in Mesopotamia these came to refer to spiritual servants of the gods and were related to the \"shedu\" or \"lammasu\" -winged bulls-."], "english": "<td>a cherub , a mysterious being supposed to be the footstool and chariot of the Almighty, standing for the fullness of knowledge or influence proceeding from God and descending upon the earth and all men.\r\n(compare with the Assyrian \"karabu\" and Akkadian \"kuribu\", these words mean \"mighty\" and \"great\" in ancient Assyrian and \"propitious\" or \"blessed\" in ancient Akkadian; in Mesopotamia these came to refer to spiritual servants of the gods and were related to the \"shedu\" or \"lammasu\" -winged bulls-.</td>", "cf": ["<span class=\"wordlink\"><a href=\"dosearch.php?searchkey=6361&amp;language=id\"><span class=\"eastsyriac\">\u071f\u072a\u0718\u073f\u0712\u0742\u0735\u071d\u0735\u0710</span></a></span>", "<span class=\"wordlink\"><a href=\"dosearch.php?searchkey=7839&amp;language=id\"><span class=\"eastsyriac\">\u0721\u0732\u0720\u0732\u0710\u071f\u0742\u0735\u0710</span></a>, <a href=\"dosearch.php?searchkey=3507&amp;language=id\"><span class=\"eastsyriac\">\u0717\u0732\u0722\u071d\u0718\u073c\u071f\u0735\u0710</span></a></span>"], "key": "6360", "west": "\u071f\u072a\u073d\u0718\u0712\u0742\u0733\u0710", "phonetic": "<td>' kru: wa:</td>", "east": "\u071f\u072a\u0718\u073c\u0712\u0742\u0735\u0710"},
{"searchkey": "6721", "audio": [], "context": [], "webrank": 80, "text": [" : a lyre , an ancient stringed musical instrument"], "english": "<td>a lyre , an ancient stringed musical instrument</td>", "cf": [], "key": "6721", "west": "\u0720\u073d\u0718\u072a\u0733\u0710", "phonetic": "<td>' lu: ra</td>", "east": "\u0720\u0718\u073c\u072a\u0735\u0710"},
{"searchkey": "6905", "audio": [], "context": ["(JAAS)"], "webrank": 100, "text": [" : 1) the tongue ;\r\n2) a language , a lingo , a speech , a dialect ;\r\n", " :"], "english": "<td>1) the tongue ;\r\n2) a language , a lingo , a speech , a dialect ;\r\n<span class=\"context\">(JAAS)</span> : <span class=\"locution\"><span class=\"eastsyriac\">\u0725\u0738\u0720\u072c\u0735\u0710 \u0715\u0710\u0735\u0717\u0735\u0710 \u0722\u0732\u072b\u071d\u073c\u072b\u0718\u073c\u072c\u0735\u0710 \u071d\u073c\u0720\u0735\u0717 \u0720\u0732\u071d\u072c\u0735\u071d\u0718\u073c\u072c\u0735\u0710 \u0729\u0738\u0722\u071b\u072a\u0308\u0718\u073f\u0722\u0738\u0710 \u0715\u0721\u0732\u0720\u0732\u0726\u072c\u0735\u0710 \u0715\u0720\u0738\u072b\u0735\u0722\u0735\u0710</span></span> : the reason for this weakness <span class=\"context\">in the knowledge of Sureth</span> is the non-existence of centres for teaching the language ;\r\n<span class=\"context\">Urmiah</span> : <span class=\"locution\"><span class=\"eastsyriac\">\u0720\u0738\u072b\u0735\u0722\u0735\u0710 \u0721\u0732\u071d\u072a\u0735\u0710</span></span> : acrimony , virulence , venom <span class=\"context\">in words</span> , sarcasm (?) ;\r\n<span class=\"locution\"><span class=\"eastsyriac\">\u0720\u0738\u072b\u0735\u0722\u0735\u0710 \u0725\u0732\u072c\u071d\u073c\u0729\u0735\u0710</span></span> : the ancient language , Classical Syriac ;\r\n<span class=\"context\">Urmiah</span> : <span class=\"locution\"><span class=\"eastsyriac\">\u0720\u0738\u072b\u0735\u0722\u0735\u0710 \u0715\u0721\u0747\u0717\u0732\u0721\u0719\u0732\u0721\u072c\u0735\u0710</span></span> / <span class=\"context\">NENA</span> : <span class=\"locution\"><span class=\"eastsyriac\">\u0720\u0738\u072b\u0735\u0722\u0735\u0710 \u0715\u0728\u0735\u0718\u072c\u0742\u0735\u0710</span></span> : the spoken / vernacular language ;\r\n<span class=\"context\">JAAS</span> : <span class=\"locution\"><span class=\"eastsyriac\">\u0729\u071d\u073c\u0721\u0720\u0717\u0747\u0718\u073f\u0722 \u0713\u0735\u0718\u0732\u0722 \u0723\u0738\u0712\u0742\u0717\u0738\u0710 \u0715\u0721\u0732\u0720\u0726\u0735\u0722\u0738\u0308\u0710 \u0718\u0721\u0718\u073c\u071a\u072b\u0738\u0712\u0742\u0720\u0717\u0718\u073f\u0722 \u0715\u0725\u0732\u072c\u071d\u073c\u072a\u0738\u0308\u0710 \u071d\u0722\u0735\u0710 \u0712\u0720\u0738\u072b\u0735\u0722\u0735\u0710</span></span> :  there rose amongst us doubtful / dubious <span class=\"context\">literally \"the likeness of\"</span> teachers and they thought / considered themselves perfect <span class=\"context\">literally \"rich\"</span> in the language ;\r\n<span class=\"locution\"><span class=\"eastsyriac\">\u0729\u0735\u0710 \u0712\u0722\u0735\u071d\u0308 \u0710\u0718\u073c\u0721\u072c\u0732\u0722 \u0715\u0710\u071d\u071b\u073c\u072c\u0720\u0718\u073c\u0722 \u072b\u072c\u0718\u073c\u0726\u071d\u0735\u0710 \u0729\u0735\u0710 \u071d\u0720\u0735\u0726\u072c\u0735\u0710 \u0715\u0720\u0738\u072b\u0735\u0722\u0735\u0710 \u071d\u0738\u0721\u0735\u071d\u0735\u0710</span></span> : for those of our nation who have a desire to learn the mother-tongue ;\r\n3) a wedge ;\r\n4) <span class=\"context\">Joshuah : 7, 21</span> : an ingot <span class=\"context\">of gold ...</span> ;</td>", "cf": ["<span class=\"wordlink\"><a href=\"dosearch.php?searchkey=17545&amp;language=id\"><span class=\"eastsyriac\">\u0720\u072b\u0722</span></a>, <a href=\"dosearch.php?searchkey=6908&amp;language=id\"><span class=\"eastsyriac\">\u0720\u0738\u072b\u0735\u0722\u0735\u071d\u0718\u073c\u072c\u0735\u0710</span></a>, <a href=\"dosearch.php?searchkey=6909&amp;language=id\"><span class=\"eastsyriac\">\u0720\u0738\u072b\u0735\u0722\u0735\u0722\u0735\u071d\u0718\u073c\u072c\u0735\u0710</span></a>, <a href=\"dosearch.php?searchkey=14456&amp;language=id\"><span class=\"eastsyriac\">\u072b\u0718\u073c\u072a\u0725\u0735\u0710 \u0715\u0720\u0738\u072b\u0735\u0722\u0735\u0710</span></a>, <a href=\"dosearch.php?searchkey=6906&amp;language=id\"><span class=\"eastsyriac\">\u0720\u0738\u072b\u0735\u0722\u0735 \u0715\u0717\u0732\u0721\u0719\u0732\u0721\u072c\u0735\u0710</span></a>, <a href=\"dosearch.php?searchkey=6904&amp;language=id\"><span class=\"eastsyriac\">\u0720\u0738\u072b\u0735\u0722 \u072c\u0735\u0718\u072a\u0735\u0710</span></a>, <a href=\"dosearch.php?searchkey=6907&amp;language=id\"><span class=\"eastsyriac\">\u0720\u0738\u072b\u0735\u0722\u0735\u0722\u0735\u0710</span></a>, <a href=\"dosearch.php?searchkey=6910&amp;language=id\"><span class=\"eastsyriac\">\u0720\u0738\u072b\u0735\u0722\u072c\u0735\u0710</span></a>, <a href=\"dosearch.php?searchkey=8777&amp;language=id\"><span class=\"eastsyriac\">\u0721\u0738\u072c\u0720\u0732\u072b\u0722\u0735\u0722\u0718\u073c\u072c\u0710</span></a>, <a href=\"dosearch.php?searchkey=14456&amp;language=id\"><span class=\"eastsyriac\">\u072b\u0718\u073c\u072a\u0725\u0735\u0710 \u0715\u0720\u0738\u072b\u0735\u0722\u0735\u0710</span></a>, <a href=\"dosearch.php?searchkey=18185&amp;language=id\"><span class=\"eastsyriac\">\u0720\u072b\u071d\u073c\u0722\u0735\u0710</span></a>, <a href=\"dosearch.php?searchkey=32761&amp;language=id\"><span class=\"eastsyriac\">\u0720\u0738\u072b\u0735\u0722\u0735\u071d\u0735\u0710</span></a></span>", "<span class=\"wordlink\"><a href=\"dosearch.php?searchkey=24093&amp;language=id\"><span class=\"eastsyriac\">\u0720\u0718\u073c\u072b\u0735\u0722\u0735\u0710</span></a></span>", "<span class=\"wordlink\"><a href=\"dosearch.php?searchkey=33624&amp;language=id\"><span class=\"eastsyriac\">\u0721\u0732\u0720\u0713\u0742\u0735\u0710</span></a>, <a href=\"dosearch.php?searchkey=9849&amp;language=id\"><span class=\"eastsyriac\">\u0723\u0738\u0726\u072a\u0735\u0710</span></a>, <a href=\"dosearch.php?searchkey=6848&amp;language=id\"><span class=\"eastsyriac\">\u0720\u0738\u0725\u0719\u0735\u0710</span></a></span>"], "key": "6905", "west": "\u0720\u0736\u072b\u0733\u0722\u0733\u0710", "phonetic": "<td>li ' \u0161a: na:</td>", "east": "\u0720\u0738\u072b\u0735\u0722\u0735\u0710"},
{"searchkey": "6401", "audio": [], "context": [], "webrank": 70, "text": [" : other (inserted) month of \"T\u0161iri\" , second month of \"T\u0161iri\" (\"Tishri\" in ancient Assyrian in the solar-lunar calendar) , corresponding approximately to November.\r\nnote: The Ancient Assyrians had to insert a thirteenth month on certain years in order to have the first month \"Nissan\" coincide to the new moon the closest to the Spring Equinox.\r\nSometimes that additional month was \"Adar\", sometimes it was \"Tishri\"."], "english": "<td>other (inserted) month of \"T\u0161iri\" , second month of \"T\u0161iri\" (\"Tishri\" in ancient Assyrian in the solar-lunar calendar) , corresponding approximately to November.\r\nnote: The Ancient Assyrians had to insert a thirteenth month on certain years in order to have the first month \"Nissan\" coincide to the new moon the closest to the Spring Equinox.\r\nSometimes that additional month was \"Adar\", sometimes it was \"Tishri\".</td>", "cf": ["<span class=\"wordlink\"><a href=\"dosearch.php?searchkey=19392&amp;language=id\"><span class=\"eastsyriac\">\u072c\u072b\u0739\u072a\u071d\u073c</span></a></span>"], "key": "6401", "west": "\u071f\u0330\u0736\u072a\u073a\u071d \u0710\u0747\u071a\u0733\u072a\u0733\u071d\u0733\u0710", "phonetic": "<td>' t\u0161i ri: \u1e25a: ' ra: ia:</td>", "east": "\u071f\u0330\u0738\u072a\u071d\u073c \u0710\u0747\u071a\u0735\u072a\u0735\u071d\u0735\u0710"},
{"searchkey": "6198", "audio": [], "context": ["corresponding to the ancient months of Tebeth and  Shebat and covering approximately"], "webrank": 50, "text": [" : the two months bearing the name Kanun , ", " : December and January ;"], "english": "<td>the two months bearing the name Kanun , <span class=\"context\">corresponding to the ancient months of Tebeth and  Shebat and covering approximately</span> : December and January ;</td>", "cf": ["<span class=\"wordlink\"><a href=\"dosearch.php?searchkey=22462&amp;language=id\"><span class=\"eastsyriac\">\u071f\u0735\u0722\u0718\u073f\u0722 \u0729\u0732\u0715\u0742\u0747\u0721\u0735\u071d\u0735\u0710</span></a>, <a href=\"dosearch.php?searchkey=6199&amp;language=id\"><span class=\"eastsyriac\">\u071f\u0735\u0722\u0718\u073f\u0722 \u0710\u0747\u071a\u0735\u072a\u0735\u071d\u0735\u0710</span></a>, <a href=\"dosearch.php?searchkey=23600&amp;language=id\"><span class=\"eastsyriac\">\u071f\u0735\u0722\u0718\u073f\u0722 \u0710</span></a>, <a href=\"dosearch.php?searchkey=23601&amp;language=id\"><span class=\"eastsyriac\">\u071f\u0735\u0722\u0718\u073f\u0722 \u0712</span></a>, <a href=\"dosearch.php?searchkey=17661&amp;language=id\"><span class=\"eastsyriac\">\u071f\u0735\u0722\u0718\u073c\u0722\u0735\u0710</span></a></span>", "<span class=\"wordlink\"><a href=\"dosearch.php?searchkey=22460&amp;language=id\"><span class=\"eastsyriac\">\u071b\u0738\u0712\u0738\u072c</span></a></span>"], "key": "6198", "west": "\u071f\u0733\u0722\u073d\u0718\u0722\u0308\u0736\u0710", "phonetic": "<td>ka ' nu: ni: </td>", "east": "\u071f\u0735\u0722\u0718\u073f\u0722\u0308\u0739\u0710"},
{"searchkey": "19779", "audio": [], "context": ["Yoab Benjamin", "adjective", "Lishani", "an ancient Mesopotamian city"], "webrank": 90, "text": [" : 1) ", " : a fool  , b) ", " : ignorant , stupid , silly ;\r\n2) ", " : immersion ;\r\n3) ", " ;"], "english": "<td>1) <span class=\"context\">Yoab Benjamin</span> : a fool  , b) <span class=\"context\">adjective</span> : ignorant , stupid , silly ;\r\n2) <span class=\"context\">Lishani</span> : immersion ;\r\n3) <span class=\"context\">an ancient Mesopotamian city</span> ;</td>", "cf": ["<span class=\"wordlink\"><a href=\"dosearch.php?searchkey=31249&amp;language=id\"><span class=\"eastsyriac\">\u0720\u0735\u072a\u0723\u0718\u073c\u072c\u0742\u0735\u0710</span></a></span>", "<span class=\"wordlink\"><a href=\"dosearch.php?searchkey=1973&amp;language=id\"><span class=\"eastsyriac\">\u0712\u072a\u071d\u073c\u072a\u0735\u0710</span></a>, <a href=\"dosearch.php?searchkey=17641&amp;language=id\"><span class=\"eastsyriac\">\u0720\u0738\u0720\u0735\u0710</span></a>, <a href=\"dosearch.php?searchkey=9695&amp;language=id\"><span class=\"eastsyriac\">\u0723\u0732\u071f\u0742\u0720\u0735\u0710</span></a>, <a href=\"dosearch.php?searchkey=19780&amp;language=id\"><span class=\"eastsyriac\">\u072b\u0735\u071b\u071d\u0735\u0710</span></a>, <a href=\"dosearch.php?searchkey=19778&amp;language=id\"><span class=\"eastsyriac\">\u0712\u0732\u0728\u071d\u073c\u0728\u0735\u0710</span></a>, <a href=\"dosearch.php?searchkey=4595&amp;language=id\"><span class=\"eastsyriac\">\u071a\u0721\u0735\u072a\u0735\u0710</span></a>, <a href=\"dosearch.php?searchkey=31241&amp;language=id\"><span class=\"eastsyriac\">\u071a\u0732\u0723\u071d\u073c\u072a \u0717\u0735\u0718\u0722\u0735\u0710</span></a>, <a href=\"dosearch.php?searchkey=22375&amp;language=id\"><span class=\"eastsyriac\">\u0712\u0732\u0717\u0720\u0735\u0710</span></a>, <a href=\"dosearch.php?searchkey=31243&amp;language=id\"><span class=\"eastsyriac\">\u0721\u0732\u0723\u072a\u071d\u073c\u0729\u0735\u0710</span></a></span>"], "key": "19779", "west": "\u0720\u0733\u072a\u0723\u0733\u0710", "phonetic": "<td>' la:r sa:</td>", "east": "\u0720\u0735\u072a\u0723\u0735\u0710"},
{"searchkey": "6199", "audio": [], "context": ["straddling on both January and February, and covering the ancient month of Shebat (approximately) January"], "webrank": 40, "text": [" : \"the other Kanun\" , the eleventh month of the Semitic year ", " ;"], "english": "<td>\"the other Kanun\" , the eleventh month of the Semitic year <span class=\"context\">straddling on both January and February, and covering the ancient month of Shebat (approximately) January</span> ;</td>", "cf": ["<span class=\"wordlink\"><a href=\"dosearch.php?searchkey=22462&amp;language=id\"><span class=\"eastsyriac\">\u071f\u0735\u0722\u0718\u073f\u0722 \u0729\u0732\u0715\u0742\u0721\u0735\u071d\u0735\u0710</span></a>, <a href=\"dosearch.php?searchkey=6198&amp;language=id\"><span class=\"eastsyriac\">\u071f\u0735\u0722\u0718\u073f\u0722\u0308\u0739\u0710</span></a>, <a href=\"dosearch.php?searchkey=17661&amp;language=id\"><span class=\"eastsyriac\">\u071f\u0735\u0722\u0718\u073c\u0722\u0735\u0710</span></a></span>", "<span class=\"wordlink\"><a href=\"dosearch.php?searchkey=23601&amp;language=id\"><span class=\"eastsyriac\">\u071f\u0735\u0722\u0718\u073f\u0722 \u0712</span></a></span>", "<span class=\"wordlink\"><a href=\"dosearch.php?searchkey=22460&amp;language=id\"><span class=\"eastsyriac\">\u071b\u0738\u0712\u0738\u072c</span></a></span>"], "key": "6199", "west": "\u071f\u0733\u0722\u073d\u0718\u0722 \u0710\u0747\u071a\u0733\u072a\u0733\u071d\u0733\u0710", "phonetic": "<td>ka: ' nu:n \u1e25a: ' ra: ia:</td>", "east": "\u071f\u0735\u0722\u0718\u073f\u0722 \u0710\u0747\u071a\u0735\u072a\u0735\u071d\u0735\u0710"},
{"searchkey": "12845", "audio": [], "context": ["Yoab Benjamin :"], "webrank": 30, "text": [" : 1) Chalcedon (an ancient city of Bithynia, opposite Byzantium, in which an ecumenical council was held in 451condemning the monophysite doctrine) ;\r\n2) "], "english": "<td>1) Chalcedon (an ancient city of Bithynia, opposite Byzantium, in which an ecumenical council was held in 451condemning the monophysite doctrine) ;\r\n2) <span class=\"context\">Yoab Benjamin : <span class=\"locution\"><span class=\"eastsyriac\">\u071f\u0732\u0720\u071f\u0742\u071d\u073c\u0715\u0718\u073f\u0722</span></span> / <span class=\"locution\"><span class=\"eastsyriac\">\u0729\u0732\u0720\u071f\u0742\u071d\u073c\u0715\u0718\u073f\u0722\u071d\u0735\u0710</span></span></span> : Carthage ;\r\n</td>", "cf": ["<span class=\"wordlink\"><a href=\"dosearch.php?searchkey=12844&amp;language=id\"><span class=\"eastsyriac\">\u0729\u0732\u0720\u071f\u071d\u073c\u0715\u0718\u073f\u0722</span></a>, <a href=\"dosearch.php?searchkey=12846&amp;language=id\"><span class=\"eastsyriac\">\u0729\u0732\u0720\u071f\u071d\u073c\u0715\u0718\u073f\u0722\u0735\u071d\u0735\u0710</span></a></span>"], "key": "12845", "west": "\u071f\u0730\u0720\u071f\u073a\u071d\u0715\u073d\u0718\u0722", "phonetic": "<td>kal ' ki: du:n </td>", "east": "\u071f\u0732\u0720\u071f\u071d\u073c\u0715\u0718\u073f\u0722"},
{"searchkey": "6063", "audio": [], "context": ["Lishani, Yoab Benjamin"], "webrank": 20, "text": [" : 1) a tiara , a miter , a headdress worn by the high-ranking church officials( for the Roman Catholic Church it is  reminiscent of the fish-head shaped headgear worn by some ancient Assyrian medecine-men or priests) ;\r\n2) ", " : a hood ;"], "english": "<td>1) a tiara , a miter , a headdress worn by the high-ranking church officials( for the Roman Catholic Church it is  reminiscent of the fish-head shaped headgear worn by some ancient Assyrian medecine-men or priests) ;\r\n2) <span class=\"context\">Lishani, Yoab Benjamin</span> : a hood ;</td>", "cf": ["<span class=\"wordlink\"><a href=\"dosearch.php?searchkey=12363&amp;language=id\"><span class=\"eastsyriac\">\u0729\u0718\u073c\u0712\u0725\u071d\u073c\u072c\u0735\u0710</span></a>, <a href=\"dosearch.php?searchkey=8226&amp;language=id\"><span class=\"eastsyriac\">\u0721\u0732\u0725\u0726\u072a\u0735\u0710</span></a>, <a href=\"dosearch.php?searchkey=11234&amp;language=id\"><span class=\"eastsyriac\">\u0726\u0732\u0729\u072a\u0723\u071d\u073c\u0722</span></a>, <a href=\"dosearch.php?searchkey=23088&amp;language=id\"><span class=\"eastsyriac\">\u071f\u0712\u0742\u0735\u0722\u072c\u0735\u0710</span></a>, <a href=\"dosearch.php?searchkey=6063&amp;language=id\"><span class=\"eastsyriac\">\u071f\u0732\u0720\u0718\u0735\u0710</span></a>, <a href=\"dosearch.php?searchkey=kositA%27&amp;language=fullsyriac\"><span class=\"eastsyriac\">\u071f\u0718\u073f\u0723\u071d\u073c\u072c\u0735\u0710</span></a>, <a href=\"dosearch.php?searchkey=capArA%27&amp;language=fullsyriac\"><span class=\"eastsyriac\">\u0725\u0732\u0726\u0735\u072a\u0735\u0710</span></a>, <a href=\"dosearch.php?searchkey=sar+kalAwA%27&amp;language=fullsyriac\"><span class=\"eastsyriac\">\u0723\u0732\u072a \u071f\u0732\u0720\u0735\u0718\u0735\u0710</span></a>, <a href=\"dosearch.php?searchkey=27979&amp;language=id\"><span class=\"eastsyriac\">\u0726\u0735\u0718\u0726\u0732\u071a\u072c\u0735\u0710</span></a>, <a href=\"dosearch.php?searchkey=1795&amp;language=id\"><span class=\"eastsyriac\">\u0712\u0735\u072b\u0720\u0738\u0729</span></a></span>", "<span class=\"wordlink\"><a href=\"dosearch.php?searchkey=12599&amp;language=id\"><span class=\"eastsyriac\">\u0729\u0718\u073f\u072a\u0726\u0735\u0729\u0735\u0710</span></a>, <a href=\"dosearch.php?searchkey=1259&amp;language=id\"><span class=\"eastsyriac\">\u0712\u0732\u071d\u072a\u0718\u073c\u0722\u0735\u0710</span></a>, <a href=\"dosearch.php?searchkey=6447&amp;language=id\"><span class=\"eastsyriac\">\u071f\u072a\u0735\u071f\u0742\u072c\u0735\u0710</span></a>, <a href=\"dosearch.php?searchkey=12363&amp;language=id\"><span class=\"eastsyriac\">\u0729\u0718\u073c\u0712\u0725\u071d\u073c\u072c\u0735\u0710</span></a>, <a href=\"dosearch.php?searchkey=8226&amp;language=id\"><span class=\"eastsyriac\">\u0721\u0732\u0725\u0726\u072a\u0735\u0710</span></a>, <a href=\"dosearch.php?searchkey=11234&amp;language=id\"><span class=\"eastsyriac\">\u0726\u0732\u0729\u072a\u0723\u071d\u073c\u0722</span></a>, <a href=\"dosearch.php?searchkey=23088&amp;language=id\"><span class=\"eastsyriac\">\u071f\u0712\u0742\u0735\u0722\u072c\u0735\u0710</span></a>, <a href=\"dosearch.php?searchkey=kositA%27&amp;language=fullsyriac\"><span class=\"eastsyriac\">\u071f\u0718\u073f\u0723\u071d\u073c\u072c\u0735\u0710</span></a>, <a href=\"dosearch.php?searchkey=capArA%27&amp;language=fullsyriac\"><span class=\"eastsyriac\">\u0725\u0732\u0726\u0735\u072a\u0735\u0710</span></a>, <a href=\"dosearch.php?searchkey=27979&amp;language=id\"><span class=\"eastsyriac\">\u0726\u0735\u0718\u0726\u0732\u071a\u072c\u0735\u0710</span></a>, <a href=\"dosearch.php?searchkey=1795&amp;language=id\"><span class=\"eastsyriac\">\u0712\u0735\u072b\u0720\u0738\u0729</span></a></span>"], "key": "6063", "west": "\u071f\u0730\u0720\u0718\u0733\u0710", "phonetic": "<td>' kal wa:</td>", "east": "\u071f\u0732\u0720\u0718\u0735\u0710"},
{"searchkey": "6060", "audio": [], "context": ["see \u0723\u0718\u073c\u072a\u071d\u0735\u0722\u0735\u0710 / \u0722\u0738\u0723\u071b\u0718\u073f\u072a\u0722\u0735\u071d\u0735\u0710", "feminine : \u071f\u0732\u0720\u0715\u0735\u071d\u072c\u0735\u0710"], "webrank": 10, "text": [" : 1) a Chaldean (a member of an ancient Semitic people stemming from today's Syria, established by the Assyrians in the Southern part of their Empire, mostly in the South of Babylonia) ;\r\n2) a person versed in Babylonian lore (astrology, astronomy) , an astrologer , a soothsayer , a seer ;\r\n3) an Eastern Roman Catholic (a christian stemming from the Assyrian Church of the East converted or belonging to the Oriental Roman Catholic Church) ,a Catholic Assyrian member of the Chaldean Catholic Church , ", " ;\r\n", " ;"], "english": "<td>1) a Chaldean (a member of an ancient Semitic people stemming from today's Syria, established by the Assyrians in the Southern part of their Empire, mostly in the South of Babylonia) ;\r\n2) a person versed in Babylonian lore (astrology, astronomy) , an astrologer , a soothsayer , a seer ;\r\n3) an Eastern Roman Catholic (a christian stemming from the Assyrian Church of the East converted or belonging to the Oriental Roman Catholic Church) ,a Catholic Assyrian member of the Chaldean Catholic Church , <span class=\"context\">see <a href=\"dosearch.php?searchkey=suryAnA%27&amp;language=fullsyriac\"><span class=\"eastsyriac\">\u0723\u0718\u073c\u072a\u071d\u0735\u0722\u0735\u0710</span></a> / <a href=\"dosearch.php?searchkey=nesTornAyA%27&amp;language=fullsyriac\"><span class=\"eastsyriac\">\u0722\u0738\u0723\u071b\u0718\u073f\u072a\u0722\u0735\u071d\u0735\u0710</span></a></span> ;\r\n<span class=\"context\">feminine : <a href=\"dosearch.php?searchkey=kaldAytA%27&amp;language=fullsyriac\"><span class=\"eastsyriac\">\u071f\u0732\u0720\u0715\u0735\u071d\u072c\u0735\u0710</span></a></span> ;</td>", "cf": ["<span class=\"wordlink\"><a href=\"dosearch.php?searchkey=16943&amp;language=id\"><span class=\"eastsyriac\">\u0710\u0732\u072a\u0726\u0732\u071f\u0742\u072b\u0735\u0715</span></a>, <a href=\"dosearch.php?searchkey=23478&amp;language=id\"><span class=\"eastsyriac\">\u071f\u0732\u0720\u0715\u0735\u071d\u0718\u073c\u072c\u0742\u0735\u0710</span></a>, <a href=\"dosearch.php?searchkey=30688&amp;language=id\"><span class=\"eastsyriac\">\u071f\u0732\u0720\u0715\u0718\u073c</span></a></span>", "<span class=\"wordlink\"><a href=\"dosearch.php?searchkey=11557&amp;language=id\"><span class=\"eastsyriac\">\u0726\u0732\u072c\u071a\u0735\u0722\u0735\u0710 \u0715\u0726\u0735\u0710\u0720</span></a>, <a href=\"dosearch.php?searchkey=1166&amp;language=id\"><span class=\"eastsyriac\">\u0712\u0735\u071a\u0718\u073c\u072a\u0735\u0710</span></a>, <a href=\"dosearch.php?searchkey=13058&amp;language=id\"><span class=\"eastsyriac\">\u0729\u0735\u0728\u0718\u073f\u0721\u0735\u0710</span></a>, <a href=\"dosearch.php?searchkey=5350&amp;language=id\"><span class=\"eastsyriac\">\u071d\u0732\u0715\u0718\u073c\u0725\u0735\u0710</span></a>, <a href=\"dosearch.php?searchkey=13300&amp;language=id\"><span class=\"eastsyriac\">\u0729\u0732\u072c\u0718\u073f\u0720\u071d\u073c\u0729\u0735\u071d\u0735\u0710</span></a>, <a href=\"dosearch.php?searchkey=11941&amp;language=id\"><span class=\"eastsyriac\">\u0729\u0732\u072c\u0720\u0718\u073f\u0729\u0739\u0710</span></a>, <a href=\"dosearch.php?searchkey=13301&amp;language=id\"><span class=\"eastsyriac\">\u0729\u0732\u072c\u0718\u073f\u0720\u071d\u073c\u0729\u0735\u071d\u0718\u073c\u072c\u0735\u0710</span></a>, <a href=\"dosearch.php?searchkey=13924&amp;language=id\"><span class=\"eastsyriac\">\u071f\u0732\u0718\u071f\u0742\u0712\u0742\u0735\u0718\u0747\u0726\u0735\u0722\u0735\u071d\u0735\u0710</span></a>, <a href=\"dosearch.php?searchkey=584&amp;language=id\"><span class=\"eastsyriac\">\u0710\u0738\u0723\u071b\u072a\u0718\u073f\u0720\u0718\u073f\u0713\u0742\u071d\u073c\u0735\u071d\u073c\u0735\u0710</span></a>, <a href=\"dosearch.php?searchkey=20849&amp;language=id\"><span class=\"eastsyriac\">\u0721\u0738\u0722\u0732\u0713\u0330\u0738\u0721</span></a>, <a href=\"dosearch.php?searchkey=24802&amp;language=id\"><span class=\"eastsyriac\">\u0721\u0718\u073c\u0722\u0732\u0713\u0330\u071d\u073c\u0721</span></a>, <a href=\"dosearch.php?searchkey=21978&amp;language=id\"><span class=\"eastsyriac\">\u071a\u0732\u071d\u0735\u072a\u0735\u0710</span></a>, <a href=\"dosearch.php?searchkey=25856&amp;language=id\"><span class=\"eastsyriac\">\u0721\u0726\u0732\u0720\u0713\u0747\u071d\u073c\u0735\u0722\u0735\u0710</span></a>, <a href=\"dosearch.php?searchkey=&amp;language=fullsyriac\"><span class=\"eastsyriac\"></span></a>, <a href=\"dosearch.php?searchkey=11163&amp;language=id\"><span class=\"eastsyriac\">\u0726\u0735\u0726\u0735\u071d\u0735\u0710</span></a>, <a href=\"dosearch.php?searchkey=28212&amp;language=id\"><span class=\"eastsyriac\">\u0726\u0735\u0726\u0735\u071d\u072c\u0735\u0710</span></a>, <a href=\"dosearch.php?searchkey=248&amp;language=id\"><span class=\"eastsyriac\">\u0710\u0718\u073c\u072a</span></a></span>"], "key": "6060", "west": "\u071f\u0730\u0720\u0715\u0733\u071d\u0733\u0710", "phonetic": "<td>kal ' da: ia:</td>", "east": "\u071f\u0732\u0720\u0715\u0735\u071d\u0735\u0710"}
]