[
{"searchkey": "4940", "audio": [], "context": [], "webrank": 5, "text": [" : a message , news , a notice , a communication , an announcement , a word (written or oral) sent from one person to another , tidings ;"], "english": "<td>a message , news , a notice , a communication , an announcement , a word (written or oral) sent from one person to another , tidings ;</td>", "cf": ["<span class=\"wordlink\"><a href=\"dosearch.php?searchkey=5000&amp;language=id\"><span class=\"eastsyriac\">\u071b\u0718\u073c\u0712\u0742\u0735\u0710</span></a></span>", "<span class=\"wordlink\"><a href=\"dosearch.php?searchkey=14504&amp;language=id\"><span class=\"eastsyriac\">\u072b\u0739\u071a\u0715\u0735\u0710</span></a>, <a href=\"dosearch.php?searchkey=223&amp;language=id\"><span class=\"eastsyriac\">\u0710\u0738\u0718\u0732\u0722\u0713\u0735\u0720\u071d\u073c\u0718\u073f\u0722</span></a>, <a href=\"dosearch.php?searchkey=8600&amp;language=id\"><span class=\"eastsyriac\">\u0721\u0738\u072b\u071b\u0718\u073c\u0720\u0738\u0713</span></a>, <a href=\"dosearch.php?searchkey=9405&amp;language=id\"><span class=\"eastsyriac\">\u0723\u0712\u0735\u072a\u072c\u0735\u0710</span></a></span>"], "key": "4940", "west": "\u071b\u0736\u0710\u0712\u0742\u0733\u0710", "phonetic": "<td>' \u1e6di va:</td>", "east": "\u071b\u0738\u0710\u0712\u0742\u0735\u0710"},
{"searchkey": "7211", "audio": [], "context": [], "webrank": 6, "text": [" : the notification , the announcement , the act of making known , the declaration , the heralding , the act of giving a notice -written convocation / summoning- (?)"], "english": "<td>the notification , the announcement , the act of making known , the declaration , the heralding , the act of giving a notice -written convocation / summoning- (?)</td>", "cf": ["<span class=\"wordlink\"><a href=\"dosearch.php?searchkey=11127&amp;language=id\"><span class=\"eastsyriac\">\u0726\u0732\u0723\u071d\u073c\u0723</span></a>, <a href=\"dosearch.php?searchkey=14222&amp;language=id\"><span class=\"eastsyriac\">\u072b\u0718\u0718\u073c\u0715\u0735\u071d\u0735\u0710</span></a>, <a href=\"dosearch.php?searchkey=6980&amp;language=id\"><span class=\"eastsyriac\">\u0721\u0712\u0732\u0715\u0729\u0735\u0722\u0718\u073c\u072c\u0735\u0710</span></a></span>"], "key": "7211", "west": "\u0721\u0730\u0715\u0730\u0725\u072c\u0733\u0710", "phonetic": "<td>mad da: ' i ta:</td>", "east": "\u0721\u0732\u0715\u0732\u0725\u072c\u0735\u0710"},
{"searchkey": "33304", "audio": [], "context": [], "webrank": 7, "text": [" : 1) a proclamation , an announcement (?) , a publication (?) , a communiqu\u00e9 (?)"], "english": "<td>1) a proclamation , an announcement (?) , a publication (?) , a communiqu\u00e9 (?) ;\r\n<span class=\"locution\"><span class=\"eastsyriac\">\u0721\u0735\u0718\u0715\u0725\u0735\u0722\u0718\u073c\u072c\u0735\u0710 \u0710\u0747\u071a\u0735\u072a\u0735\u071d\u072c\u0735\u0710</span></span> : a ultimatum , <span class=\"context\">see also <a href=\"dosearch.php?searchkey=zuhArA%27&amp;language=fullsyriac\"><span class=\"eastsyriac\">\u0719\u0718\u073c\u0717\u0735\u072a\u0735\u0710</span></a></span> ;\r\n2) specification , stipulation (?) / <span class=\"context\">see <a href=\"dosearch.php?searchkey=tunwAyA%27&amp;language=fullsyriac\"><span class=\"eastsyriac\">\u072c\u0718\u073c\u0722\u0718\u0735\u071d\u0735\u0710</span></a></span> ;</td>", "cf": ["<span class=\"wordlink\"><a href=\"dosearch.php?searchkey=17471&amp;language=id\"><span class=\"eastsyriac\">\u071d\u0715\u0725</span></a></span>", "<span class=\"wordlink\"><a href=\"dosearch.php?searchkey=17926&amp;language=id\"><span class=\"eastsyriac\">\u0721\u0732\u072b\u071a\u0738\u0715</span></a>, <a href=\"dosearch.php?searchkey=32530&amp;language=id\"><span class=\"eastsyriac\">\u0712\u0715\u0729</span></a>, <a href=\"dosearch.php?searchkey=16304&amp;language=id\"><span class=\"eastsyriac\">\u0712\u0735\u0715\u0739\u0729</span></a>, <a href=\"dosearch.php?searchkey=33302&amp;language=id\"><span class=\"eastsyriac\">\u0721\u071b\u0732\u0712\u0712\u0742\u0735\u0722\u0718\u073c\u072c\u0735\u0710</span></a>, <a href=\"dosearch.php?searchkey=33303&amp;language=id\"><span class=\"eastsyriac\">\u0721\u071a\u0735\u0718\u071d\u0735\u0722\u0718\u073c\u072c\u0735\u0710</span></a>, <a href=\"dosearch.php?searchkey=6980&amp;language=id\"><span class=\"eastsyriac\">\u0721\u0712\u0732\u0715\u0729\u0735\u0722\u0718\u073c\u072c\u0735\u0710</span></a>, <a href=\"dosearch.php?searchkey=33305&amp;language=id\"><span class=\"eastsyriac\">\u0721\u0738\u072c\u071f\u0732\u072a\u0719\u0735\u0722\u0718\u073c\u072c\u0735\u0710</span></a></span>"], "key": "33304", "west": "\u0721\u0733\u0718\u0715\u0725\u0733\u0722\u073d\u0718\u072c\u0733\u0710", "phonetic": "<td>mo:d a: ' nu: ta:</td>", "east": "\u0721\u0735\u0718\u0715\u0725\u0735\u0722\u0718\u073c\u072c\u0735\u0710"},
{"searchkey": "33302", "audio": [], "context": [], "webrank": 9, "text": [" : a proclamation , a declaration (?) , an announcement (?) , a pronouncement (?) , a statement (?) , a notification (?) , a publication (?), a communiqu\u00e9 (?) ;"], "english": "<td>a proclamation , a declaration (?) , an announcement (?) , a pronouncement (?) , a statement (?) , a notification (?) , a publication (?), a communiqu\u00e9 (?) ;</td>", "cf": ["<span class=\"wordlink\"><a href=\"dosearch.php?searchkey=TbL&amp;language=fullsyriac\"><span class=\"eastsyriac\">\u071b\u0712\u0742</span></a></span>", "<span class=\"wordlink\"><a href=\"dosearch.php?searchkey=17926&amp;language=id\"><span class=\"eastsyriac\">\u0721\u0732\u072b\u071a\u0738\u0715</span></a>, <a href=\"dosearch.php?searchkey=32530&amp;language=id\"><span class=\"eastsyriac\">\u0712\u0715\u0729</span></a>, <a href=\"dosearch.php?searchkey=16304&amp;language=id\"><span class=\"eastsyriac\">\u0712\u0735\u0715\u0739\u0729</span></a>, <a href=\"dosearch.php?searchkey=33303&amp;language=id\"><span class=\"eastsyriac\">\u0721\u071a\u0735\u0718\u071d\u0735\u0722\u0718\u073c\u072c\u0735\u0710</span></a>, <a href=\"dosearch.php?searchkey=33304&amp;language=id\"><span class=\"eastsyriac\">\u0721\u0735\u0718\u0715\u0725\u0735\u0722\u0718\u073c\u072c\u0735\u0710</span></a>, <a href=\"dosearch.php?searchkey=6980&amp;language=id\"><span class=\"eastsyriac\">\u0721\u0712\u0732\u0715\u0729\u0735\u0722\u0718\u073c\u072c\u0735\u0710</span></a>, <a href=\"dosearch.php?searchkey=33305&amp;language=id\"><span class=\"eastsyriac\">\u0721\u0738\u072c\u071f\u0732\u072a\u0719\u0735\u0722\u0718\u073c\u072c\u0735\u0710</span></a></span>"], "key": "33302", "west": "\u0721\u071b\u0730\u0712\u0712\u0742\u0733\u0722\u073d\u0718\u072c\u0733\u0710", "phonetic": "<td>m\u1e6do wa: ' nu: ta:</td>", "east": "\u0721\u071b\u0732\u0712\u0712\u0742\u0735\u0722\u0718\u073c\u072c\u0735\u0710"},
{"searchkey": "26527", "audio": [], "context": [], "webrank": 10, "text": [" : published news , an announcement ;"], "english": "<td>published news , an announcement ;</td>", "cf": ["<span class=\"wordlink\"><a href=\"dosearch.php?searchkey=26523&amp;language=id\"><span class=\"eastsyriac\">\u0721\u0732\u072b\u0721\u0738\u0725</span></a>, <a href=\"dosearch.php?searchkey=14865&amp;language=id\"><span class=\"eastsyriac\">\u072b\u0721\u0735\u0725\u071d\u0735\u0710</span></a>, <a href=\"dosearch.php?searchkey=26522&amp;language=id\"><span class=\"eastsyriac\">\u072b\u0721\u0735\u0725\u0747\u071d\u072c\u0735\u0710</span></a>, <a href=\"dosearch.php?searchkey=26521&amp;language=id\"><span class=\"eastsyriac\">\u072b\u0735\u0721\u0738\u0725</span></a>, <a href=\"dosearch.php?searchkey=22440&amp;language=id\"><span class=\"eastsyriac\">\u0721\u0732\u072b\u0721\u0735\u0725\u0747\u071d\u072c\u0742\u0735\u0710</span></a>, <a href=\"dosearch.php?searchkey=26523&amp;language=id\"><span class=\"eastsyriac\">\u0721\u0732\u072b\u0721\u0738\u0725</span></a></span>"], "key": "26527", "west": "\u0721\u0730\u072b\u0721\u073d\u0718\u0725\u0736\u0710", "phonetic": "<td>ma\u0161 ' mu i:</td>", "east": "\u0721\u0732\u072b\u0721\u0718\u073f\u0725\u0739\u0710"},
{"searchkey": "2910", "audio": [], "context": [], "webrank": 4, "text": [" : 1) a proclamation , a general notice , a public announcement , a public declaration , a communiqu\u00e9 ;\r\n2) judgement ;"], "english": "<td>1) a proclamation , a general notice , a public announcement , a public declaration , a communiqu\u00e9 ;\r\n2) judgement ;</td>", "cf": ["<span class=\"wordlink\"><a href=\"dosearch.php?searchkey=1054&amp;language=id\"><span class=\"eastsyriac\">\u0712\u0718\u073c\u071d\u0735\u0722\u0735\u0710</span></a>, <a href=\"dosearch.php?searchkey=kArozutA%27&amp;language=fullsyriac\"><span class=\"eastsyriac\">\u071f\u0735\u072a\u0718\u073f\u0719\u0718\u073c\u072c\u0735\u0710</span></a>, <a href=\"dosearch.php?searchkey=makLrzAnutA%27&amp;language=fullsyriac\"><span class=\"eastsyriac\">\u0721\u0732\u071f\u0742\u072a\u0719\u0735\u0722\u0718\u073c\u072c\u0735\u0710</span></a>, <a href=\"dosearch.php?searchkey=petxA%27&amp;language=fullsyriac\"><span class=\"eastsyriac\">\u0726\u0738\u072c\u071a\u0735\u0710</span></a>, <a href=\"dosearch.php?searchkey=1845&amp;language=id\"><span class=\"eastsyriac\">\u0713\u0330\u0735\u0710\u072a</span></a></span>"], "key": "2910", "west": "\u0715\u071d\u0733\u0710\u0720\u0733\u0710\u0720\u073a\u071d\u0733\u0710", "phonetic": "<td>dia la ' li: ia</td>", "east": "\u0715\u071d\u0735\u0710\u0720\u0735\u0710\u0720\u071d\u073c\u0735\u0710"},
{"searchkey": "7520", "audio": [], "context": ["verbal noun of \u0721\u0732\u071a\u0712\u0738\u072a", "Numbers 10, 5"], "webrank": 8, "text": [" : ", " : a warning , an alarm , an intimation , a previous notice of the consequences of a course of conduct , an announcement , giving public notice , a proclamation ;\r\n", " :"], "english": "<td><span class=\"context\">verbal noun of <a href=\"dosearch.php?searchkey=maxber&amp;language=fullsyriac\"><span class=\"eastsyriac\">\u0721\u0732\u071a\u0712\u0738\u072a</span></a></span> : a warning , an alarm , an intimation , a previous notice of the consequences of a course of conduct , an announcement , giving public notice , a proclamation ;\r\n<span class=\"context\">Numbers 10, 5</span> : <span class=\"locution\"><span class=\"eastsyriac\">\u0721\u0735\u071a\u0739\u0710 \u0721\u0732\u071a\u0712\u0732\u072a\u072c\u0735\u0710</span></span> : to sound the alarm , <span class=\"context\">figurative sense ?</span> : to make sit up and take notice (?) , to give a signal (?) / to give a sign (?) / to signal (?) ;</td>", "cf": ["<span class=\"wordlink\"><a href=\"dosearch.php?searchkey=21546&amp;language=id\"><span class=\"eastsyriac\">\u071a\u0735\u0712\u0738\u072a</span></a>, <a href=\"dosearch.php?searchkey=24987&amp;language=id\"><span class=\"eastsyriac\">\u0721\u071a\u0735\u0712\u0742\u0738\u072a</span></a>, <a href=\"dosearch.php?searchkey=7520&amp;language=id\"><span class=\"eastsyriac\">\u0721\u0732\u071a\u0712\u0732\u072a\u072c\u0735\u0710</span></a>, <a href=\"dosearch.php?searchkey=19173&amp;language=id\"><span class=\"eastsyriac\">\u0721\u0732\u071a\u0712\u0738\u072a</span></a></span>", "<span class=\"wordlink\"><a href=\"dosearch.php?searchkey=14438&amp;language=id\"><span class=\"eastsyriac\">\u072b\u0718\u073c\u072a\u0719\u0735\u0725\u0735\u0710</span></a></span>"], "key": "7520", "west": "\u0721\u0730\u071a\u0712\u0730\u072a\u072c\u0733\u0710", "phonetic": "<td>ma\u1e25 ' bar ta:</td>", "east": "\u0721\u0732\u071a\u0712\u0732\u072a\u072c\u0735\u0710"},
{"searchkey": "2510", "audio": [], "context": [], "webrank": 3, "text": [" : a proclamation , an official notice , the act of calling , an announcement , a communiqu\u00e9 ;"], "english": "<td>a proclamation , an official notice , the act of calling , an announcement , a communiqu\u00e9 ;</td>", "cf": ["<span class=\"wordlink\"><a href=\"dosearch.php?searchkey=1845&amp;language=id\"><span class=\"eastsyriac\">\u0713\u0330\u0710\u0735\u072a</span></a>, <a href=\"dosearch.php?searchkey=1846&amp;language=id\"><span class=\"eastsyriac\">\u0713\u0330\u0710\u0735\u072a \u0715\u072a\u0735\u0710</span></a>, <a href=\"dosearch.php?searchkey=gBArkBi&amp;language=fullsyriac\"><span class=\"eastsyriac\">\u0713\u0330\u0735\u072a\u071f\u0330\u071d\u073c</span></a></span>", "<span class=\"wordlink\"><a href=\"dosearch.php?searchkey=1054&amp;language=id\"><span class=\"eastsyriac\">\u0712\u0718\u073c\u071d\u0735\u0722\u0735\u0710</span></a>, <a href=\"dosearch.php?searchkey=16309&amp;language=id\"><span class=\"eastsyriac\">\u071f\u0735\u072a\u0718\u073f\u0719\u0718\u073c\u072c\u0735\u0710</span></a>, <a href=\"dosearch.php?searchkey=16310&amp;language=id\"><span class=\"eastsyriac\">\u0721\u0732\u071f\u0742\u072a\u0719\u0735\u0722\u0718\u073c\u072c\u0735\u0710</span></a>, <a href=\"dosearch.php?searchkey=11555&amp;language=id\"><span class=\"eastsyriac\">\u0726\u0738\u072c\u071a\u0735\u0710</span></a>, <a href=\"dosearch.php?searchkey=2910&amp;language=id\"><span class=\"eastsyriac\">\u0715\u071d\u0735\u0710\u0720\u0735\u0710\u0720\u071d\u073c\u0735\u0710</span></a></span>"], "key": "2510", "west": "\u0713\u0330\u0733\u072a", "phonetic": "<td>' dja:r</td>", "east": "\u0713\u0330\u0735\u072a"},
{"searchkey": "1847", "audio": [], "context": [], "webrank": 2, "text": [" : proclamation , an official announcement , a public notice , advertising / advertisement / publicity ;"], "english": "<td>proclamation , an official announcement , a public notice , advertising / advertisement / publicity ;</td>", "cf": ["<span class=\"wordlink\"><a href=\"dosearch.php?searchkey=1846&amp;language=id\"><span class=\"eastsyriac\">\u0713\u0330\u0735\u0710\u072a \u0715\u072a\u0735\u0710</span></a></span>", "<span class=\"wordlink\"><a href=\"dosearch.php?searchkey=1054&amp;language=id\"><span class=\"eastsyriac\">\u0712\u0718\u073c\u071d\u0735\u0722\u0735\u0710</span></a>, <a href=\"dosearch.php?searchkey=1054&amp;language=id\"><span class=\"eastsyriac\">\u0712\u0718\u073c\u071d\u0735\u0722\u0735\u0710</span></a>, <a href=\"dosearch.php?searchkey=16309&amp;language=id\"><span class=\"eastsyriac\">\u071f\u0735\u072a\u0718\u073f\u0719\u0718\u073c\u072c\u0735\u0710</span></a>, <a href=\"dosearch.php?searchkey=16310&amp;language=id\"><span class=\"eastsyriac\">\u0721\u0732\u071f\u0742\u072a\u0719\u0735\u0722\u0718\u073c\u072c\u0735\u0710</span></a>, <a href=\"dosearch.php?searchkey=11555&amp;language=id\"><span class=\"eastsyriac\">\u0726\u0738\u072c\u071a\u0735\u0710</span></a></span>"], "key": "1847", "west": "\u0713\u0330\u0733\u0710\u072a \u0715\u072a\u0733\u071d\u072c\u0733\u0710", "phonetic": "<td>dja:r ' drai ta</td>", "east": "\u0713\u0330\u0735\u0710\u072a \u0715\u072a\u0735\u071d\u072c\u0735\u0710"},
{"searchkey": "1845", "audio": [], "context": [], "webrank": 1, "text": [" : a proclamation , crying from house-tops , an official announcement to the public ;"], "english": "<td>a proclamation , crying from house-tops , an official announcement to the public ;</td>", "cf": ["<span class=\"wordlink\"><a href=\"dosearch.php?searchkey=1846&amp;language=id\"><span class=\"eastsyriac\">\u0713\u0330\u0710\u0735\u072a \u0715\u072a\u0735\u0710</span></a>, <a href=\"dosearch.php?searchkey=2510&amp;language=id\"><span class=\"eastsyriac\">\u0713\u0330\u0735\u072a</span></a></span>", "<span class=\"wordlink\"><a href=\"dosearch.php?searchkey=2910&amp;language=id\"><span class=\"eastsyriac\">\u0715\u071d\u0735\u0710\u0720\u0735\u0710\u0720\u071d\u073c\u0735\u0710</span></a>, <a href=\"dosearch.php?searchkey=1054&amp;language=id\"><span class=\"eastsyriac\">\u0712\u0718\u073c\u071d\u0735\u0722\u0735\u0710</span></a>, <a href=\"dosearch.php?searchkey=16309&amp;language=id\"><span class=\"eastsyriac\">\u071f\u0735\u072a\u0718\u073f\u0719\u0718\u073c\u072c\u0735\u0710</span></a>, <a href=\"dosearch.php?searchkey=16310&amp;language=id\"><span class=\"eastsyriac\">\u0721\u0732\u071f\u0742\u072a\u0719\u0735\u0722\u0718\u073c\u072c\u0735\u0710</span></a>, <a href=\"dosearch.php?searchkey=11555&amp;language=id\"><span class=\"eastsyriac\">\u0726\u0738\u072c\u071a\u0735\u0710</span></a></span>"], "key": "1845", "west": "\u0713\u0330\u0710\u0733\u072a", "phonetic": "<td>' dja:r</td>", "east": "\u0713\u0330\u0710\u0735\u072a"},
{"searchkey": "14222", "audio": [], "context": [], "webrank": 10, "text": [" : 1) a declaration , a statement , an announcement ;\r\n2) the act of elucidating , an interpretation , expounding / construing / analyzing / dissecting ;\r\n3) an agreement / a covenant , a promise , a guarantee / a warranty / an assurance ;"], "english": "<td>1) a declaration , a statement , an announcement ;\r\n2) the act of elucidating , an interpretation , expounding / construing / analyzing / dissecting ;\r\n3) an agreement / a covenant , a promise , a guarantee / a warranty / an assurance ;</td>", "cf": ["<span class=\"wordlink\"><a href=\"dosearch.php?searchkey=yd%27&amp;language=fullsyriac\"><span class=\"eastsyriac\">\u071d\u0715\u0710</span></a></span>", "<span class=\"wordlink\"><a href=\"dosearch.php?searchkey=11127&amp;language=id\"><span class=\"eastsyriac\">\u0726\u0732\u0723\u071d\u073c\u0723</span></a>, <a href=\"dosearch.php?searchkey=7211&amp;language=id\"><span class=\"eastsyriac\">\u0721\u0732\u0715\u0732\u0725\u072c\u0735\u0710</span></a>, <a href=\"dosearch.php?searchkey=6980&amp;language=id\"><span class=\"eastsyriac\">\u0721\u0712\u0732\u0715\u0729\u0735\u0722\u0718\u073c\u072c\u0735\u0710</span></a>, <a href=\"dosearch.php?searchkey=carAbLutA%27&amp;language=fullsyriac\"><span class=\"eastsyriac\">\u0725\u0732\u072a\u0735\u0712\u0742\u0718\u073c\u072c\u0735\u0710</span></a>, <a href=\"dosearch.php?searchkey=kpulyA%27&amp;language=fullsyriac\"><span class=\"eastsyriac\">\u071f\u0726\u0718\u073c\u0720\u071d\u0735\u0710</span></a></span>"], "key": "14222", "west": "\u072b\u0718\u073d\u0718\u0715\u0733\u071d\u0733\u0710", "phonetic": "<td>\u0161wu: ' da: ia:</td>", "east": "\u072b\u0718\u0718\u073c\u0715\u0735\u071d\u0735\u0710"}
]