[
{"searchkey": "13378", "audio": [], "context": ["figurative sense"], "webrank": 9, "text": [" : 1) desire , longing (for an anticipated object) , yearning , craving , wish , aspiration , lust , appetite , ambition (?) , ", " : hunger , thirst ;\r\n2) sexual desire / want , libido , lechery , lasciviousness / lewdness / prurience , the hots ;\r\n"], "english": "<td>1) desire , longing (for an anticipated object) , yearning , craving , wish , aspiration , lust , appetite , ambition (?) , <span class=\"context\">figurative sense</span> : hunger , thirst ;\r\n2) sexual desire / want , libido , lechery , lasciviousness / lewdness / prurience , the hots ;\r\n</td>", "cf": ["<span class=\"wordlink\"><a href=\"dosearch.php?searchkey=13356&amp;language=id\"><span class=\"eastsyriac\">\u072a\u0739\u0713\u0735\u0742\u0710</span></a>, <a href=\"dosearch.php?searchkey=26236&amp;language=id\"><span class=\"eastsyriac\">\u0721\u072a\u0732\u0713\u072a\u0738\u0713</span></a>, <a href=\"dosearch.php?searchkey=13411&amp;language=id\"><span class=\"eastsyriac\">\u072a\u0739\u0713\u072c\u0735\u0710</span></a></span>", "<span class=\"wordlink\"><a href=\"dosearch.php?searchkey=455&amp;language=id\"><span class=\"eastsyriac\">\u0710\u0735\u0721\u0735\u0713\u0330</span></a>, <a href=\"dosearch.php?searchkey=834&amp;language=id\"><span class=\"eastsyriac\">\u0710\u0738\u072b\u072c\u0717\u0735\u0710\u0718</span></a>, <a href=\"dosearch.php?searchkey=835&amp;language=id\"><span class=\"eastsyriac\">\u0710\u0738\u072b\u072c\u0735\u0718</span></a>, <a href=\"dosearch.php?searchkey=2452&amp;language=id\"><span class=\"eastsyriac\">\u0713\u0722\u071d\u073c\u0722\u0718\u073c\u072c\u0735\u0710</span></a>, <a href=\"dosearch.php?searchkey=3520&amp;language=id\"><span class=\"eastsyriac\">\u0717\u0735\u0723\u072a\u0735\u072c</span></a>, <a href=\"dosearch.php?searchkey=3720&amp;language=id\"><span class=\"eastsyriac\">\u0719\u0735\u0717\u0720</span></a>, <a href=\"dosearch.php?searchkey=5388&amp;language=id\"><span class=\"eastsyriac\">\u071d\u0718\u073c\u0710\u0735\u0712\u0742\u0735\u0710</span></a>, <a href=\"dosearch.php?searchkey=8084&amp;language=id\"><span class=\"eastsyriac\">\u0721\u0723\u0718\u073f\u071a\u0718\u073c\u072c\u0735\u0710</span></a>, <a href=\"dosearch.php?searchkey=9475&amp;language=id\"><span class=\"eastsyriac\">\u0723\u0718\u071d\u071a\u0718\u073c\u072c\u0735\u0710</span></a>, <a href=\"dosearch.php?searchkey=16007&amp;language=id\"><span class=\"eastsyriac\">\u072c\u0732\u072b\u072a\u0718\u073c\u072c\u0735\u0710</span></a>, <a href=\"dosearch.php?searchkey=%27ejthA%27w&amp;language=fullsyriac\"><span class=\"eastsyriac\">\u0710\u0738\u072b\u072c\u0717\u0735\u0710\u0718</span></a></span>"], "key": "13378", "west": "\u072a\u0713\u0742\u073a\u071d\u0713\u0742\u073d\u0718\u072c\u0733\u0710", "phonetic": "<td>rghi: ' ghu: ta :</td>", "east": "\u072a\u0713\u0742\u071d\u073c\u0713\u0742\u0718\u073c\u072c\u0735\u0710"},
{"searchkey": "24369", "audio": [], "context": ["Maclean ; Classical Syriac", "violence ...", "NENA, Classical Syriac", "with \u0720\u071f\u0738\u0723 or \u0729\u0735\u0715\u0747\u0721", "a matter", "sometimes with"], "webrank": 6, "text": [" : 1) ", " : to anticipate , to expect (?) / to foresee (?) , to pre-empt (?) / to forestall (?) / to prevent (?) ", " ;\r\n2) ", " : to get up early in the morning ;\r\n3) to seek early ,to seek diligently ;\r\n4) to come before , to come forward ;\r\n5) ", " : a) to come into the presence of , to report to , b) to bring ", " into the presence of ;\r\n6) "], "english": "<td>1) <span class=\"context\">Maclean ; Classical Syriac</span> : to anticipate , to expect (?) / to foresee (?) , to pre-empt (?) / to forestall (?) / to prevent (?) <span class=\"context\">violence ...</span> ;\r\n2) <span class=\"context\">NENA, Classical Syriac</span> : to get up early in the morning ;\r\n3) to seek early ,to seek diligently ;\r\n4) to come before , to come forward ;\r\n5) <span class=\"context\">with <a href=\"dosearch.php?searchkey=lkes&amp;language=fullsyriac\"><span class=\"eastsyriac\">\u0720\u071f\u0738\u0723</span></a> or <a href=\"dosearch.php?searchkey=qAdMm&amp;language=fullsyriac\"><span class=\"eastsyriac\">\u0729\u0735\u0715\u0747\u0721</span></a></span> : a) to come into the presence of , to report to , b) to bring <span class=\"context\">a matter</span> into the presence of ;\r\n6) <span class=\"context\">sometimes with <span class=\"locution\"><span class=\"eastsyriac\">\u0720\u0710\u0718\u073c\u072a\u071a\u0735\u0710 \u0715</span></span></span> : a) to go to meet , to go early to meet ;\r\n7) <span class=\"context\">with direct object</span> : to go in front , to go before , to ride the point ;\r\n<span class=\"locution\"><span class=\"eastsyriac\">\u0721\u0729\u0735\u0715\u0738\u0721 \u0726\u0732\u0710\u072c\u0742\u0735\u0710 \u0715</span></span> : to disappoint , to let down / to fail ;\r\n<span class=\"locution\"><span class=\"eastsyriac\">\u0721\u0729\u0735\u0715\u0738\u0721 \u071d\u0735\u0720\u0735\u0710 \u0721\u0732\u072a\u0715\u0718\u073c\u072c\u0735\u0710</span></span> : to chasten a boy betimes / while it is still time / in due time / before it is too late ;\r\n8) <span class=\"context\">Lishani</span> : to lead , to be ahead , to guide / show the way , to be an early bird , <span class=\"context\">day</span> : to dawn ;\r\n9) <span class=\"context\">Yoab Benjamin</span> : to present , to introduce , to put forward / to submit ;</td>", "cf": ["<span class=\"wordlink\"><a href=\"dosearch.php?searchkey=21245&amp;language=id\"><span class=\"eastsyriac\">\u0729\u0715\u0721</span></a>, <a href=\"dosearch.php?searchkey=20230&amp;language=id\"><span class=\"eastsyriac\">\u0721\u0729\u0735\u0715\u0747\u0721</span></a>, <a href=\"dosearch.php?searchkey=8382&amp;language=id\"><span class=\"eastsyriac\">\u0721\u0729\u0732\u0715\u0747\u0721</span></a>, <a href=\"dosearch.php?searchkey=26067&amp;language=id\"><span class=\"eastsyriac\">\u0721\u0729\u0735\u0715\u0718\u073f\u0721\u0739\u0710</span></a>, <a href=\"dosearch.php?searchkey=12315&amp;language=id\"><span class=\"eastsyriac\">\u0729\u0732\u0715\u0747\u0721\u0735\u0710</span></a>, <a href=\"dosearch.php?searchkey=28591&amp;language=id\"><span class=\"eastsyriac\">\u0729\u0735\u0715\u0742\u0738\u0721</span></a></span>", "<span class=\"wordlink\"><a href=\"dosearch.php?searchkey=28584&amp;language=id\"><span class=\"eastsyriac\">\u0729\u0735\u0715\u0718\u073f\u0721\u0739\u0710</span></a></span>", "<span class=\"wordlink\"><a href=\"dosearch.php?searchkey=20502&amp;language=id\"><span class=\"eastsyriac\">\u0717\u0735\u0715\u0739\u0710</span></a>, <a href=\"dosearch.php?searchkey=17822&amp;language=id\"><span class=\"eastsyriac\">\u0725\u0720\u0720</span></a>, <a href=\"dosearch.php?searchkey=17328&amp;language=id\"><span class=\"eastsyriac\">\u0715\u0712\u072a</span></a></span>"], "key": "24369", "west": "\u0721\u0729\u0733\u0715\u0736\u0721", "phonetic": "<td>(m) ' qa: dim</td>", "east": "\u0721\u0729\u0735\u0715\u0738\u0721"},
{"searchkey": "13356", "audio": [], "context": ["figurative sense"], "webrank": 8, "text": [" : 1) desire , longing (for an anticipated object) , yearning , craving , wish , aspiration , lust , appetite , ambition (?) , ", " : hunger , thirst ;\r\n\r\n2) -?- : sexual desire (?) / want (?) , libido (?) , lechery (?) , lasciviousness (?) / lewdness (?) / prurience (?) ;\r\n"], "english": "<td>1) desire , longing (for an anticipated object) , yearning , craving , wish , aspiration , lust , appetite , ambition (?) , <span class=\"context\">figurative sense</span> : hunger , thirst ;\r\n\r\n2) -?- : sexual desire (?) / want (?) , libido (?) , lechery (?) , lasciviousness (?) / lewdness (?) / prurience (?) ;\r\n</td>", "cf": ["<span class=\"wordlink\"><a href=\"dosearch.php?searchkey=rg&amp;language=fullsyriac\"><span class=\"eastsyriac\">\u072a\u0713</span></a>, <a href=\"dosearch.php?searchkey=13357&amp;language=id\"><span class=\"eastsyriac\">\u072a\u0739\u0713\u0735\u0710</span></a>, <a href=\"dosearch.php?searchkey=29153&amp;language=id\"><span class=\"eastsyriac\">\u072a\u0739\u0713\u0718\u073c\u072c\u0735\u0710</span></a>, <a href=\"dosearch.php?searchkey=13378&amp;language=id\"><span class=\"eastsyriac\">\u072a\u0713\u0742\u071d\u073c\u0713\u0742\u0718\u073c\u072c\u0735\u0710</span></a>, <a href=\"dosearch.php?searchkey=26236&amp;language=id\"><span class=\"eastsyriac\">\u0721\u072a\u0732\u0713\u072a\u0738\u0713</span></a>, <a href=\"dosearch.php?searchkey=13411&amp;language=id\"><span class=\"eastsyriac\">\u072a\u0739\u0713\u072c\u0735\u0710</span></a></span>", "<span class=\"wordlink\"><a href=\"dosearch.php?searchkey=455&amp;language=id\"><span class=\"eastsyriac\">\u0710\u0735\u0721\u0735\u0713\u0330</span></a>, <a href=\"dosearch.php?searchkey=834&amp;language=id\"><span class=\"eastsyriac\">\u0710\u0738\u072b\u072c\u0717\u0735\u0710\u0718</span></a>, <a href=\"dosearch.php?searchkey=835&amp;language=id\"><span class=\"eastsyriac\">\u0710\u0738\u072b\u072c\u0735\u0718</span></a>, <a href=\"dosearch.php?searchkey=2452&amp;language=id\"><span class=\"eastsyriac\">\u0713\u0722\u071d\u073c\u0722\u0718\u073c\u072c\u0735\u0710</span></a>, <a href=\"dosearch.php?searchkey=3520&amp;language=id\"><span class=\"eastsyriac\">\u0717\u0735\u0723\u072a\u0735\u072c</span></a>, <a href=\"dosearch.php?searchkey=3720&amp;language=id\"><span class=\"eastsyriac\">\u0719\u0735\u0717\u0720</span></a>, <a href=\"dosearch.php?searchkey=5388&amp;language=id\"><span class=\"eastsyriac\">\u071d\u0718\u073c\u0710\u0735\u0712\u0742\u0735\u0710</span></a>, <a href=\"dosearch.php?searchkey=8084&amp;language=id\"><span class=\"eastsyriac\">\u0721\u0723\u0718\u073f\u071a\u0718\u073c\u072c\u0735\u0710</span></a>, <a href=\"dosearch.php?searchkey=9475&amp;language=id\"><span class=\"eastsyriac\">\u0723\u0718\u071d\u071a\u0718\u073c\u072c\u0735\u0710</span></a>, <a href=\"dosearch.php?searchkey=16007&amp;language=id\"><span class=\"eastsyriac\">\u072c\u0732\u072b\u072a\u0718\u073c\u072c\u0735\u0710</span></a>, <a href=\"dosearch.php?searchkey=29410&amp;language=id\"><span class=\"eastsyriac\">\u072b\u0732\u0717\u0718\u0739\u0710</span></a>, <a href=\"dosearch.php?searchkey=29084&amp;language=id\"><span class=\"eastsyriac\">\u0719\u0732\u0720\u071d\u073c\u0720\u0718\u073c\u072c\u0742\u0735\u0710</span></a>, <a href=\"dosearch.php?searchkey=10307&amp;language=id\"><span class=\"eastsyriac\">\u0725\u0735\u0720\u0718\u073f\u0712\u0718\u073c\u072c\u0735\u0710</span></a></span>"], "key": "13356", "west": "\u072a\u0736\u0713\u0742\u0733\u0710", "phonetic": "<td>' ri: gha: </td>", "east": "\u072a\u0739\u0713\u0742\u0735\u0710"},
{"searchkey": "22082", "audio": [], "context": ["Yoab Benjamin", "a nail ...", "Al Qosh ; see \u0721\u071a\u0732\u0721\u0718\u073f\u071d\u0739\u0710"], "webrank": 3, "text": [" : 1) to keep , to preserve , to maintain , to retain , to keep possession of , to save , to hold on , ", " : to hide , to conceal ;\r\n2) to hold up , to support ", " ;\r\n3) ", " : to protect"], "english": "<td>1) to keep , to preserve , to maintain , to retain , to keep possession of , to save , to hold on , <span class=\"context\">Yoab Benjamin</span> : to hide , to conceal ;\r\n2) to hold up , to support <span class=\"context\">a nail ...</span> ;\r\n3) <span class=\"context\">Al Qosh ; see <a href=\"dosearch.php?searchkey=mxamoyE%27&amp;language=fullsyriac\"><span class=\"eastsyriac\">\u0721\u071a\u0732\u0721\u0718\u073f\u071d\u0739\u0710</span></a></span> : to protect ;\r\n<span class=\"locution\"><span class=\"eastsyriac\">\u0721\u071a\u0735\u0721\u0739\u0710 \u0713\u0735\u0722\u0739\u0710 \u0720\u0713\u0739\u0712\u0735\u0710 \u0715</span></span> : to take refuge with ;\r\n4) <a href=\"dosearch.php?searchkey=mxAmE%27+qAdMm&amp;language=fullsyriac\"><span class=\"eastsyriac\">\u0721\u071a\u0735\u0721\u0739\u0710 \u0729\u0735\u0715\u0747\u0721</span></a> : to beat back , to counter , to foil , to parry <span class=\"context\">assaut, attaque ...</span> , to thwart , to preempt / to pre-empt / to leapfrog / to anticipate , <span class=\"context\">see <a href=\"dosearch.php?searchkey=mcATEl&amp;language=fullsyriac\"><span class=\"eastsyriac\">\u0721\u0725\u0735\u071b\u0739\u0720</span></a></span> ;\r\n</td>", "cf": ["<span class=\"wordlink\"><a href=\"dosearch.php?searchkey=22081&amp;language=id\"><span class=\"eastsyriac\">\u0721\u071a\u0735\u0721\u0739\u0710 \u0729\u0735\u0715\u0721</span></a>, <a href=\"dosearch.php?searchkey=22096&amp;language=id\"><span class=\"eastsyriac\">\u071a\u0735\u0721\u0739\u0710</span></a></span>", "<span class=\"wordlink\"><a href=\"dosearch.php?searchkey=24964&amp;language=id\"><span class=\"eastsyriac\">\u0721\u0725\u0735\u071b\u0739\u0720</span></a>, <a href=\"dosearch.php?searchkey=24965&amp;language=id\"><span class=\"eastsyriac\">\u0726\u0732\u0722\u0715\u0738\u0721</span></a></span>"], "key": "22082", "west": "\u0721\u071a\u0733\u0721\u0736\u0710", "phonetic": "<td>(m) ' \u1e25a: mi:</td>", "east": "\u0721\u071a\u0735\u0721\u0739\u0710"},
{"searchkey": "4877", "audio": [], "context": ["Rh\u00e9tor\u00e9"], "webrank": 2, "text": [" : 1) to think , to exercise the faculties of judgement (concetion or inference) , to bring anything to mind , to consider , to have in mind , to regard , to esteem , (?) , to deem (?) , to contemplate (?) , to envisage (?) , to visualize (?) , to anticipate (?) ;\r\n"], "english": "<td>1) to think , to exercise the faculties of judgement (concetion or inference) , to bring anything to mind , to consider , to have in mind , to regard , to esteem , (?) , to deem (?) , to contemplate (?) , to envisage (?) , to visualize (?) , to anticipate (?) ;\r\n<span class=\"context\">Rh\u00e9tor\u00e9 ; <span class=\"locution\"><span class=\"eastsyriac\">\u0721\u0735\u0710 \u071f\u071a\u0735\u072b\u0712\u0742\u0738\u072c : \u0712\u0738\u0715 \u0712\u0735\u072a\u0739\u0710 \u071a\u0735\u0715\u0747 \u0721\u0738\u0722\u0715\u071d\u073c \u0721\u0738\u0722 \u0710\u0735\u0715\u0742\u071d\u073c \u0712\u072a\u071d\u073c\u071f\u0742\u0735\u0710</span></span></span> : what do you think ? : will something ever come out of this Brikha ? / will this Brikha ever amount to anything ? ;\r\n<span class=\"context\">Rh\u00e9tor\u00e9 ; <span class=\"locution\"><span class=\"eastsyriac\">\u0710\u0739\u0710 \u071f\u071a\u0735\u072b\u0712\u0742\u0738\u0722 : \u071d\u0735\u0720\u0735\u0710 \u071b\u0735\u0712\u0742\u0735\u0710\u0747 \u071d\u0720\u0739\u0717 : \u0710\u0732\u0720\u0735\u0717\u0735\u0710 \u0725\u0735\u071d\u0738\u0722\u0739\u0717</span></span></span> : yes, I think so. He is a good child, God help him ;\r\n2) to reckon , to enumerate , to recount ;\r\n3) to recount , to tell -a story- (?) ;\r\n4) <span class=\"context\">see <a href=\"dosearch.php?searchkey=xAjebL&amp;language=fullsyriac\"><span class=\"eastsyriac\">\u071a\u0735\u072b\u0738\u0712\u0742</span></a></span> : to presume , to supposer / to guess , to surmise ;</td>", "cf": ["<span class=\"wordlink\"><a href=\"dosearch.php?searchkey=4271&amp;language=id\"><span class=\"eastsyriac\">\u071a\u0718\u073c\u072b\u0735\u0712\u0742</span></a>, <a href=\"dosearch.php?searchkey=17427&amp;language=id\"><span class=\"eastsyriac\">\u071a\u072b\u0712</span></a>, <a href=\"dosearch.php?searchkey=4274&amp;language=id\"><span class=\"eastsyriac\">\u071a\u0718\u073c\u072b\u0735\u0712\u0742\u0722\u0718\u073c\u072c\u0735\u0710</span></a>, <a href=\"dosearch.php?searchkey=4886&amp;language=id\"><span class=\"eastsyriac\">\u071a\u0735\u072b\u0718\u073c\u0712\u0742\u072c\u0735\u0722\u0718\u073c\u072c\u0735\u0710</span></a>, <a href=\"dosearch.php?searchkey=7621&amp;language=id\"><span class=\"eastsyriac\">\u0721\u0732\u071a\u072b\u0718\u073c\u0712\u0742\u0739\u0710</span></a>, <a href=\"dosearch.php?searchkey=7620&amp;language=id\"><span class=\"eastsyriac\">\u0721\u0732\u071a\u072b\u0732\u0712\u0742\u072c\u0735\u0710</span></a>, <a href=\"dosearch.php?searchkey=4882&amp;language=id\"><span class=\"eastsyriac\">\u071a\u072b\u0735\u0712\u0742\u072c\u0735\u0710</span></a>, <a href=\"dosearch.php?searchkey=4884&amp;language=id\"><span class=\"eastsyriac\">\u071a\u0735\u072b\u0718\u073c\u0712\u0742\u0718\u073c\u072c\u0735\u0710</span></a>, <a href=\"dosearch.php?searchkey=4885&amp;language=id\"><span class=\"eastsyriac\">\u071a\u0735\u072b\u0718\u073c\u0712\u0742\u072c\u0735\u0722\u0735\u0710</span></a>, <a href=\"dosearch.php?searchkey=22367&amp;language=id\"><span class=\"eastsyriac\">\u071a\u0735\u072b\u0718\u073f\u0712\u0742\u0735\u0710</span></a></span>", "<span class=\"wordlink\"><a href=\"dosearch.php?searchkey=17675&amp;language=id\"><span class=\"eastsyriac\">\u0721\u0722\u0710</span></a>, <a href=\"dosearch.php?searchkey=32476&amp;language=id\"><span class=\"eastsyriac\">\u0717\u0712\u0742\u071d\u073c\u0720 \u0720\u0738\u0717 \u0712\u0735\u0720\u0735\u0710</span></a></span>"], "key": "4877", "west": "\u071a\u072b\u0733\u0712\u0742\u0733\u0710", "phonetic": "<td>' \u1e25\u0161a: wa:</td>", "east": "\u071a\u072b\u0735\u0712\u0742\u0735\u0710"},
{"searchkey": "9123", "audio": [], "context": [], "webrank": 7, "text": [" : anxiety , concern / anguish unquiet / restlessness / uneasiness / mental turmoil / disquiet / disquietude / worry (about some future event) , fear (of an impending or anticipated ill) ;"], "english": "<td>anxiety , concern / anguish unquiet / restlessness / uneasiness / mental turmoil / disquiet / disquietude / worry (about some future event) , fear (of an impending or anticipated ill) ;</td>", "cf": ["<span class=\"wordlink\"><a href=\"dosearch.php?searchkey=%27ulSAnA%27&amp;language=fullsyriac\"><span class=\"eastsyriac\">\u0710\u0718\u073c\u0720\u0728\u0735\u0722\u0735\u0710</span></a>, <a href=\"dosearch.php?searchkey=%27uptA%27&amp;language=fullsyriac\"><span class=\"eastsyriac\">\u0710\u0718\u073c\u0726\u072c\u0735\u0710</span></a>, <a href=\"dosearch.php?searchkey=%27liSA%27&amp;language=fullsyriac\"><span class=\"eastsyriac\">\u0710\u0720\u071d\u073c\u0728\u0735\u0710</span></a>, <a href=\"dosearch.php?searchkey=%27anusiA%27&amp;language=fullsyriac\"><span class=\"eastsyriac\">\u0710\u0732\u0722\u0718\u073c\u0723\u071d\u073c\u0735\u0710</span></a>, <a href=\"dosearch.php?searchkey=xAm&amp;language=fullsyriac\"><span class=\"eastsyriac\">\u071a\u0735\u0721</span></a>, <a href=\"dosearch.php?searchkey=yalSuy&amp;language=fullsyriac\"><span class=\"eastsyriac\">\u071d\u0732\u0720\u0728\u0718\u073c\u071d</span></a>, <a href=\"dosearch.php?searchkey=cAqA%27&amp;language=fullsyriac\"><span class=\"eastsyriac\">\u0725\u0735\u0729\u0735\u0710</span></a>, <a href=\"dosearch.php?searchkey=cayiqutA%27&amp;language=fullsyriac\"><span class=\"eastsyriac\">\u0725\u0732\u071d\u071d\u073c\u0729\u0718\u073c\u072c\u0735\u0710</span></a>, <a href=\"dosearch.php?searchkey=cAwqAnA%27&amp;language=fullsyriac\"><span class=\"eastsyriac\">\u0725\u0735\u0718\u0729\u0735\u0722\u0735\u0710</span></a></span>"], "key": "9123", "west": "\u0722\u073a\u071d\u0713\u0733\u072a\u0733\u0722\u073d\u0718\u072c\u0733\u0710", "phonetic": "<td>ni ga: ra: ' nu ta:</td>", "east": "\u0722\u071d\u073c\u0713\u0735\u072a\u0735\u0722\u0718\u073c\u072c\u0735\u0710"},
{"searchkey": "8168", "audio": [], "context": [], "webrank": 4, "text": [" : expected , awaited , waited for , due (to come ) , anticipated ;"], "english": "<td>expected , awaited , waited for , due (to come ) , anticipated ;</td>", "cf": [], "key": "8168", "west": "\u0721\u0736\u0723\u072c\u0730\u071f\u0742\u071d\u0733\u0722\u0733\u0710", "phonetic": "<td>mis ta\u1e25 ' ia na</td>", "east": "\u0721\u0738\u0723\u072c\u0732\u071f\u0742\u071d\u0735\u0722\u0735\u0710"},
{"searchkey": "8169", "audio": [], "context": [], "webrank": 5, "text": [" : expectedly , with an expectation , hoped for , anticipatedly , duly , as expected , as arranged ;"], "english": "<td>expectedly , with an expectation , hoped for , anticipatedly , duly , as expected , as arranged ;</td>", "cf": [], "key": "8169", "west": "\u0721\u0736\u0723\u072c\u0730\u071f\u0742\u071d\u0733\u0722\u0733\u0710\u073a\u071d\u072c", "phonetic": "<td>mis ta\u1e25 ia ' na it</td>", "east": "\u0721\u0738\u0723\u072c\u0732\u071f\u0742\u071d\u0735\u0722\u0735\u0710\u071d\u073c\u072c"},
{"searchkey": "32258", "audio": [], "context": ["Sokoloff"], "webrank": 1, "text": [" : ", " : 1) to be ripe ;\r\n2) to be first ;\r\n3) to precede , lead the way ; \r\n4)"], "english": "<td><span class=\"context\">Sokoloff</span> : 1) to be ripe ;\r\n2) to be first ;\r\n3) to precede , lead the way ; \r\n4)<span class=\"locution\"><span class=\"eastsyriac\">\u0729\u0732\u0715\u0738\u0721 \u0712\u0732\u071f\u0742\u0735\u072a</span></span>  :to anticipate , <span class=\"context\">event, problem, result ...?</span> : to foresee (?) / to expect (?) , to pre-empt (?) / to be proactive (?) , to forestall (?) , <span class=\"context\">wish, request ...?</span> : to anticipate (?) ;\r\n5) to bring first fruits ;</td>", "cf": ["<span class=\"wordlink\"><a href=\"dosearch.php?searchkey=1356&amp;language=id\"><span class=\"eastsyriac\">\u0712\u071f\u0742\u071d\u073c\u072a\u0735\u071d\u0735\u0710</span></a></span>", "<span class=\"wordlink\"><a href=\"dosearch.php?searchkey=1356&amp;language=id\"><span class=\"eastsyriac\">\u0712\u071f\u0742\u071d\u073c\u072a\u0735\u071d\u0735\u0710</span></a></span>"], "key": "32258", "west": "\u0712\u071f\u072a", "phonetic": "<td>ba:ke:r</td>", "east": "\u0712\u071f\u072a"}
]