[
{"searchkey": "16042", "audio": [], "context": [], "webrank": 8, "text": [" : 1) a ring (a band of precious metal worn on a finger) , a signet-ring ;\r\n2) a signet , a seal / stamp (to mark documents) ;\r\n\r\n3)"], "english": "<td>1) a ring (a band of precious metal worn on a finger) , a signet-ring ;\r\n2) a signet , a seal / stamp (to mark documents) ;\r\n\r\n3) <span class=\"locution\"><span class=\"eastsyriac\">\u0725\u0719\u0732\u0729\u072c\u0735\u0710</span></span> : a loop , a fold through which anything may be passed , a cringle (?) ;</td>", "cf": ["<span class=\"wordlink\"><a href=\"dosearch.php?searchkey=10238&amp;language=id\"><span class=\"eastsyriac\">\u0725\u0738\u0719\u0732\u0729\u072c\u0735\u0710</span></a></span>", "<span class=\"wordlink\"><a href=\"dosearch.php?searchkey=22402&amp;language=id\"><span class=\"eastsyriac\">\u071a\u0735\u072c\u0738\u0721</span></a>, <a href=\"dosearch.php?searchkey=4926&amp;language=id\"><span class=\"eastsyriac\">\u071a\u072c\u0735\u0721\u0735\u0710</span></a>, <a href=\"dosearch.php?searchkey=4928&amp;language=id\"><span class=\"eastsyriac\">\u071a\u072c\u0735\u0721\u072c\u0710</span></a>, <a href=\"dosearch.php?searchkey=4927&amp;language=id\"><span class=\"eastsyriac\">\u071a\u0735\u072c\u0742\u0721\u0735\u0710</span></a></span>"], "key": "16042", "west": "\u0710\u0736\u0719\u0730\u0729\u072c\u0733\u0710", "phonetic": "<td>i ' zaq ta</td>", "east": "\u0710\u0739\u0719\u0732\u0729\u072c\u0735\u0710"},
{"searchkey": "166", "audio": ["./audio/entry166.mp3"], "context": [], "webrank": 4, "text": [" : an enigma , a puzzle , a conundrum , a mystery / anything that puzzles or baffles , a riddle ; "], "english": "<td>an enigma , a puzzle , a conundrum , a mystery / anything that puzzles or baffles , a riddle ; </td>", "cf": ["<span class=\"wordlink\"><a href=\"dosearch.php?searchkey=%27xd&amp;language=fullsyriac\"><span class=\"eastsyriac\">\u0710\u071a\u0715</span></a>, <a href=\"dosearch.php?searchkey=34706&amp;language=id\"><span class=\"eastsyriac\">\u0710\u0718\u073c\u071a\u0715\u072c\u0735\u0710</span></a></span>", "<span class=\"wordlink\"><a href=\"dosearch.php?searchkey=10999&amp;language=id\"><span class=\"eastsyriac\">\u0726\u0738\u0720\u0739\u0710\u072c\u0735\u0710</span></a>, <a href=\"dosearch.php?searchkey=18298&amp;language=id\"><span class=\"eastsyriac\">\u071b\u0738\u0721\u072a\u0735\u0710</span></a>, <a href=\"dosearch.php?searchkey=34707&amp;language=id\"><span class=\"eastsyriac\">\u0720\u0738\u0713\u0742\u0719\u0735\u0710</span></a>, <a href=\"dosearch.php?searchkey=10200&amp;language=id\"><span class=\"eastsyriac\">\u0725\u0718\u073c\u072a\u0719\u0735\u0720\u0735\u0710</span></a>, <a href=\"dosearch.php?searchkey=12692&amp;language=id\"><span class=\"eastsyriac\">\u0729\u0738\u071b\u072a\u0735\u0710</span></a>, <a href=\"dosearch.php?searchkey=26988&amp;language=id\"><span class=\"eastsyriac\">\u0729\u0738\u0728\u0721\u0735\u0710</span></a>, <a href=\"dosearch.php?searchkey=34706&amp;language=id\"><span class=\"eastsyriac\">\u0710\u0718\u073c\u071a\u0715\u072c\u0735\u0710</span></a></span>"], "key": "166", "west": "\u0710\u073d\u0718\u071a\u0730\u0715\u072c\u0733\u0710", "phonetic": "<td>u: ' \u1e25ad ta:</td>", "east": "\u0710\u0718\u073c\u071a\u0732\u0715\u072c\u0735\u0710"},
{"searchkey": "170", "audio": ["./audio/entry170.mp3"], "context": [], "webrank": 5, "text": [" : veteran , long exercised in anything (especially military)"], "english": "<td>veteran , long exercised in anything (especially military)</td>", "cf": [], "key": "170", "west": "\u0710\u0736\u0718\u071b\u072a\u0733\u0722\u0733\u0710", "phonetic": "<td>uT'ra:na</td>", "east": "\u0710\u0739\u0718\u071b\u072a\u0735\u0722\u0735\u0710"},
{"searchkey": "31036", "audio": [], "context": ["Rh\u00e9tor\u00e9 ; present :"], "webrank": 10, "text": [" : 1) "], "english": "<td>1) <span class=\"context\">Rh\u00e9tor\u00e9 ; present : <span class=\"locution\"><span class=\"eastsyriac\">\u0710\u071d\u073c\u0712\u071d\u073c</span></span></span> : I can , I am able to ;\r\n<span class=\"context\">masculine : <span class=\"locution\"><span class=\"eastsyriac\">\u0710\u071d\u073c\u0712\u0718\u073f\u071f\u0742</span></span> / feminine :<span class=\"locution\"><span class=\"eastsyriac\">\u0710\u071d\u073c\u0712\u0735\u071f\u0742</span></span></span> : thou / you can ;\r\n<span class=\"locution\"><span class=\"eastsyriac\">\u0710\u071d\u073c\u0712\u0739\u0717</span></span> : he can ;\r\n<span class=\"locution\"><span class=\"eastsyriac\">\u0710\u071d\u073c\u0712\u0735\u0717\u073f</span></span> : she can ;\r\n<span class=\"locution\"><span class=\"eastsyriac\">\u0710\u071d\u073c\u0712\u0732\u0722</span></span> : we can ;\r\n<span class=\"locution\"><span class=\"eastsyriac\">\u0710\u071d\u073c\u0712\u0735\u0718\u071f\u0742\u0718\u073c</span></span> / <span class=\"locution\"><span class=\"eastsyriac\">\u0710\u071d\u073c\u0712\u0735\u0718\u071f\u0742\u0718\u073c\u0722</span></span> : you can ;\r\n<span class=\"locution\"><span class=\"eastsyriac\">\u0710\u071d\u073c\u0712\u0732\u071d</span></span> : they can ;\r\n<span class=\"locution\"><span class=\"eastsyriac\">\u0710\u071d\u073c\u0712\u0732\u0722 \u0715\u0721\u0732\u0726\u0729\u0739\u071d\u071a \u0725\u0732\u071d\u0308\u0722\u0718\u073f\u071f\u0742</span></span> : we can pluck out / gouge out your eyes ;\r\n2) <span class=\"context\">Rh\u00e9tor\u00e9 ; imperfect : <span class=\"locution\"><span class=\"eastsyriac\">\u0710\u071d\u073c\u072c\u0742 \u0717\u0747\u0718\u0735\u0710 \u0712\u071d\u073c</span></span> / <span class=\"locution\"><span class=\"eastsyriac\">\u0710\u0738\u072c\u0742 \u0717\u0747\u0718\u0735\u0710 \u0712\u071d\u073c</span></span></span> : I could , I was able to ;\r\n<span class=\"context\">masculine : <span class=\"locution\"><span class=\"eastsyriac\">\u0710\u071d\u073c\u072c\u0742 \u0717\u0747\u0718\u0710 \u0712\u0718\u073f\u071f\u0742</span></span> / <span class=\"locution\"><span class=\"eastsyriac\">\u0710\u0738\u072c\u0742 \u0717\u0747\u0718\u0735 \u0712\u0718\u073f\u071f\u0742</span></span> ; feminine : <span class=\"locution\"><span class=\"eastsyriac\">\u0710\u071d\u073c\u072c\u0742 \u0717\u0747\u0718\u0735\u0710 \u0712\u0735\u071f\u0742</span></span> / <span class=\"locution\"><span class=\"eastsyriac\">\u0710\u0738\u072c\u0742 \u0717\u0747\u0718\u0735\u0710 \u0712\u0735\u071f\u0742</span></span></span> : thou / you could , you were able to ;\r\n<span class=\"locution\"><span class=\"eastsyriac\">\u0710\u071d\u073c\u072c\u0742 \u0717\u0747\u0718\u0735\u0710 \u0712\u0739\u0717</span></span> / <span class=\"locution\"><span class=\"eastsyriac\">\u0710\u0738\u072c\u0742 \u0717\u0747\u0718\u0735\u0710 \u0712\u0739\u0717</span></span> : he could , he was able to ;\r\n<span class=\"locution\"><span class=\"eastsyriac\">\u0710\u071d\u073c\u072c\u0742 \u0717\u0747\u0718\u0735\u0710 \u0712\u0735\u0717\u073f</span></span> / <span class=\"locution\"><span class=\"eastsyriac\">\u0710\u0738\u072c\u0742 \u0717\u0747\u0718\u0735\u0710 \u0712\u0735\u0717\u073f</span></span> : she could , she was able to ;\r\n<span class=\"locution\"><span class=\"eastsyriac\">\u0710\u071d\u073c\u072c\u0742 \u0717\u0747\u0718\u0735 \u0712\u0732\u0722</span></span> / <span class=\"locution\"><span class=\"eastsyriac\">\u0710\u0738\u072c\u0742 \u0717\u0747\u0718\u0735\u0710 \u0712\u0732\u0722</span></span> : we could , we were able to ;\r\n<span class=\"locution\"><span class=\"eastsyriac\">\u0710\u071d\u073c\u072c\u0742 \u0717\u0747\u0718\u0735\u0710 \u0712\u0735\u0718\u071f\u0742\u0718\u073c</span></span> / <span class=\"locution\"><span class=\"eastsyriac\">\u0710\u071d\u073c\u072c\u0742 \u0717\u0747\u0718\u0735\u0710\u0712\u0735\u0718\u071f\u0742\u0718\u073c\u0722</span></span> / <span class=\"locution\"><span class=\"eastsyriac\">\u0710\u0738\u072c \u0717\u0747\u0718\u0735\u0710 \u0712\u0735\u0718\u071f\u0742\u0718\u073c</span></span> : you could , you were able to ;\r\n<span class=\"locution\"><span class=\"eastsyriac\">\u0710\u071d\u073c\u072c\u0742 \u0717\u0747\u0718\u0735\u0710 \u0712\u0732\u071d</span></span> / <span class=\"locution\"><span class=\"eastsyriac\">\u0710\u0738\u072c\u0742 \u0717\u0747\u0718\u0735\u0710 \u0712\u0732\u071d</span></span> : they could , they were able to ;\r\n<span class=\"locution\"><span class=\"eastsyriac\">\u0710\u071d\u073c\u072c\u0742 \u0717\u0747\u0718\u0735\u0710 \u0712\u0739\u0717 \u0715\u0725\u0735\u0712\u0738\u0715\u0742 \u0712\u072a\u071f\u071d\u073c\u071f\u0742\u0718\u073c\u072c\u0742\u0735\u0710 \u0725\u0738\u0721\u0735\u0717\u073f</span></span> : he could act with gentleness / gently with her ;\r\n3) <span class=\"context\">negative ; present : <span class=\"locution\"><span class=\"eastsyriac\">\u0720\u0732\u071d\u0712\u071d\u073c</span></span> (for <span class=\"locution\"><span class=\"eastsyriac\">\u0720\u0732\u071d\u072c\u0742 \u0712\u071d\u073c</span></span></span> : I cannot , I can' t , I am not able to , I am unable to ;\r\n<span class=\"context\">masculine : <span class=\"locution\"><span class=\"eastsyriac\">\u0720\u0732\u071d\u0712\u0718\u073f\u071f\u0742</span></span> / feminine <span class=\"locution\"><span class=\"eastsyriac\">\u0720\u0732\u071d\u0712\u0735\u071f\u0742</span></span></span> : thou / you cannot , you can't , you are unable to ;\r\n<span class=\"context\">imperfect ; <span class=\"locution\"><span class=\"eastsyriac\">\u0720\u0732\u071d\u072c\u0742 \u0717\u0747\u0718\u0735\u0710 \u0712\u071d\u073c</span></span> / <span class=\"locution\"><span class=\"eastsyriac\">\u0720\u0732\u072c\u0742 \u0717\u0747\u0718\u0735\u0710 \u0712\u071d\u073c</span></span></span> : I could not , I couldn't , I was unable to ;\r\n<span class=\"locution\"><span class=\"eastsyriac\">\u0720\u0732\u071d\u0712\u071d\u073c \u0725\u0738\u0720\u0739\u0717</span></span> : I cannot do anything against him ;</td>", "cf": ["<span class=\"wordlink\"><a href=\"dosearch.php?searchkey=354&amp;language=id\"><span class=\"eastsyriac\">\u0710\u071d\u073c\u072c\u0742</span></a></span>", "<span class=\"wordlink\"><a href=\"dosearch.php?searchkey=31077&amp;language=id\"><span class=\"eastsyriac\">\u0721\u0728\u0735\u071d\u0735\u0710</span></a>, <a href=\"dosearch.php?searchkey=16731&amp;language=id\"><span class=\"eastsyriac\">\u0721\u0735\u0728\u0738\u0710</span></a></span>"], "key": "31036", "west": "\u0710\u073a\u071d\u0712\u073a\u071d", "phonetic": "<td>' i: bi:</td>", "east": "\u0710\u071d\u073c\u0712\u071d\u073c"},
{"searchkey": "227", "audio": ["./audio/entry227.mp3"], "context": ["of anything"], "webrank": 6, "text": [" : 1) an essence , a contracted extract of any substance , a substance ;\r\n2) nature ", " ;"], "english": "<td>1) an essence , a contracted extract of any substance , a substance ;\r\n2) nature <span class=\"context\">of anything</span> ;</td>", "cf": ["<span class=\"wordlink\"><a href=\"dosearch.php?searchkey=228&amp;language=id\"><span class=\"eastsyriac\">\u0710\u0718\u073c\u0723\u071d\u073c\u0735\u0710\u071d\u073c\u072c</span></a>, <a href=\"dosearch.php?searchkey=%27usiAyA%27&amp;language=fullsyriac\"><span class=\"eastsyriac\">\u0710\u0718\u073c\u0723\u071d\u073c\u0735\u071d\u0735\u0710</span></a></span>", "<span class=\"wordlink\"><a href=\"dosearch.php?searchkey=10752&amp;language=id\"><span class=\"eastsyriac\">\u0726\u0718\u073f\u0723\u071d\u073c\u0723</span></a>, <a href=\"dosearch.php?searchkey=19090&amp;language=id\"><span class=\"eastsyriac\">\u071b\u0732\u0712\u0742\u0725\u0735\u0710</span></a>, <a href=\"dosearch.php?searchkey=23388&amp;language=id\"><span class=\"eastsyriac\">\u071f\u071d\u0735\u0722\u0735\u071d\u0718\u073c\u072c\u0735\u0710</span></a>, <a href=\"dosearch.php?searchkey=15259&amp;language=id\"><span class=\"eastsyriac\">\u0710\u0732\u0728\u0720\u0735\u0710</span></a>, <a href=\"dosearch.php?searchkey=313&amp;language=id\"><span class=\"eastsyriac\">\u0710\u0732\u071d\u071f\u0732\u0722\u0735\u071d\u0718\u073c\u072c\u0735\u0710</span></a>, <a href=\"dosearch.php?searchkey=5977&amp;language=id\"><span class=\"eastsyriac\">\u071f\u071d\u0735\u0722\u0735\u0710</span></a>, <a href=\"dosearch.php?searchkey=10279&amp;language=id\"><span class=\"eastsyriac\">\u0725\u0732\u071d\u0722</span></a>, <a href=\"dosearch.php?searchkey=5977&amp;language=id\"><span class=\"eastsyriac\">\u071f\u071d\u0735\u0722\u0735\u0710</span></a>, <a href=\"dosearch.php?searchkey=30278&amp;language=id\"><span class=\"eastsyriac\">\u071d\u0735\u072c\u0742\u0735\u0710</span></a>, <a href=\"dosearch.php?searchkey=356&amp;language=id\"><span class=\"eastsyriac\">\u0710\u071d\u073c\u072c\u0718\u073c\u072c\u0735\u0710</span></a></span>"], "key": "227", "west": "\u0710\u073d\u0718\u0723\u073a\u071d\u0733\u0710", "phonetic": "<td>u: si: ia:</td>", "east": "\u0710\u0718\u073c\u0723\u071d\u073c\u0735\u0710"},
{"searchkey": "269", "audio": [], "context": [], "webrank": 7, "text": [" : length , longitude , the longest dimension of an object  , in distiction from width , the measure of anything from end to end ;"], "english": "<td>length , longitude , the longest dimension of an object  , in distiction from width , the measure of anything from end to end ;</td>", "cf": ["<span class=\"wordlink\"><a href=\"dosearch.php?searchkey=%27rk&amp;language=fullsyriac\"><span class=\"eastsyriac\">\u0710\u072a\u071f</span></a>, <a href=\"dosearch.php?searchkey=270&amp;language=id\"><span class=\"eastsyriac\">\u0710\u0718\u073c\u072a\u071f\u0742\u0735\u0722\u0735\u071d\u0735\u0710</span></a>, <a href=\"dosearch.php?searchkey=5422&amp;language=id\"><span class=\"eastsyriac\">\u071d\u0718\u073c\u072a\u071f\u0742\u0735\u0710</span></a></span>"], "key": "269", "west": "\u0710\u073d\u0718\u072a\u071f\u0742\u0733\u0710", "phonetic": "<td>' u:r \u1e25a:</td>", "east": "\u0710\u0718\u073c\u072a\u071f\u0742\u0735\u0710"},
{"searchkey": "16049", "audio": [], "context": ["figurative sense"], "webrank": 9, "text": [" : (transitive verb) : 1) to geld , to emasculate , to neuter , ", " : to deprive of anything essential / strength / vigor , to emasculate , to adulterate (?) / pervert (?) ;\r\n2) to behead , to cut the head off , to decapitate , to decollate ;"], "english": "<td>(transitive verb) : 1) to geld , to emasculate , to neuter , <span class=\"context\">figurative sense</span> : to deprive of anything essential / strength / vigor , to emasculate , to adulterate (?) / pervert (?) ;\r\n2) to behead , to cut the head off , to decapitate , to decollate ;</td>", "cf": ["<span class=\"wordlink\"><a href=\"dosearch.php?searchkey=16048&amp;language=id\"><span class=\"eastsyriac\">\u0710\u0732\u071a\u072c\u0735\u0710</span></a>, <a href=\"dosearch.php?searchkey=10038&amp;language=id\"><span class=\"eastsyriac\">\u0725\u0712\u0742\u0735\u0715\u0735\u0710</span></a></span>", "<span class=\"wordlink\"><a href=\"dosearch.php?searchkey=12676&amp;language=id\"><span class=\"eastsyriac\">\u0729\u071b\u0735\u0725</span></a>, <a href=\"dosearch.php?searchkey=16030&amp;language=id\"><span class=\"eastsyriac\">\u0726\u0735\u072a\u0738\u0721</span></a>, <a href=\"dosearch.php?searchkey=16029&amp;language=id\"><span class=\"eastsyriac\">\u0726\u0735\u0723\u0739\u0729 \u072a\u0739\u072b\u0735\u0710</span></a>, <a href=\"dosearch.php?searchkey=9952&amp;language=id\"><span class=\"eastsyriac\">\u0723\u072a\u071d\u073c\u0723\u0735\u0710</span></a>, <a href=\"dosearch.php?searchkey=13309&amp;language=id\"><span class=\"eastsyriac\">\u072a\u0732\u0712 \u0721\u0717\u0732\u071d\u0721\u0722\u0739\u0710</span></a>, <a href=\"dosearch.php?searchkey=225&amp;language=id\"><span class=\"eastsyriac\">\u0710\u0718\u073c\u0722\u0718\u073c\u071f\u0723\u0735\u0710</span></a>, <a href=\"dosearch.php?searchkey=4169&amp;language=id\"><span class=\"eastsyriac\">\u071a\u0735\u0718\u0713\u0330\u0735\u0710</span></a>, <a href=\"dosearch.php?searchkey=12368&amp;language=id\"><span class=\"eastsyriac\">\u0729\u0735\u0718\u0713\u0330\u0735\u0710</span></a>, <a href=\"dosearch.php?searchkey=4726&amp;language=id\"><span class=\"eastsyriac\">\u071a\u0728\u0735\u0710</span></a>, <a href=\"dosearch.php?searchkey=4134&amp;language=id\"><span class=\"eastsyriac\">\u071a\u0715\u0735\u0721\u0735\u0710</span></a>, <a href=\"dosearch.php?searchkey=21959&amp;language=id\"><span class=\"eastsyriac\">\u071a\u0735\u0728\u0739\u0710</span></a></span>"], "key": "16049", "west": "\u0710\u0730\u071a\u072c\u0733\u0710 \u0725\u0712\u0742\u0733\u0715\u0733\u0710", "phonetic": "<td>' a\u1e25 ta ' e ' va da</td>", "east": "\u0710\u0732\u071a\u072c\u0735\u0710 \u0725\u0712\u0742\u0735\u0715\u0735\u0710"},
{"searchkey": "18465", "audio": [], "context": ["with"], "webrank": 3, "text": [" : "], "english": "<td><span class=\"context\">with <span class=\"locution\"><span class=\"eastsyriac\">\u071a\u0738\u0720\u0721\u0732\u072c</span></span>prefixed</span> : (a formula to take leave) , do you have any business for me ?, is there anything I can do for you ? , if you will allow me I will take leave ;\r\n</td>", "cf": ["<span class=\"wordlink\"><a href=\"dosearch.php?searchkey=basimutA%27&amp;language=fullsyriac\"><span class=\"eastsyriac\">\u0712\u0732\u0723\u071d\u073c\u0721\u0718\u073c\u072c\u0735\u0710</span></a></span>"], "key": "18465", "west": "\u0710\u0733\u0718\u073d\u0718\u0723", "phonetic": "<td>' a: wu:s</td>", "east": "\u0710\u0735\u0718\u0718\u073f\u0723"},
{"searchkey": "16451", "audio": [], "context": ["demonstrative adjective and pronoun , masculine and feminine"], "webrank": 2, "text": [" : ", " : this one , that one , this , that"], "english": "<td><span class=\"context\">demonstrative adjective and pronoun , masculine and feminine</span> : this one , that one , this , that ;\r\n<span class=\"locution\"><span class=\"eastsyriac\">\u0710\u0735\u0715\u071d\u073c\u0720\u0739\u0717 \u0712\u072a\u0718\u073f\u0722\u071d\u073c</span></span> : this is my son , this one is my son , here is my son ;\r\n<span class=\"context\">Rh\u00e9tor\u00e9 : <span class=\"locution\"><span class=\"eastsyriac\">\u0710\u0747\u0722\u0735\u072b\u0735\u0710 \u0715\u0739\u071d\u071f\u0742 \u0715\u0710\u0735\u0715\u0742\u071d\u073c</span></span></span> : a man like that / such as that one ;\r\n<span class=\"context\">Rh\u00e9tor\u00e9 : <span class=\"locution\"><span class=\"eastsyriac\">\u0710\u0735\u0715\u0742 \u0715\u071a\u0735\u071d\u0739\u0710 \u0725\u0738\u0721\u0718\u073f\u071f\u0742</span></span></span> : the one who lives with you , he who lives with you ;\r\n<span class=\"context\">Rh\u00e9tor\u00e9 ; <span class=\"locution\"><span class=\"eastsyriac\">\u0710\u0735\u0715\u0742\u071d\u073c \u0712\u0732\u071f\u0742\u072c\u0735\u0710 \u0720\u0735\u0710 \u071f\u071f\u0735\u0720\u071d\u0735\u0710 \u0721\u0738\u0720\u0735\u071a\u0735\u0710</span></span></span> : that woman keeps on working , never stops working ;\r\n<span class=\"context\">Rh\u00e9tor\u00e9 ; <span class=\"locution\"><span class=\"eastsyriac\">\u071f\u072c\u0742\u071d\u073c\u0712\u0742 \u0720\u071d\u073c \u0710\u0735\u0715\u0742\u071d\u073c</span></span></span> : I wrote this ;\r\n<span class=\"context\">plural both genders : <a href=\"dosearch.php?searchkey=%27Ani&amp;language=fullsyriac\"><span class=\"eastsyriac\">\u0710\u0735\u0722\u071d\u073c</span></a> / <a href=\"dosearch.php?searchkey=%27An&amp;language=fullsyriac\"><span class=\"eastsyriac\">\u0710\u0735\u0722</span></a> / <a href=\"dosearch.php?searchkey=%27Anay&amp;language=fullsyriac\"><span class=\"eastsyriac\">\u0710\u0735\u0722\u0732\u071d</span></a></span> : these ones , these , those ones , those ;\r\n<span class=\"context\">Rh\u00e9tor\u00e9 ; <span class=\"locution\"><span class=\"eastsyriac\">\u0718\u0725\u072a\u071d\u073c\u0729 \u0720\u0739\u0717 \u0721\u0718\u073c\u072b\u0739\u0710 \u0712\u0710\u0735\u0715\u0742\u071d\u073c \u072c\u0732\u0722\u0735\u071d\u072c\u0742\u0735\u0710</span></span></span> : and Moses fled at those words ;\r\n<span class=\"locution\"><span class=\"eastsyriac\">\u0710\u0735\u0715\u071d\u073c \u0715\u071d\u073c\u0720\u0739\u0717 \u071b\u0735\u0720\u0718\u073f\u071f\u0742</span></span> : the one that is yours ;\r\n<span class=\"locution\"><span class=\"eastsyriac\">\u0710\u0735\u0715\u071d\u073c \u0715\u0710\u0747\u0721\u071d\u073c\u072a\u0718\u073f\u071f\u0742</span></span> / <span class=\"locution\"><span class=\"eastsyriac\">\u0717\u0735\u0718 \u0721\u0738\u0722\u0715\u071d\u073c \u0715\u0710\u0747\u0721\u071d\u073c\u072a\u0718\u073f\u071f\u0742</span></span> : what you said ;\r\n<span class=\"context\">Rh\u00e9tor\u00e9 ; <span class=\"locution\"><span class=\"eastsyriac\">\u0712\u0725\u0738\u0715\u0735\u0722\u0735\u0710 \u0715\u0738\u072b\u0729\u071d\u073c\u0720 \u0720\u0732\u071d \u0710\u0735\u0715\u0742\u071d\u073c \u071f\u0742\u0732\u0712\u072a\u0735\u0710</span></span></span> : at the time when they heard those news / when they heard that piece of news ;\r\n<span class=\"context\">Rh\u00e9tor\u00e9 ; <span class=\"locution\"><span class=\"eastsyriac\">\u0710\u0735\u0715\u0742\u071d\u073c \u071f\u0739\u0710\u0726\u0735\u0710 \u0715\u071d\u073c\u0720\u0739\u0717 \u0729\u0735\u0715\u0747\u0721 \u0710\u0732\u0729\u0308\u0720\u0735\u072c\u0742\u071d\u073c</span></span></span> : this stone which is in front of my feet , that rock that is before my feet ;\r\n<span class=\"context\">Rh\u00e9tor\u00e9 ; <span class=\"locution\"><span class=\"eastsyriac\">\u0721\u0735\u0710 \u071f\u071a\u0735\u072b\u0712\u0742\u0738\u072c : \u0712\u0738\u0715 \u0712\u0735\u072a\u0739\u0710 \u071a\u0735\u0715\u0747 \u0721\u0738\u0722\u0715\u071d\u073c \u0721\u0738\u0722 \u0710\u0735\u0715\u0742\u071d\u073c \u0712\u072a\u071d\u073c\u071f\u0742\u0735\u0710</span></span></span> : what do you think ? : will something ever come out of this Brikha ? / will that Brikha ever amount to anything ? ;\r\n<span class=\"context\">Rh\u00e9tor\u00e9 : <span class=\"locution\"><span class=\"eastsyriac\">\u0710\u0735\u0717: \u0729\u0735\u0728\u0738\u072c\u071d\u073c \u071d\u0720\u0735\u0717\u073f \u0710\u0735\u0715\u0742\u071d\u073c</span></span></span> : ah ! this is my story ;\r\n2) <span class=\"context\">adjective</span> : such ;\r\n<span class=\"context\">Rh\u00e9tor\u00e9 ; <span class=\"locution\"><span class=\"eastsyriac\">\u0710\u0735\u0715\u0742\u071d\u073c\u0720\u0739\u0717 \u071a\u0735\u0710\u0720 \u0715\u0710\u0747\u0722\u0735\u0308\u072b\u0739\u0710 \u0715\u0725\u0732\u072b\u071d\u073c\u072a\u0735\u072c\u0739\u0710 : \u0729\u071b\u0735\u0720\u0735\u0710 \u071d\u0735\u0722 \u0722\u0726\u0735\u0720\u0735\u0710 \u0712\u0729\u0738\u071b\u0720\u0735\u0710</span></span></span> : such is the life of tribal people / Ashirat , kill or be killed ;</td>", "cf": ["<span class=\"wordlink\"><a href=\"dosearch.php?searchkey=82&amp;language=id\"><span class=\"eastsyriac\">\u0710\u0738\u0715\u071d\u0718\u073f\u0721</span></a>, <a href=\"dosearch.php?searchkey=16451&amp;language=id\"><span class=\"eastsyriac\">\u0710\u0735\u0715\u071d\u073c</span></a>, <a href=\"dosearch.php?searchkey=16452&amp;language=id\"><span class=\"eastsyriac\">\u0717\u0735\u0715\u0739\u0710</span></a>, <a href=\"dosearch.php?searchkey=16450&amp;language=id\"><span class=\"eastsyriac\">\u0710\u0735\u0715\u0742</span></a>, <a href=\"dosearch.php?searchkey=16453&amp;language=id\"><span class=\"eastsyriac\">\u0710\u0735\u0715 \u0720\u0732\u071d\u0720\u0739\u0710</span></a></span>"], "key": "16451", "west": "\u0710\u0733\u0715\u073a\u071d", "phonetic": "<td>' a: di</td>", "east": "\u0710\u0735\u0715\u071d\u073c"},
{"searchkey": "11855", "audio": [], "context": [], "webrank": 1, "text": [" : a buckle , the ring of a strap , a clasp , a hook to hold anything close ;"], "english": "<td>a buckle , the ring of a strap , a clasp , a hook to hold anything close ;</td>", "cf": ["<span class=\"wordlink\"><a href=\"dosearch.php?searchkey=12605&amp;language=id\"><span class=\"eastsyriac\">\u0729\u0718\u073c\u072a\u0729\u0735\u0723\u0735\u0710</span></a>, <a href=\"dosearch.php?searchkey=11521&amp;language=id\"><span class=\"eastsyriac\">\u0726\u0738\u072b\u071f\u0718\u073c\u0719\u0735\u0710</span></a>, <a href=\"dosearch.php?searchkey=11371&amp;language=id\"><span class=\"eastsyriac\">\u0726\u0738\u072a\u0721\u071d\u073c\u072c\u0735\u0710</span></a>, <a href=\"dosearch.php?searchkey=14373&amp;language=id\"><span class=\"eastsyriac\">\u072c\u0735\u0718\u0729\u0735\u0710</span></a></span>"], "key": "11855", "west": "\u0710\u0730\u0712\u0719\u0733\u0710", "phonetic": "<td>' ab za:</td>", "east": "\u0710\u0732\u0712\u0719\u0735\u0710"},
{"searchkey": "563", "audio": [], "context": ["Classical Syriac", "horse ...", "on a wound ...", "of a priest, an official ...", "vernacular Sureth"], "webrank": 100, "text": [" : 1) ", " : a bond , a tie , a fastening / anything that fastens or confines , a manacle , shackles , handcuffs , ", " : a hobble , a chain , a prison , a bandage ", " , suspension ", " ;\r\n2) ", " : a contract"], "english": "<td>1) <span class=\"context\">Classical Syriac</span> : a bond , a tie , a fastening / anything that fastens or confines , a manacle , shackles , handcuffs , <span class=\"context\">horse ...</span> : a hobble , a chain , a prison , a bandage <span class=\"context\">on a wound ...</span> , suspension <span class=\"context\">of a priest, an official ...</span> ;\r\n2) <span class=\"context\">vernacular Sureth</span> : a contract ;\r\n<span class=\"locution\"><span class=\"eastsyriac\">\u0710\u0732\u0723\u0718\u073c\u072a\u0735\u0710 \u0715\u0720\u0735\u0710 \u0725\u0715\u0735\u0722\u0735\u0710</span></span> : a zero-hour contract , a zero hour contract ;\r\n3) <span class=\"context\">Bailis Shamun</span> : a relation / a relationship ;\r\n<span class=\"locution\"><span class=\"eastsyriac\">\u0720\u0712\u0732\u072a \u0721\u0738\u0722 \u071d\u073c\u0723\u0718\u073c\u072a\u0735\u0710 \u0715\u0713\u0712\u0742\u0735\u072a\u0735\u0710</span></span> : outside the bonds of marriage ;\r\n<span class=\"context\">masculine plural : <span class=\"locution\"><span class=\"eastsyriac\">\u071d\u0738\u0723\u0718\u073c\u072a\u0738\u0710 \u0713\u0738\u0722\u0723\u0735\u071d\u0739\u0710</span></span></span> : sexual relations , <span class=\"context\">see also <a href=\"dosearch.php?searchkey=naqiputA%27&amp;language=fullsyriac\"><span class=\"eastsyriac\">\u0722\u0732\u0729\u071d\u073c\u0726\u0718\u073c\u072c\u0735\u0710</span></a> / <a href=\"dosearch.php?searchkey=xkumyA%27&amp;language=fullsyriac\"><span class=\"eastsyriac\">\u071a\u071f\u0718\u073c\u0721\u071d\u0735\u0710</span></a></span> ;\r\n<span class=\"locution\"><span class=\"eastsyriac\">\u0715\u071d\u0738\u0723\u0718\u073c\u072a\u0308\u0739\u0710 \u0715\u072b\u0712\u0742\u0735\u0712\u0742\u0718\u073c\u072c\u0735\u0710</span></span> : neighbourly / neighborly / relating to neighbours ;</td>", "cf": ["<span class=\"wordlink\"><a href=\"dosearch.php?searchkey=16640&amp;language=id\"><span class=\"eastsyriac\">\u0710\u071d\u073c\u0723\u0735\u072a\u0735\u0710</span></a>, <a href=\"dosearch.php?searchkey=634&amp;language=id\"><span class=\"eastsyriac\">\u0710\u0732\u0723\u0735\u072a\u0735\u0710</span></a>, <a href=\"dosearch.php?searchkey=16642&amp;language=id\"><span class=\"eastsyriac\">\u0710\u0738\u0723\u0735\u072a\u0735\u0710</span></a>, <a href=\"dosearch.php?searchkey=5450&amp;language=id\"><span class=\"eastsyriac\">\u071d\u0732\u071a\u0723\u071d\u073c\u072a</span></a></span>", "<span class=\"wordlink\"><a href=\"dosearch.php?searchkey=16642&amp;language=id\"><span class=\"eastsyriac\">\u0710\u0738\u0723\u0735\u072a\u0735\u0710</span></a></span>", "<span class=\"wordlink\"><a href=\"dosearch.php?searchkey=5530&amp;language=id\"><span class=\"eastsyriac\">\u071d\u0738\u0723\u0718\u073c\u072a\u0735\u0710</span></a></span>", "<span class=\"wordlink\"><a href=\"dosearch.php?searchkey=16643&amp;language=id\"><span class=\"eastsyriac\">\u0723\u071d\u073c\u0718\u073c\u072a\u0735\u0710</span></a></span>", "<span class=\"wordlink\"><a href=\"dosearch.php?searchkey=pkArA%27&amp;language=fullsyriac\"><span class=\"eastsyriac\">\u0726\u071f\u0735\u072a\u0735\u0710</span></a>, <a href=\"dosearch.php?searchkey=band&amp;language=fullsyriac\"><span class=\"eastsyriac\">\u0712\u0732\u0722\u0715</span></a>, <a href=\"dosearch.php?searchkey=zAwgA&amp;language=fullsyriac\"><span class=\"eastsyriac\">\u0719\u0735\u0718\u0713\u0735</span></a>, <a href=\"dosearch.php?searchkey=xenqA%27&amp;language=fullsyriac\"><span class=\"eastsyriac\">\u071a\u0738\u0722\u0729\u0735\u0710</span></a>, <a href=\"dosearch.php?searchkey=yesurA%27&amp;language=fullsyriac\"><span class=\"eastsyriac\">\u071d\u0738\u0723\u0718\u073c\u072a\u0735\u0710</span></a>, <a href=\"dosearch.php?searchkey=11909&amp;language=id\"><span class=\"eastsyriac\">\u071f\u0738\u072c\u072a\u0735\u0710</span></a>, <a href=\"dosearch.php?searchkey=SumAdA%27&amp;language=fullsyriac\"><span class=\"eastsyriac\">\u0728\u0718\u073c\u0721\u0735\u0715\u0735\u0710</span></a>, <a href=\"dosearch.php?searchkey=12369&amp;language=id\"><span class=\"eastsyriac\">\u0729\u0732\u0718\u0715\u0710</span></a>, <a href=\"dosearch.php?searchkey=1164&amp;language=id\"><span class=\"eastsyriac\">\u0712\u0739\u071a\u0735\u0718</span></a>, <a href=\"dosearch.php?searchkey=5674&amp;language=id\"><span class=\"eastsyriac\">\u071f\u0738\u0712\u0742\u0720\u0735\u0710</span></a>, <a href=\"dosearch.php?searchkey=5840&amp;language=id\"><span class=\"eastsyriac\">\u071f\u0718\u073c\u0722\u0715\u0735\u0710</span></a>, <a href=\"dosearch.php?searchkey=8700&amp;language=id\"><span class=\"eastsyriac\">\u0721\u0732\u072c\u0710</span></a>, <a href=\"dosearch.php?searchkey=12692&amp;language=id\"><span class=\"eastsyriac\">\u0729\u0738\u071b\u072a\u0735\u0710</span></a></span>"], "key": "563", "west": "\u0710\u0730\u0723\u073d\u0718\u072a\u0733\u0710", "phonetic": "<td>a ' su: ra:</td>", "east": "\u0710\u0732\u0723\u0718\u073c\u072a\u0735\u0710"},
{"searchkey": "448", "audio": ["./audio/entry448.mp3"], "context": [], "webrank": 40, "text": [" : a petition , the act of asking for anything , a request , a boon (?) / favor required (?) ;"], "english": "<td>a petition , the act of asking for anything , a request , a boon (?) / favor required (?) ;</td>", "cf": ["<span class=\"wordlink\"><a href=\"dosearch.php?searchkey=16084&amp;language=id\"><span class=\"eastsyriac\">\u0715\u071d\u073c\u0723\u071d\u073c\u0723</span></a>, <a href=\"dosearch.php?searchkey=16085&amp;language=id\"><span class=\"eastsyriac\">\u0712\u0735\u0725\u0718\u073f\u072c\u0735\u0710</span></a></span>"], "key": "448", "west": "\u0710\u0736\u0720\u072c\u0736\u0719\u0733\u0710\u0721", "phonetic": "<td>il te ' zam</td>", "east": "\u0710\u0739\u0720\u072c\u0739\u0719\u0735\u0710\u0721"},
{"searchkey": "531", "audio": [], "context": [], "webrank": 80, "text": [" : formal report , an official statement , a petition , anything addressed to superior authority"], "english": "<td>formal report , an official statement , a petition , anything addressed to superior authority</td>", "cf": [], "key": "531", "west": "\u0710\u0730\u0722\u0722\u0733\u0726\u073d\u0718\u072a\u0733\u0710", "phonetic": "<td>an na ' pu ra</td>", "east": "\u0710\u0732\u0722\u0722\u0735\u0726\u0718\u073c\u072a\u0735\u0710"},
{"searchkey": "506", "audio": [], "context": [], "webrank": 60, "text": [" : a hindrance , anything that is in the way , an obstacle , an obstruction , an encumbrance , a hurdle , a delay , a barrier ;"], "english": "<td>a hindrance , anything that is in the way , an obstacle , an obstruction , an encumbrance , a hurdle , a delay , a barrier ;</td>", "cf": ["<span class=\"wordlink\"><a href=\"dosearch.php?searchkey=10671&amp;language=id\"><span class=\"eastsyriac\">\u0726\u0718\u073c\u0713\u0735\u071a\u0735\u0710</span></a>, <a href=\"dosearch.php?searchkey=1768&amp;language=id\"><span class=\"eastsyriac\">\u0712\u0732\u072a\u0729\u0718\u073c\u0712\u0720\u0735\u071d\u0718\u073c\u072c\u0735\u0710</span></a>, <a href=\"dosearch.php?searchkey=5641&amp;language=id\"><span class=\"eastsyriac\">\u071f\u0330\u0710\u0735\u0720\u0735\u0710\u0713\u0735\u0722\u0735\u0710</span></a>, <a href=\"dosearch.php?searchkey=6082&amp;language=id\"><span class=\"eastsyriac\">\u071f\u0738\u0720\u071d\u0735\u0722\u0735\u0710</span></a>, <a href=\"dosearch.php?searchkey=7780&amp;language=id\"><span class=\"eastsyriac\">\u0721\u0732\u071f\u0720\u0735\u071d\u072c\u0735\u0710</span></a>, <a href=\"dosearch.php?searchkey=7825&amp;language=id\"><span class=\"eastsyriac\">\u0721\u0732\u071f\u072b\u0718\u073c\u0720\u0735\u0710</span></a>, <a href=\"dosearch.php?searchkey=8245&amp;language=id\"><span class=\"eastsyriac\">\u0721\u0725\u0732\u072a\u0729\u0732\u0720\u072c\u0735\u0710</span></a>, <a href=\"dosearch.php?searchkey=10141&amp;language=id\"><span class=\"eastsyriac\">\u0725\u0718\u073c\u0718\u0735\u071f\u0742\u0735\u0710</span></a>, <a href=\"dosearch.php?searchkey=31644&amp;language=id\"><span class=\"eastsyriac\">\u071a\u0732\u0722\u071b\u0732\u0720\u072c\u0735\u0710</span></a>, <a href=\"dosearch.php?searchkey=32367&amp;language=id\"><span class=\"eastsyriac\">\u0721\u0732\u0713\u072a\u0735\u0722\u0718\u073c\u072c\u0735\u0710</span></a>, <a href=\"dosearch.php?searchkey=16720&amp;language=id\"><span class=\"eastsyriac\">\u0710\u0735\u0721\u0735\u0722</span></a></span>"], "key": "506", "west": "\u0710\u0730\u0722\u0713\u0733\u0720", "phonetic": "<td>' an gal</td>", "east": "\u0710\u0732\u0722\u0713\u0735\u0720"},
{"searchkey": "460", "audio": [], "context": [], "webrank": 50, "text": [" : a mold / mould , the cavity or vessel in which anything is cast or shaped and from which it takes its form ;"], "english": "<td>a mold / mould , the cavity or vessel in which anything is cast or shaped and from which it takes its form ;</td>", "cf": ["<span class=\"wordlink\"><a href=\"dosearch.php?searchkey=13407&amp;language=id\"><span class=\"eastsyriac\">\u072c\u0735\u0718\u071f\u0721\u0735\u0710</span></a>, <a href=\"dosearch.php?searchkey=12171&amp;language=id\"><span class=\"eastsyriac\">\u0729\u0735\u0710\u0720\u0738\u0712</span></a>, <a href=\"dosearch.php?searchkey=8357&amp;language=id\"><span class=\"eastsyriac\">\u0721\u0728\u0735\u0720\u0721\u0735\u0722\u0735\u0710</span></a>, <a href=\"dosearch.php?searchkey=12791&amp;language=id\"><span class=\"eastsyriac\">\u0729\u0735\u0720\u0738\u0712</span></a>, <a href=\"dosearch.php?searchkey=12824&amp;language=id\"><span class=\"eastsyriac\">\u0729\u0735\u0720\u071d\u073c\u0712</span></a></span>"], "key": "460", "west": "\u0710\u0730\u0721\u073d\u0718\u0721\u0733\u0710", "phonetic": "<td>amm' mu: ma:</td>", "east": "\u0710\u0732\u0721\u0718\u073c\u0721\u0735\u0710"},
{"searchkey": "530", "audio": [], "context": ["arithmetic"], "webrank": 70, "text": [" : 1) analysis , the separation of anything into its constituents or original elements ;\r\n2) ", " : rule of three , proportion ;"], "english": "<td>1) analysis , the separation of anything into its constituents or original elements ;\r\n2) <span class=\"context\">arithmetic</span> : rule of three , proportion ;</td>", "cf": [], "key": "530", "west": "\u0710\u0733\u0722\u0733\u0720\u073d\u0718\u0723\u073a\u071d\u0723", "phonetic": "<td>a: na: ' lu: sis</td>", "east": "\u0710\u0735\u0722\u0735\u0720\u0718\u073f\u0723\u071d\u073c\u0723"},
{"searchkey": "534", "audio": [], "context": [], "webrank": 90, "text": [" : necessary , compulsory , anything that is indispensable , such as must be , of the essence , essential , requisite"], "english": "<td>necessary , compulsory , anything that is indispensable , such as must be , of the essence , essential , requisite ;\r\n<span class=\"locution\"><span class=\"eastsyriac\">\u0720\u0735\u0710 \u0710\u0735\u0722\u0732\u0722\u0729\u0735\u071d\u0735\u0710</span></span> : unnecessary , useless , negligible ;\r\n<span class=\"context\">feminine</span> : <a href=\"dosearch.php?searchkey=%27ananqytA%27&amp;language=fullsyriac\"><span class=\"eastsyriac\">\u0710\u0732\u0722\u0732\u0722\u0729\u071d\u072c\u0735\u0710</span></a> ;</td>", "cf": ["<span class=\"wordlink\"><a href=\"dosearch.php?searchkey=16099&amp;language=id\"><span class=\"eastsyriac\">\u0710\u0732\u0722\u0732\u0729\u0735\u071d\u0718\u073c\u072c\u0735\u0710</span></a>, <a href=\"dosearch.php?searchkey=535&amp;language=id\"><span class=\"eastsyriac\">\u0710\u0735\u0722\u0732\u0722\u0729\u0735\u071d\u0718\u073c\u072c\u0735\u0710</span></a>, <a href=\"dosearch.php?searchkey=533&amp;language=id\"><span class=\"eastsyriac\">\u0710\u0735\u0722\u0732\u0722\u0729\u0735\u0710\u071d\u073c\u072c</span></a>, <a href=\"dosearch.php?searchkey=16766&amp;language=id\"><span class=\"eastsyriac\">\u0710\u0732\u0722\u0732\u0722\u0729\u0739\u0710</span></a></span>", "<span class=\"wordlink\"><a href=\"dosearch.php?searchkey=32191&amp;language=id\"><span class=\"eastsyriac\">\u0710\u0735\u0720\u0728\u0735\u071d\u0735\u0710</span></a>, <a href=\"dosearch.php?searchkey=9531&amp;language=id\"><span class=\"eastsyriac\">\u0723\u0718\u073c\u0722\u0729\u0735\u0722\u0735\u071d\u0735\u0710</span></a>, <a href=\"dosearch.php?searchkey=35796&amp;language=id\"><span class=\"eastsyriac\">\u0721\u0738\u072c\u0712\u0732\u0725\u071d\u0735\u0722\u0735\u0710</span></a></span>"], "key": "534", "west": "\u0710\u0733\u0722\u0730\u0722\u0729\u0733\u071d\u0733\u0710", "phonetic": "<td>a: nan ' qa: ia:</td>", "east": "\u0710\u0735\u0722\u0732\u0722\u0729\u0735\u071d\u0735\u0710"},
{"searchkey": "5", "audio": ["./audio/entry5.mp3"], "context": [], "webrank": 30, "text": [" : to eat , to consume"], "english": "<td>to eat , to consume ;\r\n<span class=\"locution\"><span class=\"eastsyriac\">\u0720\u0732\u071a\u0721\u0735\u0710 \u0721\u0738\u0722\u0715\u071d\u073c \u0720\u0732\u071d\u072c \u0720\u0718\u073f\u071f\u0742 \u0715\u0710\u0735\u071f\u0742\u0720\u0738\u0722</span></span> : you do not have any bread whatsoever for me to eat ;\r\n<span class=\"locution\"><span class=\"eastsyriac\">\u0721\u0738\u0722\u0715\u071d\u073c \u0720\u0735\u0710 \u0710\u0747\u071f\u0742\u071d\u073c\u0720 \u0720\u071d\u073c</span></span> : I ate nothing , I did not eat anything ;</td>", "cf": ["<span class=\"wordlink\"><a href=\"dosearch.php?searchkey=16662&amp;language=id\"><span class=\"eastsyriac\">\u0710\u0735\u071f\u0738\u0720</span></a>, <a href=\"dosearch.php?searchkey=364&amp;language=id\"><span class=\"eastsyriac\">\u0710\u0735\u071f\u0718\u073f\u0720\u0735\u0710</span></a>, <a href=\"dosearch.php?searchkey=17157&amp;language=id\"><span class=\"eastsyriac\">\u0710\u0735\u071f\u0742\u0718\u073f\u0720\u0735\u0722\u0735\u0710</span></a>, <a href=\"dosearch.php?searchkey=24266&amp;language=id\"><span class=\"eastsyriac\">\u0710\u0732\u071f\u0742\u0720\u0735\u0722\u0735\u0710</span></a></span>"], "key": "5", "west": "\u0710\u0736\u071f\u0730\u0720", "phonetic": "<td>' e kal</td>", "east": "\u0710\u0738\u071f\u0732\u0720"},
{"searchkey": "358", "audio": ["./audio/entry358.mp3"], "context": ["Lishani", "Bailis Shamun"], "webrank": 10, "text": [" : 1) Divine being ;\r\n2) a being , a self-existing entity , anything which continues to exist , an entity ;\r\n3) ", " : present , uncreated ;\r\n4) ", " : potential / prospective (?) ;"], "english": "<td>1) Divine being ;\r\n2) a being , a self-existing entity , anything which continues to exist , an entity ;\r\n3) <span class=\"context\">Lishani</span> : present , uncreated ;\r\n4) <span class=\"context\">Bailis Shamun</span> : potential / prospective (?) ;</td>", "cf": ["<span class=\"wordlink\"><a href=\"dosearch.php?searchkey=%27it&amp;language=fullsyriac\"><span class=\"eastsyriac\">\u0710\u071d\u073c\u072c</span></a>, <a href=\"dosearch.php?searchkey=356&amp;language=id\"><span class=\"eastsyriac\">\u0710\u071d\u073c\u072c\u0718\u073c\u072c\u0735\u0710</span></a>, <a href=\"dosearch.php?searchkey=16653&amp;language=id\"><span class=\"eastsyriac\">\u0710\u071d\u073c\u072c\u0742\u071d\u073c\u0710\u0739\u071d\u0720</span></a>, <a href=\"dosearch.php?searchkey=31352&amp;language=id\"><span class=\"eastsyriac\">\u0712\u0732\u072a \u0710\u071d\u073c\u072c\u0742\u0718\u073c\u072c\u0742\u0735\u0710</span></a></span>", "<span class=\"wordlink\"><a href=\"dosearch.php?searchkey=413&amp;language=id\"><span class=\"eastsyriac\">\u0710\u0732\u0720\u0735\u0717\u0735\u0710</span></a>, <a href=\"dosearch.php?searchkey=315&amp;language=id\"><span class=\"eastsyriac\">\u0710\u0739\u071d\u0720</span></a>, <a href=\"dosearch.php?searchkey=8498&amp;language=id\"><span class=\"eastsyriac\">\u0721\u0735\u072a\u071d\u0735\u0710</span></a>, <a href=\"dosearch.php?searchkey=8790&amp;language=id\"><span class=\"eastsyriac\">\u0721\u0738\u072c\u0721\u0732\u0728\u071d\u0735\u0722\u0735\u0710</span></a>, <a href=\"dosearch.php?searchkey=33989&amp;language=id\"><span class=\"eastsyriac\">\u0721\u0732\u0717\u0718\u071d\u0735\u0710</span></a>, <a href=\"dosearch.php?searchkey=33987&amp;language=id\"><span class=\"eastsyriac\">\u0721\u0738\u072c\u0717\u0735\u0718\u071d\u0735\u0722\u0735\u0710</span></a>, <a href=\"dosearch.php?searchkey=33986&amp;language=id\"><span class=\"eastsyriac\">\u0723\u0712\u0742\u071d\u073c\u072a\u0735\u0710</span></a>, <a href=\"dosearch.php?searchkey=10557&amp;language=id\"><span class=\"eastsyriac\">\u0725\u072c\u071d\u073c\u0715\u0735\u0710</span></a>, <a href=\"dosearch.php?searchkey=33988&amp;language=id\"><span class=\"eastsyriac\">\u0710\u0735\u072c\u071d\u0735\u0722\u0735\u0710</span></a></span>"], "key": "358", "west": "\u0710\u073a\u071d\u072c\u071d\u0733\u0710", "phonetic": "<td>' i:t ia:</td>", "east": "\u0710\u071d\u073c\u072c\u071d\u0735\u0710"},
{"searchkey": "959", "audio": [], "context": [], "webrank": 70, "text": [" : extravagance , excess in anything (especially in spending money) , a wandering beyond the proper limits ;"], "english": "<td>extravagance , excess in anything (especially in spending money) , a wandering beyond the proper limits ;</td>", "cf": [], "key": "959", "west": "\u0712\u0730\u0715\u071a\u0730\u072a\u032e\u0713\u073d\u0718\u072c\u0733\u0710", "phonetic": "<td>bad \u1e25ar ' dju: ta:</td>", "east": "\u0712\u0732\u0715\u071a\u0732\u072a\u032e\u0713\u0718\u073c\u072c\u0735\u0710"},
{"searchkey": "1067", "audio": [], "context": [], "webrank": 90, "text": [" : mashed , mass of anything in a soft pulpy state"], "english": "<td>mashed , mass of anything in a soft pulpy state</td>", "cf": [], "key": "1067", "west": "\u0712\u073d\u0718\u0720\u0713\u0748\u073d\u0718\u072a", "phonetic": "<td>bul ' ghur</td>", "east": "\u0712\u0718\u073f\u0720\u0713\u0748\u0718\u073f\u072a"},
{"searchkey": "16662", "audio": [], "context": [], "webrank": 20, "text": [" : 1) to eat , to consume"], "english": "<td>1) to eat , to consume ;\r\n<span class=\"locution\"><span class=\"eastsyriac\">\u0721\u0738\u0722\u0715\u071d\u073c \u0720\u0735\u0710 \u0710\u0747\u071f\u0742\u071d\u073c\u0720 \u0720\u071d\u073c</span></span> : I ate nothing , I did not eat anything ;\r\n2) <span class=\"context\">metaphorically : with money <a href=\"dosearch.php?searchkey=zuzE%27&amp;language=fullsyriac\"><span class=\"eastsyriac\">\u0719\u0718\u073c\u0719\u0739\u0710</span></a>...</span> : to embezzle , to misappropriate , to peculate , to defalcate , to defraud ;\r\n<span class=\"context\">Urmiah</span> : <span class=\"locution\"><span class=\"eastsyriac\">\u0710\u0735\u071f\u0738\u0720 \u0713\u0738\u0719\u0721\u0308\u0739\u0710</span></span> / <span class=\"context\">North Iraq</span> : <span class=\"locution\"><span class=\"eastsyriac\">\u0710\u0735\u071f\u0738\u0720 \u0713\u0732\u0726\u0308\u0739\u0710</span></span> / <span class=\"locution\"><span class=\"eastsyriac\">\u0710\u0735\u071f\u0738\u0720 \u0717\u0732\u072a\u0712\u0739\u0710</span></span> : to threaten ;\r\n<span class=\"locution\"><span class=\"eastsyriac\">\u0710\u0735\u071f\u0738\u0720 \u0719\u0732\u0717\u0721\u0732\u072c</span></span> / <span class=\"locution\"><span class=\"eastsyriac\">\u0710\u0735\u071f\u0738\u0720 \u0713\u0330\u0735\u0726\u0735\u0710</span></span> / <span class=\"locution\"><span class=\"eastsyriac\">\u0710\u0735\u071f\u0738\u0720 \u071a\u0732\u0721</span></span> : 1) to take trouble , to take pains ( see : <a href=\"dosearch.php?searchkey=gArej&amp;language=fullsyriac\"><span class=\"eastsyriac\">\u0713\u0735\u072a\u0738\u072b</span></a> ; 2) to be in trouble ;\r\n<span class=\"locution\"><span class=\"eastsyriac\">\u0710\u0735\u071f\u0738\u0720 \u0713\u0330\u0739\u072a\u0735\u0710</span></span> : to receive a pension ;\r\n<span class=\"locution\"><span class=\"eastsyriac\">\u0710\u0735\u071f\u0738\u0720 \u0717\u0739\u0721\u0738\u0719\u0308\u0721\u0735\u0722\u0739\u0710</span></span> : to eat one's words , to retract one's words ;\r\n<span class=\"locution\"><span class=\"eastsyriac\">\u0710\u0735\u071f\u0738\u0720 \u0728\u0735\u0718\u0721\u0735\u0710</span></span> : to break a fast (by eating meat) ;\r\n<span class=\"locution\"><span class=\"eastsyriac\">\u0710\u0735\u071f\u0738\u0720 \u0729\u0732\u071d\u0308\u0723\u0739\u0710</span></span> : to be bastinadoed ;\r\n<span class=\"locution\"><span class=\"eastsyriac\">\u0710\u0735\u071f\u0738\u0720 \u072a\u0738\u072b\u0718\u0732\u072c</span></span> : to take bribes ;\r\n3) to itch ;\r\n4) to wear / to wash away , to erode ;\r\n5) to rust , to corrode ;\r\n6) <span class=\"context\">with <a href=\"dosearch.php?searchkey=qA%27&amp;language=fullsyriac\"><span class=\"eastsyriac\">\u0729\u0735\u0710</span></a></span> : to do quickly , to conquer , to vanquish ;\r\n<span class=\"locution\"><span class=\"eastsyriac\">\u0710\u0735\u071f\u0738\u0720 \u0710\u0722\u0735\u072b\u0308\u0739\u0710</span></span> : rapacious , ravenous , voluble , loquacious , glib , garrulous , talkative ;\r\n<span class=\"locution\"><span class=\"eastsyriac\">\u0710\u0735\u071f\u0738\u0720 \u0712\u0738\u0723\u072a\u0735\u0710 \u0715\u0713\u0735\u0722\u0739\u0717</span></span> : to be in a rage ;</td>", "cf": ["<span class=\"wordlink\"><a href=\"dosearch.php?searchkey=364&amp;language=id\"><span class=\"eastsyriac\">\u0710\u0735\u071f\u0718\u073f\u0720\u0735\u0710</span></a>, <a href=\"dosearch.php?searchkey=5&amp;language=id\"><span class=\"eastsyriac\">\u0710\u0738\u071f\u0732\u0720</span></a>, <a href=\"dosearch.php?searchkey=16676&amp;language=id\"><span class=\"eastsyriac\">\u0710\u0735\u071f\u0738\u0720 \u071a\u0732\u0712\u0742\u072a\u0739\u0717</span></a>, <a href=\"dosearch.php?searchkey=24266&amp;language=id\"><span class=\"eastsyriac\">\u0710\u0732\u071f\u0742\u0720\u0735\u0722\u0735\u0710</span></a>, <a href=\"dosearch.php?searchkey=14254&amp;language=id\"><span class=\"eastsyriac\">\u0721\u0739\u0710\u071f\u0742\u0718\u073c\u0720\u072c\u0735\u0710</span></a>, <a href=\"dosearch.php?searchkey=6936&amp;language=id\"><span class=\"eastsyriac\">\u0721\u0732\u0710\u071f\u0742\u0738\u0720</span></a>, <a href=\"dosearch.php?searchkey=382&amp;language=id\"><span class=\"eastsyriac\">\u0710\u071f\u0742\u0735\u0720\u0747\u072a\u0732\u0721\u072b\u0735\u0710</span></a>, <a href=\"dosearch.php?searchkey=30775&amp;language=id\"><span class=\"eastsyriac\">\u0721\u0732\u071f\u0742\u0720\u0735\u0722\u0735\u0710</span></a>, <a href=\"dosearch.php?searchkey=30774&amp;language=id\"><span class=\"eastsyriac\">\u0721\u0732\u071f\u0742\u0718\u073f\u0720\u0739\u0710</span></a></span>", "<span class=\"wordlink\"><a href=\"dosearch.php?searchkey=17161&amp;language=id\"><span class=\"eastsyriac\">\u0720\u0739\u0710\u071f\u0742\u0735\u0720\u0735\u0710</span></a></span>", "<span class=\"wordlink\"><a href=\"dosearch.php?searchkey=30766&amp;language=id\"><span class=\"eastsyriac\">\u071f\u072a\u071d\u073c\u0717\u0732\u072c\u0742 \u072a\u0739\u072b\u0735\u0710</span></a>, <a href=\"dosearch.php?searchkey=31874&amp;language=id\"><span class=\"eastsyriac\">\u0720\u0735\u0710 \u0721\u0738\u072c\u0742\u0721\u0732\u072a\u0729\u0735\u0722\u0735\u0710</span></a></span>"], "key": "16662", "west": "\u0710\u0733\u071f\u0742\u0736\u0720", "phonetic": "<td>' a: khil</td>", "east": "\u0710\u0735\u071f\u0742\u0738\u0720"},
{"searchkey": "1060", "audio": [], "context": [], "webrank": 80, "text": [" : firstly , in the first place , before anything else"], "english": "<td>firstly , in the first place , before anything else</td>", "cf": [], "key": "1060", "west": "\u0712\u073d\u0718\u071f\u072a\u0733\u0710\u073a\u071d\u072c", "phonetic": "<td>bu\u1e25 ra: ' i:t</td>", "east": "\u0712\u0718\u073f\u071f\u072a\u0735\u0710\u071d\u073c\u072c"},
{"searchkey": "1134", "audio": [], "context": [], "webrank": 100, "text": [" : to goad , to prick , to drive with a goad ; to urge forward , to arouse by anything pungent (severe or inflaming) ;"], "english": "<td>to goad , to prick , to drive with a goad ; to urge forward , to arouse by anything pungent (severe or inflaming) ;</td>", "cf": ["<span class=\"wordlink\"><a href=\"dosearch.php?searchkey=1157&amp;language=id\"><span class=\"eastsyriac\">\u0712\u0732\u0719\u0725\u0712\u0718\u073c\u0719\u0739\u0710</span></a></span>", "<span class=\"wordlink\"><a href=\"dosearch.php?searchkey=13429&amp;language=id\"><span class=\"eastsyriac\">\u072a\u0715\u0735\u0726\u0735\u0710</span></a>, <a href=\"dosearch.php?searchkey=444&amp;language=id\"><span class=\"eastsyriac\">\u0710\u0720\u0735\u0728\u0735\u0710</span></a></span>"], "key": "1134", "west": "\u0712\u0730\u0719\u0712\u073d\u0718\u0725\u0719\u0736\u0710", "phonetic": "<td>baz ' bu zi</td>", "east": "\u0712\u0732\u0719\u0712\u0718\u073c\u0725\u0719\u0739\u0710"},
{"searchkey": "738", "audio": [], "context": ["Urmiah"], "webrank": 50, "text": [" : 1) ", " : alms , charity , anything freely given to relieve the poor (money , food , clothing) , relief ;\r\n2) kindness , good will , benevolence"], "english": "<td>1) <span class=\"context\">Urmiah</span> : alms , charity , anything freely given to relieve the poor (money , food , clothing) , relief ;\r\n2) kindness , good will , benevolence ;\r\n<span class=\"locution\"><span class=\"eastsyriac\">\u0712\u0710\u0738\u072a\u0718\u0735\u0722\u0718\u073c\u071f\u0742</span></span> : I pray you , prithee , by your mercy , please ! ;</td>", "cf": [], "key": "738", "west": "\u0710\u0736\u072a\u0718\u0733\u0722\u0733\u0710", "phonetic": "<td>ir ' wa: na</td>", "east": "\u0710\u0738\u072a\u0718\u0735\u0722\u0735\u0710"},
{"searchkey": "15259", "audio": [], "context": ["see \u072c\u0735\u0718\u0720\u0732\u0715\u072c\u0735\u0710"], "webrank": 40, "text": [" : 1) ", " : the origin , the beginning of anything , the start , the source , the fountainhead (figurative sense)"], "english": "<td>1) <span class=\"context\">see <a href=\"dosearch.php?searchkey=tAwladtA%27&amp;language=fullsyriac\"><span class=\"eastsyriac\">\u072c\u0735\u0718\u0720\u0732\u0715\u072c\u0735\u0710</span></a></span> : the origin , the beginning of anything , the start , the source , the fountainhead (figurative sense) ;\r\n<span class=\"locution\"><span class=\"eastsyriac\">\u0721\u0735\u072a\u0739\u0710 \u0710\u0732\u0728\u0720\u0735\u0710</span></span> : of good birth ;\r\n2) the nature , the breed , the kind , the sort ;\r\n\r\n3) -?- : the character (?) , the mood (?) , the temperament (?) ;</td>", "cf": ["<span class=\"wordlink\"><a href=\"dosearch.php?searchkey=699&amp;language=id\"><span class=\"eastsyriac\">\u0710\u0735\u0728\u0720</span></a>, <a href=\"dosearch.php?searchkey=10443&amp;language=id\"><span class=\"eastsyriac\">\u0725\u0735\u0728\u0720\u071d\u073c</span></a>, <a href=\"dosearch.php?searchkey=10442&amp;language=id\"><span class=\"eastsyriac\">\u0725\u0735\u0728\u0720</span></a>, <a href=\"dosearch.php?searchkey=698&amp;language=id\"><span class=\"eastsyriac\">\u0710\u0735\u0728\u0738\u0720</span></a>, <a href=\"dosearch.php?searchkey=701&amp;language=id\"><span class=\"eastsyriac\">\u0710\u0735\u0728\u0720\u071d\u073c</span></a>, <a href=\"dosearch.php?searchkey=10443&amp;language=id\"><span class=\"eastsyriac\">\u0725\u0735\u0728\u0720\u071d\u073c</span></a>, <a href=\"dosearch.php?searchkey=15259&amp;language=id\"><span class=\"eastsyriac\">\u0710\u0732\u0728\u0720\u0735\u0710</span></a>, <a href=\"dosearch.php?searchkey=16107&amp;language=id\"><span class=\"eastsyriac\">\u0710\u0735\u0723\u071d\u073c\u0720</span></a>, <a href=\"dosearch.php?searchkey=16110&amp;language=id\"><span class=\"eastsyriac\">\u0710\u0735\u0723\u0720\u071d\u073c</span></a>, <a href=\"dosearch.php?searchkey=16842&amp;language=id\"><span class=\"eastsyriac\">\u0710\u0732\u0728\u0720\u071d\u073c</span></a>, <a href=\"dosearch.php?searchkey=16843&amp;language=id\"><span class=\"eastsyriac\">\u0710\u0732\u0728\u0720\u0735\u071d\u0735\u0710</span></a>, <a href=\"dosearch.php?searchkey=33176&amp;language=id\"><span class=\"eastsyriac\">\u0725\u0738\u0720\u0735\u071d\u0718\u073c\u072c \u0710\u0732\u0728\u0720\u0735\u0710</span></a></span>", "<span class=\"wordlink\"><a href=\"dosearch.php?searchkey=13666&amp;language=id\"><span class=\"eastsyriac\">\u072a\u071d\u073c\u072b\u071d\u073c\u072c\u0735\u0710</span></a>, <a href=\"dosearch.php?searchkey=15364&amp;language=id\"><span class=\"eastsyriac\">\u072c\u0735\u0717\u0735\u072a</span></a>, <a href=\"dosearch.php?searchkey=107&amp;language=id\"><span class=\"eastsyriac\">\u0710\u0735\u0715\u072b\u0735\u0722\u0735\u071d\u0718\u073c\u072c\u0735\u0710</span></a>, <a href=\"dosearch.php?searchkey=2151&amp;language=id\"><span class=\"eastsyriac\">\u0713\u0330\u0718\u073c\u072a\u072a\u0735\u0710</span></a>, <a href=\"dosearch.php?searchkey=13387&amp;language=id\"><span class=\"eastsyriac\">\u072c\u0718\u073c\u071a\u0721\u0735\u0710</span></a>, <a href=\"dosearch.php?searchkey=105&amp;language=id\"><span class=\"eastsyriac\">\u0710\u0735\u0715\u072b\u0735\u0710</span></a>, <a href=\"dosearch.php?searchkey=2456&amp;language=id\"><span class=\"eastsyriac\">\u0713\u0330\u0739\u0722\u0723\u0735\u0710</span></a>, <a href=\"dosearch.php?searchkey=15933&amp;language=id\"><span class=\"eastsyriac\">\u072c\u0732\u072a\u071f</span></a>, <a href=\"dosearch.php?searchkey=10752&amp;language=id\"><span class=\"eastsyriac\">\u0726\u0718\u073f\u0723\u071d\u073c\u0723</span></a>, <a href=\"dosearch.php?searchkey=227&amp;language=id\"><span class=\"eastsyriac\">\u0710\u0718\u073c\u0723\u071d\u073c\u0735\u0710</span></a>, <a href=\"dosearch.php?searchkey=19090&amp;language=id\"><span class=\"eastsyriac\">\u071b\u0732\u0712\u0742\u0725\u0735\u0710</span></a>, <a href=\"dosearch.php?searchkey=23388&amp;language=id\"><span class=\"eastsyriac\">\u071f\u071d\u0735\u0722\u0735\u071d\u0718\u073c\u072c\u0735\u0710</span></a>, <a href=\"dosearch.php?searchkey=313&amp;language=id\"><span class=\"eastsyriac\">\u0710\u0732\u071d\u071f\u0732\u0722\u0735\u071d\u0718\u073c\u072c\u0735\u0710</span></a>, <a href=\"dosearch.php?searchkey=5977&amp;language=id\"><span class=\"eastsyriac\">\u071f\u071d\u0735\u0722\u0735\u0710</span></a>, <a href=\"dosearch.php?searchkey=26974&amp;language=id\"><span class=\"eastsyriac\">\u0726\u0739\u0710</span></a>, <a href=\"dosearch.php?searchkey=24378&amp;language=id\"><span class=\"eastsyriac\">\u0722\u0732\u0712\u0718\u073c\u0725\u0735\u0710</span></a>, <a href=\"dosearch.php?searchkey=19279&amp;language=id\"><span class=\"eastsyriac\">\u0725\u0738\u0720\u0735\u0710</span></a>, <a href=\"dosearch.php?searchkey=32194&amp;language=id\"><span class=\"eastsyriac\">\u072c\u0735\u0718\u0720\u0732\u0715\u072c\u0735\u0710</span></a></span>"], "key": "15259", "west": "\u0710\u0730\u0728\u0720\u0733\u0710", "phonetic": "<td>' a\u1e63 la:</td>", "east": "\u0710\u0732\u0728\u0720\u0735\u0710"},
{"searchkey": "582", "audio": [], "context": ["literally", "Eastern Syriac"], "webrank": 10, "text": [" : 1) crescent , anything having the shape of a new moon , ", " : \"Ali's hand\" ;\r\n2) the emblem of Turkey , a symbol of Artemis ;\r\n3) ", " : a stater / gold coin ;"], "english": "<td>1) crescent , anything having the shape of a new moon , <span class=\"context\">literally</span> : \"Ali's hand\" ;\r\n2) the emblem of Turkey , a symbol of Artemis ;\r\n3) <span class=\"context\">Eastern Syriac</span> : a stater / gold coin ;</td>", "cf": ["<span class=\"wordlink\"><a href=\"dosearch.php?searchkey=290&amp;language=id\"><span class=\"eastsyriac\">\u0710\u071d\u073c\u0715\u0735\u0710</span></a>, <a href=\"dosearch.php?searchkey=16817&amp;language=id\"><span class=\"eastsyriac\">\u0710\u0738\u0723\u072c\u072a\u0735\u0710</span></a>, <a href=\"dosearch.php?searchkey=16818&amp;language=id\"><span class=\"eastsyriac\">\u0725\u0738\u0723\u072c\u072a\u0718\u073f\u072c\u0742</span></a>, <a href=\"dosearch.php?searchkey=16816&amp;language=id\"><span class=\"eastsyriac\">\u0710\u0738\u0723\u072c\u071d\u073c\u072a</span></a>, <a href=\"dosearch.php?searchkey=638&amp;language=id\"><span class=\"eastsyriac\">\u0710\u0738\u0723\u072c\u071d\u073c\u072a</span></a></span>", "<span class=\"wordlink\"><a href=\"dosearch.php?searchkey=16817&amp;language=id\"><span class=\"eastsyriac\">\u0710\u0738\u0723\u072c\u072a\u0735\u0710</span></a></span>", "<span class=\"wordlink\"><a href=\"dosearch.php?searchkey=9449&amp;language=id\"><span class=\"eastsyriac\">\u0723\u0732\u0717\u072a\u0735\u0722\u0735\u0710</span></a>, <a href=\"dosearch.php?searchkey=292&amp;language=id\"><span class=\"eastsyriac\">\u0710\u071d\u073c\u0715\u0735\u0710 \u0715\u0710\u0735\u0720\u0738\u0710</span></a>, <a href=\"dosearch.php?searchkey=9448&amp;language=id\"><span class=\"eastsyriac\">\u0723\u0735\u0717\u072a\u0735\u071d\u0735\u0710</span></a>, <a href=\"dosearch.php?searchkey=12007&amp;language=id\"><span class=\"eastsyriac\">\u0728\u0732\u0721\u0712\u0735\u072a\u0735\u0710</span></a></span>"], "key": "582", "west": "\u0710\u0736\u0723\u071b\u072a\u0733\u0710", "phonetic": "<td>' is \u1e6dra: / ' is tra:</td>", "east": "\u0710\u0738\u0723\u071b\u072a\u0735\u0710"},
{"searchkey": "641", "audio": [], "context": ["metaphor"], "webrank": 30, "text": [" : 1) the lining , what covers the inner surface of anything ;\r\n2) ", " : the hidden side of a matter , the dark side of the moon (?) / behind the scenes (?) ;"], "english": "<td>1) the lining , what covers the inner surface of anything ;\r\n2) <span class=\"context\">metaphor</span> : the hidden side of a matter , the dark side of the moon (?) / behind the scenes (?) ;</td>", "cf": ["<span class=\"wordlink\"><a href=\"dosearch.php?searchkey=16106&amp;language=id\"><span class=\"eastsyriac\">\u0710\u0732\u0723\u071b\u0732\u072a</span></a></span>", "<span class=\"wordlink\"><a href=\"dosearch.php?searchkey=16106&amp;language=id\"><span class=\"eastsyriac\">\u0710\u0732\u0723\u071b\u0735\u072a</span></a></span>", "<span class=\"wordlink\"><a href=\"dosearch.php?searchkey=27848&amp;language=id\"><span class=\"eastsyriac\">\u0725\u0732\u0723\u072c\u0735\u072a</span></a></span>"], "key": "641", "west": "\u0710\u0730\u0723\u072c\u0733\u072a", "phonetic": "<td>' as ta:r</td>", "east": "\u0710\u0732\u0723\u072c\u0735\u072a"},
{"searchkey": "593", "audio": [], "context": [], "webrank": 20, "text": [" : luxury , free indulgence in anything expensive which gratifies appetites or tastes , debauchery"], "english": "<td>luxury , free indulgence in anything expensive which gratifies appetites or tastes , debauchery</td>", "cf": ["<span class=\"wordlink\"><a href=\"dosearch.php?searchkey=27044&amp;language=id\"><span class=\"eastsyriac\">\u0722\u0738\u0725\u0721\u0732\u072c</span></a></span>"], "key": "593", "west": "\u0710\u0736\u0723\u071b\u072a\u0733\u0722\u073a\u071d\u0733\u0710", "phonetic": "<td>is\u1e6d ra ' ni: ia</td>", "east": "\u0710\u0738\u0723\u071b\u072a\u0735\u0722\u071d\u073c\u0735\u0710"},
{"searchkey": "16197", "audio": [], "context": [], "webrank": 60, "text": [" : a summit , a peak , the top , the highest point of anything ;"], "english": "<td>a summit , a peak , the top , the highest point of anything ;</td>", "cf": ["<span class=\"wordlink\"><a href=\"dosearch.php?searchkey=16198&amp;language=id\"><span class=\"eastsyriac\">\u0712\u0739\u0712\u0738\u0720\u072c\u0735\u0710</span></a></span>", "<span class=\"wordlink\"><a href=\"dosearch.php?searchkey=13188&amp;language=id\"><span class=\"eastsyriac\">\u0729\u0732\u072a\u0722\u0735\u0710</span></a>, <a href=\"dosearch.php?searchkey=1129&amp;language=id\"><span class=\"eastsyriac\">\u0712\u0738\u0719\u0735\u0710</span></a>, <a href=\"dosearch.php?searchkey=13238&amp;language=id\"><span class=\"eastsyriac\">\u0729\u0732\u072a\u0729\u0732\u0726\u072c\u0735\u0710</span></a>, <a href=\"dosearch.php?searchkey=1909&amp;language=id\"><span class=\"eastsyriac\">\u0713\u0735\u0713\u0742\u0718\u073c\u0720\u072c\u0735\u0710</span></a>, <a href=\"dosearch.php?searchkey=34824&amp;language=id\"><span class=\"eastsyriac\">\u0723\u0722\u0735\u072a\u0713\u0735\u0710</span></a></span>"], "key": "16197", "west": "\u0712\u0736\u0712\u0736\u0720\u072c\u0733\u0710", "phonetic": "<td>bi ' bil ta:</td>", "east": "\u0712\u0738\u0712\u0738\u0720\u072c\u0735\u0710"}
]