[
{"searchkey": "7539", "audio": [], "context": ["transitive verb"], "webrank": 10, "text": [" : ", " : to heat , to make hot , to apply heat to , to cause to grow warm ;"], "english": "<td><span class=\"context\">transitive verb</span> : to heat , to make hot , to apply heat to , to cause to grow warm ;</td>", "cf": ["<span class=\"wordlink\"><a href=\"dosearch.php?searchkey=4550&amp;language=id\"><span class=\"eastsyriac\">\u071a\u0732\u0721\u071a\u0718\u073c\u0721\u0739\u0710</span></a>, <a href=\"dosearch.php?searchkey=4552&amp;language=id\"><span class=\"eastsyriac\">\u071a\u0732\u0721\u071a\u0732\u0721\u072c\u0735\u0710</span></a>, <a href=\"dosearch.php?searchkey=4541&amp;language=id\"><span class=\"eastsyriac\">\u071a\u0738\u0721\u0735\u0710</span></a>, <a href=\"dosearch.php?searchkey=17417&amp;language=id\"><span class=\"eastsyriac\">\u071a\u0721\u0721</span></a>, <a href=\"dosearch.php?searchkey=4032&amp;language=id\"><span class=\"eastsyriac\">\u071a\u0710\u0735\u0721\u0735\u0710</span></a>, <a href=\"dosearch.php?searchkey=4389&amp;language=id\"><span class=\"eastsyriac\">\u071a\u071d\u073c\u0721\u0735\u0710</span></a>, <a href=\"dosearch.php?searchkey=4390&amp;language=id\"><span class=\"eastsyriac\">\u071a\u071d\u0735\u0721\u072c\u0735\u0710</span></a>, <a href=\"dosearch.php?searchkey=4539&amp;language=id\"><span class=\"eastsyriac\">\u071a\u0735\u0721\u0735\u0710</span></a>, <a href=\"dosearch.php?searchkey=4564&amp;language=id\"><span class=\"eastsyriac\">\u071a\u0732\u0721\u071d\u073c\u0721\u0735\u0710</span></a>, <a href=\"dosearch.php?searchkey=4565&amp;language=id\"><span class=\"eastsyriac\">\u071a\u0732\u0721\u071d\u073c\u0721\u0735\u0710\u071d\u073c\u072c</span></a>, <a href=\"dosearch.php?searchkey=4567&amp;language=id\"><span class=\"eastsyriac\">\u071a\u0732\u0721\u071d\u073c\u0721\u072c\u0735\u0710</span></a>, <a href=\"dosearch.php?searchkey=4567&amp;language=id\"><span class=\"eastsyriac\">\u071a\u0732\u0721\u071d\u073c\u0721\u072c\u0735\u0710</span></a>, <a href=\"dosearch.php?searchkey=25014&amp;language=id\"><span class=\"eastsyriac\">\u0721\u071a\u0732\u0721\u071a\u0738\u0721</span></a>, <a href=\"dosearch.php?searchkey=25015&amp;language=id\"><span class=\"eastsyriac\">\u0721\u071a\u0732\u0721\u071a\u0732\u0721\u072c\u0735\u0710</span></a></span>"], "key": "7539", "west": "\u0721\u0730\u071a\u073d\u0718\u0721\u0736\u0710", "phonetic": "<td>ma ' \u1e25u: mi:</td>", "east": "\u0721\u0732\u071a\u0718\u073c\u0721\u0739\u0710"},
{"searchkey": "20411", "audio": [], "context": ["Rh\u00e9tor\u00e9"], "webrank": 9, "text": [" : 1) to apply medecines to ;\r\n2) to heal , to tend to , to look after / to treat ;\r\n"], "english": "<td>1) to apply medecines to ;\r\n2) to heal , to tend to , to look after / to treat ;\r\n<span class=\"context\">Rh\u00e9tor\u00e9 ; <span class=\"locution\"><span class=\"eastsyriac\">\u0710\u0732\u0712\u0718\u073c\u0308\u0722\u0739\u0710 \u0721\u0715\u0732\u072a\u0721\u0718\u073f\u0722\u0735\u0717\u073f \u071d\u0720\u0732\u071d</span></span></span> : priests are taking care of her / are treating her ;\r\n3) to poison ;</td>", "cf": ["<span class=\"wordlink\"><a href=\"dosearch.php?searchkey=3224&amp;language=id\"><span class=\"eastsyriac\">\u0715\u0732\u072a\u0721\u0735\u0722\u0735\u0710</span></a>, <a href=\"dosearch.php?searchkey=mdarmenAnA%27&amp;language=fullsyriac\"><span class=\"eastsyriac\">\u0721\u0715\u0732\u072a\u0721\u0738\u0722\u0735\u0722\u0735\u0710</span></a>, <a href=\"dosearch.php?searchkey=20411&amp;language=id\"><span class=\"eastsyriac\">\u0721\u0715\u0732\u072a\u0721\u0738\u0722</span></a></span>"], "key": "20411", "west": "\u0721\u0715\u0730\u072a\u0721\u0736\u0722", "phonetic": "<td>(m) ' der min</td>", "east": "\u0721\u0715\u0732\u072a\u0721\u0738\u0722"},
{"searchkey": "16801", "audio": [], "context": [], "webrank": 3, "text": [" : to go up , to ascend , to rise (does not apply to heavenly bodies -sun ...-)"], "english": "<td>to go up , to ascend , to rise (does not apply to heavenly bodies -sun ...-) ;\r\n<span class=\"locution\"><span class=\"eastsyriac\">\u0710\u0735\u0723\u0738\u0729 \u0712\u0726\u0732\u0720\u0308\u0739\u0710</span></span> : to go up stairs / steps , to go upstairs ;\r\n<span class=\"context\">Rh\u00e9tor\u00e9 , see <a href=\"dosearch.php?searchkey=mAseq&amp;language=fullsyriac\"><span class=\"eastsyriac\">\u0721\u0735\u0723\u0738\u0729</span></a> ; <span class=\"locution\"><span class=\"eastsyriac\">\u071d\u0735\u0308\u0720\u0739\u0710 \u0715\u0721\u0732\u0715\u072a\u0732\u0723\u0735\u0710 \u0721\u0718\u073c\u0723\u0729\u071d\u073c \u0720\u0732\u0722 \u0720\u071b\u0718\u073c\u072a\u0735\u0710</span></span></span> : we had (them) the schoolchildren go up the mountain , we took (them) the schoolchildren up the mountain ;\r\n<span class=\"context\">Rh\u00e9tor\u00e9 ; <span class=\"locution\"><span class=\"eastsyriac\">\u0723\u071d\u073c\u0729 \u0720\u0739\u0717 \u0720\u0720\u0738\u0712\u0739\u0717 \u0715\u0726\u0735\u0729\u0738\u0715 \u0717\u0747\u0718\u0735\u0710 \u0710\u0732\u071a\u0718\u073f\u0308\u0722\u0718\u0735\u072c\u0742\u0717 \u0712\u0722\u0732\u0308\u071d \u071d\u073c\u0723\u072a\u0735\u071d\u0738\u0720</span></span></span> : he felt like visiting his brothers the sons of Israel , he wanted / wished / <span class=\"context\">literally\" : \"it went up to his heart to\" pay a visit to his brothers the sons of Israel ;\r\n<span class=\"context\">Rh\u00e9tor\u00e9 ; <span class=\"locution\"><span class=\"eastsyriac\">\u0723\u071d\u073c\u0729 \u0717\u0718\u0735\u0718\u0720\u0732\u071d \u0720\u0719\u0718\u073f\u0721\u0732\u071d \u0715\u0721\u0732\u071d\u0715\u0735\u0308\u0722\u0739\u0710</span></span></span> : they had gone up to their Maidans summer camping site (one day's walk from Ashita) ;</span></td>", "cf": ["<span class=\"wordlink\"><a href=\"dosearch.php?searchkey=17724&amp;language=id\"><span class=\"eastsyriac\">\u0723\u0720\u0729</span></a>, <a href=\"dosearch.php?searchkey=16802&amp;language=id\"><span class=\"eastsyriac\">\u071d\u0735\u0723\u0739\u0729</span></a>, <a href=\"dosearch.php?searchkey=21818&amp;language=id\"><span class=\"eastsyriac\">\u0721\u0732\u0723\u0729\u0735\u0722\u0735\u0710</span></a>, <a href=\"dosearch.php?searchkey=24823&amp;language=id\"><span class=\"eastsyriac\">\u0721\u0735\u0723\u0738\u0729</span></a>, <a href=\"dosearch.php?searchkey=23776&amp;language=id\"><span class=\"eastsyriac\">\u0723\u0718\u073f\u0729</span></a>, <a href=\"dosearch.php?searchkey=27354&amp;language=id\"><span class=\"eastsyriac\">\u0723\u071d\u0735\u0729\u0735\u0710</span></a>, <a href=\"dosearch.php?searchkey=27355&amp;language=id\"><span class=\"eastsyriac\">\u0723\u071d\u0735\u0729\u072c\u0735\u0710</span></a>, <a href=\"dosearch.php?searchkey=16112&amp;language=id\"><span class=\"eastsyriac\">\u0710\u0723\u0735\u0729\u0735\u0710</span></a>, <a href=\"dosearch.php?searchkey=9493&amp;language=id\"><span class=\"eastsyriac\">\u0723\u0718\u073c\u0720\u0735\u0729\u0735\u0710</span></a>, <a href=\"dosearch.php?searchkey=31774&amp;language=id\"><span class=\"eastsyriac\">\u0710\u0735\u0723\u0738\u0729 \u0720\u0720\u0738\u0712\u0735\u0710</span></a></span>", "<span class=\"wordlink\"><a href=\"dosearch.php?searchkey=16802&amp;language=id\"><span class=\"eastsyriac\">\u071d\u0735\u0723\u0739\u0729</span></a></span>", "<span class=\"wordlink\"><a href=\"dosearch.php?searchkey=8151&amp;language=id\"><span class=\"eastsyriac\">\u0721\u0732\u0723\u0732\u0729\u072c\u0735\u0710</span></a></span>"], "key": "16801", "west": "\u0710\u0733\u0723\u0736\u0729", "phonetic": "<td>' a: si:q</td>", "east": "\u0710\u0735\u0723\u0738\u0729"},
{"searchkey": "2558", "audio": [], "context": [], "webrank": 5, "text": [" : to try , to prove by experiment , to apply a test to (to determine the quality) , to test , to experiment ;"], "english": "<td>to try , to prove by experiment , to apply a test to (to determine the quality) , to test , to experiment ;</td>", "cf": ["<span class=\"wordlink\"><a href=\"dosearch.php?searchkey=11669&amp;language=id\"><span class=\"eastsyriac\">\u072c\u0732\u0713\u0330\u072a\u071d\u073c\u0712\u0735\u0710</span></a></span>"], "key": "2558", "west": "\u0713\u0330\u0733\u072a\u073d\u0718\u0712\u0736\u0710", "phonetic": "<td>dja ' ru: bi</td>", "east": "\u0713\u0330\u0735\u072a\u0718\u073c\u0712\u0739\u0710"},
{"searchkey": "17563", "audio": [], "context": ["sand, salt ...", "a medicine", "Bailis Shamun :"], "webrank": 4, "text": [" : 1) ", " : to scatter , to sprinkle (?) ;\r\n2) ", " : to apply ;\r\n3) "], "english": "<td>1) <span class=\"context\">sand, salt ...</span> : to scatter , to sprinkle (?) ;\r\n2) <span class=\"context\">a medicine</span> : to apply ;\r\n3) <span class=\"context\">Bailis Shamun : <span class=\"locution\"><span class=\"eastsyriac\">\u0712\u0732\u0715\u0738\u072a</span></span></span> : to waste , to squander , to dissipate ,<span class=\"context\">money ...</span> : to throw away / to fritter away ;</td>", "cf": ["<span class=\"wordlink\"><a href=\"dosearch.php?searchkey=956&amp;language=id\"><span class=\"eastsyriac\">\u0712\u0735\u0715\u0718\u073c\u072a\u0739\u0710</span></a>, <a href=\"dosearch.php?searchkey=979&amp;language=id\"><span class=\"eastsyriac\">\u0712\u0715\u0735\u072a\u0735\u0710</span></a>, <a href=\"dosearch.php?searchkey=17564&amp;language=id\"><span class=\"eastsyriac\">\u0721\u0712\u0735\u0715\u0738\u072a</span></a>, <a href=\"dosearch.php?searchkey=17232&amp;language=id\"><span class=\"eastsyriac\">\u0712\u0715\u072a</span></a></span>", "<span class=\"wordlink\"><a href=\"dosearch.php?searchkey=parex&amp;language=fullsyriac\"><span class=\"eastsyriac\">\u0726\u0732\u072a\u0738\u071a</span></a>, <a href=\"dosearch.php?searchkey=paruxE%27&amp;language=fullsyriac\"><span class=\"eastsyriac\">\u0726\u0732\u072a\u0718\u073c\u071a\u0739\u0710</span></a>, <a href=\"dosearch.php?searchkey=palhed&amp;language=fullsyriac\"><span class=\"eastsyriac\">\u0726\u0732\u0720\u0717\u0738\u0715</span></a>, <a href=\"dosearch.php?searchkey=11011&amp;language=id\"><span class=\"eastsyriac\">\u0726\u0732\u0720\u0717\u0718\u073c\u0715\u0739\u0710</span></a>, <a href=\"dosearch.php?searchkey=21026&amp;language=id\"><span class=\"eastsyriac\">\u0721\u0732\u071a\u072a\u0738\u0712\u0742</span></a>, <a href=\"dosearch.php?searchkey=maxrubE%27&amp;language=fullsyriac\"><span class=\"eastsyriac\">\u0721\u0732\u071a\u072a\u0718\u073c\u0712\u0739\u0710</span></a>, <a href=\"dosearch.php?searchkey=34180&amp;language=id\"><span class=\"eastsyriac\">\u0715\u0732\u072a\u0739\u0710</span></a></span>"], "key": "17563", "west": "\u0712\u0733\u0715\u0736\u072a", "phonetic": "<td>' ba: dhir</td>", "east": "\u0712\u0735\u0715\u0738\u072a"},
{"searchkey": "5943", "audio": [], "context": ["on the eyes"], "webrank": 8, "text": [" : to paint (eyelids and eyelashes) with kohl  , to apply eye-paint / to put on makeup ", " (?) ;"], "english": "<td>to paint (eyelids and eyelashes) with kohl  , to apply eye-paint / to put on makeup <span class=\"context\">on the eyes</span> (?) ;</td>", "cf": ["<span class=\"wordlink\"><a href=\"dosearch.php?searchkey=5704&amp;language=id\"><span class=\"eastsyriac\">\u071f\u0717\u0735\u0720\u0735\u0710</span></a>, <a href=\"dosearch.php?searchkey=25221&amp;language=id\"><span class=\"eastsyriac\">\u0721\u0732\u071f\u071a\u0720\u0735\u0710</span></a></span>"], "key": "5943", "west": "\u071f\u071a\u0733\u0720\u0733\u0710", "phonetic": "<td>' k\u1e25a: la:</td>", "east": "\u071f\u071a\u0735\u0720\u0735\u0710"},
{"searchkey": "2751", "audio": [], "context": [], "webrank": 6, "text": [" : 1) to fatten , to grow fat , to grow corpulent , to become fleshy , to grow plump ;\r\n2) to anoint , to apply oil upon ;"], "english": "<td>1) to fatten , to grow fat , to grow corpulent , to become fleshy , to grow plump ;\r\n2) to anoint , to apply oil upon ;</td>", "cf": ["<span class=\"wordlink\"><a href=\"dosearch.php?searchkey=duhAnA%27&amp;language=fullsyriac\"><span class=\"eastsyriac\">\u0715\u0718\u073c\u0717\u0735\u0722\u0735\u0710</span></a></span>", "<span class=\"wordlink\"><a href=\"dosearch.php?searchkey=14385&amp;language=id\"><span class=\"eastsyriac\">\u072b\u0718\u073c\u0721\u0722\u0735\u0710</span></a>, <a href=\"dosearch.php?searchkey=14388&amp;language=id\"><span class=\"eastsyriac\">\u072b\u0718\u073c\u0721\u0735\u0722\u0735\u0710</span></a>, <a href=\"dosearch.php?searchkey=14299&amp;language=id\"><span class=\"eastsyriac\">\u072b\u0718\u073c\u0720\u0735\u0712\u0735\u0710</span></a>, <a href=\"dosearch.php?searchkey=14174&amp;language=id\"><span class=\"eastsyriac\">\u072b\u0732\u0717\u072a\u0735\u0710</span></a>, <a href=\"dosearch.php?searchkey=15876&amp;language=id\"><span class=\"eastsyriac\">\u072c\u0732\u072a\u0712\u0718\u073c\u0722\u0739\u0710</span></a>, <a href=\"dosearch.php?searchkey=15874&amp;language=id\"><span class=\"eastsyriac\">\u072c\u0732\u072a\u0712\u0735\u0710</span></a></span>"], "key": "2751", "west": "\u0715\u0717\u0733\u0722\u0733\u0710", "phonetic": "<td>' dha: na:</td>", "east": "\u0715\u0717\u0735\u0722\u0735\u0710"},
{"searchkey": "290", "audio": ["./audio/entry290.mp3"], "context": ["plural", "Rh\u00e9tor\u00e9"], "webrank": 2, "text": [" : 1) the hand , ", " : \u0710\u071d\u073c\u0308\u0715\u0735\u072c\u0739\u0710 ;\r\n"], "english": "<td>1) the hand , <span class=\"context\">plural</span> : <a href=\"dosearch.php?searchkey=%27iCdAtE%27&amp;language=fullsyriac\"><span class=\"eastsyriac\">\u0710\u071d\u073c\u0308\u0715\u0735\u072c\u0739\u0710</span></a> ;\r\n<span class=\"context\">Rh\u00e9tor\u00e9 ; <span class=\"locution\"><span class=\"eastsyriac\">\u072a\u0735\u0712\u071d\u073c \u0712\u0735\u071f\u0718\u073f\u0723 \u0712\u0710\u071d\u073c\u0715\u0739\u0717 \u0721\u0718\u073c\u071b\u0726\u0739\u0710 \u0720\u0739\u0717 \u0722\u0718\u073c\u072a\u0735\u0710 \u0720\u0729\u0732\u0720\u071d\u0718\u073c\u0722 \u0715\u072a\u0735\u071d\u073c\u0723</span></span></span> : Rabi Bakos , with his own hand lit / kindled the chief's pipe ;\r\n<span class=\"context\">Rh\u00e9tor\u00e9 ; <span class=\"locution\"><span class=\"eastsyriac\">\u0712\u0710\u0735\u0722\u071d\u073c \u071f\u0720\u0732\u071d \u0710\u0732\u071d\u071f\u0735\u0710\u0747\u071d\u0720\u0735\u0717\u073f \u0710\u071d\u073c\u0715\u0742\u0735\u0710 \u0715\u0710\u0732\u0720\u0735\u0717\u0735\u0710</span></span></span> : in all these things where is the hand of God ? ;\r\n<span class=\"locution\"><span class=\"eastsyriac\">\u0721\u0735\u071d\u073c\u0735\u0710 \u0715\u0710\u071d\u073c\u0715\u0735\u0710</span></span> : dexterity , adroitness ;\r\n<span class=\"locution\"><span class=\"eastsyriac\">\u0710\u071d\u073c\u0715\u0735\u0710 \u0712\u0710\u071d\u073c\u0715\u0735\u0710</span></span> : immediately , at once , right away , on the spot ;\r\n<span class=\"context\">Urmiah</span> : <span class=\"locution\"><span class=\"eastsyriac\">\u0710\u071d\u073c\u0715\u0718\u073c\u071f \u0712\u0738\u072c \u0717\u0735\u0718\u071d\u0735\u0710</span></span> : will you have time ?\r\n<span class=\"context\">Urmiah</span> : <span class=\"locution\"><span class=\"eastsyriac\">\u0710\u071d\u073c\u0715\u071d\u073c \u0720\u0739\u0710 \u0717\u0735\u0718\u071d\u0735\u0710</span></span> : I shall not have time ;\r\n<span class=\"locution\"><span class=\"eastsyriac\">\u0710\u071d\u073c\u0715\u071d\u073c \u0720\u0739\u0710 \u0721\u0735\u071b\u071d\u0735\u0710 \u0720\u072c\u072a\u0739\u071d \u0729\u072a\u0735\u0722\u0739\u0710</span></span> : I cannot afford / get two qrans ;\r\n<span class=\"locution\"><span class=\"eastsyriac\">\u0710\u071d\u073c\u0715\u0718\u073c\u071f \u0713\u0735\u0718\u073f \u0710\u071d\u073c\u0715\u0735\u072c\u0308\u0739\u0710 \u0720\u0735\u0710 \u071d\u0735\u0712\u0742\u0735\u0710</span></span> : may you be friendless !\r\n<span class=\"locution\"><span class=\"eastsyriac\">\u0726\u0735\u0715\u0738\u0729 \u0721\u0738\u0722 \u0710\u071d\u073c\u0715\u0735\u0710 \u0715</span></span> : to have done (away) with someone ;\r\n<span class=\"locution\"><span class=\"eastsyriac\">\u0722\u0726\u071d\u073c\u0720\u0739\u0717 \u0712\u0710\u071d\u073c\u0715\u0718\u073c\u0717\u071d</span></span>: 1) it happened to him , it befell on him ; 2) he laid hold of it ;\r\n<span class=\"locution\"><span class=\"eastsyriac\">\u0725\u0735\u0712\u0738\u0715 \u0725\u0732\u072a\u0719 \u0721\u0738\u0722 \u0710\u071d\u073c\u0715\u0735\u0710 \u0715</span></span> : 1) to prosecute , to bring action against ; 2) to appeal against / from , to request / apply for review (?) ;\r\n<span class=\"locution\"><span class=\"eastsyriac\">\u0720\u0732\u071d\u072c \u0720\u0739\u0717 \u0710\u071d\u073c\u0715\u0735\u0710 \u0725\u0732\u0720 \u0715\u0710\u0735\u0717\u0735\u0710</span></span> : he cannot interfere in this , he can't help it ;\r\n<span class=\"locution\"><span class=\"eastsyriac\">\u0713\u0735\u072a\u0738\u072b \u0710\u071d\u073c\u0715\u0735\u0710 \u0721\u0738\u0722</span></span> : to cease to support ;\r\n<span class=\"locution\"><span class=\"eastsyriac\">\u0713\u0735\u072a\u0738\u072b \u0721\u0738\u0722 \u0710\u071d\u073c\u0715\u0735\u0710 \u072a</span></span> : to put up with ;\r\n<span class=\"locution\"><span class=\"eastsyriac\">\u0715\u0735\u0712\u0738\u0729 \u0710\u071d\u073c\u0715\u0735\u0710 \u0715</span></span> : to support , to help , to aid ;\r\n<span class=\"locution\"><span class=\"eastsyriac\">\u0715\u0735\u072a\u0739\u0710 \u0710\u071d\u073c\u0715\u0735\u0710 \u0720</span></span> : to begin , to start ;\r\n<span class=\"locution\"><span class=\"eastsyriac\">\u0721\u0732\u072a\u0726\u0739\u0710 \u0710\u071d\u073c\u0715\u0735\u0710 \u0721\u0738\u0722</span></span> : to give up , to give in , to renounce ;\r\n<span class=\"locution\"><span class=\"eastsyriac\">\u0721\u0732\u072b\u0738\u0713\u0747\u072b \u0710\u071d\u073c\u0715\u0735\u0710</span></span> : to beckon ;\r\n<span class=\"locution\"><span class=\"eastsyriac\">\u0729\u0735\u0715\u0747\u0721 \u0710\u071d\u073c\u0715\u0735\u0710</span></span> : at hand , within reach ;\r\n<span class=\"locution\"><span class=\"eastsyriac\">\u0712\u0710\u071d\u073c\u0715\u0735\u0710 \u0715</span></span> : by means of ;\r\n<span class=\"locution\"><span class=\"eastsyriac\">\u0721\u0738\u0722 \u0710\u071d\u073c\u0715\u0735\u0710 \u0715</span></span> : from ;\r\n<span class=\"context\">Rh\u00e9tor\u00e9 ; <span class=\"locution\"><span class=\"eastsyriac\">\u0721\u0732\u072b\u0720\u0718\u073f\u071a\u0739\u0710 \u071d\u0735\u0722 \u0722\u0726\u0735\u0720\u0735\u0710 \u0712\u0710\u071d\u073c\u0715\u0742\u0735\u0710 \u0715\u0721\u0732\u072b\u0738\u0720\u071a\u0735\u0308\u0722\u0739\u0710</span></span></span> : going for banditry or falling into the hands of bandits ;\r\n2) power / powers , ability / abilities ;\r\n<span class=\"locution\"><span class=\"eastsyriac\">\u0710\u071d\u073c\u0715\u0735\u0710 \u0712\u071d\u073c\u072b\u072c\u0735\u0710</span></span> : bad , injurious ;\r\n<span class=\"field\">trade</span> : <span class=\"locution\"><span class=\"eastsyriac\">\u0710\u071d\u073c\u0715\u0735\u0710 \u0713\u0735\u0718 \u0710\u071d\u073c\u0715\u0735\u0710</span></span> / <span class=\"locution\"><span class=\"eastsyriac\">\u0710\u071d\u073c\u0715\u0735\u0710 \u0713\u0735\u0718 \u0712\u072a\u0735\u072c\u0747 \u0710\u071d\u073c\u0715\u0735\u0710</span></span> : cash down , without delay ;\r\n<span class=\"locution\"><span class=\"eastsyriac\">\u0715\u0735\u072a\u0739\u0710 \u0710\u071d\u0308\u073c\u0715\u0735\u072c\u0710 \u0725\u0732\u0720</span></span> : to lay hands on ;\r\n<span class=\"locution\"><span class=\"eastsyriac\">\u0712\u0710\u071d\u073c\u0715\u0735\u0710 \u0715</span></span> : under the authority , under the management of ;\r\n2) <span class=\"context\">Lishani, Yoab Benjamin</span> : a hilt <span class=\"context\">sword ? ; see <a href=\"dosearch.php?searchkey=%27estqA%27&amp;language=fullsyriac\"><span class=\"eastsyriac\">\u0710\u0738\u0723\u072c\u0729\u0735\u0710</span></a></span> ;</td>", "cf": ["<span class=\"wordlink\"><a href=\"dosearch.php?searchkey=12310&amp;language=id\"><span class=\"eastsyriac\">\u0729\u0732\u0715\u0747\u0721 \u0710\u071d\u073c\u0715\u0735\u0710</span></a>, <a href=\"dosearch.php?searchkey=292&amp;language=id\"><span class=\"eastsyriac\">\u0710\u071d\u073c\u0715\u0735\u0710 \u0715\u0710\u0735\u0720\u0739\u0710</span></a>, <a href=\"dosearch.php?searchkey=291&amp;language=id\"><span class=\"eastsyriac\">\u0710\u071d\u073c\u0715\u0735\u0710 \u0712\u0710\u071d\u073c\u0715\u0735\u0710</span></a>, <a href=\"dosearch.php?searchkey=15022&amp;language=id\"><span class=\"eastsyriac\">\u072b\u0726\u071d\u073c\u0725\u0718\u073c\u072c \u0710\u071d\u073c\u0715\u0735\u0710</span></a>, <a href=\"dosearch.php?searchkey=17145&amp;language=id\"><span class=\"eastsyriac\">\u0710\u071d\u073c\u0715\u0735\u0722\u0735\u0710</span></a>, <a href=\"dosearch.php?searchkey=25104&amp;language=id\"><span class=\"eastsyriac\">\u0721\u0308\u071d\u073c\u0735\u0710 \u0715\u0710\u071d\u073c\u0715\u0735\u0710</span></a>, <a href=\"dosearch.php?searchkey=26417&amp;language=id\"><span class=\"eastsyriac\">\u0721\u0732\u072b\u0738\u0713\u0747\u072b \u0710\u071d\u073c\u0715\u0735\u0710</span></a>, <a href=\"dosearch.php?searchkey=31732&amp;language=id\"><span class=\"eastsyriac\">\u0712\u072a\u0735\u072c\u0747 \u0710\u071d\u073c\u0715\u0742\u0735\u0710</span></a>, <a href=\"dosearch.php?searchkey=33052&amp;language=id\"><span class=\"eastsyriac\">\u0729\u0732\u0725\u071d\u0735\u0710 \u0715\u0710\u071d\u073c\u0715\u0735\u0710</span></a></span>"], "key": "290", "west": "\u0710\u073a\u071d\u0715\u0733\u0710", "phonetic": "<td>' i: da:</td>", "east": "\u0710\u071d\u073c\u0715\u0735\u0710"},
{"searchkey": "5704", "audio": [], "context": [], "webrank": 7, "text": [" : to paint the eyelids and eyelashes with kohl , to apply eye-paint ;"], "english": "<td>to paint the eyelids and eyelashes with kohl , to apply eye-paint ;</td>", "cf": ["<span class=\"wordlink\"><a href=\"dosearch.php?searchkey=25221&amp;language=id\"><span class=\"eastsyriac\">\u0721\u0732\u071f\u071a\u0720\u0735\u0710</span></a></span>"], "key": "5704", "west": "\u071f\u0717\u0733\u0720\u0733\u0710", "phonetic": "<td>' \u1e25a: la:</td>", "east": "\u071f\u0717\u0735\u0720\u0735\u0710"},
{"searchkey": "11972", "audio": [], "context": ["figurative sense : challenges ...", "Sokoloff", "tears ...", "a name encompassing many meanings ...", "Classical Syriac Genesis19, 6 :"], "webrank": 1, "text": [" : 1) to hold , to grasp , to seize , to tackle (?) / ", " : to take strong action (?) / to address (?) ;\r\n2) to shut closed , to close , to shut up / to enclose ;\r\n3) to put in possession ; \r\n4) to be confined / to enclosed , to be surrounded (?) / to be cornered (?) / to be trapped (?) ;\r\n5) ", " :  to hold / to take / to catch / to seize ;\r\n6) to contain / to hold back / ", " : to refrain / to fight back ;\r\n7) to receive ;\r\n8) to encompass ", " / to include ;\r\n9) to shut "], "english": "<td>1) to hold , to grasp , to seize , to tackle (?) / <span class=\"context\">figurative sense : challenges ...</span> : to take strong action (?) / to address (?) ;\r\n2) to shut closed , to close , to shut up / to enclose ;\r\n3) to put in possession ; \r\n4) to be confined / to enclosed , to be surrounded (?) / to be cornered (?) / to be trapped (?) ;\r\n5) <span class=\"context\">Sokoloff</span> :  to hold / to take / to catch / to seize ;\r\n6) to contain / to hold back / <span class=\"context\">tears ...</span> : to refrain / to fight back ;\r\n7) to receive ;\r\n8) to encompass <span class=\"context\">a name encompassing many meanings ...</span> / to include ;\r\n9) to shut <span class=\"context\">Classical Syriac Genesis19, 6 : <span class=\"locution\"><span class=\"eastsyriac\">\u0718\u072c\u072a\u0725\u0710 \u0710\u071a\u0715\u0718 \u0712\u072c\u072a\u0717</span></span></span> : shut the door behind / after him ;\r\n10) <span class=\"context\">with  <span class=\"locution\"><span class=\"eastsyriac\">\u0712\u0732\u0710\u0308\u0726\u0735\u071d</span></span> ; Classical Syriac Genesis 7,16 : <span class=\"locution\"><span class=\"eastsyriac\"> \u0718\u0710\u071a\u073c\u0715 \u0721\u072a\u071d\u0710 \u0712\u0710\u0308\u0726\u0718\u0717\u071d</span></span></span> :  and the Lord shut him in ;\r\n<span class=\"context\">1Samuel 1, 6 : <span class=\"locution\"><span class=\"eastsyriac\">\u0721\u0738\u071b\u0720 \u0715\u0710\u071a\u0715 \u0721\u072a\u071d\u0710 \u0712\u0710\u0308\u0726\u071d \u0721\u072a\u0712\u0725\u0717\u073f\u0702</span></span></span> : because the Lord had closed her womb ;\r\n11) to besiege ;\r\n12) to hide / to cover / to conceal / to mask (?) ;\r\n13 to pose <span class=\"context\">a riddle ...</span> / to ask to solve ;\r\n14) to keep / to retain <span class=\"context\">a sin, anger, a fast</span> / to pursue (?) / to apply self to (?) ;\r\n15) to bewitch / to spell / to spellbind ;\r\n16) stand firm ; \r\n17) to embrace <span class=\"context\">a god, 1Kings 9, 9 : <span class=\"locution\"><span class=\"eastsyriac\">\u0718\u0710\u071a\u0715\u0718 \u0712\u0710\u0308\u0720\u0717\u0710 \u0715\u0725\u0721\u0308\u0721\u0710 \u0710\u071a\u072a\u0308\u0722\u0710 \u0718\u0726\u0720\u071a\u0718 \u0710\u0722\u0718\u0722 \u0718\u0723\u0713\u0715\u0718 \u0720\u0717\u0718\u0722 \u0717\u0715\u0710 \u071f\u0720\u0717\u0700</span></span></span> : and have embraced other gods, and worshiped them and served them ;\r\n18) to accept <span class=\"context\">a notion, a way of thinking ...</span> ;\r\n19) to think , to regard , to consider ;\r\n20) to grow angry / to get angry / cross ;\r\n21) to undertake <span class=\"context\">a fight, a battle ...</span> / to commit oneself (?) / to engage (?) / to start (?) / to initiate (?) / to take charge (?) / to shoulder (?) ;\r\n22) to reign , to predominate (?) / to prevail (?) ;\r\n23) <span class=\"context\">in phrase : <span class=\"locution\"><span class=\"eastsyriac\">\u0710\u071a\u0715 \u0710\u071d\u073c\u0715\u0735\u0710</span></span></span> : to help , to assist , to give a helping hand ;\r\n24) <span class=\"context\">in phrase <span class=\"locution\"><span class=\"eastsyriac\">\u0710\u071a\u0715 \u0713\u0735\u0718\u0723\u0735\u0710</span></span></span> :  to flee , to seek refuge / to take refuge ;\r\n25) <span class=\"locution\"><span class=\"eastsyriac\">\u0710\u071a\u0715 \u0722\u0718\u073f\u0721\u0739\u0710</span></span> : to metastasise <span class=\"context\">of cancer, problem ...</span> / to spread to new areas / to deteriorate <span class=\"context\">situation ...</span> ;\r\n26) <span class=\"locution\"><span class=\"eastsyriac\">\u0710\u071a\u0715 \u072a\u0738\u071d\u072b\u0735\u0710 \u0721\u0738\u0722</span></span> : to begin at ;\r\n27) to be strong , to prevail / to have the upper hand , to last / to survive (?) ;\r\n28) to be kindled <span class=\"context\">of firewood</span> , to set on fire <span class=\"context\">see Exodus 35, 3</span> / to light a fire / to start a fire ;\r\n29) to lease ;\r\n<span class=\"locution\"><span class=\"eastsyriac\">\u0710\u071a\u0718\u0715\u0717 \u0720\u0726\u0720\u071a\u0308\u0710</span></span> : leasing to the workers / hiring (?) ;\r\n30) to be paid off ;\r\n31) to be deceived ;\r\n32) <span class=\"locution\"><span class=\"eastsyriac\">\u0710\u071a\u0715 \u0720\u0738\u072b\u0735\u0722\u0739\u0717</span></span> :  to fall silent ;\r\n33) <span class=\"locution\"><span class=\"eastsyriac\">\u0710\u071a\u0715 \u0725\u0732\u071d\u0308\u0722\u0735\u0718\u0717\u0747\u071d</span></span> : to be blinded ;</td>", "cf": ["<span class=\"wordlink\"><a href=\"dosearch.php?searchkey=17701&amp;language=id\"><span class=\"eastsyriac\">\u0722\u0723\u0712</span></a>, <a href=\"dosearch.php?searchkey=9193&amp;language=id\"><span class=\"eastsyriac\">\u0722\u0723\u0735\u0712\u0742\u0735\u0710</span></a>, <a href=\"dosearch.php?searchkey=18073&amp;language=id\"><span class=\"eastsyriac\">\u0722\u0735\u0723\u0739\u0712\u0742</span></a>, <a href=\"dosearch.php?searchkey=18075&amp;language=id\"><span class=\"eastsyriac\">\u0722\u0735\u0723\u0718\u073f\u0712\u0735\u0710</span></a></span>", "<span class=\"wordlink\"><a href=\"dosearch.php?searchkey=33201&amp;language=id\"><span class=\"eastsyriac\">\u0721\u0713\u0742\u071d\u073c\u072b\u0735\u0710</span></a>, <a href=\"dosearch.php?searchkey=33202&amp;language=id\"><span class=\"eastsyriac\">\u0721\u0719\u0732\u072a\u0715\u0735\u0710</span></a>, <a href=\"dosearch.php?searchkey=14214&amp;language=id\"><span class=\"eastsyriac\">\u072b\u0718\u073c\u0715\u0720\u0735\u0710</span></a>, <a href=\"dosearch.php?searchkey=33203&amp;language=id\"><span class=\"eastsyriac\">\u0721\u071a\u0732\u072a\u072b\u0735\u0710</span></a>, <a href=\"dosearch.php?searchkey=33200&amp;language=id\"><span class=\"eastsyriac\">\u0721\u0720\u0732\u071a\u072b\u0735\u0710</span></a>, <a href=\"dosearch.php?searchkey=22347&amp;language=id\"><span class=\"eastsyriac\">\u0721\u071a\u0735\u072a\u0738\u072b</span></a></span>", "<span class=\"wordlink\"><a href=\"dosearch.php?searchkey=34628&amp;language=id\"><span class=\"eastsyriac\">\u0710\u0718\u073c\u071a\u0715\u0735\u0722\u0735\u0710</span></a></span>", "<span class=\"wordlink\"><a href=\"dosearch.php?searchkey=35074&amp;language=id\"><span class=\"eastsyriac\">\u0710\u0718\u073c\u071a\u0715\u0735\u0722\u0735\u071d\u0735\u0710</span></a></span>", "<span class=\"wordlink\"><a href=\"dosearch.php?searchkey=166&amp;language=id\"><span class=\"eastsyriac\">\u0710\u0718\u073c\u071a\u0732\u0715\u072c\u0735\u0710</span></a></span>", "<span class=\"wordlink\"><a href=\"dosearch.php?searchkey=34706&amp;language=id\"><span class=\"eastsyriac\">\u0710\u0718\u073c\u071a\u0715\u072c\u0735\u0710</span></a></span>", "<span class=\"wordlink\"><a href=\"dosearch.php?searchkey=32878&amp;language=id\"><span class=\"eastsyriac\">\u0710\u0732\u071a\u0735\u0715\u0735\u0710</span></a></span>", "<span class=\"wordlink\"><a href=\"dosearch.php?searchkey=32854&amp;language=id\"><span class=\"eastsyriac\">\u0710\u0738\u071a\u0735\u0715\u072c\u0735\u0710</span></a></span>", "<span class=\"wordlink\"><a href=\"dosearch.php?searchkey=18904&amp;language=id\"><span class=\"eastsyriac\">\u0710\u0732\u071a\u071d\u073c\u0715\u0735\u0710</span></a></span>", "<span class=\"wordlink\"><a href=\"dosearch.php?searchkey=34066&amp;language=id\"><span class=\"eastsyriac\">\u0721\u0735\u0718\u071a\u0715\u0735\u0710</span></a></span>", "<span class=\"wordlink\"><a href=\"dosearch.php?searchkey=34052&amp;language=id\"><span class=\"eastsyriac\">\u0721\u0735\u0718\u071a\u0732\u0715\u072c\u0735\u0710</span></a></span>", "<span class=\"wordlink\"><a href=\"dosearch.php?searchkey=8873&amp;language=id\"><span class=\"eastsyriac\">\u0721\u0738\u072c\u072c\u0732\u071a\u0715\u0735\u0722\u0735\u0710</span></a></span>", "<span class=\"wordlink\"><a href=\"dosearch.php?searchkey=17215&amp;language=id\"><span class=\"eastsyriac\">\u072c\u0735\u0718\u071a\u0735\u0715\u0735\u072c\u0710</span></a></span>"], "key": "11972", "west": "\u0710\u071a\u0715", "phonetic": "<td>i \u1e25a d</td>", "east": "\u0710\u071a\u0715"},
{"searchkey": "8620", "audio": [], "context": ["Bailis Shamun ; transitive :"], "webrank": 30, "text": [" : 1) to find , to meet with accidentally , to catch in the act -a thief- , to come up with , to notice , to come upon by seeking or effort , to work out -a solution- (?) , to discover , to unearth , to uncover , to regain , to detect ,  to locate (?) ;\r\n2) "], "english": "<td>1) to find , to meet with accidentally , to catch in the act -a thief- , to come up with , to notice , to come upon by seeking or effort , to work out -a solution- (?) , to discover , to unearth , to uncover , to regain , to detect ,  to locate (?) ;\r\n2) <span class=\"context\">Bailis Shamun ; transitive : <span class=\"locution\"><span class=\"eastsyriac\">\u0721\u0732\u072b\u071f\u0718\u073c\u071a\u0739\u0710</span></span></span> : to pioneer , to be first <span class=\"context\">to use or apply ...</span> , to show the way to / to serve as a model for (?) ;</td>", "cf": ["<span class=\"wordlink\"><a href=\"dosearch.php?searchkey=14684&amp;language=id\"><span class=\"eastsyriac\">\u072b\u0330\u071f\u0735\u071a\u0735\u0710</span></a>, <a href=\"dosearch.php?searchkey=8623&amp;language=id\"><span class=\"eastsyriac\">\u0721\u0732\u072b\u0330\u071f\u0735\u071a\u072c\u0735\u0710</span></a>, <a href=\"dosearch.php?searchkey=14685&amp;language=id\"><span class=\"eastsyriac\">\u072b\u0330\u071f\u0735\u071a\u072c\u0735\u0710</span></a>, <a href=\"dosearch.php?searchkey=14687&amp;language=id\"><span class=\"eastsyriac\">\u072b\u0330\u071f\u071d\u073c\u071a\u0718\u073c\u072c\u0735\u0710</span></a>, <a href=\"dosearch.php?searchkey=24474&amp;language=id\"><span class=\"eastsyriac\">\u0721\u0735\u072b\u0738\u071f\u0747\u071a</span></a></span>"], "key": "8620", "west": "\u0721\u0730\u072b\u0330\u071f\u073d\u0718\u071a\u0736\u0710", "phonetic": "<td>ma\u0161 ' t\u0161u: \u1e25i:</td>", "east": "\u0721\u0732\u072b\u0330\u071f\u0718\u073c\u071a\u0739\u0710"},
{"searchkey": "14829", "audio": [], "context": ["rites, sacraments, duty  ...", "medication, medical care ..."], "webrank": 100, "text": [" : ", " : to administer , to minister , to serve , to help , to attend , ", " : to give / apply , to nurse , to take care of / to provide for the needs of others ;"], "english": "<td><span class=\"context\">rites, sacraments, duty  ...</span> : to administer , to minister , to serve , to help , to attend , <span class=\"context\">medication, medical care ...</span> : to give / apply , to nurse , to take care of / to provide for the needs of others ;</td>", "cf": ["<span class=\"wordlink\"><a href=\"dosearch.php?searchkey=32012&amp;language=id\"><span class=\"eastsyriac\">\u072b\u0721\u072b</span></a>, <a href=\"dosearch.php?searchkey=15997&amp;language=id\"><span class=\"eastsyriac\">\u072c\u0738\u072b\u0721\u0738\u072b\u072c\u0735\u0710</span></a>, <a href=\"dosearch.php?searchkey=14880&amp;language=id\"><span class=\"eastsyriac\">\u072b\u0732\u0721\u0735\u072b\u0735\u0710</span></a>, <a href=\"dosearch.php?searchkey=13649&amp;language=id\"><span class=\"eastsyriac\">\u072a\u071d\u073c\u072b \u0721\u072b\u0732\u0721\u072b\u0735\u0722\u0308\u0739\u0710</span></a>, <a href=\"dosearch.php?searchkey=26528&amp;language=id\"><span class=\"eastsyriac\">\u0721\u072b\u0735\u0721\u0738\u072b</span></a>, <a href=\"dosearch.php?searchkey=15998&amp;language=id\"><span class=\"eastsyriac\">\u072c\u0738\u072b\u0721\u0738\u072b\u072c\u0735\u0710</span></a>, <a href=\"dosearch.php?searchkey=14879&amp;language=id\"><span class=\"eastsyriac\">\u072b\u0721\u0735\u072b\u0735\u0710</span></a></span>"], "key": "14829", "west": "\u072b\u0733\u0721\u073d\u0718\u072b\u0736\u0710", "phonetic": "<td>\u0161a ' mu: \u0161i</td>", "east": "\u072b\u0735\u0721\u0718\u073f\u072b\u0739\u0710"},
{"searchkey": "34918", "audio": [], "context": ["transitive", "Urmiah ; see \u071f\u0330\u0735\u0710\u0738\u0720"], "webrank": 80, "text": [" : ", " : 1) to request , to ask for , to solicit / to be after / to crave for (?) / to apply for (?) ;\r\n2) ", " ;"], "english": "<td><span class=\"context\">transitive</span> : 1) to request , to ask for , to solicit / to be after / to crave for (?) / to apply for (?) ;\r\n2) <span class=\"context\">Urmiah ; see <a href=\"dosearch.php?searchkey=kBA%27el&amp;language=fullsyriac\"><span class=\"eastsyriac\">\u071f\u0330\u0735\u0710\u0738\u0720</span></a></span> ;</td>", "cf": ["<span class=\"wordlink\"><a href=\"dosearch.php?searchkey=31990&amp;language=id\"><span class=\"eastsyriac\">\u072b\u0710\u0720</span></a>, <a href=\"dosearch.php?searchkey=12143&amp;language=id\"><span class=\"eastsyriac\">\u072b\u0710\u0735\u0720\u0735\u0710</span></a></span>", "<span class=\"wordlink\"><a href=\"dosearch.php?searchkey=33957&amp;language=id\"><span class=\"eastsyriac\">\u071a\u0735\u0715\u0739\u072a</span></a>, <a href=\"dosearch.php?searchkey=34919&amp;language=id\"><span class=\"eastsyriac\">\u0729\u0732\u0718\u071b\u0739\u0710</span></a>, <a href=\"dosearch.php?searchkey=21786&amp;language=id\"><span class=\"eastsyriac\">\u0713\u0735\u0712\u0739\u0710</span></a>, <a href=\"dosearch.php?searchkey=31721&amp;language=id\"><span class=\"eastsyriac\">\u071b\u0735\u0720\u0739\u0712</span></a>, <a href=\"dosearch.php?searchkey=18493&amp;language=id\"><span class=\"eastsyriac\">\u0712\u0735\u0725\u0739\u0710</span></a></span>"], "key": "34918", "west": "\u072b\u0733\u0710\u0736\u0720", "phonetic": "<td>' \u0161a: i:l</td>", "east": "\u072b\u0735\u0710\u0739\u0720"},
{"searchkey": "24474", "audio": [], "context": ["NENA", "see \u072b\u0735\u0710\u0738\u071a", "Bailis Shamun ; transitive :"], "webrank": 40, "text": [" : 1) to find , to find out , to invent ;\r\n2) to be found / to be present ;\r\n3) ", " : to see , to look at , to gaze at , ", " ;\r\n4) "], "english": "<td>1) to find , to find out , to invent ;\r\n2) to be found / to be present ;\r\n3) <span class=\"context\">NENA</span> : to see , to look at , to gaze at , <span class=\"context\">see <a href=\"dosearch.php?searchkey=jA%27ex&amp;language=fullsyriac\"><span class=\"eastsyriac\">\u072b\u0735\u0710\u0738\u071a</span></a></span> ;\r\n4) <span class=\"context\">Bailis Shamun ; transitive : <span class=\"locution\"><span class=\"eastsyriac\">\u0721\u0732\u072b\u071f\u0738\u071a</span></span></span> : to pioneer / to be first <span class=\"context\">to use or apply ...</span> / to invent , to show the way to ;</td>", "cf": ["<span class=\"wordlink\"><a href=\"dosearch.php?searchkey=24473&amp;language=id\"><span class=\"eastsyriac\">\u0710\u0738\u072b\u071f\u0732\u071a</span></a>, <a href=\"dosearch.php?searchkey=14684&amp;language=id\"><span class=\"eastsyriac\">\u072b\u0330\u071f\u0735\u071a\u0735\u0710</span></a>, <a href=\"dosearch.php?searchkey=8623&amp;language=id\"><span class=\"eastsyriac\">\u0721\u0732\u072b\u0330\u071f\u0735\u071a\u072c\u0735\u0710</span></a>, <a href=\"dosearch.php?searchkey=14685&amp;language=id\"><span class=\"eastsyriac\">\u072b\u0330\u071f\u0735\u071a\u072c\u0735\u0710</span></a>, <a href=\"dosearch.php?searchkey=14687&amp;language=id\"><span class=\"eastsyriac\">\u072b\u0330\u071f\u071d\u073c\u071a\u0718\u073c\u072c\u0735\u0710</span></a>, <a href=\"dosearch.php?searchkey=24474&amp;language=id\"><span class=\"eastsyriac\">\u0721\u0735\u072b\u0738\u071f\u0747\u071a</span></a>, <a href=\"dosearch.php?searchkey=8620&amp;language=id\"><span class=\"eastsyriac\">\u0721\u0732\u072b\u0330\u071f\u0718\u073c\u071a\u0739\u0710</span></a></span>", "<span class=\"wordlink\"><a href=\"dosearch.php?searchkey=25220&amp;language=id\"><span class=\"eastsyriac\">\u0721\u0735\u071f\u0330\u0738\u071a</span></a></span>", "<span class=\"wordlink\"><a href=\"dosearch.php?searchkey=24475&amp;language=id\"><span class=\"eastsyriac\">\u0721\u0735\u072b\u0747\u0713\u0330\u0738\u071a</span></a></span>", "<span class=\"wordlink\"><a href=\"dosearch.php?searchkey=26485&amp;language=id\"><span class=\"eastsyriac\">\u0721\u0732\u072b\u072c\u0738\u071a</span></a></span>", "<span class=\"wordlink\"><a href=\"dosearch.php?searchkey=20538&amp;language=id\"><span class=\"eastsyriac\">\u0721\u0732\u0717\u0718\u0739\u0710</span></a>, <a href=\"dosearch.php?searchkey=11554&amp;language=id\"><span class=\"eastsyriac\">\u0726\u072c\u0735\u071a\u0735\u0710</span></a></span>"], "key": "24474", "west": "\u0721\u0733\u072b\u0736\u071f\u0747\u071a", "phonetic": "<td>' ma: \u0161i\u1e25</td>", "east": "\u0721\u0735\u072b\u0738\u071f\u0747\u071a"},
{"searchkey": "11425", "audio": [], "context": [], "webrank": 60, "text": [" : rinsing , washing lightly , cleansing with water after washing , applying water ; "], "english": "<td>rinsing , washing lightly , cleansing with water after washing , applying water ; </td>", "cf": ["<span class=\"wordlink\"><a href=\"dosearch.php?searchkey=11426&amp;language=id\"><span class=\"eastsyriac\">\u0726\u0732\u072a\u0726\u0725\u0735\u071d\u072c\u0735\u0710</span></a>, <a href=\"dosearch.php?searchkey=11413&amp;language=id\"><span class=\"eastsyriac\">\u0726\u0732\u072a\u0726\u0718\u073c\u071d\u0739\u0710</span></a>, <a href=\"dosearch.php?searchkey=25812&amp;language=id\"><span class=\"eastsyriac\">\u0721\u0726\u0732\u072a\u0726\u0738\u0725</span></a></span>", "<span class=\"wordlink\"><a href=\"dosearch.php?searchkey=11426&amp;language=id\"><span class=\"eastsyriac\">\u0726\u0732\u072a\u0726\u0725\u0735\u071d\u072c\u0735\u0710</span></a></span>"], "key": "11425", "west": "\u0726\u0730\u072a\u0726\u0730\u071d\u072c\u0733\u0710", "phonetic": "<td>par ' p\u00e9 ta:</td>", "east": "\u0726\u0732\u072a\u0726\u0732\u071d\u072c\u0735\u0710"},
{"searchkey": "18302", "audio": [], "context": ["Sokoloff", "Genesis : 22, 9 ; altar", "treasure, dead ...", "law ..."], "webrank": 50, "text": [" : ", " : 1) to place , to set up , ", " : to build ;\r\n2) ", " : to bury ;\r\n3) to put on a crown , to wear a crown / to crown self ;\r\n4) ", " : to institute ;\r\n5) to put down ;\r\n6) to plant"], "english": "<td><span class=\"context\">Sokoloff</span> : 1) to place , to set up , <span class=\"context\">Genesis : 22, 9 ; altar</span> : to build ;\r\n2) <span class=\"context\">treasure, dead ...</span> : to bury ;\r\n3) to put on a crown , to wear a crown / to crown self ;\r\n4) <span class=\"context\">law ...</span> : to institute ;\r\n5) to put down ;\r\n6) to plant ;\r\n<span class=\"locution\"><span class=\"eastsyriac\">\u071f\u0735\u072a\u0721\u0735\u0710 \u0723\u0735\u071d\u0738\u0721</span></span> : to plant a vine / vineyard ;\r\n7) <span class=\"context\">base, foundation ...</span> : to lay ;\r\n<span class=\"locution\"><span class=\"eastsyriac\">\u0723\u0735\u071d\u0721 \u072b\u0732\u072c\u0710\u0738\u0723\u072c\u0735\u0710</span></span> : to lay a foundation ;\r\n8) a) to draw up in order of battle , b) to judge a contest ;\r\n9) <span class=\"context\">priest, official ...</span> : to ordain , <span class=\"context\">see <a href=\"dosearch.php?searchkey=syAmA%27&amp;language=fullsyriac\"><span class=\"eastsyriac\">\u0723\u071d\u0735\u0721\u0735\u0710</span></a></span> ;\r\n10) to bend <span class=\"context\">the knees</span> ;\r\n11) to consacrate ;\r\n12) to assign a name ;\r\n13) <span class=\"locution\"><span class=\"eastsyriac\">\u0723\u0735\u071d\u0738\u0721 \u0712\u0735\u072c\u0732\u072a</span></span> : to deliver , to put aside ;\r\n14) to decide , to affirm ;\r\n15) <span class=\"locution\"><span class=\"eastsyriac\">\u0723\u0735\u071d\u0739\u0721 \u0710\u0732\u071d\u071f\u0742</span></span> : to look upon as , to consider as / to view as ;\r\n<span class=\"locution\"><span class=\"eastsyriac\">\u0720\u0710 \u072c\u0723\u071d\u073c\u0721 \u0720\u0732\u0722 \u0710\u0732\u071d\u071f\u0742 \u0713\u0739\u0722\u0735\u0712\u0742\u0739\u0710</span></span> : don't consider us as thieves / do not think we are thieves ;\r\n16) to put in order , to arrange ;\r\n17) to write / to put down <span class=\"context\">paragraphes ...</span> , to make <span class=\"context\">laws ...</span> ;\r\n18) <span class=\"context\">force ...</span> : to apply / to exercize ;\r\n19 ) to intend , to resolve ;\r\n20) to order , to prescribe ;\r\n21) to set one's face n to prepare oneself / to make up (?) / to apply makeup on one's face ;\r\n22) to direct one's attention , to focus one's attention ;\r\n23) to prepare oneself , to offer oneself ;\r\n24) to impress upon one's mind , to resolve ;\r\n25) <span class=\"locution\"><span class=\"eastsyriac\">\u0723\u0735\u071d\u0738\u0721 \u0725\u0732\u0720</span></span> : to refer to , to relate to ;\r\n26) <span class=\"locution\"><span class=\"eastsyriac\">\u0723\u0735\u071d\u0738\u0721 \u0725\u0732\u0720</span></span> : a) to set a trap , b) to attack , c) to commence / to set out / to start , d) <span class=\"context\">law ...</span> : to enact , e) to give off odors ;</td>", "cf": ["<span class=\"wordlink\"><a href=\"dosearch.php?searchkey=9667&amp;language=id\"><span class=\"eastsyriac\">\u0723\u071d\u0735\u0721\u0735\u0710</span></a></span>"], "key": "18302", "west": "\u0723\u0733\u071d\u0736\u0721", "phonetic": "<td>' sa: im</td>", "east": "\u0723\u0735\u071d\u0738\u0721"},
{"searchkey": "12719", "audio": [], "context": [], "webrank": 70, "text": [" : (transitive verb) : 1) to limit , to apply a limit to , to set a limit / bounds for , to assign / restrict / confine / narrow to certain limits , to circumscribe ;\r\n2) to retard , to delay , to slow down / check / hinder ;\r\n3) to fix , to constitute , to institute / form / establish / compose / found ;"], "english": "<td>(transitive verb) : 1) to limit , to apply a limit to , to set a limit / bounds for , to assign / restrict / confine / narrow to certain limits , to circumscribe ;\r\n2) to retard , to delay , to slow down / check / hinder ;\r\n3) to fix , to constitute , to institute / form / establish / compose / found ;</td>", "cf": ["<span class=\"wordlink\"><a href=\"dosearch.php?searchkey=12183&amp;language=id\"><span class=\"eastsyriac\">\u0729\u0735\u0710\u0728\u0735\u0710</span></a>, <a href=\"dosearch.php?searchkey=12190&amp;language=id\"><span class=\"eastsyriac\">\u0729\u0710\u0735\u0728\u0735\u0710 \u0721\u0713\u0732\u072a\u0718\u0732\u0723\u072c\u0735\u0710</span></a></span>"], "key": "12719", "west": "\u0729\u0730\u071d\u073d\u0718\u0728\u0736\u0710", "phonetic": "<td>qai ' iu si</td>", "east": "\u0729\u0732\u071d\u0718\u073c\u0728\u0739\u0710"},
{"searchkey": "25221", "audio": [], "context": ["for applying eye-paint / kohl"], "webrank": 20, "text": [" : a bone instrument ", " ;"], "english": "<td>a bone instrument <span class=\"context\">for applying eye-paint / kohl</span> ;</td>", "cf": ["<span class=\"wordlink\"><a href=\"dosearch.php?searchkey=5704&amp;language=id\"><span class=\"eastsyriac\">\u071f\u0717\u0735\u0720\u0735\u0710</span></a>, <a href=\"dosearch.php?searchkey=5943&amp;language=id\"><span class=\"eastsyriac\">\u071f\u071a\u0735\u0720\u0735\u0710</span></a>, <a href=\"dosearch.php?searchkey=25221&amp;language=id\"><span class=\"eastsyriac\">\u0721\u0732\u071f\u071a\u0720\u0735\u0710</span></a></span>", "<span class=\"wordlink\"><a href=\"dosearch.php?searchkey=7767&amp;language=id\"><span class=\"eastsyriac\">\u0721\u0738\u071f\u071a\u0718\u073c\u0720\u0735\u0710</span></a></span>", "<span class=\"wordlink\"><a href=\"dosearch.php?searchkey=25222&amp;language=id\"><span class=\"eastsyriac\">\u0721\u0738\u071f\u071a\u0718\u073c\u0720\u072c\u0735\u0710</span></a></span>"], "key": "25221", "west": "\u0721\u0730\u071f\u071a\u0720\u0733\u0710", "phonetic": "<td>' mak\u1e25 la:</td>", "east": "\u0721\u0732\u071f\u071a\u0720\u0735\u0710"},
{"searchkey": "22014", "audio": [], "context": ["causative of \u071a\u0735\u0720\u0739\u0710", "somebody"], "webrank": 10, "text": [" : 1) ", " : to sweeten , to mellow (?) / to sweeten ", " up (?) ;\r\n2) to make desirable , to make more attractive , to apply make up to (?) ;"], "english": "<td>1) <span class=\"context\">causative of <a href=\"dosearch.php?searchkey=xAlE%27&amp;language=fullsyriac\"><span class=\"eastsyriac\">\u071a\u0735\u0720\u0739\u0710</span></a></span> : to sweeten , to mellow (?) / to sweeten <span class=\"context\">somebody</span> up (?) ;\r\n2) to make desirable , to make more attractive , to apply make up to (?) ;</td>", "cf": ["<span class=\"wordlink\"><a href=\"dosearch.php?searchkey=17413&amp;language=id\"><span class=\"eastsyriac\">\u071a\u0720\u071d</span></a>, <a href=\"dosearch.php?searchkey=4483&amp;language=id\"><span class=\"eastsyriac\">\u071a\u0738\u0720\u071d\u0735\u0710</span></a>, <a href=\"dosearch.php?searchkey=4482&amp;language=id\"><span class=\"eastsyriac\">\u071a\u0720\u0735\u071d\u0735\u0710</span></a>, <a href=\"dosearch.php?searchkey=7560&amp;language=id\"><span class=\"eastsyriac\">\u0721\u0732\u071a\u0720\u0718\u073c\u071d\u0739\u0710</span></a>, <a href=\"dosearch.php?searchkey=7570&amp;language=id\"><span class=\"eastsyriac\">\u0721\u0732\u071a\u0720\u071d\u0735\u0722\u0735\u0710</span></a>, <a href=\"dosearch.php?searchkey=7571&amp;language=id\"><span class=\"eastsyriac\">\u0721\u0732\u071a\u0720\u0735\u071d\u072c\u0735\u0710</span></a>, <a href=\"dosearch.php?searchkey=22013&amp;language=id\"><span class=\"eastsyriac\">\u071a\u0735\u0720\u0739\u0710</span></a>, <a href=\"dosearch.php?searchkey=4440&amp;language=id\"><span class=\"eastsyriac\">\u071a\u0720\u0735\u0710</span></a>, <a href=\"dosearch.php?searchkey=22015&amp;language=id\"><span class=\"eastsyriac\">\u071a\u0720\u071d\u073c\u072c\u0735\u0710</span></a></span>"], "key": "22014", "west": "\u0721\u0730\u071a\u0720\u0736\u0710", "phonetic": "<td>' ma\u1e25 li:</td>", "east": "\u0721\u0732\u071a\u0720\u0739\u0710"},
{"searchkey": "14933", "audio": [], "context": ["transitive verb", "letter", "hole"], "webrank": 10, "text": [" : ", " :1) to daub , to smear , to spread , to coat with a soft adhesive matter like plaster, slime, mud, paint -?- ...) , to apply to a surface , to plaster (?) ; \r\n2) to seal / stop / seal with lead (?) , ", " : to seal (?) , ", " : to stop up / fill up / make watertight / plug / caulk / mud off (oil pit) / clog (leak) ;\r\n3) to stick / adhere to / cling to  ;\r\n\r\n4) -?- plastering , the act of plastering (?) , material used to daub wall (?) ;"], "english": "<td><span class=\"context\">transitive verb</span> :1) to daub , to smear , to spread , to coat with a soft adhesive matter like plaster, slime, mud, paint -?- ...) , to apply to a surface , to plaster (?) ; \r\n2) to seal / stop / seal with lead (?) , <span class=\"context\">letter</span> : to seal (?) , <span class=\"context\">hole</span> : to stop up / fill up / make watertight / plug / caulk / mud off (oil pit) / clog (leak) ;\r\n3) to stick / adhere to / cling to  ;\r\n\r\n4) -?- plastering , the act of plastering (?) , material used to daub wall (?) ;</td>", "cf": ["<span class=\"wordlink\"><a href=\"dosearch.php?searchkey=32013&amp;language=id\"><span class=\"eastsyriac\">\u072b\u0725\u0710</span></a>, <a href=\"dosearch.php?searchkey=14619&amp;language=id\"><span class=\"eastsyriac\">\u072b\u071d\u0735\u0725</span></a>, <a href=\"dosearch.php?searchkey=14627&amp;language=id\"><span class=\"eastsyriac\">\u072b\u0732\u071d\u0735\u0726\u0735\u0710</span></a>, <a href=\"dosearch.php?searchkey=14946&amp;language=id\"><span class=\"eastsyriac\">\u072b\u0738\u0725\u071d\u0735\u0710</span></a>, <a href=\"dosearch.php?searchkey=18886&amp;language=id\"><span class=\"eastsyriac\">\u072b\u0735\u0725</span></a>, <a href=\"dosearch.php?searchkey=18887&amp;language=id\"><span class=\"eastsyriac\">\u072b\u0735\u0725\u071d\u0739\u0710</span></a>, <a href=\"dosearch.php?searchkey=18888&amp;language=id\"><span class=\"eastsyriac\">\u0721\u0732\u072b\u0725\u0739\u0710</span></a>, <a href=\"dosearch.php?searchkey=18885&amp;language=id\"><span class=\"eastsyriac\">\u072b\u0735\u0725\u0739\u0710</span></a></span>", "<span class=\"wordlink\"><a href=\"dosearch.php?searchkey=13676&amp;language=id\"><span class=\"eastsyriac\">\u072a\u071f\u0748\u0735\u0710</span></a>, <a href=\"dosearch.php?searchkey=13678&amp;language=id\"><span class=\"eastsyriac\">\u072a\u071f\u0748\u0735\u071d\u0735\u0710</span></a>, <a href=\"dosearch.php?searchkey=13747&amp;language=id\"><span class=\"eastsyriac\">\u072a\u0735\u071f\u0748\u0738\u0722</span></a>, <a href=\"dosearch.php?searchkey=13677&amp;language=id\"><span class=\"eastsyriac\">\u072a\u071f\u0748\u0735\u0725</span></a>, <a href=\"dosearch.php?searchkey=13699&amp;language=id\"><span class=\"eastsyriac\">\u072a\u071f\u0748\u0735\u0725\u0722\u0735\u0710</span></a></span>"], "key": "14933", "west": "\u072b\u0725\u0733\u0710", "phonetic": "<td>\u0161 ' a:</td>", "east": "\u072b\u0725\u0735\u0710"},
{"searchkey": "14619", "audio": [], "context": ["letter", "hole"], "webrank": 90, "text": [" : (transitive verb) :1) to daub , to smear , to spread , to coat with a soft adhesive matter like plaster, slime, mud, paint -?- ...) , to apply to a surface , to plaster (?) ; \r\n2) to seal / stop / seal with lead (?) , ", " : to seal (?) , ", " : to stop up / fill up / make watertight / plug / caulk / mud off (oil pit) / clog (leak) ;\r\n3) to stick / adhere to / cling to  ;\r\n\r\n4) -?- plastering , the act of plastering (?) , material used to daub wall (?) ;"], "english": "<td>(transitive verb) :1) to daub , to smear , to spread , to coat with a soft adhesive matter like plaster, slime, mud, paint -?- ...) , to apply to a surface , to plaster (?) ; \r\n2) to seal / stop / seal with lead (?) , <span class=\"context\">letter</span> : to seal (?) , <span class=\"context\">hole</span> : to stop up / fill up / make watertight / plug / caulk / mud off (oil pit) / clog (leak) ;\r\n3) to stick / adhere to / cling to  ;\r\n\r\n4) -?- plastering , the act of plastering (?) , material used to daub wall (?) ;</td>", "cf": ["<span class=\"wordlink\"><a href=\"dosearch.php?searchkey=14627&amp;language=id\"><span class=\"eastsyriac\">\u072b\u0732\u071d\u0735\u0726\u0735\u0710</span></a>, <a href=\"dosearch.php?searchkey=14933&amp;language=id\"><span class=\"eastsyriac\">\u072b\u0725\u0735\u0710</span></a></span>", "<span class=\"wordlink\"><a href=\"dosearch.php?searchkey=13676&amp;language=id\"><span class=\"eastsyriac\">\u072a\u071f\u0748\u0735\u0710</span></a>, <a href=\"dosearch.php?searchkey=13678&amp;language=id\"><span class=\"eastsyriac\">\u072a\u071f\u0748\u0735\u071d\u0735\u0710</span></a>, <a href=\"dosearch.php?searchkey=13747&amp;language=id\"><span class=\"eastsyriac\">\u072a\u0735\u071f\u0748\u0738\u0722</span></a>, <a href=\"dosearch.php?searchkey=13677&amp;language=id\"><span class=\"eastsyriac\">\u072a\u071f\u0748\u0735\u0725</span></a>, <a href=\"dosearch.php?searchkey=13699&amp;language=id\"><span class=\"eastsyriac\">\u072a\u071f\u0748\u0735\u0725\u0722\u0735\u0710</span></a></span>"], "key": "14619", "west": "\u072b\u071d\u0733\u0725", "phonetic": "<td>' \u0161i\u02bfa:</td>", "east": "\u072b\u071d\u0735\u0725"}
]