[
{"searchkey": "10638", "audio": [], "context": ["Rh\u00e9tor\u00e9"], "webrank": 7, "text": [" : 1) meeting / the act of coming together , falling in with / coming across -someone- ;\r\n2) a meeting , a concourse , a crowd , a throng , a confluence (of people ...) ;\r\n3) an interview , a meeting / an appointment (?) / a rendez-vous (?) / an engagement (?) ;\r\n"], "english": "<td>1) meeting / the act of coming together , falling in with / coming across -someone- ;\r\n2) a meeting , a concourse , a crowd , a throng , a confluence (of people ...) ;\r\n3) an interview , a meeting / an appointment (?) / a rendez-vous (?) / an engagement (?) ;\r\n<span class=\"context\">Rh\u00e9tor\u00e9 ; <span class=\"locution\"><span class=\"eastsyriac\">\u0718\u0713\u071d\u073c\u0715\u0735\u0710 \u0720\u0739\u0717 \u0726\u0738\u0713\u0725\u0735\u0710 \u0718\u0726\u0720\u071d\u073c\u071b \u0720\u0739\u0717 \u0718\u072b\u0732\u0721\u0732\u072b\u0735\u0710 \u0712\u0732\u072c\u0742\u072a\u0739\u0717</span></span></span> : and he interrupted / cut (the interview) short and went out with the master behind him / and he thus stopped (the interview) and went out followed by the teacher ;</td>", "cf": ["<span class=\"wordlink\"><a href=\"dosearch.php?searchkey=pgLc&amp;language=fullsyriac\"><span class=\"eastsyriac\">\u0726\u0713\u0742\u0725</span></a>, <a href=\"dosearch.php?searchkey=18119&amp;language=id\"><span class=\"eastsyriac\">\u0726\u0738\u0713\u0742\u0725\u0735\u0710</span></a></span>", "<span class=\"wordlink\"><a href=\"dosearch.php?searchkey=26061&amp;language=id\"><span class=\"eastsyriac\">\u0721\u0729\u0735\u0712\u0738\u0720</span></a>, <a href=\"dosearch.php?searchkey=15824&amp;language=id\"><span class=\"eastsyriac\">\u072c\u0726\u0735\u0729\u072c\u0735\u0710</span></a>, <a href=\"dosearch.php?searchkey=6202&amp;language=id\"><span class=\"eastsyriac\">\u071f\u0722\u0718\u073c\u072b\u071d\u0735\u0710</span></a></span>"], "key": "10638", "west": "\u0726\u0736\u0713\u0725\u0733\u0710", "phonetic": "<td>' pig a:</td>", "east": "\u0726\u0738\u0713\u0725\u0735\u0710"},
{"searchkey": "25425", "audio": [], "context": ["verbal noun of \u0722\u0735\u0717\u0739\u0710", "pain ...", "disapproval (?), impatience (?), disappointment (?)"], "webrank": 6, "text": [" : ", " : ", " : groaning , a groan , a moan , a whining / wailing / whimpering , ", " : groaning (?) / griping (?) / grumbling (?) ;"], "english": "<td><span class=\"context\">verbal noun of <a href=\"dosearch.php?searchkey=nAhE%27&amp;language=fullsyriac\"><span class=\"eastsyriac\">\u0722\u0735\u0717\u0739\u0710</span></a></span> : <span class=\"context\">pain ...</span> : groaning , a groan , a moan , a whining / wailing / whimpering , <span class=\"context\">disapproval (?), impatience (?), disappointment (?)</span> : groaning (?) / griping (?) / grumbling (?) ;</td>", "cf": ["<span class=\"wordlink\"><a href=\"dosearch.php?searchkey=25424&amp;language=id\"><span class=\"eastsyriac\">\u0721\u0732\u0722\u0717\u0739\u0710</span></a></span>", "<span class=\"wordlink\"><a href=\"dosearch.php?searchkey=25428&amp;language=id\"><span class=\"eastsyriac\">\u0722\u0735\u071d\u0739\u0710</span></a></span>"], "key": "25425", "west": "\u0722\u0733\u0717\u071d\u0733\u0710", "phonetic": "<td>' na: hia:</td>", "east": "\u0722\u0735\u0717\u071d\u0735\u0710"},
{"searchkey": "3626", "audio": [], "context": [], "webrank": 2, "text": [" : 1) a set time / a date , an appointment , an appointed time or place for a meeting , an arrangement for a meeting , an engagement"], "english": "<td>1) a set time / a date , an appointment , an appointed time or place for a meeting , an arrangement for a meeting , an engagement ;\r\n<span class=\"locution\"><span class=\"eastsyriac\">\u0725\u0715\u0735\u0722\u0735\u0710 \u0715\u0718\u0732\u0725\u0715\u0735\u0710</span></span> / <span class=\"context\">Al Qosh</span> : <span class=\"locution\"><span class=\"eastsyriac\">\u0719\u0732\u0712\u0742\u0722\u0735\u0710 \u0715\u0718\u0732\u0725\u0715\u0715\u0735\u0710</span></span> : a set time , an appointment ;\r\n<span class=\"locution\"><span class=\"eastsyriac\">\u0720\u0718\u0732\u0725\u0715\u0735\u0710 \u0715\u071d\u0718\u073f\u0721\u0735\u0722\u0308\u0710</span></span> : within the appointed days ; \r\n2) a deed , an agreement , a contract , an engagement , a charter ;\r\n3) <span class=\"context\">Yoab Benjamin</span> : a promise , a pledge ;\r\n<span class=\"locution\"><span class=\"eastsyriac\">\u0721\u0732\u0713\u0721\u0738\u072a \u0718\u0732\u0725\u0715\u0735\u0710</span></span> : to redeem a promise , to fulfill / to honor a promise , to follow through on a promise ;\r\n4) <span class=\"context\">Lishani</span> : an era , a limit , an end , a deadline (?) ;</td>", "cf": ["<span class=\"wordlink\"><a href=\"dosearch.php?searchkey=32699&amp;language=id\"><span class=\"eastsyriac\">\u0718\u0725\u0715</span></a>, <a href=\"dosearch.php?searchkey=23033&amp;language=id\"><span class=\"eastsyriac\">\u0721\u0735\u0718\u0725\u0715\u0742\u0735\u0710</span></a>, <a href=\"dosearch.php?searchkey=21059&amp;language=id\"><span class=\"eastsyriac\">\u0718\u0732\u0725\u0715\u0718\u073c\u072c\u0742\u0735\u0710</span></a>, <a href=\"dosearch.php?searchkey=3626&amp;language=id\"><span class=\"eastsyriac\">\u0718\u0732\u0725\u0715\u0735\u0710</span></a>, <a href=\"dosearch.php?searchkey=31942&amp;language=id\"><span class=\"eastsyriac\">\u0725\u0718\u0732\u0715\u0718\u073c\u072c\u0742\u0735\u0710</span></a>, <a href=\"dosearch.php?searchkey=24830&amp;language=id\"><span class=\"eastsyriac\">\u0721\u0718\u0732\u0725\u0738\u0715\u0742</span></a></span>", "<span class=\"wordlink\"><a href=\"dosearch.php?searchkey=7352&amp;language=id\"><span class=\"eastsyriac\">\u0721\u0718\u073c\u0720\u071f\u0735\u0722\u0735\u0710</span></a>, <a href=\"dosearch.php?searchkey=835&amp;language=id\"><span class=\"eastsyriac\">\u0710\u0738\u072b\u072c\u0735\u0718</span></a>, <a href=\"dosearch.php?searchkey=8055&amp;language=id\"><span class=\"eastsyriac\">\u0721\u0738\u0722\u0732\u072c</span></a>, <a href=\"dosearch.php?searchkey=24782&amp;language=id\"><span class=\"eastsyriac\">\u072b\u0718\u073c\u0718\u0715\u0735\u071d\u0735\u0710</span></a>, <a href=\"dosearch.php?searchkey=8676&amp;language=id\"><span class=\"eastsyriac\">\u0721\u0738\u072b\u072c\u0732\u0718\u0715\u071d\u0735\u0722\u0718\u073c\u072c\u0735\u0710</span></a>, <a href=\"dosearch.php?searchkey=5515&amp;language=id\"><span class=\"eastsyriac\">\u071d\u0732\u0721\u071d\u073c\u0722\u0735\u0710</span></a>, <a href=\"dosearch.php?searchkey=11616&amp;language=id\"><span class=\"eastsyriac\">\u072c\u0718\u073c\u071f\u0742\u0720\u0735\u0722\u0735\u0710</span></a>, <a href=\"dosearch.php?searchkey=12446&amp;language=id\"><span class=\"eastsyriac\">\u0729\u0735\u0718\u0720\u0735\u0710</span></a>, <a href=\"dosearch.php?searchkey=29585&amp;language=id\"><span class=\"eastsyriac\">\u0722\u0738\u0715\u0742\u072a\u0735\u0710</span></a>, <a href=\"dosearch.php?searchkey=24782&amp;language=id\"><span class=\"eastsyriac\">\u072b\u0718\u073c\u0718\u0715\u0735\u071d\u0735\u0710</span></a>, <a href=\"dosearch.php?searchkey=7352&amp;language=id\"><span class=\"eastsyriac\">\u0721\u0718\u073c\u0720\u071f\u0735\u0722\u0735\u0710</span></a>, <a href=\"dosearch.php?searchkey=634&amp;language=id\"><span class=\"eastsyriac\">\u0710\u0732\u0723\u0735\u072a\u0735\u0710</span></a></span>"], "key": "3626", "west": "\u0718\u0730\u0725\u0715\u0733\u0710", "phonetic": "<td>' wa: da:</td>", "east": "\u0718\u0732\u0725\u0715\u0735\u0710"},
{"searchkey": "12433", "audio": [], "context": ["verbal noun of \u0729\u0735\u0718\u0739\u0710", "medicine", "soldier", "boat ...", "official"], "webrank": 8, "text": [" : ", " : hardening , stiffening / toughening , being more difficult , being more secure / securely fastened , induration (?) / sclerosis (?) ", " , ", " : hardening (?) , ", " : mooring (?) / securing (?) / fastening (?) ;\r\n2) ", " : appointment (?) / being appointed (?) ;\r\n3) a strict order (?) / command (?) , a ukase (?) ;"], "english": "<td><span class=\"context\">verbal noun of <a href=\"dosearch.php?searchkey=qAwE%27&amp;language=fullsyriac\"><span class=\"eastsyriac\">\u0729\u0735\u0718\u0739\u0710</span></a></span> : hardening , stiffening / toughening , being more difficult , being more secure / securely fastened , induration (?) / sclerosis (?) <span class=\"context\">medicine</span> , <span class=\"context\">soldier</span> : hardening (?) , <span class=\"context\">boat ...</span> : mooring (?) / securing (?) / fastening (?) ;\r\n2) <span class=\"context\">official</span> : appointment (?) / being appointed (?) ;\r\n3) a strict order (?) / command (?) , a ukase (?) ;</td>", "cf": ["<span class=\"wordlink\"><a href=\"dosearch.php?searchkey=25629&amp;language=id\"><span class=\"eastsyriac\">\u0729\u0718\u0710</span></a>, <a href=\"dosearch.php?searchkey=12425&amp;language=id\"><span class=\"eastsyriac\">\u0729\u0738\u0718\u071d\u0735\u0710\u071d\u073c\u072c</span></a>, <a href=\"dosearch.php?searchkey=12424&amp;language=id\"><span class=\"eastsyriac\">\u0729\u0738\u0718\u071d\u0735\u0710</span></a>, <a href=\"dosearch.php?searchkey=12426&amp;language=id\"><span class=\"eastsyriac\">\u0729\u0738\u0718\u071d\u0718\u073c\u072c\u0735\u0710</span></a>, <a href=\"dosearch.php?searchkey=12423&amp;language=id\"><span class=\"eastsyriac\">\u0729\u0718\u0735\u071d\u0735\u0710</span></a>, <a href=\"dosearch.php?searchkey=12347&amp;language=id\"><span class=\"eastsyriac\">\u0729\u0718\u0735\u0710</span></a>, <a href=\"dosearch.php?searchkey=26059&amp;language=id\"><span class=\"eastsyriac\">\u0729\u0738\u0718\u071d\u0718\u073c\u072c\u0742\u0735\u0710 \u0715\u0726\u0732\u0710\u072c\u0742\u0735\u0710</span></a>, <a href=\"dosearch.php?searchkey=26060&amp;language=id\"><span class=\"eastsyriac\">\u0721\u0732\u0729\u0718\u0739\u0710</span></a>, <a href=\"dosearch.php?searchkey=26058&amp;language=id\"><span class=\"eastsyriac\">\u0729\u0735\u0718\u0739\u0710</span></a></span>"], "key": "12433", "west": "\u0729\u0718\u0733\u071d\u072c\u0733\u0710", "phonetic": "<td>' qw\u00e9 ta:</td>", "east": "\u0729\u0718\u0735\u071d\u072c\u0735\u0710"},
{"searchkey": "25423", "audio": [], "context": ["pain ...", "impatience, disappointment, disapproval ...", "metathesis of \u0717\u0735\u0722\u0739\u0710"], "webrank": 5, "text": [" : 1) ", " : to groan , ", " : to groan (?) / to grumble (?) / to gripe (?) / to grump (?) ;\r\n2) ", " : to please ;"], "english": "<td>1) <span class=\"context\">pain ...</span> : to groan , <span class=\"context\">impatience, disappointment, disapproval ...</span> : to groan (?) / to grumble (?) / to gripe (?) / to grump (?) ;\r\n2) <span class=\"context\">metathesis of <a href=\"dosearch.php?searchkey=hAnE%27&amp;language=fullsyriac\"><span class=\"eastsyriac\">\u0717\u0735\u0722\u0739\u0710</span></a></span> : to please ;</td>", "cf": ["<span class=\"wordlink\"><a href=\"dosearch.php?searchkey=25424&amp;language=id\"><span class=\"eastsyriac\">\u0721\u0732\u0722\u0717\u0739\u0710</span></a>, <a href=\"dosearch.php?searchkey=25425&amp;language=id\"><span class=\"eastsyriac\">\u0722\u0735\u0717\u071d\u0735\u0710</span></a>, <a href=\"dosearch.php?searchkey=26808&amp;language=id\"><span class=\"eastsyriac\">\u0722\u0738\u0717\u071d\u0735\u0710</span></a></span>", "<span class=\"wordlink\"><a href=\"dosearch.php?searchkey=25426&amp;language=id\"><span class=\"eastsyriac\">\u0722\u0735\u0717\u0747\u071d\u0739\u0710</span></a></span>"], "key": "25423", "west": "\u0722\u0733\u0717\u0736\u0710", "phonetic": "<td>' na: h\u00e9</td>", "east": "\u0722\u0735\u0717\u0739\u0710"},
{"searchkey": "3259", "audio": [], "context": [], "webrank": 1, "text": [" : Oh well ! (an exclamation of disgust or disappointment)"], "english": "<td>Oh well ! (an exclamation of disgust or disappointment)</td>", "cf": [], "key": "3259", "west": "\u0717\u0733\u0710\u071d\u0717\u0733\u071d", "phonetic": "<td>' hai hai</td>", "east": "\u0717\u0735\u0710\u071d\u0717\u0735\u071d"},
{"searchkey": "4206", "audio": [], "context": [], "webrank": 3, "text": [" : mingling , mixing , the intimacy ,a love affair (?) , a meeting , an appointment (?) , a date (?)"], "english": "<td>mingling , mixing , the intimacy ,a love affair (?) , a meeting , an appointment (?) , a date (?)</td>", "cf": [], "key": "4206", "west": "\u071a\u073d\u0718\u0720\u071b\u0733\u0722\u0733\u0710", "phonetic": "<td>\u1e25ul ' \u1e6da: na:</td>", "east": "\u071a\u0718\u073c\u0720\u071b\u0735\u0722\u0735\u0710"},
{"searchkey": "8881", "audio": [], "context": [], "webrank": 4, "text": [" : the designation , the appointment , the consecration , the selection , the nomination , an ordination -bishop- (?) , an accolade -admission into knighthood- (?) , recognition -author ...- (?) ;"], "english": "<td>the designation , the appointment , the consecration , the selection , the nomination , an ordination -bishop- (?) , an accolade -admission into knighthood- (?) , recognition -author ...- (?) ;</td>", "cf": ["<span class=\"wordlink\"><a href=\"dosearch.php?searchkey=14383&amp;language=id\"><span class=\"eastsyriac\">\u072b\u0718\u073c\u0721\u0720\u0735\u071d\u0735\u0710</span></a>, <a href=\"dosearch.php?searchkey=2701&amp;language=id\"><span class=\"eastsyriac\">\u0715\u0712\u0742\u071d\u073c\u071a\u0718\u073c\u072c\u0735\u0710</span></a>, <a href=\"dosearch.php?searchkey=5991&amp;language=id\"><span class=\"eastsyriac\">\u071f\u071d\u073c\u072a\u0718\u073f\u071b\u0718\u073f\u0722\u071d\u073c\u0735\u0710</span></a>, <a href=\"dosearch.php?searchkey=8840&amp;language=id\"><span class=\"eastsyriac\">\u0721\u072c\u0729\u0732\u0715\u072b\u0735\u0722\u0718\u073c\u072c\u0735\u0710</span></a>, <a href=\"dosearch.php?searchkey=27341&amp;language=id\"><span class=\"eastsyriac\">\u0723\u071d\u0735\u0721\u071d\u073c\u0715\u0735\u0710</span></a></span>"], "key": "8881", "west": "\u0721\u0736\u072c\u072c\u0730\u0723\u072a\u071a\u0733\u0722\u073d\u0718\u072c\u0733\u0710", "phonetic": "<td>mit tasr \u1e25a ' nu: ta</td>", "east": "\u0721\u0738\u072c\u072c\u0732\u0723\u072a\u071a\u0735\u0722\u0718\u073c\u072c\u0735\u0710"}
]