[
{"searchkey": "3626", "audio": [], "context": [], "webrank": 7, "text": [" : 1) a set time / a date , an appointment , an appointed time or place for a meeting , an arrangement for a meeting , an engagement"], "english": "<td>1) a set time / a date , an appointment , an appointed time or place for a meeting , an arrangement for a meeting , an engagement ;\r\n<span class=\"locution\"><span class=\"eastsyriac\">\u0725\u0715\u0735\u0722\u0735\u0710 \u0715\u0718\u0732\u0725\u0715\u0735\u0710</span></span> / <span class=\"context\">Al Qosh</span> : <span class=\"locution\"><span class=\"eastsyriac\">\u0719\u0732\u0712\u0742\u0722\u0735\u0710 \u0715\u0718\u0732\u0725\u0715\u0715\u0735\u0710</span></span> : a set time , an appointment ;\r\n<span class=\"locution\"><span class=\"eastsyriac\">\u0720\u0718\u0732\u0725\u0715\u0735\u0710 \u0715\u071d\u0718\u073f\u0721\u0735\u0722\u0308\u0710</span></span> : within the appointed days ; \r\n2) a deed , an agreement , a contract , an engagement , a charter ;\r\n3) <span class=\"context\">Yoab Benjamin</span> : a promise , a pledge ;\r\n<span class=\"locution\"><span class=\"eastsyriac\">\u0721\u0732\u0713\u0721\u0738\u072a \u0718\u0732\u0725\u0715\u0735\u0710</span></span> : to redeem a promise , to fulfill / to honor a promise , to follow through on a promise ;\r\n4) <span class=\"context\">Lishani</span> : an era , a limit , an end , a deadline (?) ;</td>", "cf": ["<span class=\"wordlink\"><a href=\"dosearch.php?searchkey=32699&amp;language=id\"><span class=\"eastsyriac\">\u0718\u0725\u0715</span></a>, <a href=\"dosearch.php?searchkey=23033&amp;language=id\"><span class=\"eastsyriac\">\u0721\u0735\u0718\u0725\u0715\u0742\u0735\u0710</span></a>, <a href=\"dosearch.php?searchkey=21059&amp;language=id\"><span class=\"eastsyriac\">\u0718\u0732\u0725\u0715\u0718\u073c\u072c\u0742\u0735\u0710</span></a>, <a href=\"dosearch.php?searchkey=3626&amp;language=id\"><span class=\"eastsyriac\">\u0718\u0732\u0725\u0715\u0735\u0710</span></a>, <a href=\"dosearch.php?searchkey=31942&amp;language=id\"><span class=\"eastsyriac\">\u0725\u0718\u0732\u0715\u0718\u073c\u072c\u0742\u0735\u0710</span></a>, <a href=\"dosearch.php?searchkey=24830&amp;language=id\"><span class=\"eastsyriac\">\u0721\u0718\u0732\u0725\u0738\u0715\u0742</span></a></span>", "<span class=\"wordlink\"><a href=\"dosearch.php?searchkey=7352&amp;language=id\"><span class=\"eastsyriac\">\u0721\u0718\u073c\u0720\u071f\u0735\u0722\u0735\u0710</span></a>, <a href=\"dosearch.php?searchkey=835&amp;language=id\"><span class=\"eastsyriac\">\u0710\u0738\u072b\u072c\u0735\u0718</span></a>, <a href=\"dosearch.php?searchkey=8055&amp;language=id\"><span class=\"eastsyriac\">\u0721\u0738\u0722\u0732\u072c</span></a>, <a href=\"dosearch.php?searchkey=24782&amp;language=id\"><span class=\"eastsyriac\">\u072b\u0718\u073c\u0718\u0715\u0735\u071d\u0735\u0710</span></a>, <a href=\"dosearch.php?searchkey=8676&amp;language=id\"><span class=\"eastsyriac\">\u0721\u0738\u072b\u072c\u0732\u0718\u0715\u071d\u0735\u0722\u0718\u073c\u072c\u0735\u0710</span></a>, <a href=\"dosearch.php?searchkey=5515&amp;language=id\"><span class=\"eastsyriac\">\u071d\u0732\u0721\u071d\u073c\u0722\u0735\u0710</span></a>, <a href=\"dosearch.php?searchkey=11616&amp;language=id\"><span class=\"eastsyriac\">\u072c\u0718\u073c\u071f\u0742\u0720\u0735\u0722\u0735\u0710</span></a>, <a href=\"dosearch.php?searchkey=12446&amp;language=id\"><span class=\"eastsyriac\">\u0729\u0735\u0718\u0720\u0735\u0710</span></a>, <a href=\"dosearch.php?searchkey=29585&amp;language=id\"><span class=\"eastsyriac\">\u0722\u0738\u0715\u0742\u072a\u0735\u0710</span></a>, <a href=\"dosearch.php?searchkey=24782&amp;language=id\"><span class=\"eastsyriac\">\u072b\u0718\u073c\u0718\u0715\u0735\u071d\u0735\u0710</span></a>, <a href=\"dosearch.php?searchkey=7352&amp;language=id\"><span class=\"eastsyriac\">\u0721\u0718\u073c\u0720\u071f\u0735\u0722\u0735\u0710</span></a>, <a href=\"dosearch.php?searchkey=634&amp;language=id\"><span class=\"eastsyriac\">\u0710\u0732\u0723\u0735\u072a\u0735\u0710</span></a></span>"], "key": "3626", "west": "\u0718\u0730\u0725\u0715\u0733\u0710", "phonetic": "<td>' wa: da:</td>", "east": "\u0718\u0732\u0725\u0715\u0735\u0710"},
{"searchkey": "3382", "audio": [], "context": [], "webrank": 6, "text": [" : a consul (an official commissioned to reside in some foreign country to care for the commercial interests of the citizens of the appointing government) ;\r\n"], "english": "<td>a consul (an official commissioned to reside in some foreign country to care for the commercial interests of the citizens of the appointing government) ;\r\n</td>", "cf": ["<span class=\"wordlink\"><a href=\"dosearch.php?searchkey=237&amp;language=id\"><span class=\"eastsyriac\">\u0710\u0718\u073f\u0726\u0735\u071b\u0735\u0710</span></a></span>", "<span class=\"wordlink\"><a href=\"dosearch.php?searchkey=14161&amp;language=id\"><span class=\"eastsyriac\">\u072b\u0735\u0717\u0712\u0732\u0722\u0715\u0735\u072a</span></a>, <a href=\"dosearch.php?searchkey=12516&amp;language=id\"><span class=\"eastsyriac\">\u0729\u0718\u073f\u0722\u0728\u0718\u073f\u0720</span></a>, <a href=\"dosearch.php?searchkey=12517&amp;language=id\"><span class=\"eastsyriac\">\u0729\u0718\u073f\u0722\u0728\u0718\u073f\u0720\u0718\u073f\u072c\u0735\u0710</span></a>, <a href=\"dosearch.php?searchkey=12971&amp;language=id\"><span class=\"eastsyriac\">\u0729\u0735\u0722\u0728\u0735\u0720</span></a>, <a href=\"dosearch.php?searchkey=12518&amp;language=id\"><span class=\"eastsyriac\">\u0729\u0718\u073f\u0722\u0728\u0718\u073c\u0720\u071a\u0735\u0710\u0722\u0735\u0710</span></a></span>"], "key": "3382", "west": "\u0717\u073d\u0718\u0726\u0733\u071b\u0733\u0710", "phonetic": "<td>hu ' pa: \u1e6da:</td>", "east": "\u0717\u0718\u073f\u0726\u0735\u071b\u0735\u0710"},
{"searchkey": "22742", "audio": [], "context": ["sometimes followed by \u0712", "Rh\u00e9tor\u00e9"], "webrank": 10, "text": [" : ", " : to know , to discern / to distinguish / to differentiate ;\r\n"], "english": "<td><span class=\"context\">sometimes followed by <a href=\"dosearch.php?searchkey=b&amp;language=fullsyriac\"><span class=\"eastsyriac\">\u0712</span></a></span> : to know , to discern / to distinguish / to differentiate ;\r\n<span class=\"context\">Rh\u00e9tor\u00e9 ; <span class=\"locution\"><span class=\"eastsyriac\">\u071d\u073c\u0715\u0742\u0718\u073f\u0725 \u0715\u0738\u0712\u0710\u0735\u0722\u071d\u073c \u071d\u0735\u0308\u0718\u0721\u0735\u072c\u0742\u0735\u0710 \u0710\u0747\u072c\u0742\u0739\u0710 \u0720\u0739\u0717 \u071a\u0735\u0715\u0747 \u0713\u0738\u0715\u072b\u0735\u0710 \u072a\u0735\u0712\u0735\u0710 \u0720\u072a\u0739\u072b\u0735\u0710 \u0715\u0710\u0735\u072b\u071d\u073c\u072c\u0722\u0735\u0308\u071d\u0739\u0710</span></span></span> : know that these days a great misfortune has befallen the people of Ashita ;\r\n<span class=\"context\">verbal noun followed by <a href=\"dosearch.php?searchkey=b&amp;language=fullsyriac\"><span class=\"eastsyriac\">\u0712</span></a> : masculine</span> : <a href=\"dosearch.php?searchkey=bidAcyA%27&amp;language=fullsyriac\"><span class=\"eastsyriac\">\u0712\u071d\u073c\u0715\u0735\u0725\u071d\u0735\u0710</span></a> / <span class=\"context\">feminine</span> : <a href=\"dosearch.php?searchkey=ydAcMytA%27&amp;language=fullsyriac\"><span class=\"eastsyriac\">\u071d\u0715\u0735\u0725\u0747\u071d\u072c\u0735\u0710</span></a> : knowing , knowledge / cognizance ;\r\n<span class=\"context\">imperative</span> : <a href=\"dosearch.php?searchkey=ydci&amp;language=fullsyriac\"><span class=\"eastsyriac\">\u071d\u0715\u0725\u071d\u073c</span></a> : know ;\r\n<span class=\"context\">past participle masculine</span> : <a href=\"dosearch.php?searchkey=ydecyA%27&amp;language=fullsyriac\"><span class=\"eastsyriac\">\u071d\u0715\u0738\u0725\u071d\u0735\u0710</span></a> / <span class=\"context\">feminine</span> : <a href=\"dosearch.php?searchkey=ydectA%27&amp;language=fullsyriac\"><span class=\"eastsyriac\">\u071d\u0715\u0738\u0725\u072c\u0735\u0710</span></a> :  a) known ;\r\nb) <span class=\"context\">followed by <a href=\"dosearch.php?searchkey=d&amp;language=fullsyriac\"><span class=\"eastsyriac\">\u0715</span></a></span> : acquainted with , familiar with ;\r\nc) well-known , famous , principal / main  ;\r\nd) fixed , appointed , set ;\r\ne) <span class=\"context\">noun = <a href=\"dosearch.php?searchkey=yAdLocA%27&amp;language=fullsyriac\"><span class=\"eastsyriac\">\u071d\u0735\u0715\u0742\u0718\u073f\u0725\u0735\u0710</span></a></span> : an acquaintance ;\r\n<a href=\"dosearch.php?searchkey=yAdcen&amp;language=fullsyriac\"><span class=\"eastsyriac\">\u071d\u0735\u0715\u0725\u0738\u0722</span></a> : I know ;</td>", "cf": ["<span class=\"wordlink\"><a href=\"dosearch.php?searchkey=17471&amp;language=id\"><span class=\"eastsyriac\">\u071d\u0715\u0725</span></a>, <a href=\"dosearch.php?searchkey=5352&amp;language=id\"><span class=\"eastsyriac\">\u071d\u0732\u0715\u0718\u073c\u0725\u072c\u0735\u0722\u0718\u073c\u072c\u0735\u0710</span></a>, <a href=\"dosearch.php?searchkey=3120&amp;language=id\"><span class=\"eastsyriac\">\u0715\u0735\u0725</span></a>, <a href=\"dosearch.php?searchkey=5359&amp;language=id\"><span class=\"eastsyriac\">\u071d\u0747\u0715\u0735\u0725</span></a>, <a href=\"dosearch.php?searchkey=12289&amp;language=id\"><span class=\"eastsyriac\">\u0729\u0732\u0715\u071d\u073c\u0721\u0718\u073c\u072c \u071d\u0715\u0735\u0725\u072c\u0735\u0710</span></a>, <a href=\"dosearch.php?searchkey=5350&amp;language=id\"><span class=\"eastsyriac\">\u071d\u0732\u0715\u0718\u073c\u0725\u0735\u0710</span></a>, <a href=\"dosearch.php?searchkey=5352&amp;language=id\"><span class=\"eastsyriac\">\u071d\u0732\u0715\u0718\u073c\u0725\u072c\u0735\u0722\u0718\u073c\u072c\u0735\u0710</span></a>, <a href=\"dosearch.php?searchkey=5351&amp;language=id\"><span class=\"eastsyriac\">\u071d\u0732\u0715\u0718\u073c\u0725\u0718\u073c\u072c\u0735\u0710</span></a>, <a href=\"dosearch.php?searchkey=18183&amp;language=id\"><span class=\"eastsyriac\">\u071d\u0732\u0715\u0718\u073c\u0725\u072c\u0735\u0722\u0735\u0710</span></a>, <a href=\"dosearch.php?searchkey=22742&amp;language=id\"><span class=\"eastsyriac\">\u071d\u0735\u0715\u0738\u0725</span></a>, <a href=\"dosearch.php?searchkey=21324&amp;language=id\"><span class=\"eastsyriac\">\u071d\u0735\u0715\u0742\u0718\u073f\u0725\u0735\u0710</span></a>, <a href=\"dosearch.php?searchkey=madec&amp;language=fullsyriac\"><span class=\"eastsyriac\">\u0721\u0732\u0715\u0738\u0725</span></a></span>", "<span class=\"wordlink\"><a href=\"dosearch.php?searchkey=22758&amp;language=id\"><span class=\"eastsyriac\">\u071d\u0735\u071b\u0738\u0725</span></a></span>", "<span class=\"wordlink\"><a href=\"dosearch.php?searchkey=22957&amp;language=id\"><span class=\"eastsyriac\">\u071d\u0735\u0725\u0722\u0739\u0717</span></a></span>"], "key": "22742", "west": "\u071d\u0733\u0715\u0736\u0725", "phonetic": "<td>' ia: d\u00e9 / ia: dh\u00e9 / ' ia: \u1e6di: / ' ia: th\u00e9</td>", "east": "\u071d\u0735\u0715\u0738\u0725"},
{"searchkey": "4206", "audio": [], "context": [], "webrank": 9, "text": [" : mingling , mixing , the intimacy ,a love affair (?) , a meeting , an appointment (?) , a date (?)"], "english": "<td>mingling , mixing , the intimacy ,a love affair (?) , a meeting , an appointment (?) , a date (?)</td>", "cf": [], "key": "4206", "west": "\u071a\u073d\u0718\u0720\u071b\u0733\u0722\u0733\u0710", "phonetic": "<td>\u1e25ul ' \u1e6da: na:</td>", "east": "\u071a\u0718\u073c\u0720\u071b\u0735\u0722\u0735\u0710"},
{"searchkey": "2776", "audio": [], "context": [], "webrank": 4, "text": [" : twelve lections appointed for the Holy Week"], "english": "<td>twelve lections appointed for the Holy Week</td>", "cf": [], "key": "2776", "west": "\u0715\u073d\u0718\u0715\u0733\u0729\u0733\u0710", "phonetic": "<td>du: ' da qa</td>", "east": "\u0715\u0718\u073c\u0715\u0735\u0729\u0735\u0710"},
{"searchkey": "1871", "audio": [], "context": [], "webrank": 3, "text": [" : designate , appointed , marked or made known , set apart for a purpose or duty , named "], "english": "<td>designate , appointed , marked or made known , set apart for a purpose or duty , named </td>", "cf": [], "key": "1871", "west": "\u0713\u0733\u0712\u071d\u073d\u0718\u072c\u0736\u0717", "phonetic": "<td>ga ' biu: tih</td>", "east": "\u0713\u0735\u0712\u071d\u0718\u073c\u072c\u0739\u0717"},
{"searchkey": "3259", "audio": [], "context": [], "webrank": 5, "text": [" : Oh well ! (an exclamation of disgust or disappointment)"], "english": "<td>Oh well ! (an exclamation of disgust or disappointment)</td>", "cf": [], "key": "3259", "west": "\u0717\u0733\u0710\u071d\u0717\u0733\u071d", "phonetic": "<td>' hai hai</td>", "east": "\u0717\u0735\u0710\u071d\u0717\u0735\u071d"},
{"searchkey": "3875", "audio": [], "context": ["noun", "noun"], "webrank": 8, "text": [" : 1) invited to do something , asked to do something or go to some place , bidden ;\r\n", " : \u0719\u0721\u071d\u073c\u0722\u0718\u073c\u072c\u0735\u0710 : an invitation ;\r\n2) ", " : a guest ;\r\n3) destined , appointed ;\r\n4) ready / standing by , willing , prepared for , fixed ;\r\n5) present , at hand ;"], "english": "<td>1) invited to do something , asked to do something or go to some place , bidden ;\r\n<span class=\"context\">noun</span> : <a href=\"dosearch.php?searchkey=zminutA%27&amp;language=fullsyriac\"><span class=\"eastsyriac\">\u0719\u0721\u071d\u073c\u0722\u0718\u073c\u072c\u0735\u0710</span></a> : an invitation ;\r\n2) <span class=\"context\">noun</span> : a guest ;\r\n3) destined , appointed ;\r\n4) ready / standing by , willing , prepared for , fixed ;\r\n5) present , at hand ;</td>", "cf": ["<span class=\"wordlink\"><a href=\"dosearch.php?searchkey=32732&amp;language=id\"><span class=\"eastsyriac\">\u0719\u0721\u0722</span></a>, <a href=\"dosearch.php?searchkey=3875&amp;language=id\"><span class=\"eastsyriac\">\u0719\u0721\u071d\u073c\u0722\u0735\u0710</span></a>, <a href=\"dosearch.php?searchkey=32701&amp;language=id\"><span class=\"eastsyriac\">\u0719\u0721\u071d\u073c\u0722\u0718\u073c\u072c\u0735\u0710</span></a>, <a href=\"dosearch.php?searchkey=32700&amp;language=id\"><span class=\"eastsyriac\">\u0719\u0718\u073c\u0721\u0735\u0722\u0735\u0710</span></a></span>", "<span class=\"wordlink\"><a href=\"dosearch.php?searchkey=32697&amp;language=id\"><span class=\"eastsyriac\">\u0729\u072a\u071d</span></a>, <a href=\"dosearch.php?searchkey=32698&amp;language=id\"><span class=\"eastsyriac\">\u0713\u072a\u0713</span></a>, <a href=\"dosearch.php?searchkey=32699&amp;language=id\"><span class=\"eastsyriac\">\u0718\u0725\u0715</span></a>, <a href=\"dosearch.php?searchkey=32702&amp;language=id\"><span class=\"eastsyriac\">\u0729\u072a\u0735\u071d\u072c\u0735\u0710</span></a></span>"], "key": "3875", "west": "\u0719\u0721\u073a\u071d\u0722\u0733\u0710", "phonetic": "<td>' zmi: na</td>", "east": "\u0719\u0721\u071d\u073c\u0722\u0735\u0710"},
{"searchkey": "1660", "audio": [], "context": [], "webrank": 2, "text": [" : 1) a (tax-) assessor , one appointedto assess property or persons for taxation\r\n2) a consort"], "english": "<td>1) a (tax-) assessor , one appointedto assess property or persons for taxation\r\n2) a consort</td>", "cf": [], "key": "1660", "west": "\u0712\u072a\u073d\u0718\u072c\u0712\u0742\u0733\u0710", "phonetic": "<td>bar ' mut va</td>", "east": "\u0712\u072a\u0718\u073c\u072c\u0712\u0742\u0735\u0710"},
{"searchkey": "1328", "audio": [], "context": ["Oraham", "Bailis Shamun ; see also \u0721\u071f\u0732\u0722\u072b\u0735\u0722\u071d\u073c\u072c\u0735\u0710"], "webrank": 1, "text": [" : 1) ", " : a rendez-vous , an appointed place for meeting , a goal ;\r\n2) ", " : a university , the University ;"], "english": "<td>1) <span class=\"context\">Oraham</span> : a rendez-vous , an appointed place for meeting , a goal ;\r\n2) <span class=\"context\">Bailis Shamun ; see also <a href=\"dosearch.php?searchkey=mkanjAnitA%27&amp;language=fullsyriac\"><span class=\"eastsyriac\">\u0721\u071f\u0732\u0722\u072b\u0735\u0722\u071d\u073c\u072c\u0735\u0710</span></a></span> : a university , the University ;</td>", "cf": ["<span class=\"wordlink\"><a href=\"dosearch.php?searchkey=1270&amp;language=id\"><span class=\"eastsyriac\">\u0712\u0739\u071d\u072c</span></a>, <a href=\"dosearch.php?searchkey=16323&amp;language=id\"><span class=\"eastsyriac\">\u0728\u0735\u0718\u0712\u0735\u0710</span></a></span>"], "key": "1328", "west": "\u0712\u0736\u071d\u072c \u0728\u0733\u0718\u0712\u0733\u0710", "phonetic": "<td>bi:t \u1e63o: ba:</td>", "east": "\u0712\u0738\u071d\u072c \u0728\u0735\u0718\u0712\u0735\u0710"},
{"searchkey": "25889", "audio": [], "context": ["= \u0726\u0735\u0729\u0738\u0715\u0742 1), 2),3), 4)", "for a mission", "used by an interpreter", "used by a host or an inferior"], "webrank": 100, "text": [" : 1) ", " : to order , to command , to demand , to bid ;\r\n2) ", " : to appoint , to designate , to delegate , to mandate ;\r\n3) ", " : to say ;\r\n4) ", " : come in , sit down , oblige me , be my guest / you are welcome ;"], "english": "<td>1) <span class=\"context\">= <a href=\"dosearch.php?searchkey=pAqedL&amp;language=fullsyriac\"><span class=\"eastsyriac\">\u0726\u0735\u0729\u0738\u0715\u0742</span></a> 1), 2),3), 4)</span> : to order , to command , to demand , to bid ;\r\n2) <span class=\"context\">for a mission</span> : to appoint , to designate , to delegate , to mandate ;\r\n3) <span class=\"context\">used by an interpreter</span> : to say ;\r\n4) <span class=\"context\">used by a host or an inferior</span> : come in , sit down , oblige me , be my guest / you are welcome ;</td>", "cf": ["<span class=\"wordlink\"><a href=\"dosearch.php?searchkey=18597&amp;language=id\"><span class=\"eastsyriac\">\u0726\u0729\u0715</span></a>, <a href=\"dosearch.php?searchkey=18597&amp;language=id\"><span class=\"eastsyriac\">\u0726\u0729\u0715</span></a>, <a href=\"dosearch.php?searchkey=11195&amp;language=id\"><span class=\"eastsyriac\">\u0726\u0735\u0729\u0732\u0715\u072c\u0735\u0710</span></a>, <a href=\"dosearch.php?searchkey=11196&amp;language=id\"><span class=\"eastsyriac\">\u0726\u0729\u0718\u073f\u0715\u0735\u0710</span></a>, <a href=\"dosearch.php?searchkey=11197&amp;language=id\"><span class=\"eastsyriac\">\u0726\u0735\u0729\u0718\u073f\u0715\u0735\u0710</span></a>, <a href=\"dosearch.php?searchkey=&amp;language=fullsyriac\"><span class=\"eastsyriac\"></span></a>, <a href=\"dosearch.php?searchkey=11198&amp;language=id\"><span class=\"eastsyriac\">\u0726\u0735\u0729\u0718\u073f\u0715\u0739\u0710</span></a>, <a href=\"dosearch.php?searchkey=11199&amp;language=id\"><span class=\"eastsyriac\">\u0726\u0735\u0729\u0718\u073f\u0715\u0735\u0710\u071d\u073c\u072c</span></a>, <a href=\"dosearch.php?searchkey=11200&amp;language=id\"><span class=\"eastsyriac\">\u0726\u0735\u0729\u0718\u073f\u0715\u0718\u073c\u072c\u0735\u0710</span></a>, <a href=\"dosearch.php?searchkey=11201&amp;language=id\"><span class=\"eastsyriac\">\u0726\u0729\u0718\u073f\u0715\u071d\u0735\u0710</span></a>, <a href=\"dosearch.php?searchkey=11202&amp;language=id\"><span class=\"eastsyriac\">\u0726\u0735\u0729\u0718\u073f\u0715\u072c\u0735\u0710</span></a>, <a href=\"dosearch.php?searchkey=11193&amp;language=id\"><span class=\"eastsyriac\">\u0726\u0732\u0729\u0715\u0735\u0710</span></a>, <a href=\"dosearch.php?searchkey=10764&amp;language=id\"><span class=\"eastsyriac\">\u0726\u0718\u073c\u0729\u0715\u0735\u0722\u0735\u0710</span></a>, <a href=\"dosearch.php?searchkey=10763&amp;language=id\"><span class=\"eastsyriac\">\u0726\u0718\u073c\u0729\u0735\u0715\u0735\u0710</span></a>, <a href=\"dosearch.php?searchkey=18656&amp;language=id\"><span class=\"eastsyriac\">\u0721\u0726\u0732\u0729\u0715\u0735\u0722\u0718\u073c\u072c\u0735\u0710</span></a>, <a href=\"dosearch.php?searchkey=25889&amp;language=id\"><span class=\"eastsyriac\">\u0721\u0726\u0735\u0729\u0738\u0715</span></a>, <a href=\"dosearch.php?searchkey=11194&amp;language=id\"><span class=\"eastsyriac\">\u0726\u0729\u0735\u0715\u0735\u0710</span></a>, <a href=\"dosearch.php?searchkey=25888&amp;language=id\"><span class=\"eastsyriac\">\u0726\u0735\u0729\u0738\u0715\u0742</span></a>, <a href=\"dosearch.php?searchkey=28227&amp;language=id\"><span class=\"eastsyriac\">\u0726\u0735\u0729\u0715\u0735\u0722\u0735\u0710</span></a></span>"], "key": "25889", "west": "\u0721\u0726\u0733\u0729\u0736\u0715", "phonetic": "<td>(m) pa: kid</td>", "east": "\u0721\u0726\u0735\u0729\u0738\u0715"},
{"searchkey": "7431", "audio": [], "context": ["Yoab Benjamin"], "webrank": 70, "text": [" : 1) death , the act of dying , expiration (passing from life to death) , the passing (to death) , ", " : an execution / putting to death"], "english": "<td>1) death , the act of dying , expiration (passing from life to death) , the passing (to death) , <span class=\"context\">Yoab Benjamin</span> : an execution / putting to death ;\r\n<span class=\"locution\"><span class=\"eastsyriac\">\u0721\u0735\u0718\u072c\u0735\u0710 \u0715\u071f\u0732\u0726\u0722\u0718\u073c\u072c\u0735\u0710</span></span> / <span class=\"locution\"><span class=\"eastsyriac\">\u0721\u0735\u0718\u072c\u0735\u0710 \u0721\u0738\u0722 \u071f\u0732\u0726\u0722\u0735\u0710</span></span> : starvation / death by starvation ;\r\n<span class=\"context\">Classical Syriac : <span class=\"locution\"><span class=\"eastsyriac\">\u0712\u0732\u072a \u0721\u0735\u0718\u072c\u0735\u0710</span></span></span> : worthy of death , appointed to die ;\r\n<span class=\"context\">Psalm : 79, 8 ; plural</span> : <span class=\"locution\"><span class=\"eastsyriac\">\u0712\u0722\u0308\u0718\u073f\u0722\u0739\u0710\u0715\u0721\u0735\u0718\u072c\u0735\u0710</span></span>  : sons of death ;\r\n<a href=\"dosearch.php?searchkey=dmAwtA%27&amp;language=fullsyriac\"><span class=\"eastsyriac\">\u0715\u0721\u0735\u0718\u072c\u0735\u0710</span></a> : deadly / lethal  , deathly (?) , fatal ;\r\n2) <span class=\"context\">Rh\u00e9tor\u00e9</span> : a deathly calamity / a plague ;\r\n<span class=\"context\">Rh\u00e9tor\u00e9 ; <span class=\"locution\"><span class=\"eastsyriac\">\u0719\u0738\u0722\u0717\u0732\u072a \u0721\u0735\u0710 \u0721\u0735\u0718\u072c\u0742\u0735\u0710 \u0717\u0718\u0739\u0710 \u0720\u0739\u0717</span></span></span> : O utter dismay ! What a calamity took place at that time !</td>", "cf": ["<span class=\"wordlink\"><a href=\"dosearch.php?searchkey=17668&amp;language=id\"><span class=\"eastsyriac\">\u0721\u0718\u072c</span></a>, <a href=\"dosearch.php?searchkey=24355&amp;language=id\"><span class=\"eastsyriac\">\u0721\u0735\u0710\u0738\u072c</span></a>, <a href=\"dosearch.php?searchkey=212&amp;language=id\"><span class=\"eastsyriac\">\u0721\u0735\u0718\u072c</span></a>, <a href=\"dosearch.php?searchkey=17899&amp;language=id\"><span class=\"eastsyriac\">\u0721\u0710\u0735\u072c\u0735\u0710</span></a>, <a href=\"dosearch.php?searchkey=7741&amp;language=id\"><span class=\"eastsyriac\">\u0721\u071d\u073c\u072c\u0735\u0710</span></a>, <a href=\"dosearch.php?searchkey=7742&amp;language=id\"><span class=\"eastsyriac\">\u0721\u071d\u0735\u072c\u0735\u0710</span></a>, <a href=\"dosearch.php?searchkey=17900&amp;language=id\"><span class=\"eastsyriac\">\u0721\u0732\u0721\u071d\u073c\u072c\u0735\u0722\u0735\u0710</span></a>, <a href=\"dosearch.php?searchkey=17902&amp;language=id\"><span class=\"eastsyriac\">\u0721\u071d\u073c\u072c\u0718\u073c\u072c\u0735\u0710</span></a>, <a href=\"dosearch.php?searchkey=7693&amp;language=id\"><span class=\"eastsyriac\">\u0721\u0735\u071d\u0718\u073f\u072c\u0735\u0710</span></a>, <a href=\"dosearch.php?searchkey=17903&amp;language=id\"><span class=\"eastsyriac\">\u0721\u0735\u0718\u072c\u0735\u0722\u0735\u0710</span></a>, <a href=\"dosearch.php?searchkey=17901&amp;language=id\"><span class=\"eastsyriac\">\u0721\u0735\u0718\u072c\u0735\u0722\u0735\u071d\u0735\u0710</span></a>, <a href=\"dosearch.php?searchkey=7945&amp;language=id\"><span class=\"eastsyriac\">\u0721\u0732\u0721\u0718\u073c\u072c\u0739\u0710</span></a>, <a href=\"dosearch.php?searchkey=24888&amp;language=id\"><span class=\"eastsyriac\">\u0715\u0721\u0735\u0718\u072c\u0735\u0710</span></a>, <a href=\"dosearch.php?searchkey=30839&amp;language=id\"><span class=\"eastsyriac\">\u0721\u0718\u073c\u0721\u071d\u073c\u072c\u0742\u0735\u0710</span></a>, <a href=\"dosearch.php?searchkey=32433&amp;language=id\"><span class=\"eastsyriac\">\u0721\u0735\u072c\u0742\u0735\u0718\u0735\u072c\u0742\u0735\u0710</span></a></span>", "<span class=\"wordlink\"><a href=\"dosearch.php?searchkey=24887&amp;language=id\"><span class=\"eastsyriac\">\u0721\u0735\u0718\u072b\u0735\u0710</span></a></span>", "<span class=\"wordlink\"><a href=\"dosearch.php?searchkey=8465&amp;language=id\"><span class=\"eastsyriac\">\u0721\u0732\u072a\u0715\u0718\u073c\u072a\u0739\u0710</span></a>, <a href=\"dosearch.php?searchkey=9888&amp;language=id\"><span class=\"eastsyriac\">\u0723\u0729\u0735\u071b\u0735\u0710</span></a>, <a href=\"dosearch.php?searchkey=10071&amp;language=id\"><span class=\"eastsyriac\">\u0725\u0712\u0742\u0735\u072a\u072c\u0735\u0710</span></a>, <a href=\"dosearch.php?searchkey=10393&amp;language=id\"><span class=\"eastsyriac\">\u0725\u0722\u0735\u0715\u0735\u0710</span></a>, <a href=\"dosearch.php?searchkey=10974&amp;language=id\"><span class=\"eastsyriac\">\u0726\u0732\u072b\u071f\u0718\u073c\u0722\u0739\u0710</span></a>, <a href=\"dosearch.php?searchkey=5766&amp;language=id\"><span class=\"eastsyriac\">\u071f\u0718\u0735\u071f\u0330\u0735\u0710</span></a>, <a href=\"dosearch.php?searchkey=17271&amp;language=id\"><span class=\"eastsyriac\">\u0712\u0735\u0710\u0738\u0713\u0330</span></a>, <a href=\"dosearch.php?searchkey=20270&amp;language=id\"><span class=\"eastsyriac\">\u0715\u0735\u0721\u0738\u071f\u0742</span></a>, <a href=\"dosearch.php?searchkey=23546&amp;language=id\"><span class=\"eastsyriac\">\u071f\u0330\u0735\u0721\u0738\u0717</span></a>, <a href=\"dosearch.php?searchkey=23637&amp;language=id\"><span class=\"eastsyriac\">\u0729\u0732\u0723\u071b\u0718\u073f\u0722\u0735\u072a\u0718\u073c\u072c\u0735\u0710</span></a></span>"], "key": "7431", "west": "\u0721\u0733\u0718\u072c\u0742\u0733\u0710", "phonetic": "<td>' mo: tha:</td>", "east": "\u0721\u0735\u0718\u072c\u0742\u0735\u0710"},
{"searchkey": "24771", "audio": [], "context": [], "webrank": 60, "text": [" : to depute , to delegate , to appoint , to entrust , to commission (?) ;"], "english": "<td>to depute , to delegate , to appoint , to entrust , to commission (?) ;</td>", "cf": ["<span class=\"wordlink\"><a href=\"dosearch.php?searchkey=3604&amp;language=id\"><span class=\"eastsyriac\">\u0718\u0732\u071f\u071d\u073c\u0720</span></a></span>", "<span class=\"wordlink\"><a href=\"dosearch.php?searchkey=berjAmA%27+%27izgAdA%27&amp;language=fullsyriac\"><span class=\"eastsyriac\">\u0712\u0738\u072a\u072b\u0735\u0721\u0735\u0710 \u0710\u071d\u073c\u0719\u0713\u0735\u0715\u0735\u0710</span></a></span>"], "key": "24771", "west": "\u0721\u0718\u0730\u071f\u0736\u0720", "phonetic": "<td>' mwa kil</td>", "east": "\u0721\u0718\u0732\u071f\u0738\u0720"},
{"searchkey": "25388", "audio": [], "context": ["appointed to represent a minority in courts of justice"], "webrank": 90, "text": [" : a minority advocate / lawyer ", " ;"], "english": "<td>a minority advocate / lawyer <span class=\"context\">appointed to represent a minority in courts of justice</span> ;</td>", "cf": ["<span class=\"wordlink\"><a href=\"dosearch.php?searchkey=7919&amp;language=id\"><span class=\"eastsyriac\">\u0721\u0738\u0720\u0732\u072c</span></a></span>"], "key": "25388", "west": "\u0721\u0736\u0720\u0730\u072c \u0712\u0733\u072b\u073a\u071d", "phonetic": "<td>' mi lat ' ba: \u0161i:</td>", "east": "\u0721\u0738\u0720\u0732\u072c \u0712\u0735\u072b\u071d\u073c"},
{"searchkey": "7492", "audio": [], "context": [], "webrank": 80, "text": [" : 1) appointed , invited (to do) , bid , summoned (?) , asked -to do- (?) , required -to do- (?)\r\n2) the act of one who bids something , the act of requiring (to do) , the act of summoning (?)"], "english": "<td>1) appointed , invited (to do) , bid , summoned (?) , asked -to do- (?) , required -to do- (?)\r\n2) the act of one who bids something , the act of requiring (to do) , the act of summoning (?)</td>", "cf": [], "key": "7492", "west": "\u0721\u0719\u0730\u0721\u0722\u0733\u0710", "phonetic": "<td>' mzam na</td>", "east": "\u0721\u0719\u0732\u0721\u0722\u0735\u0710"},
{"searchkey": "7304", "audio": [], "context": [], "webrank": 50, "text": [" : a bailiff , a deputy appointed to make arrests and collect fines or serve warrants , a catchpole , a sheriff's officer , a policeman ;"], "english": "<td>a bailiff , a deputy appointed to make arrests and collect fines or serve warrants , a catchpole , a sheriff's officer , a policeman ;</td>", "cf": ["<span class=\"wordlink\"><a href=\"dosearch.php?searchkey=24730&amp;language=id\"><span class=\"eastsyriac\">\u0721\u0732\u0717\u0735\u0728\u0720</span></a></span>"], "key": "7304", "west": "\u0721\u073d\u0718\u0717\u0733\u0728\u073a\u071d\u0720", "phonetic": "<td>mu: ' ha \u1e63i:l</td>", "east": "\u0721\u0718\u073c\u0717\u0735\u0728\u071d\u073c\u0720"},
{"searchkey": "2768", "audio": [], "context": ["with \u0712"], "webrank": 40, "text": [" : 1) to lie , to tell a lie / a falsehood , to fib ;\r\n2) ", " : to lie to , to deceive , to lead into error"], "english": "<td>1) to lie , to tell a lie / a falsehood , to fib ;\r\n2) <span class=\"context\">with <a href=\"dosearch.php?searchkey=b&amp;language=fullsyriac\"><span class=\"eastsyriac\">\u0712</span></a></span> : to lie to , to deceive , to lead into error ;\r\n<span class=\"locution\"><span class=\"eastsyriac\">\u0721\u0715\u0735\u0713\u0738\u0720 \u0715\u0718\u073c\u0713\u0720\u0735\u0710</span></span> : to tell lies , to lie , to fib ;\r\n3) to deal falsely <span class=\"context\">with <a href=\"dosearch.php?searchkey=b&amp;language=fullsyriac\"><span class=\"eastsyriac\">\u0712</span></a> : against, with</span> , to deceive , to mislead , to fool ;\r\n<span class=\"context\">Rh\u00e9tor\u00e9 : <span class=\"locution\"><span class=\"eastsyriac\">\u0710\u0747\u0722\u0735\u072b\u0735\u0710 \u0717\u0735\u0718 \u0715\u0738\u071f\u0723\u0735\u0722\u0738\u0722\u0739\u0717 \u0719\u0735\u0718\u0715\u0735\u0710 \u0721\u071f\u0720\u0732\u071d \u0710\u0735\u0718\u0735\u0710\u0747\u071d\u0720\u0739\u0710 \u0715\u0710\u071d\u073c\u072c \u0720\u0739\u0717 \u0725\u0735\u0710\u0715\u0739\u0710 \u0715\u0738\u0721\u0719\u0732\u0713\u0742\u0718\u073f\u0720\u0739\u0710 \u0720\u0710\u0747\u071a\u0738\u072a\u0747\u0722\u0739\u0710</span></span></span> : the man that I hate most is the one who deceives / fools the others ;\r\n4) to disappoint , to let down ;</td>", "cf": ["<span class=\"wordlink\"><a href=\"dosearch.php?searchkey=17329&amp;language=id\"><span class=\"eastsyriac\">\u0715\u0713\u0720</span></a>, <a href=\"dosearch.php?searchkey=2734&amp;language=id\"><span class=\"eastsyriac\">\u0715\u0718\u073c\u0713\u0330\u0735\u0720</span></a>, <a href=\"dosearch.php?searchkey=19963&amp;language=id\"><span class=\"eastsyriac\">\u0715\u0718\u073c\u0713\u0720\u0735\u0710</span></a>, <a href=\"dosearch.php?searchkey=19964&amp;language=id\"><span class=\"eastsyriac\">\u0712\u0715\u0735\u0713\u0738\u0720</span></a>, <a href=\"dosearch.php?searchkey=19965&amp;language=id\"><span class=\"eastsyriac\">\u0715\u0718\u073c\u0713\u0720\u0735\u0722\u0735\u0710</span></a>, <a href=\"dosearch.php?searchkey=19966&amp;language=id\"><span class=\"eastsyriac\">\u0715\u0718\u073c\u0713\u0720\u0735\u0722\u072c\u0735\u0710</span></a>, <a href=\"dosearch.php?searchkey=19820&amp;language=id\"><span class=\"eastsyriac\">\u0715\u0732\u0713\u0742\u0735\u0720\u0735\u0710</span></a></span>"], "key": "2768", "west": "\u0721\u0715\u0733\u0713\u0736\u0720", "phonetic": "<td>' (m) da: gil</td>", "east": "\u0721\u0715\u0735\u0713\u0738\u0720"},
{"searchkey": "6665", "audio": [], "context": [], "webrank": 30, "text": [" : an auditor , a hearer , a person appointed and authorized to examine an account"], "english": "<td>an auditor , a hearer , a person appointed and authorized to examine an account</td>", "cf": [], "key": "6665", "west": "\u0720\u073d\u0718\u0713\u073d\u0718\u072c\u073a\u071d\u071b\u0733\u0710", "phonetic": "<td>lo gu: ' ti: \u1e6da:</td>", "east": "\u0720\u0718\u073f\u0713\u0718\u073c\u072c\u071d\u073c\u071b\u0735\u0710"},
{"searchkey": "20476", "audio": [], "context": ["generally with \u0720, whence the superfluous"], "webrank": 20, "text": [" : 1) "], "english": "<td>1) <span class=\"context\">generally with <a href=\"dosearch.php?searchkey=l&amp;language=fullsyriac\"><span class=\"eastsyriac\">\u0720</span></a>, whence the superfluous <span class=\"locution\"><span class=\"eastsyriac\">\u0720</span></span> of this verb</span> : to give ;\r\n<span class=\"locution\"><span class=\"eastsyriac\">\u0717\u0732\u0720 \u0720\u071d\u073c \u071a\u0735\u0715\u0747 \u0720\u071d\u073c\u072a\u0735\u0710 \u072c\u0732\u0715 \u0717\u0735\u0718\u0739\u0710 \u0712\u071d\u073c \u0715\u0725\u0735\u071d\u072b\u0738\u0722</span></span> : give me one lira so that I can live ;\r\n2) <span class=\"context\">rarely with <a href=\"dosearch.php?searchkey=b&amp;language=fullsyriac\"><span class=\"eastsyriac\">\u0712</span></a>, rather <a href=\"dosearch.php?searchkey=cal&amp;language=fullsyriac\"><span class=\"eastsyriac\">\u0725\u0732\u0720</span></a></span> : to bestow , to grant , to ascribe , to give forth , <span class=\"context\">request, wish</span> : to grant ;\r\n<span class=\"locution\"><span class=\"eastsyriac\">\u071d\u0735\u0717\u0747\u0712\u0742\u0738\u0720 \u0712\u0729\u0735\u0720\u0739\u0717</span></span> : to give forth the voice ;\r\n3) <span class=\"context\">with <a href=\"dosearch.php?searchkey=cal&amp;language=fullsyriac\"><span class=\"eastsyriac\">\u0725\u0732\u0720</span></a> or <span class=\"locution\"><span class=\"eastsyriac\">\u0712\u072a\u0739\u072b\u0735\u0710 \u0715</span></span></span> : to inflict to to cause to , to bring upon ;\r\n4) <span class=\"context\">to a position</span> : to appoint ;\r\n5) <span class=\"context\">with <a href=\"dosearch.php?searchkey=b&amp;language=fullsyriac\"><span class=\"eastsyriac\">\u0712</span></a></span> : to sell , to exchange for , to barter against ;\r\n<span class=\"locution\"><span class=\"eastsyriac\">\u071d\u0735\u0717\u0747\u0712\u0742\u0738\u0720 \u0712\u071a\u0732\u0715\u0747 \u072c\u0718\u073c\u0721\u0735\u0722</span></span> : to sell at one tuman ;\r\n<span class=\"locution\"><span class=\"eastsyriac\">\u071d\u0735\u0717\u0747\u0712\u0742\u0738\u0720 \u0712\u0720\u0732\u071a\u0721\u0735\u0710</span></span> : to exchange for bread ;\r\n6) <span class=\"context\">fruit</span> : to bear , to produce , to give forth ;\r\n7) <span class=\"context\">used to form causatives as in</span> : <span class=\"locution\"><span class=\"eastsyriac\">\u071d\u0738\u0717\u0712\u0742\u0738\u0720\u0739\u0717 \u0720\u0721\u0732\u071a\u0718\u073c\u0712\u0739\u0710</span></span> : he caused him to be loved ;\r\n<span class=\"locution\"><span class=\"eastsyriac\">\u071d\u0735\u0717\u0747\u0712\u0742\u0738\u0720 \u0710\u071d\u073c\u0715\u0735\u0710 \u072c\u071a\u0718\u073f\u072c</span></span> / <span class=\"locution\"><span class=\"eastsyriac\">\u071d\u0735\u0717\u0747\u0712\u0742\u0738\u0720 \u0710\u071d\u073c\u0715\u0735\u0710 \u0720</span></span> : to submit to , to yield to ;\r\n<span class=\"context\">Al Qosh</span> : <span class=\"locution\"><span class=\"eastsyriac\">\u071d\u0735\u0717\u0747\u0712\u0742\u0738\u0720 \u0712\u0735\u0720\u0739\u0717 \u0720</span></span> : to make for , to go towards , to be headed for , to be bound to / bound for ;\r\n<span class=\"locution\"><span class=\"eastsyriac\">\u071d\u0735\u0717\u0747\u0712\u0742\u0738\u0720 \u0713\u0718\u073c\u072a\u0718\u073c\u072c\u0742\u0735\u0710 \u0720</span></span> : to magnify , to make lager , to exagerate ;\r\n<span class=\"context\">with infinitive</span> : <span class=\"locution\"><span class=\"eastsyriac\">\u071d\u0735\u0717\u0747\u0712\u0742\u0738\u0720 \u0713\u0735\u0722\u0735\u0710</span></span> : to venture to , to dare to , to be so bold as to ;</td>", "cf": ["<span class=\"wordlink\"><a href=\"dosearch.php?searchkey=17472&amp;language=id\"><span class=\"eastsyriac\">\u071d\u0717\u0712</span></a>, <a href=\"dosearch.php?searchkey=14703&amp;language=id\"><span class=\"eastsyriac\">\u071d\u0732\u0717\u0712\u0742\u0735\u0710</span></a>, <a href=\"dosearch.php?searchkey=19408&amp;language=id\"><span class=\"eastsyriac\">\u0717\u0732\u0712\u0747\u0720</span></a>, <a href=\"dosearch.php?searchkey=5364&amp;language=id\"><span class=\"eastsyriac\">\u071d\u0717\u0732\u0712\u0742\u0735\u0710</span></a>, <a href=\"dosearch.php?searchkey=3272&amp;language=id\"><span class=\"eastsyriac\">\u071d\u0735\u0717\u0712\u0742\u0735\u0722\u0735\u0710</span></a>, <a href=\"dosearch.php?searchkey=20475&amp;language=id\"><span class=\"eastsyriac\">\u0717\u0732\u0712\u0747\u0720\u0718\u073c\u0722</span></a>, <a href=\"dosearch.php?searchkey=19408&amp;language=id\"><span class=\"eastsyriac\">\u0717\u0732\u0712\u0747\u0720</span></a>, <a href=\"dosearch.php?searchkey=31054&amp;language=id\"><span class=\"eastsyriac\">\u071d\u0735\u0717\u0747\u0712\u0742\u0735\u0720\u0735\u0710</span></a>, <a href=\"dosearch.php?searchkey=31055&amp;language=id\"><span class=\"eastsyriac\">\u071d\u0735\u0717\u0747\u0712\u0742\u0718\u073f\u0720\u0735\u0710</span></a>, <a href=\"dosearch.php?searchkey=31056&amp;language=id\"><span class=\"eastsyriac\">\u0712\u071d\u073c\u0717\u0747\u0712\u0742\u0735\u0720\u0735\u0710</span></a>, <a href=\"dosearch.php?searchkey=31057&amp;language=id\"><span class=\"eastsyriac\">\u0717\u0712\u0742\u071d\u073c\u0720\u0735\u0710</span></a>, <a href=\"dosearch.php?searchkey=31058&amp;language=id\"><span class=\"eastsyriac\">\u0717\u0747\u0712\u0742\u071d\u073c\u0720\u072c\u0735\u0710</span></a>, <a href=\"dosearch.php?searchkey=31032&amp;language=id\"><span class=\"eastsyriac\">\u071d\u073c\u0717\u0747\u0712\u0735\u0720\u0735\u0710</span></a></span>", "<span class=\"wordlink\"><a href=\"dosearch.php?searchkey=20535&amp;language=id\"><span class=\"eastsyriac\">\u071d\u0739\u0717\u0718\u073c\u0718\u0735\u0710</span></a>, <a href=\"dosearch.php?searchkey=22016&amp;language=id\"><span class=\"eastsyriac\">\u071a\u0735\u0720\u0738\u0725</span></a>, <a href=\"dosearch.php?searchkey=24370&amp;language=id\"><span class=\"eastsyriac\">\u0721\u0712\u0732\u0713\u0742\u0712\u0738\u072b</span></a>, <a href=\"dosearch.php?searchkey=26447&amp;language=id\"><span class=\"eastsyriac\">\u072b\u071a\u0732\u0715</span></a></span>"], "key": "20476", "west": "\u071d\u0733\u0717\u0747\u0712\u0742\u0736\u0720", "phonetic": "<td>' ia: wil</td>", "east": "\u071d\u0735\u0717\u0747\u0712\u0742\u0738\u0720"},
{"searchkey": "22748", "audio": [], "context": ["past participle masculine of \u071d\u0735\u0715\u0738\u0725", "noun", "see \u071d\u0735\u0715\u0742\u0718\u073f\u0725\u0735\u0710 ;\r\n", "feminine : \u071d\u0715\u0738\u0742\u0725\u072c\u0735\u0710", " ;"], "webrank": 10, "text": [" : ", " : 1) acquainted , familiar ;\r\n2) well-known , famous , renowned ;\r\n3) principal / central / key ;\r\n4) fixed , appointed , set ;\r\n5) ", " : an acquaintance , "], "english": "<td><span class=\"context\">past participle masculine of <a href=\"dosearch.php?searchkey=yAdec&amp;language=fullsyriac\"><span class=\"eastsyriac\">\u071d\u0735\u0715\u0738\u0725</span></a></span> : 1) acquainted , familiar ;\r\n2) well-known , famous , renowned ;\r\n3) principal / central / key ;\r\n4) fixed , appointed , set ;\r\n5) <span class=\"context\">noun</span> : an acquaintance , <span class=\"context\">see <a href=\"dosearch.php?searchkey=yAdLocA%27&amp;language=fullsyriac\"><span class=\"eastsyriac\">\u071d\u0735\u0715\u0742\u0718\u073f\u0725\u0735\u0710</span></a> ;\r\n<span class=\"context\">feminine : <a href=\"dosearch.php?searchkey=ydeLctA%27&amp;language=fullsyriac\"><span class=\"eastsyriac\">\u071d\u0715\u0738\u0742\u0725\u072c\u0735\u0710</span></a></span> ;</span></td>", "cf": ["<span class=\"wordlink\"><a href=\"dosearch.php?searchkey=17471&amp;language=id\"><span class=\"eastsyriac\">\u071d\u0715\u0725</span></a>, <a href=\"dosearch.php?searchkey=5352&amp;language=id\"><span class=\"eastsyriac\">\u071d\u0732\u0715\u0718\u073c\u0725\u072c\u0735\u0722\u0718\u073c\u072c\u0735\u0710</span></a>, <a href=\"dosearch.php?searchkey=3120&amp;language=id\"><span class=\"eastsyriac\">\u0715\u0735\u0725</span></a>, <a href=\"dosearch.php?searchkey=5359&amp;language=id\"><span class=\"eastsyriac\">\u071d\u0747\u0715\u0735\u0725</span></a>, <a href=\"dosearch.php?searchkey=12289&amp;language=id\"><span class=\"eastsyriac\">\u0729\u0732\u0715\u071d\u073c\u0721\u0718\u073c\u072c \u071d\u0715\u0735\u0725\u072c\u0735\u0710</span></a>, <a href=\"dosearch.php?searchkey=5350&amp;language=id\"><span class=\"eastsyriac\">\u071d\u0732\u0715\u0718\u073c\u0725\u0735\u0710</span></a>, <a href=\"dosearch.php?searchkey=5352&amp;language=id\"><span class=\"eastsyriac\">\u071d\u0732\u0715\u0718\u073c\u0725\u072c\u0735\u0722\u0718\u073c\u072c\u0735\u0710</span></a>, <a href=\"dosearch.php?searchkey=5351&amp;language=id\"><span class=\"eastsyriac\">\u071d\u0732\u0715\u0718\u073c\u0725\u0718\u073c\u072c\u0735\u0710</span></a>, <a href=\"dosearch.php?searchkey=18183&amp;language=id\"><span class=\"eastsyriac\">\u071d\u0732\u0715\u0718\u073c\u0725\u072c\u0735\u0722\u0735\u0710</span></a>, <a href=\"dosearch.php?searchkey=22742&amp;language=id\"><span class=\"eastsyriac\">\u071d\u0735\u0715\u0738\u0725</span></a>, <a href=\"dosearch.php?searchkey=21324&amp;language=id\"><span class=\"eastsyriac\">\u071d\u0735\u0715\u0742\u0718\u073f\u0725\u0735\u0710</span></a></span>", "<span class=\"wordlink\"><a href=\"dosearch.php?searchkey=22749&amp;language=id\"><span class=\"eastsyriac\">\u071d\u0715\u0738\u0725\u072c\u0735\u0710</span></a></span>", "<span class=\"wordlink\"><a href=\"dosearch.php?searchkey=9267&amp;language=id\"><span class=\"eastsyriac\">\u0722\u0732\u0728\u071d\u073c\u071a\u0735\u0710</span></a>, <a href=\"dosearch.php?searchkey=8576&amp;language=id\"><span class=\"eastsyriac\">\u0721\u0732\u072b\u0717\u0718\u073c\u072a</span></a>, <a href=\"dosearch.php?searchkey=25790&amp;language=id\"><span class=\"eastsyriac\">\u0721\u0735\u072a\u0739 \u072b\u0738\u0721\u0735\u0710</span></a></span>"], "key": "22748", "west": "\u071d\u0715\u0736\u0725\u071d\u0733\u0710", "phonetic": "<td>' di: ia:</td>", "east": "\u071d\u0715\u0738\u0725\u071d\u0735\u0710"},
{"searchkey": "8881", "audio": [], "context": [], "webrank": 70, "text": [" : the designation , the appointment , the consecration , the selection , the nomination , an ordination -bishop- (?) , an accolade -admission into knighthood- (?) , recognition -author ...- (?) ;"], "english": "<td>the designation , the appointment , the consecration , the selection , the nomination , an ordination -bishop- (?) , an accolade -admission into knighthood- (?) , recognition -author ...- (?) ;</td>", "cf": ["<span class=\"wordlink\"><a href=\"dosearch.php?searchkey=14383&amp;language=id\"><span class=\"eastsyriac\">\u072b\u0718\u073c\u0721\u0720\u0735\u071d\u0735\u0710</span></a>, <a href=\"dosearch.php?searchkey=2701&amp;language=id\"><span class=\"eastsyriac\">\u0715\u0712\u0742\u071d\u073c\u071a\u0718\u073c\u072c\u0735\u0710</span></a>, <a href=\"dosearch.php?searchkey=5991&amp;language=id\"><span class=\"eastsyriac\">\u071f\u071d\u073c\u072a\u0718\u073f\u071b\u0718\u073f\u0722\u071d\u073c\u0735\u0710</span></a>, <a href=\"dosearch.php?searchkey=8840&amp;language=id\"><span class=\"eastsyriac\">\u0721\u072c\u0729\u0732\u0715\u072b\u0735\u0722\u0718\u073c\u072c\u0735\u0710</span></a>, <a href=\"dosearch.php?searchkey=27341&amp;language=id\"><span class=\"eastsyriac\">\u0723\u071d\u0735\u0721\u071d\u073c\u0715\u0735\u0710</span></a></span>"], "key": "8881", "west": "\u0721\u0736\u072c\u072c\u0730\u0723\u072a\u071a\u0733\u0722\u073d\u0718\u072c\u0733\u0710", "phonetic": "<td>mit tasr \u1e25a ' nu: ta</td>", "east": "\u0721\u0738\u072c\u072c\u0732\u0723\u072a\u071a\u0735\u0722\u0718\u073c\u072c\u0735\u0710"},
{"searchkey": "25425", "audio": [], "context": ["verbal noun of \u0722\u0735\u0717\u0739\u0710", "pain ...", "disapproval (?), impatience (?), disappointment (?)"], "webrank": 100, "text": [" : ", " : ", " : groaning , a groan , a moan , a whining / wailing / whimpering , ", " : groaning (?) / griping (?) / grumbling (?) ;"], "english": "<td><span class=\"context\">verbal noun of <a href=\"dosearch.php?searchkey=nAhE%27&amp;language=fullsyriac\"><span class=\"eastsyriac\">\u0722\u0735\u0717\u0739\u0710</span></a></span> : <span class=\"context\">pain ...</span> : groaning , a groan , a moan , a whining / wailing / whimpering , <span class=\"context\">disapproval (?), impatience (?), disappointment (?)</span> : groaning (?) / griping (?) / grumbling (?) ;</td>", "cf": ["<span class=\"wordlink\"><a href=\"dosearch.php?searchkey=25424&amp;language=id\"><span class=\"eastsyriac\">\u0721\u0732\u0722\u0717\u0739\u0710</span></a></span>", "<span class=\"wordlink\"><a href=\"dosearch.php?searchkey=25428&amp;language=id\"><span class=\"eastsyriac\">\u0722\u0735\u071d\u0739\u0710</span></a></span>"], "key": "25425", "west": "\u0722\u0733\u0717\u071d\u0733\u0710", "phonetic": "<td>' na: hia:</td>", "east": "\u0722\u0735\u0717\u071d\u0735\u0710"},
{"searchkey": "25423", "audio": [], "context": ["pain ...", "impatience, disappointment, disapproval ...", "metathesis of \u0717\u0735\u0722\u0739\u0710"], "webrank": 90, "text": [" : 1) ", " : to groan , ", " : to groan (?) / to grumble (?) / to gripe (?) / to grump (?) ;\r\n2) ", " : to please ;"], "english": "<td>1) <span class=\"context\">pain ...</span> : to groan , <span class=\"context\">impatience, disappointment, disapproval ...</span> : to groan (?) / to grumble (?) / to gripe (?) / to grump (?) ;\r\n2) <span class=\"context\">metathesis of <a href=\"dosearch.php?searchkey=hAnE%27&amp;language=fullsyriac\"><span class=\"eastsyriac\">\u0717\u0735\u0722\u0739\u0710</span></a></span> : to please ;</td>", "cf": ["<span class=\"wordlink\"><a href=\"dosearch.php?searchkey=25424&amp;language=id\"><span class=\"eastsyriac\">\u0721\u0732\u0722\u0717\u0739\u0710</span></a>, <a href=\"dosearch.php?searchkey=25425&amp;language=id\"><span class=\"eastsyriac\">\u0722\u0735\u0717\u071d\u0735\u0710</span></a>, <a href=\"dosearch.php?searchkey=26808&amp;language=id\"><span class=\"eastsyriac\">\u0722\u0738\u0717\u071d\u0735\u0710</span></a></span>", "<span class=\"wordlink\"><a href=\"dosearch.php?searchkey=25426&amp;language=id\"><span class=\"eastsyriac\">\u0722\u0735\u0717\u0747\u071d\u0739\u0710</span></a></span>"], "key": "25423", "west": "\u0722\u0733\u0717\u0736\u0710", "phonetic": "<td>' na: h\u00e9</td>", "east": "\u0722\u0735\u0717\u0739\u0710"},
{"searchkey": "8898", "audio": [], "context": [], "webrank": 80, "text": [" : a deputy , one appointed as the substitute of another and empowered to act for him / in his name / on his behalf , a delegate , an agent ;"], "english": "<td>a deputy , one appointed as the substitute of another and empowered to act for him / in his name / on his behalf , a delegate , an agent ;</td>", "cf": ["<span class=\"wordlink\"><a href=\"dosearch.php?searchkey=pika%27ryA%27&amp;language=fullsyriac\"><span class=\"eastsyriac\">\u0726\u071d\u073c\u071f\u0732\u0710\u072a\u071d\u0735\u0710</span></a>, <a href=\"dosearch.php?searchkey=kadxudA%27&amp;language=fullsyriac\"><span class=\"eastsyriac\">\u071f\u0732\u0715\u071a\u0718\u073c\u0715\u0735\u0710</span></a>, <a href=\"dosearch.php?searchkey=kArozA%27&amp;language=fullsyriac\"><span class=\"eastsyriac\">\u071f\u0735\u072a\u0718\u073f\u0719\u0735\u0710</span></a></span>"], "key": "8898", "west": "\u0722\u0733\u0710\u071d\u0736\u0712", "phonetic": "<td>' na: yib</td>", "east": "\u0722\u0735\u0710\u071d\u0739\u0712"},
{"searchkey": "24890", "audio": [], "context": [" = \u0721\u0732\u072c\u071d\u0738\u0712\u0742 : causative of \u071d\u0735\u072c\u0738\u0712\u0742", "an official", "decree", "rules", "also with"], "webrank": 60, "text": [" : 1) ", " : to cause to sit , to let have a seat , to cause to stay ;\r\n2) to place , to put , to lay , to set , ", " : to assign , to appoint , ", " : to make , ", " : to set up , to establish , "], "english": "<td>1) <span class=\"context\"> = <a href=\"dosearch.php?searchkey=matyebL&amp;language=fullsyriac\"><span class=\"eastsyriac\">\u0721\u0732\u072c\u071d\u0738\u0712\u0742</span></a> : causative of <a href=\"dosearch.php?searchkey=yAtebL&amp;language=fullsyriac\"><span class=\"eastsyriac\">\u071d\u0735\u072c\u0738\u0712\u0742</span></a></span> : to cause to sit , to let have a seat , to cause to stay ;\r\n2) to place , to put , to lay , to set , <span class=\"context\">an official</span> : to assign , to appoint , <span class=\"context\">decree</span> : to make , <span class=\"context\">rules</span> : to set up , to establish , <span class=\"context\">also with <span class=\"locution\"><span class=\"eastsyriac\">\u0712\u0720\u0738\u0712\u0739\u0717</span></span> or <span class=\"locution\"><span class=\"eastsyriac\">\u0712\u071a\u071d\u073c\u0735\u0720\u0739\u0717</span></span></span> ;\r\n<span class=\"context\">Rh\u00e9tor\u00e9 (with a corroborative pronoun) : <span class=\"locution\"><span class=\"eastsyriac\">\u0721\u0738\u072c\u0738\u0712\u0742 \u0720\u0732\u071d \u0725\u0738\u0720\u0732\u071d \u0715\u0729\u0732\u071d\u0308\u0723\u0739\u0710</span></span></span> : \"put them on them (the) woods\" / put them on them logs / put them on the logs , <span class=\"context\">= <span class=\"locution\"><span class=\"eastsyriac\">\u0721\u0735\u072c\u0738\u0712\u0742 \u0720\u0732\u071d \u0725\u0732\u0720 \u0729\u0732\u071d\u0308\u0723\u0739\u0710</span></span></span> ;\r\n3) <span class=\"context\">with <a href=\"dosearch.php?searchkey=cal&amp;language=fullsyriac\"><span class=\"eastsyriac\">\u0725\u0732\u0720</span></a> : on</span> : tp levy / to collect <span class=\"context\">a tax</span> ;\r\n4) <span class=\"context\">NENA</span> : to camp , to lodge , to put up for the night , to host <span class=\"context\">at one's home</span> ;\r\n5) to lay down , to lay aside , <span class=\"context\">weapons ?</span> : to lay down (?) , <span class=\"context\">object, differences ?</span> : to pay aside (?) ;\r\n6) <span class=\"context\">also with <span class=\"locution\"><span class=\"eastsyriac\">\u0712\u071a\u0732\u0719\u071d\u073c\u0722\u0735\u0710</span></span></span> : to lay up , to store up ;\r\n7) <span class=\"context\">with <a href=\"dosearch.php?searchkey=l&amp;language=fullsyriac\"><span class=\"eastsyriac\">\u0720</span></a></span> : to compare with ;\r\n8) <span class=\"context\">Psalm 50, 23</span> : to set right , to prepare , to change for uprightness (?) ;\r\n9) <span class=\"context\">with <a href=\"dosearch.php?searchkey=cal&amp;language=fullsyriac\"><span class=\"eastsyriac\">\u0725\u0732\u0720</span></a></span> : to add to ;\r\n10) <span class=\"context\">with <span class=\"locution\"><span class=\"eastsyriac\">\u0712\u0712\u0738\u0722\u071d\u0732\u072c</span></span></span> : to found , to establish ;\r\n<span class=\"locution\"><span class=\"eastsyriac\">\u0721\u0732\u072c\u0738\u0712\u0742 \u0710\u071d\u073c\u0715\u0735\u0710 \u0725\u0732\u0720</span></span> : to lay hands on , to ordain ;\r\n<span class=\"context\">Ezra : 10, 10</span> : <span class=\"locution\"><span class=\"eastsyriac\">\u0721\u0732\u072c\u071d\u0738\u0712\u0742 \u0712\u0732\u071f\u0742\u072c\u0735\u0710</span></span> : to marry , to take as a wife ;\r\n<span class=\"locution\"><span class=\"eastsyriac\">\u0721\u0732\u072c\u0732\u0712\u0742\u072c\u0735\u0710 \u0715\u0712\u0722\u0718\u073f\u0722\u0308\u0739\u0710</span></span> : adoption , <span class=\"context\">= <span class=\"locution\"><span class=\"eastsyriac\">\u0725\u0712\u0742\u0742\u0735\u0715\u0742\u072c\u0735\u0710 \u0715\u0712\u0722\u0718\u073f\u0722\u0308\u0739\u0710</span></span></span> ;\r\n<span class=\"context\">Genesis : 17, 6</span> : <span class=\"locution\"><span class=\"eastsyriac\">\u0712\u0738\u072c \u0721\u0732\u072c\u0712\u0742\u0738\u0722\u0718\u073c\u071f\u0742 \u0720\u071b\u0735\u071d\u0738\u0726\u0308\u0739\u0710</span></span> : I will make nations of thee ;\r\n<span class=\"locution\"><span class=\"eastsyriac\">\u0721\u0732\u072c\u0738\u0712\u0742 \u072b\u0735\u0718\u0726\u0735\u0710</span></span> : to imprint , to mark / to take an impression ;\r\n<span class=\"context\">\u0721\u0732\u072c\u0738\u0712\u0742 \u071f\u0739\u0710\u0726\u0735\u0710 \u0725\u0732\u0720</span> : to shelve <span class=\"context\">a matter</span> , to table / to freeze / to postpone ;\r\n<span class=\"locution\"><span class=\"eastsyriac\">\u0721\u0732\u072c\u0738\u0712\u0742 \u0725\u0732\u0720 \u0729\u0715\u0735\u0720\u0718\u073c\u0717\u071d</span></span> : to make <span class=\"context\">somebody</span> responsible ;\r\n<span class=\"locution\"><span class=\"eastsyriac\">\u0721\u0732\u072c\u0738\u0712\u0742 \u0729\u0732\u0715\u072a\u0735\u0710 \u0725\u0732\u0720</span></span> : to honor , to do honor to ;\r\n<span class=\"locution\"><span class=\"eastsyriac\">\u0721\u0732\u072c\u0738\u0712\u0742 \u0720\u0738\u0712\u0735\u0710</span></span> / <span class=\"locution\"><span class=\"eastsyriac\">\u0721\u0732\u072c\u0738\u0712\u0742 \u0720\u0738\u0712\u0739\u0717</span></span> : to take to heart , to trouble about , to pay attention to , to consider ;\r\n<span class=\"context\">NENA ; with <a href=\"dosearch.php?searchkey=cal&amp;language=fullsyriac\"><span class=\"eastsyriac\">\u0725\u0732\u0720</span></a> or infinitive</span> : <span class=\"locution\"><span class=\"eastsyriac\">\u0721\u0732\u072c\u0738\u0712\u0742 \u0712\u0735\u0720\u0735\u0710</span></span> / <span class=\"locution\"><span class=\"eastsyriac\">\u0721\u0732\u072c\u0738\u0712\u073c \u0712\u0735\u0720\u0739\u0717</span></span> : to pay attention to , to set the face / the mind to , to resolve , to resolutely purpose to ;</td>", "cf": ["<span class=\"wordlink\"><a href=\"dosearch.php?searchkey=24892&amp;language=id\"><span class=\"eastsyriac\">\u0721\u0735\u0718\u072c\u0738\u0712\u0742</span></a></span>"], "key": "24890", "west": "\u0721\u0730\u072c\u0736\u0712\u0742", "phonetic": "<td>' ma tiw</td>", "east": "\u0721\u0732\u072c\u0738\u0712\u0742"},
{"searchkey": "26516", "audio": [], "context": ["past participle of \u0721\u072b\u0735\u0721\u0738\u0717"], "webrank": 40, "text": [" : ", " : named , declared / appointed as / designated as / dubbed , nominated , termed , labelled as (?) ;"], "english": "<td><span class=\"context\">past participle of <a href=\"dosearch.php?searchkey=mjAmeh&amp;language=fullsyriac\"><span class=\"eastsyriac\">\u0721\u072b\u0735\u0721\u0738\u0717</span></a></span> : named , declared / appointed as / designated as / dubbed , nominated , termed , labelled as (?) ;</td>", "cf": ["<span class=\"wordlink\"><a href=\"dosearch.php?searchkey=14351&amp;language=id\"><span class=\"eastsyriac\">\u072b\u0718\u073c\u0721\u0735\u0717\u0735\u0710</span></a>, <a href=\"dosearch.php?searchkey=8633&amp;language=id\"><span class=\"eastsyriac\">\u0721\u072b\u0732\u0721\u0717\u0718\u073c\u072c\u0735\u0710</span></a>, <a href=\"dosearch.php?searchkey=14189&amp;language=id\"><span class=\"eastsyriac\">\u072b\u0721\u0735\u0710</span></a>, <a href=\"dosearch.php?searchkey=26516&amp;language=id\"><span class=\"eastsyriac\">\u0721\u072b\u0718\u073c\u0721\u0717\u0735\u0710</span></a>, <a href=\"dosearch.php?searchkey=26515&amp;language=id\"><span class=\"eastsyriac\">\u0721\u072b\u0735\u0721\u0738\u0717</span></a>, <a href=\"dosearch.php?searchkey=8632&amp;language=id\"><span class=\"eastsyriac\">\u0721\u072b\u0732\u0721\u0717\u0735\u0710</span></a></span>"], "key": "26516", "west": "\u0721\u072b\u073d\u0718\u0721\u0717\u0733\u0710", "phonetic": "<td>(m) ' \u0161um ha:</td>", "east": "\u0721\u072b\u0718\u073c\u0721\u0717\u0735\u0710"},
{"searchkey": "26515", "audio": [], "context": ["Hebrews : 5, 10"], "webrank": 50, "text": [" : ", " : 1) to name / to declare / to appoint / to dub as ;\r\n2) to term (?) , to designate (?) , to nominate (?) , to label (?) / to brand (?) / to call (?) ;"], "english": "<td><span class=\"context\">Hebrews : 5, 10</span> : 1) to name / to declare / to appoint / to dub as ;\r\n2) to term (?) , to designate (?) , to nominate (?) , to label (?) / to brand (?) / to call (?) ;</td>", "cf": ["<span class=\"wordlink\"><a href=\"dosearch.php?searchkey=14351&amp;language=id\"><span class=\"eastsyriac\">\u072b\u0718\u073c\u0721\u0735\u0717\u0735\u0710</span></a>, <a href=\"dosearch.php?searchkey=8633&amp;language=id\"><span class=\"eastsyriac\">\u0721\u072b\u0732\u0721\u0717\u0718\u073c\u072c\u0735\u0710</span></a>, <a href=\"dosearch.php?searchkey=14189&amp;language=id\"><span class=\"eastsyriac\">\u072b\u0721\u0735\u0710</span></a>, <a href=\"dosearch.php?searchkey=26516&amp;language=id\"><span class=\"eastsyriac\">\u0721\u072b\u0718\u073c\u0721\u0717\u0735\u0710</span></a>, <a href=\"dosearch.php?searchkey=8632&amp;language=id\"><span class=\"eastsyriac\">\u0721\u072b\u0732\u0721\u0717\u0735\u0710</span></a></span>"], "key": "26515", "west": "\u0721\u072b\u0733\u0721\u0736\u0717", "phonetic": "<td>(m) ' \u0161a: mi:</td>", "east": "\u0721\u072b\u0735\u0721\u0738\u0717"},
{"searchkey": "26111", "audio": [], "context": ["causative of \u0729\u0735\u0710\u0738\u0721", "from the dead ...", "someone"], "webrank": 30, "text": [" : 1) ", " : to cause to stand up , to raise ", " / to call back to life , to wake ", " up"], "english": "<td>1) <span class=\"context\">causative of <a href=\"dosearch.php?searchkey=qA%27em&amp;language=fullsyriac\"><span class=\"eastsyriac\">\u0729\u0735\u0710\u0738\u0721</span></a></span> : to cause to stand up , to raise <span class=\"context\">from the dead ...</span> / to call back to life , to wake <span class=\"context\">someone</span> up ;\r\n<span class=\"locution\"><span class=\"eastsyriac\">\u0721\u0732\u0729\u071d\u0738\u0721 \u0712\u071a\u0738\u0720\u0726\u0735\u0710 \u0715</span></span> : to surrogate , to represent , to take the place of / to act in the stead of / to act on behalf of ;\r\n2) <span class=\"context\">figurative sense</span> : to establish , to appoint , to set up , to to constitute / to institute , to make firm ;\r\n<span class=\"context\">Rh\u00e9tor\u00e9 ; <span class=\"locution\"><span class=\"eastsyriac\">\u0721\u0732\u0722\u071d\u073c \u071f\u0738\u0721\u0735\u0729\u0738\u0721 \u0720\u0718\u073f\u071f\u0742 \u0725\u0738\u0720\u0732\u0722 \u072a\u0739\u072b\u0735\u0710 \u0718\u0715\u0732\u071d\u0735\u0722\u0735\u0710</span></span></span> : who established / appointed you chief or judge over us ? ;\r\n3) to perform / to fulfill / to accomplish <span class=\"context\">a promise</span> ;\r\n4) to found , to institute , to set up , to organize , to set on foot , to appoint , to make , to place , to erect , to set up <span class=\"context\">a computer, a camera, a machine</span> (?) ;\r\n5) <span class=\"locution\"><span class=\"eastsyriac\">\u0721\u0732\u0729\u0738\u0721 \u071a\u0735\u0728\u0735\u0710 \u0715</span></span> : to defend ;\r\n6) <span class=\"context\">Luc : 2, 22</span> : <span class=\"locution\"><span class=\"eastsyriac\">\u0721\u0732\u0729\u0738\u0721 \u0729\u0735\u0715\u0747\u0721</span></span> : to present / to introduce <span class=\"context\">a person to someone</span> ;\r\n7) <span class=\"context\">trees, cattle ...</span> : to rear , to raise , to tend / to breed / to keep , to farm / to grow <span class=\"context\">transitive</span> / to produce / to cultivate , <span class=\"context\">children ?</span> : to raise / to rear / to educate / to foster / to bring up ;\r\n<span class=\"locution\"><span class=\"eastsyriac\">! \u0710\u0732\u0720\u0735\u0717\u0735\u0710 \u0721\u0732\u0729\u0738\u0721 \u0720\u0732\u071d \u0725\u0738\u0721 \u0712\u0735\u0712\u0735\u0710 \u0718\u071d\u0738\u0721\u0735\u0710</span></span> : May God have them grow with their father and mother ;\r\n8) <span class=\"context\">a command</span> : to keep , to obey , to perform , to carry out / to comply with ;</td>", "cf": ["<span class=\"wordlink\"><a href=\"dosearch.php?searchkey=qm&amp;language=fullsyriac\"><span class=\"eastsyriac\">\u0729\u0721</span></a>, <a href=\"dosearch.php?searchkey=8395&amp;language=id\"><span class=\"eastsyriac\">\u0721\u0732\u0729\u0718\u073c\u0721\u0739\u0710</span></a>, <a href=\"dosearch.php?searchkey=33701&amp;language=id\"><span class=\"eastsyriac\">\u0721\u0729\u0732\u071d\u0721\u0735\u0710</span></a>, <a href=\"dosearch.php?searchkey=maqyumE%27&amp;language=fullsyriac\"><span class=\"eastsyriac\">\u0721\u0732\u0729\u071d\u0718\u073c\u0721\u0739\u0710</span></a></span>", "<span class=\"wordlink\"><a href=\"dosearch.php?searchkey=25019&amp;language=id\"><span class=\"eastsyriac\">\u0721\u0722\u0732\u071a\u0738\u0721</span></a>, <a href=\"dosearch.php?searchkey=7535&amp;language=id\"><span class=\"eastsyriac\">\u0721\u0732\u071a\u0718\u073c\u071d\u0739\u0710</span></a>, <a href=\"dosearch.php?searchkey=15952&amp;language=id\"><span class=\"eastsyriac\">\u072c\u0732\u072a\u0723\u0718\u073c\u071d\u0739\u0710</span></a>, <a href=\"dosearch.php?searchkey=33843&amp;language=id\"><span class=\"eastsyriac\">\u0721\u0732\u072c\u0729\u0738\u0722</span></a>, <a href=\"dosearch.php?searchkey=33842&amp;language=id\"><span class=\"eastsyriac\">\u0715\u0735\u0721\u0739\u0723</span></a>, <a href=\"dosearch.php?searchkey=15277&amp;language=id\"><span class=\"eastsyriac\">\u072b\u0732\u072c\u0710\u0718\u073c\u0723\u0739\u0710</span></a></span>"], "key": "26111", "west": "\u0721\u0730\u0729\u0736\u0721", "phonetic": "<td>' ma qim</td>", "east": "\u0721\u0732\u0729\u0738\u0721"},
{"searchkey": "26060", "audio": [], "context": ["causative of \u0729\u0735\u0718\u0739\u0710, often with \u0725\u0732\u0720", "opinion ...", "soldier", "official ...", "with \u0725\u0732\u0720", "to somebody"], "webrank": 20, "text": [" : ", " : 1) to establish , to affirm / to confirm , to bear out / to substantiate ", " / to validate , to strengthen , to fortify , to boost , to make more energetic , to make fast / to secure  , ", " : to harden (?) , to cause to be miserly , to cause to remain / to endure , ", " : to appoint ;\r\n2) ", " : to command strictly , to give strict orders ", " ;"], "english": "<td><span class=\"context\">causative of <a href=\"dosearch.php?searchkey=qAwE%27&amp;language=fullsyriac\"><span class=\"eastsyriac\">\u0729\u0735\u0718\u0739\u0710</span></a>, often with <a href=\"dosearch.php?searchkey=cal&amp;language=fullsyriac\"><span class=\"eastsyriac\">\u0725\u0732\u0720</span></a></span> : 1) to establish , to affirm / to confirm , to bear out / to substantiate <span class=\"context\">opinion ...</span> / to validate , to strengthen , to fortify , to boost , to make more energetic , to make fast / to secure  , <span class=\"context\">soldier</span> : to harden (?) , to cause to be miserly , to cause to remain / to endure , <span class=\"context\">official ...</span> : to appoint ;\r\n2) <span class=\"context\">with <a href=\"dosearch.php?searchkey=cal&amp;language=fullsyriac\"><span class=\"eastsyriac\">\u0725\u0732\u0720</span></a></span> : to command strictly , to give strict orders <span class=\"context\">to somebody</span> ;</td>", "cf": ["<span class=\"wordlink\"><a href=\"dosearch.php?searchkey=25629&amp;language=id\"><span class=\"eastsyriac\">\u0729\u0718\u0710</span></a>, <a href=\"dosearch.php?searchkey=12425&amp;language=id\"><span class=\"eastsyriac\">\u0729\u0738\u0718\u071d\u0735\u0710\u071d\u073c\u072c</span></a>, <a href=\"dosearch.php?searchkey=12424&amp;language=id\"><span class=\"eastsyriac\">\u0729\u0738\u0718\u071d\u0735\u0710</span></a>, <a href=\"dosearch.php?searchkey=12426&amp;language=id\"><span class=\"eastsyriac\">\u0729\u0738\u0718\u071d\u0718\u073c\u072c\u0735\u0710</span></a>, <a href=\"dosearch.php?searchkey=12423&amp;language=id\"><span class=\"eastsyriac\">\u0729\u0718\u0735\u071d\u0735\u0710</span></a>, <a href=\"dosearch.php?searchkey=12347&amp;language=id\"><span class=\"eastsyriac\">\u0729\u0718\u0735\u0710</span></a>, <a href=\"dosearch.php?searchkey=26059&amp;language=id\"><span class=\"eastsyriac\">\u0729\u0738\u0718\u071d\u0718\u073c\u072c\u0742\u0735\u0710 \u0715\u0726\u0732\u0710\u072c\u0742\u0735\u0710</span></a>, <a href=\"dosearch.php?searchkey=26058&amp;language=id\"><span class=\"eastsyriac\">\u0729\u0735\u0718\u0739\u0710</span></a>, <a href=\"dosearch.php?searchkey=12433&amp;language=id\"><span class=\"eastsyriac\">\u0729\u0718\u0735\u071d\u072c\u0735\u0710</span></a></span>"], "key": "26060", "west": "\u0721\u0730\u0729\u0718\u0736\u0710", "phonetic": "<td>' maq wi:</td>", "east": "\u0721\u0732\u0729\u0718\u0739\u0710"},
{"searchkey": "24369", "audio": [], "context": ["Maclean ; Classical Syriac", "violence ...", "NENA, Classical Syriac", "with \u0720\u071f\u0738\u0723 or \u0729\u0735\u0715\u0747\u0721", "a matter", "sometimes with"], "webrank": 10, "text": [" : 1) ", " : to anticipate , to expect (?) / to foresee (?) , to pre-empt (?) / to forestall (?) / to prevent (?) ", " ;\r\n2) ", " : to get up early in the morning ;\r\n3) to seek early ,to seek diligently ;\r\n4) to come before , to come forward ;\r\n5) ", " : a) to come into the presence of , to report to , b) to bring ", " into the presence of ;\r\n6) "], "english": "<td>1) <span class=\"context\">Maclean ; Classical Syriac</span> : to anticipate , to expect (?) / to foresee (?) , to pre-empt (?) / to forestall (?) / to prevent (?) <span class=\"context\">violence ...</span> ;\r\n2) <span class=\"context\">NENA, Classical Syriac</span> : to get up early in the morning ;\r\n3) to seek early ,to seek diligently ;\r\n4) to come before , to come forward ;\r\n5) <span class=\"context\">with <a href=\"dosearch.php?searchkey=lkes&amp;language=fullsyriac\"><span class=\"eastsyriac\">\u0720\u071f\u0738\u0723</span></a> or <a href=\"dosearch.php?searchkey=qAdMm&amp;language=fullsyriac\"><span class=\"eastsyriac\">\u0729\u0735\u0715\u0747\u0721</span></a></span> : a) to come into the presence of , to report to , b) to bring <span class=\"context\">a matter</span> into the presence of ;\r\n6) <span class=\"context\">sometimes with <span class=\"locution\"><span class=\"eastsyriac\">\u0720\u0710\u0718\u073c\u072a\u071a\u0735\u0710 \u0715</span></span></span> : a) to go to meet , to go early to meet ;\r\n7) <span class=\"context\">with direct object</span> : to go in front , to go before , to ride the point ;\r\n<span class=\"locution\"><span class=\"eastsyriac\">\u0721\u0729\u0735\u0715\u0738\u0721 \u0726\u0732\u0710\u072c\u0742\u0735\u0710 \u0715</span></span> : to disappoint , to let down / to fail ;\r\n<span class=\"locution\"><span class=\"eastsyriac\">\u0721\u0729\u0735\u0715\u0738\u0721 \u071d\u0735\u0720\u0735\u0710 \u0721\u0732\u072a\u0715\u0718\u073c\u072c\u0735\u0710</span></span> : to chasten a boy betimes / while it is still time / in due time / before it is too late ;\r\n8) <span class=\"context\">Lishani</span> : to lead , to be ahead , to guide / show the way , to be an early bird , <span class=\"context\">day</span> : to dawn ;\r\n9) <span class=\"context\">Yoab Benjamin</span> : to present , to introduce , to put forward / to submit ;</td>", "cf": ["<span class=\"wordlink\"><a href=\"dosearch.php?searchkey=21245&amp;language=id\"><span class=\"eastsyriac\">\u0729\u0715\u0721</span></a>, <a href=\"dosearch.php?searchkey=20230&amp;language=id\"><span class=\"eastsyriac\">\u0721\u0729\u0735\u0715\u0747\u0721</span></a>, <a href=\"dosearch.php?searchkey=8382&amp;language=id\"><span class=\"eastsyriac\">\u0721\u0729\u0732\u0715\u0747\u0721</span></a>, <a href=\"dosearch.php?searchkey=26067&amp;language=id\"><span class=\"eastsyriac\">\u0721\u0729\u0735\u0715\u0718\u073f\u0721\u0739\u0710</span></a>, <a href=\"dosearch.php?searchkey=12315&amp;language=id\"><span class=\"eastsyriac\">\u0729\u0732\u0715\u0747\u0721\u0735\u0710</span></a>, <a href=\"dosearch.php?searchkey=28591&amp;language=id\"><span class=\"eastsyriac\">\u0729\u0735\u0715\u0742\u0738\u0721</span></a></span>", "<span class=\"wordlink\"><a href=\"dosearch.php?searchkey=28584&amp;language=id\"><span class=\"eastsyriac\">\u0729\u0735\u0715\u0718\u073f\u0721\u0739\u0710</span></a></span>", "<span class=\"wordlink\"><a href=\"dosearch.php?searchkey=20502&amp;language=id\"><span class=\"eastsyriac\">\u0717\u0735\u0715\u0739\u0710</span></a>, <a href=\"dosearch.php?searchkey=17822&amp;language=id\"><span class=\"eastsyriac\">\u0725\u0720\u0720</span></a>, <a href=\"dosearch.php?searchkey=17328&amp;language=id\"><span class=\"eastsyriac\">\u0715\u0712\u072a</span></a></span>"], "key": "24369", "west": "\u0721\u0729\u0733\u0715\u0736\u0721", "phonetic": "<td>(m) ' qa: dim</td>", "east": "\u0721\u0729\u0735\u0715\u0738\u0721"},
{"searchkey": "12574", "audio": [], "context": [], "webrank": 60, "text": [" : a curator , a person appointed to manage the property of another not able to because of age or legal incompetence , a trustee ;"], "english": "<td>a curator , a person appointed to manage the property of another not able to because of age or legal incompetence , a trustee ;</td>", "cf": [], "key": "12574", "west": "\u0729\u073d\u0718\u072a\u0730\u071b\u073d\u0718\u072a", "phonetic": "<td>qo ' rat \u1e6dor</td>", "east": "\u0729\u0718\u073f\u072a\u0732\u071b\u0718\u073f\u072a"},
{"searchkey": "13647", "audio": [], "context": [], "webrank": 90, "text": [" : a president , a chairman , one (elected / appointed) who presides / controls the proceedings of others ;"], "english": "<td>a president , a chairman , one (elected / appointed) who presides / controls the proceedings of others ;</td>", "cf": ["<span class=\"wordlink\"><a href=\"dosearch.php?searchkey=13634&amp;language=id\"><span class=\"eastsyriac\">\u072a\u071d\u073c\u072b</span></a>, <a href=\"dosearch.php?searchkey=7432&amp;language=id\"><span class=\"eastsyriac\">\u0721\u0732\u0718\u072c\u0712\u0742\u0735\u0710</span></a></span>"], "key": "13647", "west": "\u072a\u073a\u071d\u072b \u0721\u0730\u0718\u072c\u0712\u0742\u0733\u0710", "phonetic": "<td>' ri:\u0161 ' me:t va</td>", "east": "\u072a\u071d\u073c\u072b \u0721\u0732\u0718\u072c\u0712\u0742\u0735\u0710"},
{"searchkey": "12433", "audio": [], "context": ["verbal noun of \u0729\u0735\u0718\u0739\u0710", "medicine", "soldier", "boat ...", "official"], "webrank": 50, "text": [" : ", " : hardening , stiffening / toughening , being more difficult , being more secure / securely fastened , induration (?) / sclerosis (?) ", " , ", " : hardening (?) , ", " : mooring (?) / securing (?) / fastening (?) ;\r\n2) ", " : appointment (?) / being appointed (?) ;\r\n3) a strict order (?) / command (?) , a ukase (?) ;"], "english": "<td><span class=\"context\">verbal noun of <a href=\"dosearch.php?searchkey=qAwE%27&amp;language=fullsyriac\"><span class=\"eastsyriac\">\u0729\u0735\u0718\u0739\u0710</span></a></span> : hardening , stiffening / toughening , being more difficult , being more secure / securely fastened , induration (?) / sclerosis (?) <span class=\"context\">medicine</span> , <span class=\"context\">soldier</span> : hardening (?) , <span class=\"context\">boat ...</span> : mooring (?) / securing (?) / fastening (?) ;\r\n2) <span class=\"context\">official</span> : appointment (?) / being appointed (?) ;\r\n3) a strict order (?) / command (?) , a ukase (?) ;</td>", "cf": ["<span class=\"wordlink\"><a href=\"dosearch.php?searchkey=25629&amp;language=id\"><span class=\"eastsyriac\">\u0729\u0718\u0710</span></a>, <a href=\"dosearch.php?searchkey=12425&amp;language=id\"><span class=\"eastsyriac\">\u0729\u0738\u0718\u071d\u0735\u0710\u071d\u073c\u072c</span></a>, <a href=\"dosearch.php?searchkey=12424&amp;language=id\"><span class=\"eastsyriac\">\u0729\u0738\u0718\u071d\u0735\u0710</span></a>, <a href=\"dosearch.php?searchkey=12426&amp;language=id\"><span class=\"eastsyriac\">\u0729\u0738\u0718\u071d\u0718\u073c\u072c\u0735\u0710</span></a>, <a href=\"dosearch.php?searchkey=12423&amp;language=id\"><span class=\"eastsyriac\">\u0729\u0718\u0735\u071d\u0735\u0710</span></a>, <a href=\"dosearch.php?searchkey=12347&amp;language=id\"><span class=\"eastsyriac\">\u0729\u0718\u0735\u0710</span></a>, <a href=\"dosearch.php?searchkey=26059&amp;language=id\"><span class=\"eastsyriac\">\u0729\u0738\u0718\u071d\u0718\u073c\u072c\u0742\u0735\u0710 \u0715\u0726\u0732\u0710\u072c\u0742\u0735\u0710</span></a>, <a href=\"dosearch.php?searchkey=26060&amp;language=id\"><span class=\"eastsyriac\">\u0721\u0732\u0729\u0718\u0739\u0710</span></a>, <a href=\"dosearch.php?searchkey=26058&amp;language=id\"><span class=\"eastsyriac\">\u0729\u0735\u0718\u0739\u0710</span></a></span>"], "key": "12433", "west": "\u0729\u0718\u0733\u071d\u072c\u0733\u0710", "phonetic": "<td>' qw\u00e9 ta:</td>", "east": "\u0729\u0718\u0735\u071d\u072c\u0735\u0710"},
{"searchkey": "13243", "audio": [], "context": ["Maclean, Oraham", "Oraham"], "webrank": 80, "text": [" : 1) ", " : a promise , a condition , a settlement , an agreement , a regulation , a rule , an order , a treaty , a stipulation ;\r\n2) ", " : constancy , regularity , stability , immutability , permanence"], "english": "<td>1) <span class=\"context\">Maclean, Oraham</span> : a promise , a condition , a settlement , an agreement , a regulation , a rule , an order , a treaty , a stipulation ;\r\n2) <span class=\"context\">Oraham</span> : constancy , regularity , stability , immutability , permanence ;\r\n<span class=\"locution\"><span class=\"eastsyriac\">\u0712\u0739\u0710 \u0729\u0735\u072a\u0735\u072a</span></span> : fickle , changing , fluctuating , waffling (?) ;\r\n<span class=\"context\">1 Chronicles : 9, 26</span> : <span class=\"locution\"><span class=\"eastsyriac\">\u0712\u0729\u0735\u072a\u072a</span></span> : in a set office , posted / in an appointed position ;\r\n<span class=\"locution\"><span class=\"eastsyriac\">\u0712\u0732\u072a \u0729\u0735\u072a\u0735\u072a</span></span> : unchanged ;\r\n<span class=\"locution\"><span class=\"eastsyriac\">\u0721\u0732\u072c\u0738\u0712\u0742 \u0729\u0735\u072a\u0735\u072a</span></span> : <span class=\"context\">official</span> : to appoint , to post , to designate , to set in office , <span class=\"context\">date ...</span> : to fix ;</td>", "cf": ["<span class=\"wordlink\"><a href=\"dosearch.php?searchkey=13091&amp;language=id\"><span class=\"eastsyriac\">\u0729\u0735\u072a\u0735\u0710\u072a</span></a>, <a href=\"dosearch.php?searchkey=1771&amp;language=id\"><span class=\"eastsyriac\">\u0712\u0732\u072a \u0729\u0735\u072a\u0735\u072a</span></a>, <a href=\"dosearch.php?searchkey=1772&amp;language=id\"><span class=\"eastsyriac\">\u0712\u0732\u072a\u0729\u0735\u072a\u0735\u072a\u0718\u073c\u072c\u0735\u0710</span></a></span>", "<span class=\"wordlink\"><a href=\"dosearch.php?searchkey=10763&amp;language=id\"><span class=\"eastsyriac\">\u0726\u0718\u073c\u0729\u0735\u0715\u0735\u0710</span></a>, <a href=\"dosearch.php?searchkey=2177&amp;language=id\"><span class=\"eastsyriac\">\u0713\u0719\u071d\u073c\u072a\u072c\u0735\u0710</span></a>, <a href=\"dosearch.php?searchkey=9903&amp;language=id\"><span class=\"eastsyriac\">\u0723\u0732\u0729\u072a\u0735\u0710</span></a>, <a href=\"dosearch.php?searchkey=10772&amp;language=id\"><span class=\"eastsyriac\">\u0726\u0718\u073c\u072a\u0713\u0735\u0720\u0735\u0710</span></a>, <a href=\"dosearch.php?searchkey=11128&amp;language=id\"><span class=\"eastsyriac\">\u0726\u0723\u071d\u073c\u0726\u071d\u073c\u0723\u0721\u0735\u0710</span></a>, <a href=\"dosearch.php?searchkey=11282&amp;language=id\"><span class=\"eastsyriac\">\u0726\u072a\u0718\u073f\u0723\u071b\u0732\u0713\u0721\u0735\u0710</span></a>, <a href=\"dosearch.php?searchkey=11372&amp;language=id\"><span class=\"eastsyriac\">\u0726\u032e\u0735\u072a\u0721\u0735\u0722</span></a>, <a href=\"dosearch.php?searchkey=5115&amp;language=id\"><span class=\"eastsyriac\">\u071b\u0732\u071f\u0742\u0723\u071d\u073c\u0723</span></a></span>"], "key": "13243", "west": "\u0729\u0733\u072a\u0733\u072a", "phonetic": "<td>' qa: rar</td>", "east": "\u0729\u0735\u072a\u0735\u072a"},
{"searchkey": "25888", "audio": [], "context": ["sometimes with \u0712 and object, and \u0721\u0738\u0722 or \u0725\u0732\u0720 for the person -second object-", "Classical Syriac : \u0721\u0726\u0735\u0729\u0738\u0715"], "webrank": 40, "text": [" : 1) ", " : to command , to order , to bid / to ask / to invite to , to instruct / to give instructions / to give an order , to summon , "], "english": "<td>1) <span class=\"context\">sometimes with <a href=\"dosearch.php?searchkey=b&amp;language=fullsyriac\"><span class=\"eastsyriac\">\u0712</span></a> and object, and <a href=\"dosearch.php?searchkey=men&amp;language=fullsyriac\"><span class=\"eastsyriac\">\u0721\u0738\u0722</span></a> or <a href=\"dosearch.php?searchkey=cal&amp;language=fullsyriac\"><span class=\"eastsyriac\">\u0725\u0732\u0720</span></a> for the person -second object-</span> : to command , to order , to bid / to ask / to invite to , to instruct / to give instructions / to give an order , to summon , <span class=\"context\">Classical Syriac : <a href=\"dosearch.php?searchkey=mpAqed&amp;language=fullsyriac\"><span class=\"eastsyriac\">\u0721\u0726\u0735\u0729\u0738\u0715</span></a></span> ;\r\n<span class=\"locution\"><span class=\"eastsyriac\">\u0721\u0726\u0732\u0729\u0738\u0715 \u0725\u0712\u0742\u0718\u073f\u072a</span></span> : do come in ! , come in please ! ;\r\n2) <span class=\"context\">on a mission / task</span> : to appoint ;\r\n3) <span class=\"context\">used by interpreters</span> : to say , <span class=\"context\">see <a href=\"dosearch.php?searchkey=paqed&amp;language=fullsyriac\"><span class=\"eastsyriac\">\u0726\u0732\u0729\u0738\u0715</span></a></span> : to vouch for ;\r\n<span class=\"locution\"><span class=\"eastsyriac\">\u0726\u0738\u0720\u0735\u0722 \u0721\u0726\u0729\u0718\u073f\u0715\u0739\u0710 \u071d\u0720\u0739\u0717</span></span> : \"So and so\" says ... ;\r\n4) <span class=\"context\">imperative : <span class=\"locution\"><span class=\"eastsyriac\">\u0742\u0726\u0729\u0718\u073c\u0715</span></span> ; used by a host or an inferior</span> : enter / come in !, sit down / be seated , oblige me ;\r\n5) a) to visit , to pay a visit , to go and see , b) to look at / to have a look / to get a load ;\r\n<span class=\"context\">Rh\u00e9tor\u00e9 ; <span class=\"locution\"><span class=\"eastsyriac\">\u0712\u0738\u0715 \u0726\u0735\u0729\u0715\u0738\u0722\u0735\u0718\u071f\u0718\u073c \u0728\u0732\u0726\u072a\u0735\u0710</span></span></span> : I will pay you a visit tomorrow , I will see you tomorrow ;\r\n6) to set in order / to plan ;\r\n7) <span class=\"context\">1 Samuel : 20, 18</span> : to miss / to be missing / to fail to be present ;\r\n8) to send <span class=\"context\">someone</span> with a message to <span class=\"context\">\u0720\u071f\u0738\u0723</span> , to send a message to ;</td>", "cf": ["<span class=\"wordlink\"><a href=\"dosearch.php?searchkey=18597&amp;language=id\"><span class=\"eastsyriac\">\u0726\u0729\u0715</span></a>, <a href=\"dosearch.php?searchkey=18597&amp;language=id\"><span class=\"eastsyriac\">\u0726\u0729\u0715</span></a>, <a href=\"dosearch.php?searchkey=11195&amp;language=id\"><span class=\"eastsyriac\">\u0726\u0735\u0729\u0732\u0715\u072c\u0735\u0710</span></a>, <a href=\"dosearch.php?searchkey=11196&amp;language=id\"><span class=\"eastsyriac\">\u0726\u0729\u0718\u073f\u0715\u0735\u0710</span></a>, <a href=\"dosearch.php?searchkey=11197&amp;language=id\"><span class=\"eastsyriac\">\u0726\u0735\u0729\u0718\u073f\u0715\u0735\u0710</span></a>, <a href=\"dosearch.php?searchkey=&amp;language=fullsyriac\"><span class=\"eastsyriac\"></span></a>, <a href=\"dosearch.php?searchkey=11198&amp;language=id\"><span class=\"eastsyriac\">\u0726\u0735\u0729\u0718\u073f\u0715\u0739\u0710</span></a>, <a href=\"dosearch.php?searchkey=11199&amp;language=id\"><span class=\"eastsyriac\">\u0726\u0735\u0729\u0718\u073f\u0715\u0735\u0710\u071d\u073c\u072c</span></a>, <a href=\"dosearch.php?searchkey=11200&amp;language=id\"><span class=\"eastsyriac\">\u0726\u0735\u0729\u0718\u073f\u0715\u0718\u073c\u072c\u0735\u0710</span></a>, <a href=\"dosearch.php?searchkey=11201&amp;language=id\"><span class=\"eastsyriac\">\u0726\u0729\u0718\u073f\u0715\u071d\u0735\u0710</span></a>, <a href=\"dosearch.php?searchkey=11202&amp;language=id\"><span class=\"eastsyriac\">\u0726\u0735\u0729\u0718\u073f\u0715\u072c\u0735\u0710</span></a>, <a href=\"dosearch.php?searchkey=11193&amp;language=id\"><span class=\"eastsyriac\">\u0726\u0732\u0729\u0715\u0735\u0710</span></a>, <a href=\"dosearch.php?searchkey=10764&amp;language=id\"><span class=\"eastsyriac\">\u0726\u0718\u073c\u0729\u0715\u0735\u0722\u0735\u0710</span></a>, <a href=\"dosearch.php?searchkey=10763&amp;language=id\"><span class=\"eastsyriac\">\u0726\u0718\u073c\u0729\u0735\u0715\u0735\u0710</span></a>, <a href=\"dosearch.php?searchkey=18656&amp;language=id\"><span class=\"eastsyriac\">\u0721\u0726\u0732\u0729\u0715\u0735\u0722\u0718\u073c\u072c\u0735\u0710</span></a>, <a href=\"dosearch.php?searchkey=25889&amp;language=id\"><span class=\"eastsyriac\">\u0721\u0726\u0735\u0729\u0738\u0715</span></a>, <a href=\"dosearch.php?searchkey=11194&amp;language=id\"><span class=\"eastsyriac\">\u0726\u0729\u0735\u0715\u0735\u0710</span></a>, <a href=\"dosearch.php?searchkey=28227&amp;language=id\"><span class=\"eastsyriac\">\u0726\u0735\u0729\u0715\u0735\u0722\u0735\u0710</span></a>, <a href=\"dosearch.php?searchkey=33905&amp;language=id\"><span class=\"eastsyriac\">\u0726\u0732\u0729\u0738\u0715</span></a></span>"], "key": "25888", "west": "\u0726\u0733\u0729\u0736\u0715\u0742", "phonetic": "<td>' pa: qidh</td>", "east": "\u0726\u0735\u0729\u0738\u0715\u0742"},
{"searchkey": "14161", "audio": [], "context": ["Urmiah", "only"], "webrank": 100, "text": [" : 1) a consul (an official commissioned to reside in some foreign country to care for the commercial interests of the citizens of the appointing government) ;\r\n2) ", " : the Ottoman Turkish consul ", " ;"], "english": "<td>1) a consul (an official commissioned to reside in some foreign country to care for the commercial interests of the citizens of the appointing government) ;\r\n2) <span class=\"context\">Urmiah</span> : the Ottoman Turkish consul <span class=\"context\">only</span> ;</td>", "cf": ["<span class=\"wordlink\"><a href=\"dosearch.php?searchkey=29404&amp;language=id\"><span class=\"eastsyriac\">\u072b\u0735\u0717</span></a></span>", "<span class=\"wordlink\"><a href=\"dosearch.php?searchkey=3382&amp;language=id\"><span class=\"eastsyriac\">\u0717\u0718\u073f\u0726\u0735\u071b\u0735\u0710</span></a>, <a href=\"dosearch.php?searchkey=237&amp;language=id\"><span class=\"eastsyriac\">\u0710\u0718\u073f\u0726\u0735\u071b\u0735\u0710</span></a>, <a href=\"dosearch.php?searchkey=237&amp;language=id\"><span class=\"eastsyriac\">\u0710\u0718\u073f\u0726\u0735\u071b\u0735\u0710</span></a>, <a href=\"dosearch.php?searchkey=12516&amp;language=id\"><span class=\"eastsyriac\">\u0729\u0718\u073c\u0722\u0728\u0718\u073c\u0720</span></a></span>"], "key": "14161", "west": "\u072b\u0733\u0717\u0712\u0730\u0722\u0715\u0733\u072a", "phonetic": "<td>\u0161a:h ' ban da:r</td>", "east": "\u072b\u0735\u0717\u0712\u0732\u0722\u0715\u0735\u072a"},
{"searchkey": "10638", "audio": [], "context": ["Rh\u00e9tor\u00e9"], "webrank": 30, "text": [" : 1) meeting / the act of coming together , falling in with / coming across -someone- ;\r\n2) a meeting , a concourse , a crowd , a throng , a confluence (of people ...) ;\r\n3) an interview , a meeting / an appointment (?) / a rendez-vous (?) / an engagement (?) ;\r\n"], "english": "<td>1) meeting / the act of coming together , falling in with / coming across -someone- ;\r\n2) a meeting , a concourse , a crowd , a throng , a confluence (of people ...) ;\r\n3) an interview , a meeting / an appointment (?) / a rendez-vous (?) / an engagement (?) ;\r\n<span class=\"context\">Rh\u00e9tor\u00e9 ; <span class=\"locution\"><span class=\"eastsyriac\">\u0718\u0713\u071d\u073c\u0715\u0735\u0710 \u0720\u0739\u0717 \u0726\u0738\u0713\u0725\u0735\u0710 \u0718\u0726\u0720\u071d\u073c\u071b \u0720\u0739\u0717 \u0718\u072b\u0732\u0721\u0732\u072b\u0735\u0710 \u0712\u0732\u072c\u0742\u072a\u0739\u0717</span></span></span> : and he interrupted / cut (the interview) short and went out with the master behind him / and he thus stopped (the interview) and went out followed by the teacher ;</td>", "cf": ["<span class=\"wordlink\"><a href=\"dosearch.php?searchkey=pgLc&amp;language=fullsyriac\"><span class=\"eastsyriac\">\u0726\u0713\u0742\u0725</span></a>, <a href=\"dosearch.php?searchkey=18119&amp;language=id\"><span class=\"eastsyriac\">\u0726\u0738\u0713\u0742\u0725\u0735\u0710</span></a></span>", "<span class=\"wordlink\"><a href=\"dosearch.php?searchkey=26061&amp;language=id\"><span class=\"eastsyriac\">\u0721\u0729\u0735\u0712\u0738\u0720</span></a>, <a href=\"dosearch.php?searchkey=15824&amp;language=id\"><span class=\"eastsyriac\">\u072c\u0726\u0735\u0729\u072c\u0735\u0710</span></a>, <a href=\"dosearch.php?searchkey=6202&amp;language=id\"><span class=\"eastsyriac\">\u071f\u0722\u0718\u073c\u072b\u071d\u0735\u0710</span></a></span>"], "key": "10638", "west": "\u0726\u0736\u0713\u0725\u0733\u0710", "phonetic": "<td>' pig a:</td>", "east": "\u0726\u0738\u0713\u0725\u0735\u0710"},
{"searchkey": "21733", "audio": [], "context": ["geometry", "of a book", "plural, Canticles : 1, 10"], "webrank": 20, "text": [" : 1) the face / a face ;\r\n2) the front / the forehead ;\r\n3) a surface , ", " : a dimension ;\r\n4) a page ", " ;\r\n5) ", " :"], "english": "<td>1) the face / a face ;\r\n2) the front / the forehead ;\r\n3) a surface , <span class=\"context\">geometry</span> : a dimension ;\r\n4) a page <span class=\"context\">of a book</span> ;\r\n5) <span class=\"context\">plural, Canticles : 1, 10</span> : <span class=\"locution\"><span class=\"eastsyriac\">\u0726\u0732\u0741\u0710\u072c\u0308\u0742\u0718\u0735\u072c\u0742\u0735\u0710</span></span> : cheeks ;\r\n<span class=\"locution\"><span class=\"eastsyriac\">\u0726\u0732\u0710\u072c\u0742\u0718\u073c\u071f\u0742 \u0715\u071d\u0732\u0721\u071d\u073c\u0722\u0735\u0710</span></span> : the right side of your face , your right cheek ;\r\n6) presence ;\r\n7) <span class=\"context\">metaphor</span> : the outward appearance , the look , a figure (?) / a silhouette (?) ;\r\n8) a pretence ;\r\n<span class=\"context\">Urmiah, NENA</span> : <span class=\"locution\"><span class=\"eastsyriac\">\u0721\u0735\u072a\u0739\u0710 \u072c\u072a\u0739\u071d \u0726\u0732\u0710\u072c\u0718\u0735\u072c\u0308\u0739\u0710</span></span> : hypocritical , double-faced ;\r\n<span class=\"locution\"><span class=\"eastsyriac\">\u0726\u0732\u0710\u072c\u0732\u0710 \u0729\u0735\u0715\u0747\u0721 \u0726\u0732\u0710\u072c\u0732\u0710</span></span> / <span class=\"locution\"><span class=\"eastsyriac\">\u0726\u0732\u0710\u072c\u0732\u0710 \u0720\u0726\u0732\u0710\u072c\u0732\u0710</span></span> : face to face ;\r\n<span class=\"locution\"><span class=\"eastsyriac\">\u0729\u0735\u0715\u0747\u0721 \u0726\u0732\u0710\u072c\u0732\u0710 \u0715</span></span> : in front of ;\r\n<span class=\"locution\"><span class=\"eastsyriac\">\u0729\u0735\u0710\u0738\u0721 \u0713\u0735\u0718 \u0726\u0732\u0710\u072c\u0732\u0710 \u0715</span></span> : to oppose , to stand up against ;\r\n<span class=\"locution\"><span class=\"eastsyriac\">\u0726\u0732\u0710\u072c\u0732\u0710 \u0715\u071a\u0732\u0720\u0712\u0742\u0735\u0710</span></span> : milk-cream ;\r\n<span class=\"locution\"><span class=\"eastsyriac\">\u0715\u0735\u072a\u0739\u0710 \u0720\u0726\u0732\u0710\u072c\u0732\u0710 \u0715</span></span> : to importune , to bother , to annoy , to harass , to hound (?) , to solicit (?) ;\r\n<span class=\"context\">Tkhuma</span> : <span class=\"locution\"><span class=\"eastsyriac\">\u071a\u0732\u0712\u0718\u073c\u072b\u0735\u0710 \u0715\u0726\u0732\u0710\u072c\u0732\u0710</span></span> : a cheek ;\r\n<span class=\"locution\"><span class=\"eastsyriac\">\u071a\u0735\u0719\u0739\u0710 \u0726\u0732\u0710\u072c\u0732\u0710 \u0715</span></span> : to have respect of persons towards , to be biased for / have a bias in favour of , to be partial in favour of ; \r\n<span class=\"locution\"><span class=\"eastsyriac\">\u071a\u0719\u0735\u071d\u072c\u0735\u0710 \u0715\u0726\u0732\u0710\u072c\u0732\u0710</span></span> : partiality , favoritism , prejudice in favour , an inclination to favor ;\r\n<span class=\"locution\"><span class=\"eastsyriac\">\u071d\u0735\u0717\u0747\u0712\u0738\u0720 \u0726\u0732\u0710\u072c\u0732\u0710 \u0729\u0735\u0710</span></span> : to countenance , to support , to favour / favor , to uphold , to back ;\r\n<span class=\"locution\"><span class=\"eastsyriac\">\u071f\u0735\u072c\u0738\u0712 \u0721\u0738\u0722 \u0726\u0732\u0710\u072c\u0732\u0710 \u0715</span></span> / <span class=\"locution\"><span class=\"eastsyriac\">\u072b\u0735\u0729\u0738\u0720 \u0721\u0738\u0722 \u0726\u0732\u0710\u072c\u0732\u0710 \u0715</span></span> : to copy (from a book ...) ;\r\n<span class=\"locution\"><span class=\"eastsyriac\">\u072b\u0735\u0729\u0738\u0720 \u0726\u0732\u0710\u072c\u0732\u0710</span></span> : to be a hypocrite , to be a respecter of persons , to be partial , <span class=\"context\">NENA: noun</span> : a hypocrite ;\r\n<span class=\"context\">Al Qosh</span> : <span class=\"locution\"><span class=\"eastsyriac\">\u072b\u0729\u0735\u0720\u072c\u0735\u0710 \u0712\u0726\u0732\u0710\u072c\u0732\u0710</span></span> : hypocrisy ;\r\n<span class=\"locution\"><span class=\"eastsyriac\">\u0721\u0729\u0735\u0712\u0738\u0720 \u0726\u0732\u0710\u072c\u0732\u0710 \u0715</span></span> : to respect the person of , to exercise favoritism towards , to receive a person graciously , to pay regard to a thing ;\r\n<span class=\"locution\"><span class=\"eastsyriac\">\u0721\u0732\u0729\u0718\u0739\u0710 \u0726\u0732\u0710\u072c\u0732\u0710 \u0715</span></span> : to importune , to bother , to harass (?) , to molest (?) , to solicit (?) ;\r\n<span class=\"locution\"><span class=\"eastsyriac\">\u0729\u0739\u0718\u071d\u0718\u073c\u072c\u0742\u0735\u0710 \u0715\u0726\u0732\u0710\u072c\u0732\u0710</span></span> : importunity ;\r\n<span class=\"locution\"><span class=\"eastsyriac\">\u0721\u0729\u0735\u0715\u0738\u0721 \u0715</span></span> : to disappoint , to let down , to frustrate , to fail ;\r\n<span class=\"locution\"><span class=\"eastsyriac\">\u0721\u0732\u0715\u0738\u072a \u0726\u0732\u0710\u072c\u0732\u0710 \u0715</span></span> : to say nay to ;\r\n<span class=\"locution\"><span class=\"eastsyriac\">\u0721\u071f\u0330\u0732\u072a\u071f\u0330\u0738\u072a \u0713\u0735\u0718 \u0726\u0732\u0710\u072c\u0732\u0710 \u0715</span></span> : to insult ;\r\n<span class=\"locution\"><span class=\"eastsyriac\">\u0721\u0732\u071f\u0738\u0721 \u0726\u0732\u0710\u072c\u0732\u0710 \u0715</span></span> : to put to shame, to convict ;\r\n<span class=\"locution\"><span class=\"eastsyriac\">\u0721\u0308\u071d\u073c\u0735\u0710 \u0715\u0726\u0732\u0710\u072c\u0732\u0710</span></span> : modesty ;\r\n<span class=\"locution\"><span class=\"eastsyriac\">\u0721\u0718\u073c\u072a\u0721\u0735\u0710 \u0715\u0726\u0732\u0710\u072c\u0732\u0710</span></span> : held in high esteem , highly regarded ;\r\n<span class=\"locution\"><span class=\"eastsyriac\">\u0721\u0735\u071a\u0739\u0710 \u0726\u0732\u0710\u072c\u0732\u0710 \u0715</span></span> : to intercede for , to intervene for , to mediate for ;\r\n<span class=\"locution\"><span class=\"eastsyriac\">\u0721\u0735\u071a\u0739\u0710 \u0720\u0726\u0732\u0710\u072c\u0732\u0710 \u0715</span></span> : to recriminate , to throw in one's face ;\r\n<span class=\"context\">Numbers : 19, 16</span> : <span class=\"locution\"><span class=\"eastsyriac\">\u0725\u0732\u0720 \u0726\u0732\u0710\u072c\u0732\u0710 \u0715\u0715\u0738\u072b\u072c\u0735\u0710</span></span> : in the open field ;\r\n<span class=\"locution\"><span class=\"eastsyriac\">\u0726\u0732\u0710\u072c\u0742\u0718\u073c\u0717\u071d \u0726\u072b\u071d\u073c\u0721 \u0720\u0735\u0717\u0741</span></span> : his face fell ;\r\n<span class=\"locution\"><span class=\"eastsyriac\">\u0721\u0732\u072c\u0738\u0712 \u0726\u0732\u0710\u072c\u0739\u0717</span></span> : to determine , to resolve , to set one's mind to ;\r\n<span class=\"locution\"><span class=\"eastsyriac\">\u0721\u0732\u072c\u0738\u0712 \u0726\u0732\u0710\u072c\u0739\u0717 \u0712</span></span> / <span class=\"locution\"><span class=\"eastsyriac\">\u0721\u0732\u072c\u0739\u0712 \u0726\u0732\u0710\u072c\u0739\u0717 \u0725\u0732\u0720</span></span> : to set one's face against (a person) ;\r\n<span class=\"context\">2 Kings : 14, 8</span> : <span class=\"locution\"><span class=\"eastsyriac\">\u071a\u0735\u0719\u0735\u071a \u0720\u0725\u0718\u073c\u0715\u0735\u0720\u0739\u0710 \u0712\u0726\u0732\u0710\u072c\u0742\u0718\u0735\u072c\u0739\u0710</span></span> : let us look one another in the face ;\r\n<span class=\"context\">Salamas</span> : <span class=\"locution\"><span class=\"eastsyriac\">\u0726\u0732\u0710\u072c \u0721\u0308\u071d\u073c\u0735\u0710</span></span> : the surface of the water ;\r\n<span class=\"locution\"><span class=\"eastsyriac\">\u0729\u0735\u0715\u0747\u0721 \u0726\u0732\u0710\u072c\u0742\u0735\u0710 \u0715\u0726\u0735\u0718\u071a\u0735\u0710</span></span> : to windward ; \r\n</td>", "cf": ["<span class=\"wordlink\"><a href=\"dosearch.php?searchkey=11561&amp;language=id\"><span class=\"eastsyriac\">\u0726\u0735\u072c\u0735\u071d\u0735\u0710</span></a>, <a href=\"dosearch.php?searchkey=21733&amp;language=id\"><span class=\"eastsyriac\">\u0726\u0732\u0710\u072c\u0742\u0735\u0710</span></a>, <a href=\"dosearch.php?searchkey=21732&amp;language=id\"><span class=\"eastsyriac\">\u071a\u0718\u0735\u072a\u0726\u0732\u0710\u072c\u0742\u0735\u0710</span></a>, <a href=\"dosearch.php?searchkey=11545&amp;language=id\"><span class=\"eastsyriac\">\u0726\u0735\u072c\u0735\u0710</span></a>, <a href=\"dosearch.php?searchkey=17276&amp;language=id\"><span class=\"eastsyriac\">\u0726\u0732\u0710\u072c\u0742\u0735\u0710</span></a>, <a href=\"dosearch.php?searchkey=17277&amp;language=id\"><span class=\"eastsyriac\">\u0726\u0732\u0710\u072c\u0735\u0722\u0735\u0710</span></a>, <a href=\"dosearch.php?searchkey=17278&amp;language=id\"><span class=\"eastsyriac\">\u0726\u0732\u0710\u072c\u0735\u0722\u072c\u0735\u0710</span></a>, <a href=\"dosearch.php?searchkey=4303&amp;language=id\"><span class=\"eastsyriac\">\u071a\u0732\u0719\u071d\u0735\u0722\u0735\u0710 \u0715\u0726\u0735\u072c\u0735\u0710</span></a>, <a href=\"dosearch.php?searchkey=21734&amp;language=id\"><span class=\"eastsyriac\">\u0726\u0732\u0710\u072c\u0718\u0735\u0308\u072c\u0742\u0739\u0710</span></a>, <a href=\"dosearch.php?searchkey=25102&amp;language=id\"><span class=\"eastsyriac\">\u0721\u0308\u071d\u073c\u0735\u0710 \u0715\u0726\u0732\u0710\u072c\u0742\u0735\u0710</span></a>, <a href=\"dosearch.php?searchkey=26259&amp;language=id\"><span class=\"eastsyriac\">\u0726\u0732\u0710\u072c\u0742\u0735\u0722\u0718\u073c\u072c\u0735\u0710</span></a>, <a href=\"dosearch.php?searchkey=29224&amp;language=id\"><span class=\"eastsyriac\">\u0729\u0718\u073c\u071d\u0718\u073c\u072c\u0742 \u0726\u0732\u0710\u072c\u0742\u0735\u0710</span></a>, <a href=\"dosearch.php?searchkey=30269&amp;language=id\"><span class=\"eastsyriac\">\u071f\u0718\u073f\u0721 \u0726\u0735\u0710\u072c\u0742\u0735\u0710</span></a>, <a href=\"dosearch.php?searchkey=30363&amp;language=id\"><span class=\"eastsyriac\">\u0726\u0735\u072c\u0742\u0308\u0718\u0735\u072c\u0742\u0735\u0710</span></a>, <a href=\"dosearch.php?searchkey=31367&amp;language=id\"><span class=\"eastsyriac\">\u0721\u0735\u072a \u0726\u0735\u0710\u072c\u0742\u0735\u0710</span></a>, <a href=\"dosearch.php?searchkey=31386&amp;language=id\"><span class=\"eastsyriac\">\u071a\u0718\u0735\u072a \u0726\u0735\u0710\u072c\u0742\u0735\u0710</span></a>, <a href=\"dosearch.php?searchkey=31566&amp;language=id\"><span class=\"eastsyriac\">\u0726\u0735\u072c\u0742\u0718\u0726\u0735\u072c\u0742</span></a></span>", "<span class=\"wordlink\"><a href=\"dosearch.php?searchkey=27914&amp;language=id\"><span class=\"eastsyriac\">\u0726\u0735\u0717\u0735\u0710</span></a></span>", "<span class=\"wordlink\"><a href=\"dosearch.php?searchkey=11545&amp;language=id\"><span class=\"eastsyriac\">\u0726\u0735\u072c\u0735\u0710</span></a></span>", "<span class=\"wordlink\"><a href=\"dosearch.php?searchkey=1367&amp;language=id\"><span class=\"eastsyriac\">\u0712\u0735\u0720\u0735\u0710</span></a>, <a href=\"dosearch.php?searchkey=10751&amp;language=id\"><span class=\"eastsyriac\">\u0726\u0718\u073f\u0723\u071d\u0718\u073f\u0713\u0722\u0718\u073f\u0721\u071d\u073c\u0735\u0710</span></a>, <a href=\"dosearch.php?searchkey=12095&amp;language=id\"><span class=\"eastsyriac\">\u0728\u0738\u0726\u0732\u072c</span></a>, <a href=\"dosearch.php?searchkey=7001&amp;language=id\"><span class=\"eastsyriac\">\u0721\u0732\u0712\u071d\u0732\u0722\u072c\u0735\u0710</span></a>, <a href=\"dosearch.php?searchkey=12355&amp;language=id\"><span class=\"eastsyriac\">\u0729\u0718\u073c\u0712\u0720</span></a>, <a href=\"dosearch.php?searchkey=12356&amp;language=id\"><span class=\"eastsyriac\">\u0729\u0718\u073c\u0712\u0720\u0735\u0710</span></a>, <a href=\"dosearch.php?searchkey=11434&amp;language=id\"><span class=\"eastsyriac\">\u0726\u0732\u072a\u0728\u0718\u073c\u0726\u0735\u0710</span></a>, <a href=\"dosearch.php?searchkey=11993&amp;language=id\"><span class=\"eastsyriac\">\u0728\u0732\u0720\u0721\u0735\u0710</span></a>, <a href=\"dosearch.php?searchkey=21735&amp;language=id\"><span class=\"eastsyriac\">\u0721\u0726\u0732\u072a\u0726\u0738\u0720</span></a></span>"], "key": "21733", "west": "\u0726\u0730\u0710\u072c\u0742\u0733\u0710", "phonetic": "<td>'pa:tha:</td>", "east": "\u0726\u0732\u0710\u072c\u0742\u0735\u0710"},
{"searchkey": "9674", "audio": [], "context": ["Vernacular Sureth"], "webrank": 10, "text": [" : ", " : 1) a committee , a body of persons elected or appointed to investigate or report concerning some matter"], "english": "<td><span class=\"context\">Vernacular Sureth</span> : 1) a committee , a body of persons elected or appointed to investigate or report concerning some matter ;\r\n<span class=\"locution\"><span class=\"eastsyriac\">\u0723\u071d\u073c\u0725\u072c\u0735\u0710 \u0715\u0721\u0738\u0723\u072c\u0735\u0718\u0715\u0735\u0722\u0718\u073c\u072c\u0735\u0710</span></span> : a negotiation committee ;\r\n<span class=\"context\">Classical Syriac</span> : 2) a company , a band , a troop , a body of soldiers / a platoon (?) / a company (?) ;\r\n3) <span class=\"locution\"><span class=\"eastsyriac\">\u0712\u0722\u0732\u071d \u0723\u071d\u073c\u0725\u072c\u0735\u0710</span></span> : a train / a caravan , a retinue , an equipage / a cortege / a procession / a file ;\r\n4) a sect ;\r\n5) a funeral ;\r\n6) a text sung by a choir ;</td>", "cf": ["<span class=\"wordlink\"><a href=\"dosearch.php?searchkey=syc&amp;language=fullsyriac\"><span class=\"eastsyriac\">\u0723\u071d\u0725</span></a></span>"], "key": "9674", "west": "\u0723\u073a\u071d\u0725\u072c\u0733\u0710", "phonetic": "<td>si ' i ta:</td>", "east": "\u0723\u071d\u073c\u0725\u072c\u0735\u0710"}
]