[
{"searchkey": "9785", "audio": [], "context": ["see \u0723\u0722\u0718\u073c\u0722\u071d\u073c\u072c\u0742\u0735\u0710 ;\r\n", "Rh\u00e9tor\u00e9 (NENA / Al Qosh)", " :"], "webrank": 10, "text": [" : 1) a swallow (bird) , "], "english": "<td>1) a swallow (bird) , <span class=\"context\">see <a href=\"dosearch.php?searchkey=snunitLA%27&amp;language=fullsyriac\"><span class=\"eastsyriac\">\u0723\u0722\u0718\u073c\u0722\u071d\u073c\u072c\u0742\u0735\u0710</span></a> ;\r\n<span class=\"context\">Rh\u00e9tor\u00e9 (NENA / Al Qosh)</span> : <span class=\"locution\"><span class=\"eastsyriac\">\u0723\u0722\u0308\u0718\u073f\u0722\u071d\u0735\u072c\u0742\u0735\u0710 \u071f\u0726\u0735\u072a\u071a\u071d\u073c \u0717\u0718\u0735\u0718 \u0712\u0710\u0732\u0720\u0726\u0735\u071d\u0308\u0739\u0710</span></span> : the swallows were flying by the thousands / in thousands ;\r\n2) <span class=\"field\">architecture</span> : an arch / a camber , a hollow / a depressed place , a breaking down / a batter ;</span></td>", "cf": ["<span class=\"wordlink\"><a href=\"dosearch.php?searchkey=27242&amp;language=id\"><span class=\"eastsyriac\">\u0723\u0718\u073c\u0722\u0718\u073c\u0722\u071d\u073c\u072c\u0735\u0710</span></a></span>"], "key": "9785", "west": "\u0723\u0722\u073d\u0718\u0722\u073a\u071d\u072c\u0733\u0710", "phonetic": "<td>snu: ' ni: ta:</td>", "east": "\u0723\u0722\u0718\u073c\u0722\u071d\u073c\u072c\u0735\u0710"},
{"searchkey": "16525", "audio": [], "context": [], "webrank": 7, "text": [" : an architect ;"], "english": "<td>an architect ;</td>", "cf": ["<span class=\"wordlink\"><a href=\"dosearch.php?searchkey=banAyA%27&amp;language=fullsyriac\"><span class=\"eastsyriac\">\u0712\u0732\u0722\u0735\u071d\u0735\u0710</span></a></span>", "<span class=\"wordlink\"><a href=\"dosearch.php?searchkey=25755&amp;language=id\"><span class=\"eastsyriac\">\u0721\u0738\u0725\u0721\u0735\u072a</span></a>, <a href=\"dosearch.php?searchkey=16524&amp;language=id\"><span class=\"eastsyriac\">\u0710\u0732\u072a\u0715\u0732\u071f\u0742\u0720\u0735\u0710</span></a>, <a href=\"dosearch.php?searchkey=13650&amp;language=id\"><span class=\"eastsyriac\">\u072a\u071d\u073c\u072b \u0722\u0732\u0713\u0735\u072a\u0739\u0308\u0710</span></a></span>"], "key": "16525", "west": "\u0721\u0730\u071a\u0733\u072a\u0733\u0710 \u0715\u0712\u0730\u0722\u0733\u071d\u073d\u0718\u072c\u0733\u0710", "phonetic": "<td>ma ' \u1e25a: ra:d ba na: ' iu: ta:</td>", "east": "\u0721\u0732\u071a\u0735\u072a\u0735\u0710 \u0715\u0712\u0732\u0722\u0735\u071d\u0718\u073c\u072c\u0735\u0710"},
{"searchkey": "25755", "audio": [], "context": [], "webrank": 8, "text": [" : a master builder , an architect ;"], "english": "<td>a master builder , an architect ;</td>", "cf": ["<span class=\"wordlink\"><a href=\"dosearch.php?searchkey=25756&amp;language=id\"><span class=\"eastsyriac\">\u0721\u0738\u0725\u0721\u0735\u072a\u0718\u073c\u072c\u0735\u0710</span></a></span>", "<span class=\"wordlink\"><a href=\"dosearch.php?searchkey=16525&amp;language=id\"><span class=\"eastsyriac\">\u0721\u0732\u071a\u0735\u072a\u0735\u0710 \u0715\u0712\u0732\u0722\u0735\u071d\u0718\u073c\u072c\u0735\u0710</span></a>, <a href=\"dosearch.php?searchkey=18444&amp;language=id\"><span class=\"eastsyriac\">\u0712\u0732\u0722\u0735\u071d\u0735\u0710</span></a></span>"], "key": "25755", "west": "\u0721\u0736\u0725\u0721\u0733\u072a", "phonetic": "<td>' mi: ma:r</td>", "east": "\u0721\u0738\u0725\u0721\u0735\u072a"},
{"searchkey": "16527", "audio": [], "context": [], "webrank": 4, "text": [" : architectural ;"], "english": "<td>architectural ;</td>", "cf": ["<span class=\"wordlink\"><a href=\"dosearch.php?searchkey=16528&amp;language=id\"><span class=\"eastsyriac\">\u0710\u072a\u0715\u0732\u071f\u0742\u0720\u0718\u073c\u072c\u0735\u0710</span></a>, <a href=\"dosearch.php?searchkey=16524&amp;language=id\"><span class=\"eastsyriac\">\u0710\u0732\u072a\u0715\u0732\u071f\u0742\u0720\u0735\u0710</span></a></span>", "<span class=\"wordlink\"><a href=\"dosearch.php?searchkey=16530&amp;language=id\"><span class=\"eastsyriac\">\u0715\u0721\u0732\u071a\u0735\u072a\u0718\u073c\u072c\u0735\u0710 \u0715\u0712\u0732\u0722\u0735\u0710</span></a></span>", "<span class=\"wordlink\"><a href=\"dosearch.php?searchkey=16530&amp;language=id\"><span class=\"eastsyriac\">\u0715\u0721\u0732\u071a\u0735\u072a\u0718\u073c\u072c\u0735\u0710 \u0715\u0712\u0732\u0722\u0735\u0710</span></a></span>"], "key": "16527", "west": "\u0710\u0730\u072a\u0715\u0730\u071f\u0742\u0720\u0733\u0722\u0733\u071d\u0733\u0710", "phonetic": "<td>ar da\u1e25 la ' na ia</td>", "east": "\u0710\u0732\u072a\u0715\u0732\u071f\u0742\u0720\u0735\u0722\u0735\u071d\u0735\u0710"},
{"searchkey": "5858", "audio": [], "context": [], "webrank": 6, "text": [" : a curvature , a curving , a bending (line or surface) , a bend , a curve , a bow , an arch -architecture- (?) ;"], "english": "<td>a curvature , a curving , a bending (line or surface) , a bend , a curve , a bow , an arch -architecture- (?) ;</td>", "cf": ["<span class=\"wordlink\"><a href=\"dosearch.php?searchkey=6491&amp;language=id\"><span class=\"eastsyriac\">\u071f\u0732\u072b\u071b\u0735\u0710</span></a></span>", "<span class=\"wordlink\"><a href=\"dosearch.php?searchkey=12694&amp;language=id\"><span class=\"eastsyriac\">\u0729\u0732\u071b\u072a\u0735\u0710</span></a>, <a href=\"dosearch.php?searchkey=2073&amp;language=id\"><span class=\"eastsyriac\">\u0713\u0718\u073c\u0721\u0712\u0735\u072a</span></a>, <a href=\"dosearch.php?searchkey=118&amp;language=id\"><span class=\"eastsyriac\">\u0710\u0732\u0719\u0713\u0735\u0710</span></a>, <a href=\"dosearch.php?searchkey=22671&amp;language=id\"><span class=\"eastsyriac\">\u071b\u0735\u0729</span></a>, <a href=\"dosearch.php?searchkey=6491&amp;language=id\"><span class=\"eastsyriac\">\u071f\u0732\u072b\u071b\u0735\u0710</span></a>, <a href=\"dosearch.php?searchkey=12173&amp;language=id\"><span class=\"eastsyriac\">\u0729\u0738\u072b\u072c\u0735\u0722\u0735\u071d\u0735\u0710</span></a></span>"], "key": "5858", "west": "\u071f\u073d\u0718\u0723\u072c\u0733\u0710", "phonetic": "<td>' ku:s ta:</td>", "east": "\u071f\u0718\u073c\u0723\u072c\u0735\u0710"},
{"searchkey": "25756", "audio": [], "context": [], "webrank": 9, "text": [" : architecture ;"], "english": "<td>architecture ;</td>", "cf": ["<span class=\"wordlink\"><a href=\"dosearch.php?searchkey=25755&amp;language=id\"><span class=\"eastsyriac\">\u0721\u0738\u0725\u0721\u0735\u072a</span></a></span>", "<span class=\"wordlink\"><a href=\"dosearch.php?searchkey=16525&amp;language=id\"><span class=\"eastsyriac\">\u0721\u0732\u071a\u0735\u072a\u0735\u0710 \u0715\u0712\u0732\u0722\u0735\u071d\u0718\u073c\u072c\u0735\u0710</span></a>, <a href=\"dosearch.php?searchkey=18444&amp;language=id\"><span class=\"eastsyriac\">\u0712\u0732\u0722\u0735\u071d\u0735\u0710</span></a></span>"], "key": "25756", "west": "\u0721\u0736\u0725\u0721\u0733\u072a\u073d\u0718\u072c\u0733\u0710", "phonetic": "<td>mi: ma: ' ru: ta:</td>", "east": "\u0721\u0738\u0725\u0721\u0735\u072a\u0718\u073c\u072c\u0735\u0710"},
{"searchkey": "18444", "audio": [], "context": ["Urmia, NENA : agent of \u0712\u0735\u0722\u0739\u0710 n\u00b0 3", "Al Qosh, Ashirat, Tur Abdin : agent of \u0712\u0735\u0722\u0739\u0710 n\u00b0 1", "Lishani", "Rh\u00e9tor\u00e9 (NENA, Al Qosh)"], "webrank": 5, "text": [" : 1) ", " : a cook ;\r\n2) ", " : a builder , a mason / a brick-layer , ", " : an architect (?) ;\r\n"], "english": "<td>1) <span class=\"context\">Urmia, NENA : agent of <a href=\"dosearch.php?searchkey=bAnE%27&amp;language=fullsyriac\"><span class=\"eastsyriac\">\u0712\u0735\u0722\u0739\u0710</span></a> n\u00b0 3</span> : a cook ;\r\n2) <span class=\"context\">Al Qosh, Ashirat, Tur Abdin : agent of <a href=\"dosearch.php?searchkey=bAnE%27&amp;language=fullsyriac\"><span class=\"eastsyriac\">\u0712\u0735\u0722\u0739\u0710</span></a> n\u00b0 1</span> : a builder , a mason / a brick-layer , <span class=\"context\">Lishani</span> : an architect (?) ;\r\n<span class=\"context\">Rh\u00e9tor\u00e9 (NENA, Al Qosh) ; <span class=\"locution\"><span class=\"eastsyriac\">\u0726\u071d\u073c\u072b \u0717\u0747\u0718\u0735\u0710 \u0720\u071d\u073c \u0712\u0732\u0722\u0735\u071d\u0735\u0710 \u0712\u0721\u0735\u0718\u0728\u0738\u0720</span></span></span> : I had been a bricklayer / a mason in Mosul ;\r\n<span class=\"context\">feminine</span> : <a href=\"dosearch.php?searchkey=banAytA%27&amp;language=fullsyriac\"><span class=\"eastsyriac\">\u0712\u0732\u0722\u0735\u071d\u072c\u0735\u0710</span></a> ;</td>", "cf": ["<span class=\"wordlink\"><a href=\"dosearch.php?searchkey=17237&amp;language=id\"><span class=\"eastsyriac\">\u0712\u0722\u0710</span></a>, <a href=\"dosearch.php?searchkey=1470&amp;language=id\"><span class=\"eastsyriac\">\u0712\u0722\u0735\u071d\u0735\u0710</span></a>, <a href=\"dosearch.php?searchkey=1471&amp;language=id\"><span class=\"eastsyriac\">\u0712\u0732\u0722\u0735\u071d\u0718\u073c\u072c\u0735\u0710</span></a>, <a href=\"dosearch.php?searchkey=1472&amp;language=id\"><span class=\"eastsyriac\">\u0712\u0739\u0722\u071d\u0735\u0722\u0735\u0710</span></a>, <a href=\"dosearch.php?searchkey=1473&amp;language=id\"><span class=\"eastsyriac\">\u0712\u0735\u0722\u071d\u0735\u0722\u0735\u0710</span></a>, <a href=\"dosearch.php?searchkey=1468&amp;language=id\"><span class=\"eastsyriac\">\u0712\u0735\u0722\u0718\u073c\u071d\u0735\u0710</span></a>, <a href=\"dosearch.php?searchkey=18407&amp;language=id\"><span class=\"eastsyriac\">\u0712\u0735\u0722\u0739\u0710</span></a>, <a href=\"dosearch.php?searchkey=18408&amp;language=id\"><span class=\"eastsyriac\">\u0721\u0712\u0735\u0722\u0739\u0710</span></a>, <a href=\"dosearch.php?searchkey=1468&amp;language=id\"><span class=\"eastsyriac\">\u0712\u0735\u0722\u0718\u073c\u071d\u0735\u0710</span></a>, <a href=\"dosearch.php?searchkey=1456&amp;language=id\"><span class=\"eastsyriac\">\u0712\u0732\u0722\u0735\u0710</span></a>, <a href=\"dosearch.php?searchkey=16525&amp;language=id\"><span class=\"eastsyriac\">\u0721\u0732\u071a\u0735\u072a\u0735\u0710 \u0715\u0712\u0732\u0722\u0735\u071d\u0718\u073c\u072c\u0735\u0710</span></a></span>", "<span class=\"wordlink\"><a href=\"dosearch.php?searchkey=18445&amp;language=id\"><span class=\"eastsyriac\">\u0712\u0732\u0722\u0735\u071d\u072c\u0735\u0710</span></a></span>"], "key": "18444", "west": "\u0712\u0730\u0722\u0733\u071d\u0733\u0710", "phonetic": "<td>ba ' na: ia:</td>", "east": "\u0712\u0732\u0722\u0735\u071d\u0735\u0710"},
{"searchkey": "16528", "audio": [], "context": [], "webrank": 3, "text": [" : architecture ;"], "english": "<td>architecture ;</td>", "cf": ["<span class=\"wordlink\"><a href=\"dosearch.php?searchkey=16527&amp;language=id\"><span class=\"eastsyriac\">\u0710\u0732\u072a\u0715\u0732\u071f\u0742\u0720\u0735\u0722\u0735\u071d\u0735\u0710</span></a>, <a href=\"dosearch.php?searchkey=16524&amp;language=id\"><span class=\"eastsyriac\">\u0710\u0732\u072a\u0715\u0732\u071f\u0742\u0720\u0735\u0710</span></a>, <a href=\"dosearch.php?searchkey=26901&amp;language=id\"><span class=\"eastsyriac\">\u0710\u0732\u072a\u0715\u0738\u071f\u0742\u0720\u0718\u073c\u072c\u0742\u0735\u0710</span></a></span>", "<span class=\"wordlink\"><a href=\"dosearch.php?searchkey=16529&amp;language=id\"><span class=\"eastsyriac\">\u0710\u0718\u073c\u0723\u072c\u0735\u071f\u0735\u072a\u0718\u073c\u072c\u0735\u0710</span></a></span>", "<span class=\"wordlink\"><a href=\"dosearch.php?searchkey=16529&amp;language=id\"><span class=\"eastsyriac\">\u0710\u0718\u073c\u0723\u072c\u0735\u071f\u0735\u072a\u0718\u073c\u072c\u0735\u0710</span></a></span>"], "key": "16528", "west": "\u0710\u0730\u072a\u0715\u0730\u071f\u0742\u0720\u073d\u0718\u072c\u0733\u0710", "phonetic": "<td>ar da\u1e25 ' lu: ta:</td>", "east": "\u0710\u0732\u072a\u0715\u0732\u071f\u0742\u0720\u0718\u073c\u072c\u0735\u0710"},
{"searchkey": "16524", "audio": [], "context": ["Yoab Benjamin", "see \u0721\u0732\u071a\u0735\u072a\u0735\u0710 \u0715\u0712\u0732\u0722\u0735\u071d\u0718\u073c\u072c\u0735\u0710", "Lishani :"], "webrank": 2, "text": [" : 1) ", " : an architect , ", " ;\r\n2) "], "english": "<td>1) <span class=\"context\">Yoab Benjamin</span> : an architect , <span class=\"context\">see <a href=\"dosearch.php?searchkey=maxArA%27+dbanAyutA%27&amp;language=fullsyriac\"><span class=\"eastsyriac\">\u0721\u0732\u071a\u0735\u072a\u0735\u0710 \u0715\u0712\u0732\u0722\u0735\u071d\u0718\u073c\u072c\u0735\u0710</span></a></span> ;\r\n2) <span class=\"context\">Lishani : <span class=\"locution\"><span class=\"eastsyriac\">\u0710\u0732\u072a\u0715\u0738\u071f\u0742\u0720\u0735\u0710</span></span></span> : an engineer ;</td>", "cf": ["<span class=\"wordlink\"><a href=\"dosearch.php?searchkey=16527&amp;language=id\"><span class=\"eastsyriac\">\u0710\u0732\u072a\u0715\u0732\u071f\u0742\u0720\u0735\u0722\u0735\u071d\u0735\u0710</span></a>, <a href=\"dosearch.php?searchkey=16528&amp;language=id\"><span class=\"eastsyriac\">\u0710\u072a\u0715\u0732\u071f\u0742\u0720\u0718\u073c\u072c\u0735\u0710</span></a>, <a href=\"dosearch.php?searchkey=26901&amp;language=id\"><span class=\"eastsyriac\">\u0710\u0732\u072a\u0715\u0738\u071f\u0742\u0720\u0718\u073c\u072c\u0742\u0735\u0710</span></a>, <a href=\"dosearch.php?searchkey=26900&amp;language=id\"><span class=\"eastsyriac\">\u0721\u0732\u071a\u0735\u072a\u0710</span></a>, <a href=\"dosearch.php?searchkey=26899&amp;language=id\"><span class=\"eastsyriac\">\u0721\u0732\u071a\u0735\u072a\u0718\u073c\u072c\u0742\u0735\u0710</span></a></span>", "<span class=\"wordlink\"><a href=\"dosearch.php?searchkey=16526&amp;language=id\"><span class=\"eastsyriac\">\u0710\u0718\u073c\u0723\u072c\u0735\u071f\u0735\u072a</span></a></span>", "<span class=\"wordlink\"><a href=\"dosearch.php?searchkey=16525&amp;language=id\"><span class=\"eastsyriac\">\u0721\u0732\u071a\u0735\u072a\u0735\u0710 \u0715\u0712\u0732\u0722\u0735\u071d\u0718\u073c\u072c\u0735\u0710</span></a>, <a href=\"dosearch.php?searchkey=13650&amp;language=id\"><span class=\"eastsyriac\">\u072a\u071d\u073c\u072b \u0722\u0732\u0713\u0735\u072a\u0739\u0308\u0710</span></a>, <a href=\"dosearch.php?searchkey=26900&amp;language=id\"><span class=\"eastsyriac\">\u0721\u0732\u071a\u0735\u072a\u0710</span></a></span>"], "key": "16524", "west": "\u0710\u0730\u072a\u0715\u0730\u071f\u0742\u0720\u0733\u0710", "phonetic": "<td>ar ' da\u1e25 la:</td>", "east": "\u0710\u0732\u072a\u0715\u0732\u071f\u0742\u0720\u0735\u0710"},
{"searchkey": "13901", "audio": [], "context": [], "webrank": 1, "text": [" : architecture, design of buildings"], "english": "<td>architecture, design of buildings</td>", "cf": ["<span class=\"wordlink\"><a href=\"dosearch.php?searchkey=rij+nagArutA%27&amp;language=fullsyriac\"><span class=\"eastsyriac\">\u072a\u071d\u073c\u072b \u0722\u0732\u0713\u0735\u072a\u0718\u073c\u072c\u0735\u0710</span></a></span>"], "key": "13901", "west": "\u0710\u0733\u072a\u0715\u0736\u071a\u0720\u0733\u0710", "phonetic": "<td>' ar ' di\u1e25 ' la:</td>", "east": "\u0710\u0735\u072a\u0715\u0738\u071a\u0720\u0735\u0710"},
{"searchkey": "13651", "audio": [], "context": [], "webrank": 20, "text": [" : architecture , the art / science of building (houses, churches, bridges ...) , civil engineering ;"], "english": "<td>architecture , the art / science of building (houses, churches, bridges ...) , civil engineering ;</td>", "cf": ["<span class=\"wordlink\"><a href=\"dosearch.php?searchkey=13650&amp;language=id\"><span class=\"eastsyriac\">\u072a\u071d\u073c\u072b \u0722\u0732\u0713\u0735\u072a\u0739\u0710</span></a>, <a href=\"dosearch.php?searchkey=8950&amp;language=id\"><span class=\"eastsyriac\">\u0722\u0732\u0713\u0748\u0735\u072a</span></a>, <a href=\"dosearch.php?searchkey=8951&amp;language=id\"><span class=\"eastsyriac\">\u0722\u0713\u0735\u072a\u0735\u0710</span></a>, <a href=\"dosearch.php?searchkey=8953&amp;language=id\"><span class=\"eastsyriac\">\u0722\u0732\u0713\u0735\u072a\u0718\u073c\u072c\u0735\u0710</span></a>, <a href=\"dosearch.php?searchkey=8954&amp;language=id\"><span class=\"eastsyriac\">\u0722\u0732\u0713\u072a\u0735\u0722\u0735\u0710</span></a>, <a href=\"dosearch.php?searchkey=8955&amp;language=id\"><span class=\"eastsyriac\">\u0722\u0713\u0735\u072a\u072c\u0735\u0710</span></a>, <a href=\"dosearch.php?searchkey=8952&amp;language=id\"><span class=\"eastsyriac\">\u0722\u0732\u0713\u0735\u072a\u0735\u0710</span></a>, <a href=\"dosearch.php?searchkey=%27ArdexlA%27&amp;language=fullsyriac\"><span class=\"eastsyriac\">\u0710\u0735\u072a\u0715\u0738\u071a\u0720\u0735\u0710</span></a></span>"], "key": "13651", "west": "\u072a\u073a\u071d\u072b \u0722\u0730\u0713\u0733\u072a\u073d\u0718\u072c\u0733\u0710", "phonetic": "<td>' ri:\u0161 nag ga ' ru: ta</td>", "east": "\u072a\u071d\u073c\u072b \u0722\u0732\u0713\u0735\u072a\u0718\u073c\u072c\u0735\u0710"},
{"searchkey": "13650", "audio": [], "context": [], "webrank": 10, "text": [" : an architect , a  master builder , a \"carpenter-in-chief\" ;"], "english": "<td>an architect , a  master builder , a \"carpenter-in-chief\" ;</td>", "cf": ["<span class=\"wordlink\"><a href=\"dosearch.php?searchkey=13634&amp;language=id\"><span class=\"eastsyriac\">\u072a\u071d\u073c\u072b</span></a>, <a href=\"dosearch.php?searchkey=8952&amp;language=id\"><span class=\"eastsyriac\">\u0722\u0732\u0713\u0735\u072a\u0735\u0710</span></a>, <a href=\"dosearch.php?searchkey=13650&amp;language=id\"><span class=\"eastsyriac\">\u072a\u071d\u073c\u072b \u0722\u0732\u0713\u0735\u072a\u0739\u0710</span></a>, <a href=\"dosearch.php?searchkey=8950&amp;language=id\"><span class=\"eastsyriac\">\u0722\u0732\u0713\u0748\u0735\u072a</span></a>, <a href=\"dosearch.php?searchkey=8951&amp;language=id\"><span class=\"eastsyriac\">\u0722\u0713\u0735\u072a\u0735\u0710</span></a>, <a href=\"dosearch.php?searchkey=8953&amp;language=id\"><span class=\"eastsyriac\">\u0722\u0732\u0713\u0735\u072a\u0718\u073c\u072c\u0735\u0710</span></a>, <a href=\"dosearch.php?searchkey=8954&amp;language=id\"><span class=\"eastsyriac\">\u0722\u0732\u0713\u072a\u0735\u0722\u0735\u0710</span></a>, <a href=\"dosearch.php?searchkey=8955&amp;language=id\"><span class=\"eastsyriac\">\u0722\u0713\u0735\u072a\u072c\u0735\u0710</span></a>, <a href=\"dosearch.php?searchkey=13651&amp;language=id\"><span class=\"eastsyriac\">\u072a\u071d\u073c\u072b \u0722\u0732\u0713\u0735\u072a\u0718\u073c\u072c\u0735\u0710</span></a></span>", "<span class=\"wordlink\"><a href=\"dosearch.php?searchkey=16524&amp;language=id\"><span class=\"eastsyriac\">\u0710\u0732\u072a\u0715\u0732\u071f\u0742\u0720\u0735\u0710</span></a>, <a href=\"dosearch.php?searchkey=16525&amp;language=id\"><span class=\"eastsyriac\">\u0721\u0732\u071a\u0735\u072a\u0735\u0710 \u0715\u0712\u0732\u0722\u0735\u071d\u0718\u073c\u072c\u0735\u0710</span></a>, <a href=\"dosearch.php?searchkey=16525&amp;language=id\"><span class=\"eastsyriac\">\u0710\u0718\u073c\u0723\u072c\u0735\u071f\u0735\u072a</span></a></span>"], "key": "13650", "west": "\u072a\u073a\u071d\u072b \u0722\u0730\u0713\u0733\u072a\u0736\u0308\u0710", "phonetic": "<td>' ri:\u0161 nag ' ga ri</td>", "east": "\u072a\u071d\u073c\u072b \u0722\u0732\u0713\u0735\u072a\u0739\u0308\u0710"},
{"searchkey": "15261", "audio": [], "context": ["carburator", "architecture", "voir \u0721\u0732\u072a\u0719\u071d\u073c\u0712\u0742\u0735\u0710"], "webrank": 40, "text": [" : a pourer , one who / what pours , a spout , a nozzle , ", " : a jet (?) , ", " : a gargoyle (?) , ", " ;"], "english": "<td>a pourer , one who / what pours , a spout , a nozzle , <span class=\"context\">carburator</span> : a jet (?) , <span class=\"context\">architecture</span> : a gargoyle (?) , <span class=\"context\">voir <a href=\"dosearch.php?searchkey=marzibLA%27&amp;language=fullsyriac\"><span class=\"eastsyriac\">\u0721\u0732\u072a\u0719\u071d\u073c\u0712\u0742\u0735\u0710</span></a></span> ;</td>", "cf": ["<span class=\"wordlink\"><a href=\"dosearch.php?searchkey=15117&amp;language=id\"><span class=\"eastsyriac\">\u072b\u0738\u072a\u0735\u0710\u072b\u0739\u072a</span></a>, <a href=\"dosearch.php?searchkey=15254&amp;language=id\"><span class=\"eastsyriac\">\u072b\u0735\u072a\u0735\u072b\u0718\u073c\u072a</span></a>, <a href=\"dosearch.php?searchkey=15256&amp;language=id\"><span class=\"eastsyriac\">\u072b\u0732\u072a\u072b\u0735\u0718\u072a\u0735\u0710</span></a>, <a href=\"dosearch.php?searchkey=15260&amp;language=id\"><span class=\"eastsyriac\">\u072b\u0738\u072a\u0735\u072b\u0739\u072a</span></a>, <a href=\"dosearch.php?searchkey=15255&amp;language=id\"><span class=\"eastsyriac\">\u072b\u0732\u072a\u072b\u0718\u073c\u072a\u0739\u0710</span></a>, <a href=\"dosearch.php?searchkey=15262&amp;language=id\"><span class=\"eastsyriac\">\u072b\u0732\u072a\u072b\u0732\u072a\u072c\u0735\u0710</span></a></span>", "<span class=\"wordlink\"><a href=\"dosearch.php?searchkey=10681&amp;language=id\"><span class=\"eastsyriac\">\u0726\u0718\u073c\u0719\u0735\u0710</span></a>, <a href=\"dosearch.php?searchkey=15005&amp;language=id\"><span class=\"eastsyriac\">\u072b\u0735\u0726\u0718\u073f\u071f\u0742\u072c\u0735\u0710</span></a></span>"], "key": "15261", "west": "\u072b\u0730\u072a\u072b\u0736\u072a\u0733\u0722\u0733\u0710", "phonetic": "<td>\u0161ar \u0161i ' ra: na:</td>", "east": "\u072b\u0732\u072a\u072b\u0738\u072a\u0735\u0722\u0735\u0710"},
{"searchkey": "26329", "audio": [], "context": ["architecture , Azeri / Turkish / Arabic / Persian origin", "= \u072a\u0735\u0726\u0735\u0710"], "webrank": 30, "text": [" : 1) to flap the wings , to flutter (?) ;\r\n2) ", " : a cornice round a room , arcading , a ledge / a shelf formed by an extra thickness of the wall ;\r\n3) ", " ;"], "english": "<td>1) to flap the wings , to flutter (?) ;\r\n2) <span class=\"context\">architecture , Azeri / Turkish / Arabic / Persian origin</span> : a cornice round a room , arcading , a ledge / a shelf formed by an extra thickness of the wall ;\r\n3) <span class=\"context\">= <a href=\"dosearch.php?searchkey=rApA%27&amp;language=fullsyriac\"><span class=\"eastsyriac\">\u072a\u0735\u0726\u0735\u0710</span></a></span> ;</td>", "cf": ["<span class=\"wordlink\"><a href=\"dosearch.php?searchkey=793&amp;language=id\"><span class=\"eastsyriac\">\u0710\u0747\u072a\u0735\u0726\u0735\u0710</span></a>, <a href=\"dosearch.php?searchkey=13623&amp;language=id\"><span class=\"eastsyriac\">\u072a\u071d\u0735\u0726\u0735\u0710</span></a>, <a href=\"dosearch.php?searchkey=13803&amp;language=id\"><span class=\"eastsyriac\">\u072a\u0725\u0735\u0726\u0735\u0710</span></a>, <a href=\"dosearch.php?searchkey=12011&amp;language=id\"><span class=\"eastsyriac\">\u072a\u0735\u0710\u0726\u0735\u0710</span></a>, <a href=\"dosearch.php?searchkey=13308&amp;language=id\"><span class=\"eastsyriac\">\u072a\u0735\u071d\u0726\u0735\u0710</span></a>, <a href=\"dosearch.php?searchkey=13809&amp;language=id\"><span class=\"eastsyriac\">\u072a\u0735\u0726\u0735\u0710</span></a>, <a href=\"dosearch.php?searchkey=13810&amp;language=id\"><span class=\"eastsyriac\">\u072a\u0735\u0726\u0735\u0710</span></a>, <a href=\"dosearch.php?searchkey=12012&amp;language=id\"><span class=\"eastsyriac\">\u072a\u0710\u0735\u0726\u0735\u0710</span></a>, <a href=\"dosearch.php?searchkey=23005&amp;language=id\"><span class=\"eastsyriac\">\u0721\u0732\u072a\u071d\u0738\u0726</span></a>, <a href=\"dosearch.php?searchkey=26328&amp;language=id\"><span class=\"eastsyriac\">\u0721\u072a\u0732\u0726\u072a\u0738\u0726</span></a>, <a href=\"dosearch.php?searchkey=26328&amp;language=id\"><span class=\"eastsyriac\">\u0721\u072a\u0732\u0726\u072a\u0738\u0726</span></a>, <a href=\"dosearch.php?searchkey=23004&amp;language=id\"><span class=\"eastsyriac\">\u072a\u0735\u0710\u0738\u0726</span></a></span>", "<span class=\"wordlink\"><a href=\"dosearch.php?searchkey=29568&amp;language=id\"><span class=\"eastsyriac\">\u072b\u071d\u073c\u072a\u0735\u0723\u0735\u072a</span></a>, <a href=\"dosearch.php?searchkey=28735&amp;language=id\"><span class=\"eastsyriac\">\u0729\u0738\u072a\u0722\u0735\u0710</span></a></span>"], "key": "26329", "west": "\u072a\u0730\u0726", "phonetic": "<td>' rap</td>", "east": "\u072a\u0732\u0726"}
]