[
{"searchkey": "8397", "audio": [], "context": [], "webrank": 10, "text": [" : (intransitive verb) : to debate , to discuss / deliberate (?) , to talk over (?) , to dispute , to contend / quarrel in words , to contest , to argue , to object / question , to challenge things / to oppugn / to impugn ;"], "english": "<td>(intransitive verb) : to debate , to discuss / deliberate (?) , to talk over (?) , to dispute , to contend / quarrel in words , to contest , to argue , to object / question , to challenge things / to oppugn / to impugn ;</td>", "cf": ["<span class=\"wordlink\"><a href=\"dosearch.php?searchkey=13597&amp;language=id\"><span class=\"eastsyriac\">\u072a\u0735\u071b\u0718\u073f\u0722\u0735\u0710</span></a>, <a href=\"dosearch.php?searchkey=13598&amp;language=id\"><span class=\"eastsyriac\">\u072a\u071b\u0718\u073f\u0722\u071d\u0735\u0710</span></a>, <a href=\"dosearch.php?searchkey=13603&amp;language=id\"><span class=\"eastsyriac\">\u072a\u0738\u071b\u0722\u0735\u0710</span></a>, <a href=\"dosearch.php?searchkey=9910&amp;language=id\"><span class=\"eastsyriac\">\u0723\u072a\u0735\u0712\u0742\u0735\u0710</span></a></span>"], "key": "8397", "west": "\u0721\u0730\u0729\u073d\u0718\u0726\u0736\u0710", "phonetic": "<td>maq ' qu: pi</td>", "east": "\u0721\u0732\u0729\u0718\u073c\u0726\u0739\u0710"},
{"searchkey": "16558", "audio": [], "context": [], "webrank": 4, "text": [" : to dispute , to argue ;"], "english": "<td>to dispute , to argue ;</td>", "cf": ["<span class=\"wordlink\"><a href=\"dosearch.php?searchkey=2099&amp;language=id\"><span class=\"eastsyriac\">\u0713\u0718\u073c\u0722\u0735\u071d\u0735\u0710</span></a>, <a href=\"dosearch.php?searchkey=16556&amp;language=id\"><span class=\"eastsyriac\">\u0717\u0738\u072a\u072c\u0735\u0710</span></a>, <a href=\"dosearch.php?searchkey=4832&amp;language=id\"><span class=\"eastsyriac\">\u071a\u0738\u072a\u071d\u0735\u0722\u0735\u0710</span></a>, <a href=\"dosearch.php?searchkey=16557&amp;language=id\"><span class=\"eastsyriac\">\u0721\u0732\u0723\u0712\u0742\u0735\u0710 \u0718\u0721\u0732\u072c\u0720\u0735\u0710</span></a>, <a href=\"dosearch.php?searchkey=9552&amp;language=id\"><span class=\"eastsyriac\">\u0723\u0718\u073c\u0726\u0723\u0735\u072a\u0735\u0710</span></a>, <a href=\"dosearch.php?searchkey=2878&amp;language=id\"><span class=\"eastsyriac\">\u0715\u0718\u073c\u072a\u0735\u072b\u0735\u0710</span></a>, <a href=\"dosearch.php?searchkey=156559&amp;language=id\"><span class=\"eastsyriac\">\u0722\u0735\u0728\u0735\u0710</span></a>, <a href=\"dosearch.php?searchkey=msArEbL&amp;language=fullsyriac\"><span class=\"eastsyriac\">\u0721\u0723\u0735\u072a\u0739\u0712\u0742</span></a>, <a href=\"dosearch.php?searchkey=maqreS&amp;language=fullsyriac\"><span class=\"eastsyriac\">\u0721\u0732\u0729\u072a\u0738\u0728</span></a>, <a href=\"dosearch.php?searchkey=qarqer&amp;language=fullsyriac\"><span class=\"eastsyriac\">\u0729\u0732\u072a\u0729\u0738\u072a</span></a>, <a href=\"dosearch.php?searchkey=dArej&amp;language=fullsyriac\"><span class=\"eastsyriac\">\u0715\u0735\u072a\u0738\u072b</span></a>, <a href=\"dosearch.php?searchkey=2658&amp;language=id\"><span class=\"eastsyriac\">\u0715\u0735\u0710\u0718\u071d\u073c</span></a></span>"], "key": "16558", "west": "\u071f\u0730\u0723\u071f\u0736\u0723", "phonetic": "<td>' kas kis</td>", "east": "\u071f\u0732\u0723\u071f\u0738\u0723"},
{"searchkey": "31791", "audio": [], "context": ["Rh\u00e9tor\u00e9"], "webrank": 7, "text": [" : to quarrel , to argue / to disagree ;\r\n"], "english": "<td>to quarrel , to argue / to disagree ;\r\n<span class=\"context\">Rh\u00e9tor\u00e9 ; <span class=\"locution\"><span class=\"eastsyriac\">\u072a\u0710\u0739\u072a\u0732\u072c\u0742 \u071d\u0735\u0718\u0721\u0735\u0710 \u0726\u071d\u073c\u072b \u0720\u0739\u0717 \u071a\u0738\u0719\u071d\u0735\u0710 \u0712\u0732\u071d\u0722\u0735\u072c\u0742\u0732\u071d\u0717\u071d\u073c \u071f\u0718\u073c\u0715 \u0710\u0735\u0722\u0717\u071d\u073c \u0721\u0713\u0738\u071a\u0718\u073f\u0715\u0739\u0710 \u071a\u0735\u0715\u0747 \u0725\u0738\u0721\u0739\u0717 \u0715\u0710\u0747\u071a\u0738\u072a\u0747\u0722\u0735\u0710</span></span></span> : the next day he found himself in their midst while they were arguing with each other ;</td>", "cf": ["<span class=\"wordlink\"><a href=\"dosearch.php?searchkey=18957&amp;language=id\"><span class=\"eastsyriac\">\u0721\u032e\u0713\u0735\u0713\u0738\u072a</span></a></span>"], "key": "31791", "west": "\u0721\u032e\u0713\u0733\u071a\u0736\u0715", "phonetic": "<td>m' dja: \u1e25i:d</td>", "east": "\u0721\u032e\u0713\u0735\u071a\u0739\u0715"},
{"searchkey": "16560", "audio": [], "context": [], "webrank": 8, "text": [" : to dispute , to argue ;"], "english": "<td>to dispute , to argue ;</td>", "cf": ["<span class=\"wordlink\"><a href=\"dosearch.php?searchkey=2099&amp;language=id\"><span class=\"eastsyriac\">\u0713\u0718\u073c\u0722\u0735\u071d\u0735\u0710</span></a>, <a href=\"dosearch.php?searchkey=16556&amp;language=id\"><span class=\"eastsyriac\">\u0717\u0738\u072a\u072c\u0735\u0710</span></a>, <a href=\"dosearch.php?searchkey=4832&amp;language=id\"><span class=\"eastsyriac\">\u071a\u0738\u072a\u071d\u0735\u0722\u0735\u0710</span></a>, <a href=\"dosearch.php?searchkey=16557&amp;language=id\"><span class=\"eastsyriac\">\u0721\u0732\u0723\u0712\u0742\u0735\u0710 \u0718\u0721\u0732\u072c\u0720\u0735\u0710</span></a>, <a href=\"dosearch.php?searchkey=9552&amp;language=id\"><span class=\"eastsyriac\">\u0723\u0718\u073c\u0726\u0723\u0735\u072a\u0735\u0710</span></a>, <a href=\"dosearch.php?searchkey=2878&amp;language=id\"><span class=\"eastsyriac\">\u0715\u0718\u073c\u072a\u0735\u072b\u0735\u0710</span></a>, <a href=\"dosearch.php?searchkey=16558&amp;language=id\"><span class=\"eastsyriac\">\u071f\u0732\u0723\u071f\u0738\u0723</span></a>, <a href=\"dosearch.php?searchkey=16559&amp;language=id\"><span class=\"eastsyriac\">\u0722\u0735\u0728\u0735\u0710</span></a>, <a href=\"dosearch.php?searchkey=16561&amp;language=id\"><span class=\"eastsyriac\">\u0721\u0732\u0729\u072a\u0738\u0728</span></a>, <a href=\"dosearch.php?searchkey=16562&amp;language=id\"><span class=\"eastsyriac\">\u0729\u0732\u072a\u0729\u0738\u072a</span></a>, <a href=\"dosearch.php?searchkey=16563&amp;language=id\"><span class=\"eastsyriac\">\u0715\u0735\u072a\u0738\u072b</span></a>, <a href=\"dosearch.php?searchkey=2658&amp;language=id\"><span class=\"eastsyriac\">\u0715\u0735\u0710\u0718\u071d\u073c</span></a>, <a href=\"dosearch.php?searchkey=16564&amp;language=id\"><span class=\"eastsyriac\">\u0721\u0712\u0735\u071a\u0738\u0722 \u0725\u0732\u0721</span></a></span>"], "key": "16560", "west": "\u0721\u0723\u0733\u072a\u0736\u0712", "phonetic": "<td>' mas rib</td>", "east": "\u0721\u0723\u0735\u072a\u0739\u0712"},
{"searchkey": "18957", "audio": [], "context": ["Rh\u00e9tor\u00e9"], "webrank": 6, "text": [" : to quarrel , to argue ;\r\n"], "english": "<td>to quarrel , to argue ;\r\n<span class=\"context\">Rh\u00e9tor\u00e9 ; <span class=\"locution\"><span class=\"eastsyriac\">\u072a\u0710\u0739\u072a\u0732\u072c\u0742 \u071d\u0735\u0718\u0721\u0735\u0710 \u0726\u071d\u073c\u072b \u0720\u0739\u0717 \u071a\u0738\u0719\u071d\u0735\u0710 \u0712\u0732\u071d\u0722\u0735\u072c\u0742\u0732\u071d\u0717\u071d\u073c \u071f\u0718\u073c\u0715 \u0710\u0735\u0722\u0717\u071d\u073c \u0721\u0713\u0738\u071a\u0718\u073f\u0715\u0739\u0710 \u071a\u0735\u0715\u0747 \u0725\u0738\u0721\u0739\u0717 \u0715\u0710\u0747\u071a\u0738\u072a\u0747\u0722\u0735\u0710</span></span></span> : the next day he found himself in their midst while they were arguing with each other ;</td>", "cf": ["<span class=\"wordlink\"><a href=\"dosearch.php?searchkey=18955&amp;language=id\"><span class=\"eastsyriac\">\u0713\u0330\u0735\u0713\u0738\u072a</span></a></span>", "<span class=\"wordlink\"><a href=\"dosearch.php?searchkey=16561&amp;language=id\"><span class=\"eastsyriac\">\u0721\u0732\u0729\u072a\u0738\u0728</span></a></span>"], "key": "18957", "west": "\u0721\u032e\u0713\u0733\u0713\u0736\u072a", "phonetic": "<td>m ' dja: gir</td>", "east": "\u0721\u032e\u0713\u0735\u0713\u0738\u072a"},
{"searchkey": "16564", "audio": [], "context": [], "webrank": 5, "text": [" : to argue with , to have an argument with ;"], "english": "<td>to argue with , to have an argument with ;</td>", "cf": ["<span class=\"wordlink\"><a href=\"dosearch.php?searchkey=2099&amp;language=id\"><span class=\"eastsyriac\">\u0713\u0718\u073c\u0722\u0735\u071d\u0735\u0710</span></a>, <a href=\"dosearch.php?searchkey=16556&amp;language=id\"><span class=\"eastsyriac\">\u0717\u0738\u072a\u072c\u0735\u0710</span></a>, <a href=\"dosearch.php?searchkey=4832&amp;language=id\"><span class=\"eastsyriac\">\u071a\u0738\u072a\u071d\u0735\u0722\u0735\u0710</span></a>, <a href=\"dosearch.php?searchkey=16557&amp;language=id\"><span class=\"eastsyriac\">\u0721\u0732\u0723\u0712\u0742\u0735\u0710 \u0718\u0721\u0732\u072c\u0720\u0735\u0710</span></a>, <a href=\"dosearch.php?searchkey=9552&amp;language=id\"><span class=\"eastsyriac\">\u0723\u0718\u073c\u0726\u0723\u0735\u072a\u0735\u0710</span></a>, <a href=\"dosearch.php?searchkey=2878&amp;language=id\"><span class=\"eastsyriac\">\u0715\u0718\u073c\u072a\u0735\u072b\u0735\u0710</span></a>, <a href=\"dosearch.php?searchkey=16558&amp;language=id\"><span class=\"eastsyriac\">\u071f\u0732\u0723\u071f\u0738\u0723</span></a>, <a href=\"dosearch.php?searchkey=16559&amp;language=id\"><span class=\"eastsyriac\">\u0722\u0735\u0728\u0735\u0710</span></a>, <a href=\"dosearch.php?searchkey=16560&amp;language=id\"><span class=\"eastsyriac\">\u0721\u0723\u0735\u072a\u0739\u0712</span></a>, <a href=\"dosearch.php?searchkey=16561&amp;language=id\"><span class=\"eastsyriac\">\u0721\u0732\u0729\u072a\u0738\u0728</span></a>, <a href=\"dosearch.php?searchkey=16562&amp;language=id\"><span class=\"eastsyriac\">\u0729\u0732\u072a\u0729\u0738\u072a</span></a>, <a href=\"dosearch.php?searchkey=16563&amp;language=id\"><span class=\"eastsyriac\">\u0715\u0735\u072a\u0738\u072b</span></a>, <a href=\"dosearch.php?searchkey=2658&amp;language=id\"><span class=\"eastsyriac\">\u0715\u0735\u0710\u0718\u071d\u073c</span></a></span>"], "key": "16564", "west": "\u0721\u0712\u0733\u071a\u0736\u0722 \u0725\u0730\u0721", "phonetic": "<td>' mba \u1e25in ' a:m</td>", "east": "\u0721\u0712\u0735\u071a\u0738\u0722 \u0725\u0732\u0721"},
{"searchkey": "16563", "audio": [], "context": [], "webrank": 2, "text": [" : to dispute , to argue , to quarrel , to contend ;"], "english": "<td>to dispute , to argue , to quarrel , to contend ;</td>", "cf": ["<span class=\"wordlink\"><a href=\"dosearch.php?searchkey=16565&amp;language=id\"><span class=\"eastsyriac\">\u0721\u0715\u0732\u072a\u072b\u0735\u0722\u0735\u0710</span></a>, <a href=\"dosearch.php?searchkey=3234&amp;language=id\"><span class=\"eastsyriac\">\u0715\u072a\u0735\u072b\u0735\u0710</span></a>, <a href=\"dosearch.php?searchkey=3235&amp;language=id\"><span class=\"eastsyriac\">\u0715\u072a\u0735\u072b\u072c\u0735\u0710</span></a></span>", "<span class=\"wordlink\"><a href=\"dosearch.php?searchkey=2099&amp;language=id\"><span class=\"eastsyriac\">\u0713\u0718\u073c\u0722\u0735\u071d\u0735\u0710</span></a>, <a href=\"dosearch.php?searchkey=16556&amp;language=id\"><span class=\"eastsyriac\">\u0717\u0738\u072a\u072c\u0735\u0710</span></a>, <a href=\"dosearch.php?searchkey=4832&amp;language=id\"><span class=\"eastsyriac\">\u071a\u0738\u072a\u071d\u0735\u0722\u0735\u0710</span></a>, <a href=\"dosearch.php?searchkey=16557&amp;language=id\"><span class=\"eastsyriac\">\u0721\u0732\u0723\u0712\u0742\u0735\u0710 \u0718\u0721\u0732\u072c\u0720\u0735\u0710</span></a>, <a href=\"dosearch.php?searchkey=9552&amp;language=id\"><span class=\"eastsyriac\">\u0723\u0718\u073c\u0726\u0723\u0735\u072a\u0735\u0710</span></a>, <a href=\"dosearch.php?searchkey=2878&amp;language=id\"><span class=\"eastsyriac\">\u0715\u0718\u073c\u072a\u0735\u072b\u0735\u0710</span></a>, <a href=\"dosearch.php?searchkey=16558&amp;language=id\"><span class=\"eastsyriac\">\u071f\u0732\u0723\u071f\u0738\u0723</span></a>, <a href=\"dosearch.php?searchkey=16559&amp;language=id\"><span class=\"eastsyriac\">\u0722\u0735\u0728\u0735\u0710</span></a>, <a href=\"dosearch.php?searchkey=16560&amp;language=id\"><span class=\"eastsyriac\">\u0721\u0723\u0735\u072a\u0739\u0712</span></a>, <a href=\"dosearch.php?searchkey=16561&amp;language=id\"><span class=\"eastsyriac\">\u0721\u0732\u0729\u072a\u0738\u0728</span></a>, <a href=\"dosearch.php?searchkey=16562&amp;language=id\"><span class=\"eastsyriac\">\u0729\u0732\u072a\u0729\u0738\u072a</span></a>, <a href=\"dosearch.php?searchkey=2658&amp;language=id\"><span class=\"eastsyriac\">\u0715\u0735\u0710\u0718\u071d\u073c</span></a>, <a href=\"dosearch.php?searchkey=16564&amp;language=id\"><span class=\"eastsyriac\">\u0721\u0712\u0735\u071a\u0738\u0722 \u0725\u0732\u0721</span></a></span>"], "key": "16563", "west": "\u0715\u0733\u072a\u0736\u072b", "phonetic": "<td>' da ri\u0161</td>", "east": "\u0715\u0735\u072a\u0738\u072b"},
{"searchkey": "24460", "audio": [], "context": [], "webrank": 9, "text": [" : to quarrel , to argue ;"], "english": "<td>to quarrel , to argue ;</td>", "cf": ["<span class=\"wordlink\"><a href=\"dosearch.php?searchkey=16561&amp;language=id\"><span class=\"eastsyriac\">\u0721\u0732\u0729\u072a\u0738\u0728</span></a>, <a href=\"dosearch.php?searchkey=18957&amp;language=id\"><span class=\"eastsyriac\">\u0721\u0713\u0330\u0735\u0713\u0738\u072a</span></a>, <a href=\"dosearch.php?searchkey=18970&amp;language=id\"><span class=\"eastsyriac\">\u0721\u0713\u0330\u0735\u0717\u0738\u0715</span></a></span>"], "key": "24460", "west": "\u0721\u0723\u0733\u072a\u0736\u0712", "phonetic": "<td>' msa: ri:b</td>", "east": "\u0721\u0723\u0735\u072a\u0739\u0712"},
{"searchkey": "3202", "audio": [], "context": [], "webrank": 1, "text": [" : disputant , one who argues in opposition to another , a debater "], "english": "<td>disputant , one who argues in opposition to another , a debater </td>", "cf": [], "key": "3202", "west": "\u0715\u0733\u072a\u073d\u0718\u072b\u0733\u0710", "phonetic": "<td>da: ' ru \u0161a</td>", "east": "\u0715\u0735\u072a\u0718\u073c\u072b\u0735\u0710"},
{"searchkey": "16562", "audio": [], "context": [], "webrank": 70, "text": [" : to dispute , to argue ;"], "english": "<td>to dispute , to argue ;</td>", "cf": ["<span class=\"wordlink\"><a href=\"dosearch.php?searchkey=2099&amp;language=id\"><span class=\"eastsyriac\">\u0713\u0718\u073c\u0722\u0735\u071d\u0735\u0710</span></a>, <a href=\"dosearch.php?searchkey=16556&amp;language=id\"><span class=\"eastsyriac\">\u0717\u0738\u072a\u072c\u0735\u0710</span></a>, <a href=\"dosearch.php?searchkey=4832&amp;language=id\"><span class=\"eastsyriac\">\u071a\u0738\u072a\u071d\u0735\u0722\u0735\u0710</span></a>, <a href=\"dosearch.php?searchkey=16557&amp;language=id\"><span class=\"eastsyriac\">\u0721\u0732\u0723\u0712\u0742\u0735\u0710 \u0718\u0721\u0732\u072c\u0720\u0735\u0710</span></a>, <a href=\"dosearch.php?searchkey=9552&amp;language=id\"><span class=\"eastsyriac\">\u0723\u0718\u073c\u0726\u0723\u0735\u072a\u0735\u0710</span></a>, <a href=\"dosearch.php?searchkey=2878&amp;language=id\"><span class=\"eastsyriac\">\u0715\u0718\u073c\u072a\u0735\u072b\u0735\u0710</span></a>, <a href=\"dosearch.php?searchkey=16558&amp;language=id\"><span class=\"eastsyriac\">\u071f\u0732\u0723\u071f\u0738\u0723</span></a>, <a href=\"dosearch.php?searchkey=16559&amp;language=id\"><span class=\"eastsyriac\">\u0722\u0735\u0728\u0735\u0710</span></a>, <a href=\"dosearch.php?searchkey=16560&amp;language=id\"><span class=\"eastsyriac\">\u0721\u0723\u0735\u072a\u0739\u0712</span></a>, <a href=\"dosearch.php?searchkey=16561&amp;language=id\"><span class=\"eastsyriac\">\u0721\u0732\u0729\u072a\u0738\u0728</span></a>, <a href=\"dosearch.php?searchkey=16563&amp;language=id\"><span class=\"eastsyriac\">\u0715\u0735\u072a\u0738\u072b</span></a>, <a href=\"dosearch.php?searchkey=2658&amp;language=id\"><span class=\"eastsyriac\">\u0715\u0735\u0710\u0718\u071d\u073c</span></a>, <a href=\"dosearch.php?searchkey=16564&amp;language=id\"><span class=\"eastsyriac\">\u0721\u0712\u0735\u071a\u0738\u0722 \u0725\u0732\u0721</span></a></span>"], "key": "16562", "west": "\u0729\u0730\u072a\u0729\u0736\u072a", "phonetic": "<td>' qar qir</td>", "east": "\u0729\u0732\u072a\u0729\u0738\u072a"},
{"searchkey": "10929", "audio": [], "context": ["Yoab Benjamin : noun", "Bailis Shamun"], "webrank": 60, "text": [" : 1) to persuade , to convince , to induce , to talk into / around / down , to win approval , to argue into , to bring to , to win over , to coax (?) / to sell (?) ;\r\n2) ", " : an answer ;\r\n3) ", ": a proof ;"], "english": "<td>1) to persuade , to convince , to induce , to talk into / around / down , to win approval , to argue into , to bring to , to win over , to coax (?) / to sell (?) ;\r\n2) <span class=\"context\">Yoab Benjamin : noun</span> : an answer ;\r\n3) <span class=\"context\">Bailis Shamun</span>: a proof ;</td>", "cf": ["<span class=\"wordlink\"><a href=\"dosearch.php?searchkey=18526&amp;language=id\"><span class=\"eastsyriac\">\u0726\u071d\u0723</span></a>, <a href=\"dosearch.php?searchkey=10929&amp;language=id\"><span class=\"eastsyriac\">\u0726\u071d\u0735\u0723\u0735\u0710</span></a>, <a href=\"dosearch.php?searchkey=10936&amp;language=id\"><span class=\"eastsyriac\">\u0726\u071d\u0735\u0723\u072c\u0735\u0710</span></a>, <a href=\"dosearch.php?searchkey=8266&amp;language=id\"><span class=\"eastsyriac\">\u0721\u0726\u071d\u073c\u0723\u0735\u0722\u0718\u073c\u072c\u0735\u0710</span></a></span>", "<span class=\"wordlink\"><a href=\"dosearch.php?searchkey=8375&amp;language=id\"><span class=\"eastsyriac\">\u0721\u0732\u0729\u0712\u0718\u073c\u0720\u0738\u0710</span></a>, <a href=\"dosearch.php?searchkey=8410&amp;language=id\"><span class=\"eastsyriac\">\u0721\u0732\u0729\u0720\u0718\u073c\u0712\u0739\u0710</span></a>, <a href=\"dosearch.php?searchkey=15458&amp;language=id\"><span class=\"eastsyriac\">\u072c\u0732\u071a\u0718\u071d\u073c\u072c\u0735\u0710</span></a>, <a href=\"dosearch.php?searchkey=14461&amp;language=id\"><span class=\"eastsyriac\">\u072b\u0718\u073c\u072a\u0735\u072a\u0735\u0710</span></a>, <a href=\"dosearch.php?searchkey=9442&amp;language=id\"><span class=\"eastsyriac\">\u0723\u0735\u0717\u0715\u0718\u073c\u072c\u0742\u0735\u0710</span></a>, <a href=\"dosearch.php?searchkey=34081&amp;language=id\"><span class=\"eastsyriac\">\u0723\u0735\u0712\u0718\u073f\u072c\u0718\u073c\u072c\u0735\u0710</span></a>, <a href=\"dosearch.php?searchkey=33303&amp;language=id\"><span class=\"eastsyriac\">\u0721\u071a\u0735\u0718\u071d\u0735\u0722\u0718\u073c\u072c\u0735\u0710</span></a></span>"], "key": "10929", "west": "\u0726\u071d\u0733\u0723\u0733\u0710", "phonetic": "<td>' pia: sa:</td>", "east": "\u0726\u071d\u0735\u0723\u0735\u0710"},
{"searchkey": "18404", "audio": [], "context": ["Classical Syriac, NENA"], "webrank": 40, "text": [" : 1) ", " : to chop , to cut up , to split"], "english": "<td>1) <span class=\"context\">Classical Syriac, NENA</span> : to chop , to cut up , to split ;\r\n<span class=\"locution\"><span class=\"eastsyriac\">\u0723\u0735\u071b\u0738\u0726 \u0721\u0738\u0719\u072c\u0735\u0710</span></span> : to split hairs , to quibble / to argue , to prevaricate ;\r\n2) <span class=\"context\">ship</span> : to make way / to sail , to plough the seas ;\r\n3) <span class=\"context\">Bailis Shamun</span> : to stipulate , to specify (?) / <span class=\"context\">see <a href=\"dosearch.php?searchkey=cayen&amp;language=fullsyriac\"><span class=\"eastsyriac\">\u0725\u0732\u071d\u0738\u0722</span></a></span> ;</td>", "cf": ["<span class=\"wordlink\"><a href=\"dosearch.php?searchkey=9630&amp;language=id\"><span class=\"eastsyriac\">\u0723\u071b\u0735\u0726\u0735\u0710</span></a>, <a href=\"dosearch.php?searchkey=27311&amp;language=id\"><span class=\"eastsyriac\">\u0723\u0738\u071b\u0726\u0735\u0710</span></a></span>", "<span class=\"wordlink\"><a href=\"dosearch.php?searchkey=28457&amp;language=id\"><span class=\"eastsyriac\">\u0728\u0735\u071b\u0738\u0726</span></a></span>", "<span class=\"wordlink\"><a href=\"dosearch.php?searchkey=33395&amp;language=id\"><span class=\"eastsyriac\">\u0729\u0735\u0728\u0738\u0728</span></a>, <a href=\"dosearch.php?searchkey=33396&amp;language=id\"><span class=\"eastsyriac\">\u072b\u0735\u072a\u0739\u071b</span></a>, <a href=\"dosearch.php?searchkey=33394&amp;language=id\"><span class=\"eastsyriac\">\u072c\u0718\u073c\u0722\u0718\u0735\u071d\u0735\u0710</span></a>, <a href=\"dosearch.php?searchkey=33393&amp;language=id\"><span class=\"eastsyriac\">\u072c\u0732\u0722\u0718\u0739\u0710</span></a>, <a href=\"dosearch.php?searchkey=&amp;language=fullsyriac\"><span class=\"eastsyriac\"></span></a>, <a href=\"dosearch.php?searchkey=33397&amp;language=id\"><span class=\"eastsyriac\">\u072c\u0738\u0722\u0718\u0732\u071d</span></a></span>"], "key": "18404", "west": "\u0723\u0733\u071b\u0736\u0726", "phonetic": "<td>' sa: \u1e6dip</td>", "east": "\u0723\u0735\u071b\u0739\u0726"},
{"searchkey": "26125", "audio": [], "context": [], "webrank": 10, "text": [" : to quarrel , to argue , to squabble , to have an argument / to have a tiff  , to have a catfight (?) / to tear each other's hair (?) ;"], "english": "<td>to quarrel , to argue , to squabble , to have an argument / to have a tiff  , to have a catfight (?) / to tear each other's hair (?) ;</td>", "cf": ["<span class=\"wordlink\"><a href=\"dosearch.php?searchkey=26126&amp;language=id\"><span class=\"eastsyriac\">\u0721\u0747\u0729\u0732\u0720\u0732\u0725\u072c\u0742\u0735\u0710</span></a>, <a href=\"dosearch.php?searchkey=28929&amp;language=id\"><span class=\"eastsyriac\">\u0729\u0735\u0720\u0738\u0725</span></a></span>", "<span class=\"wordlink\"><a href=\"dosearch.php?searchkey=26124&amp;language=id\"><span class=\"eastsyriac\">\u0721\u0729\u0735\u0720\u0739\u0710</span></a></span>"], "key": "26125", "west": "\u0721\u0729\u0733\u0720\u0736\u0725", "phonetic": "<td>' mqa: l\u00e9</td>", "east": "\u0721\u0729\u0735\u0720\u0738\u0725"},
{"searchkey": "16561", "audio": [], "context": ["causative of \u0729\u0735\u072a\u0738\u0728", "in argument"], "webrank": 20, "text": [" : 1) ", " : \r\n2) to quarrel , to dispute , to contend , to strive ", " , to squabble , to argue , to go to law ;"], "english": "<td>1) <span class=\"context\">causative of <a href=\"dosearch.php?searchkey=qAreS&amp;language=fullsyriac\"><span class=\"eastsyriac\">\u0729\u0735\u072a\u0738\u0728</span></a></span> : \r\n2) to quarrel , to dispute , to contend , to strive <span class=\"context\">in argument</span> , to squabble , to argue , to go to law ;</td>", "cf": ["<span class=\"wordlink\"><a href=\"dosearch.php?searchkey=13215&amp;language=id\"><span class=\"eastsyriac\">\u0729\u0732\u072a\u0728\u0735\u0710</span></a>, <a href=\"dosearch.php?searchkey=8435&amp;language=id\"><span class=\"eastsyriac\">\u0721\u0732\u0729\u0735\u072a\u0735\u0728\u0718\u073c\u072c\u0735\u0710</span></a></span>", "<span class=\"wordlink\"><a href=\"dosearch.php?searchkey=2099&amp;language=id\"><span class=\"eastsyriac\">\u0713\u0718\u073c\u0722\u0735\u071d\u0735\u0710</span></a>, <a href=\"dosearch.php?searchkey=16556&amp;language=id\"><span class=\"eastsyriac\">\u0717\u0738\u072a\u072c\u0735\u0710</span></a>, <a href=\"dosearch.php?searchkey=4832&amp;language=id\"><span class=\"eastsyriac\">\u071a\u0738\u072a\u071d\u0735\u0722\u0735\u0710</span></a>, <a href=\"dosearch.php?searchkey=16557&amp;language=id\"><span class=\"eastsyriac\">\u0721\u0732\u0723\u0712\u0742\u0735\u0710 \u0718\u0721\u0732\u072c\u0720\u0735\u0710</span></a>, <a href=\"dosearch.php?searchkey=9552&amp;language=id\"><span class=\"eastsyriac\">\u0723\u0718\u073c\u0726\u0723\u0735\u072a\u0735\u0710</span></a>, <a href=\"dosearch.php?searchkey=2878&amp;language=id\"><span class=\"eastsyriac\">\u0715\u0718\u073c\u072a\u0735\u072b\u0735\u0710</span></a>, <a href=\"dosearch.php?searchkey=16558&amp;language=id\"><span class=\"eastsyriac\">\u071f\u0732\u0723\u071f\u0738\u0723</span></a>, <a href=\"dosearch.php?searchkey=16559&amp;language=id\"><span class=\"eastsyriac\">\u0722\u0735\u0728\u0735\u0710</span></a>, <a href=\"dosearch.php?searchkey=16560&amp;language=id\"><span class=\"eastsyriac\">\u0721\u0723\u0735\u072a\u0739\u0712</span></a>, <a href=\"dosearch.php?searchkey=16562&amp;language=id\"><span class=\"eastsyriac\">\u0729\u0732\u072a\u0729\u0738\u072a</span></a>, <a href=\"dosearch.php?searchkey=16563&amp;language=id\"><span class=\"eastsyriac\">\u0715\u0735\u072a\u0738\u072b</span></a>, <a href=\"dosearch.php?searchkey=2658&amp;language=id\"><span class=\"eastsyriac\">\u0715\u0735\u0710\u0718\u071d\u073c</span></a>, <a href=\"dosearch.php?searchkey=16564&amp;language=id\"><span class=\"eastsyriac\">\u0721\u0712\u0735\u071a\u0738\u0722 \u0725\u0732\u0721</span></a></span>"], "key": "16561", "west": "\u0721\u0730\u0729\u072a\u0736\u0728", "phonetic": "<td>' maq ri\u1e63</td>", "east": "\u0721\u0732\u0729\u072a\u0738\u0728"},
{"searchkey": "16559", "audio": [], "context": [], "webrank": 30, "text": [" : to dispute , to argue , to quibble ;"], "english": "<td>to dispute , to argue , to quibble ;</td>", "cf": ["<span class=\"wordlink\"><a href=\"dosearch.php?searchkey=nS%27&amp;language=fullsyriac\"><span class=\"eastsyriac\">\u0722\u0728\u0710</span></a>, <a href=\"dosearch.php?searchkey=33896&amp;language=id\"><span class=\"eastsyriac\">\u0722\u0732\u0728\u0735\u071d\u0735\u0710</span></a></span>", "<span class=\"wordlink\"><a href=\"dosearch.php?searchkey=2099&amp;language=id\"><span class=\"eastsyriac\">\u0713\u0718\u073c\u0722\u0735\u071d\u0735\u0710</span></a>, <a href=\"dosearch.php?searchkey=16556&amp;language=id\"><span class=\"eastsyriac\">\u0717\u0738\u072a\u072c\u0735\u0710</span></a>, <a href=\"dosearch.php?searchkey=4832&amp;language=id\"><span class=\"eastsyriac\">\u071a\u0738\u072a\u071d\u0735\u0722\u0735\u0710</span></a>, <a href=\"dosearch.php?searchkey=16557&amp;language=id\"><span class=\"eastsyriac\">\u0721\u0732\u0723\u0712\u0742\u0735\u0710 \u0718\u0721\u0732\u072c\u0720\u0735\u0710</span></a>, <a href=\"dosearch.php?searchkey=9552&amp;language=id\"><span class=\"eastsyriac\">\u0723\u0718\u073c\u0726\u0723\u0735\u072a\u0735\u0710</span></a>, <a href=\"dosearch.php?searchkey=2878&amp;language=id\"><span class=\"eastsyriac\">\u0715\u0718\u073c\u072a\u0735\u072b\u0735\u0710</span></a>, <a href=\"dosearch.php?searchkey=16558&amp;language=id\"><span class=\"eastsyriac\">\u071f\u0732\u0723\u071f\u0738\u0723</span></a>, <a href=\"dosearch.php?searchkey=msArEbL&amp;language=fullsyriac\"><span class=\"eastsyriac\">\u0721\u0723\u0735\u072a\u0739\u0712\u0742</span></a>, <a href=\"dosearch.php?searchkey=maqreS&amp;language=fullsyriac\"><span class=\"eastsyriac\">\u0721\u0732\u0729\u072a\u0738\u0728</span></a>, <a href=\"dosearch.php?searchkey=qarqer&amp;language=fullsyriac\"><span class=\"eastsyriac\">\u0729\u0732\u072a\u0729\u0738\u072a</span></a>, <a href=\"dosearch.php?searchkey=dArej&amp;language=fullsyriac\"><span class=\"eastsyriac\">\u0715\u0735\u072a\u0738\u072b</span></a>, <a href=\"dosearch.php?searchkey=2658&amp;language=id\"><span class=\"eastsyriac\">\u0715\u0735\u0710\u0718\u071d\u073c</span></a></span>"], "key": "16559", "west": "\u0722\u0733\u0728\u0733\u0710", "phonetic": "<td>' na: \u1e63a:</td>", "east": "\u0722\u0735\u0728\u0735\u0710"}
]