[
{"searchkey": "16400", "audio": [], "context": ["transitive verb, sometimes with \u0725\u0732\u0720", "Jonas : 3, 6"], "webrank": 10, "text": [" : ", " : to conceal , to hide , to camouflage , to secrete , to blanket , to cover , to mantle / to cloak ;\r\n", " :"], "english": "<td><span class=\"context\">transitive verb, sometimes with <a href=\"dosearch.php?searchkey=cal&amp;language=fullsyriac\"><span class=\"eastsyriac\">\u0725\u0732\u0720</span></a></span> : to conceal , to hide , to camouflage , to secrete , to blanket , to cover , to mantle / to cloak ;\r\n<span class=\"context\">Jonas : 3, 6</span> : <span class=\"locution\"><span class=\"eastsyriac\">\u0721\u071f\u0735\u0723\u0739\u0710 \u0723\u0732\u0729\u0735\u0710</span></span> : to put on sackcloth <span class=\"context\">a show of grief among Assyrians</span> ;\r\n<span class=\"context\">Malachiah : 2, 13</span> : <span class=\"locution\"><span class=\"eastsyriac\">\u0721\u071f\u0735\u0723\u0739\u0710 \u072a\u0738\u0721\u0725\u0739\u072c\u0735\u0710 \u0720\u0721\u0732\u0715\u0742\u0712\u071a\u0735\u0710</span></span> : to cover the altar with tears ;\r\n3) <span class=\"context\">Al Qosh especially</span> : to be covered ;\r\n4) to array ;\r\n5) to blindfold ;</td>", "cf": ["<span class=\"wordlink\"><a href=\"dosearch.php?searchkey=16404&amp;language=id\"><span class=\"eastsyriac\">\u0721\u0732\u071f\u0738\u0723</span></a>, <a href=\"dosearch.php?searchkey=16400&amp;language=id\"><span class=\"eastsyriac\">\u0721\u071f\u0735\u0723\u0739\u0710</span></a>, <a href=\"dosearch.php?searchkey=17526&amp;language=id\"><span class=\"eastsyriac\">\u071f\u0723\u0710</span></a>, <a href=\"dosearch.php?searchkey=6245&amp;language=id\"><span class=\"eastsyriac\">\u071f\u0735\u0723\u0718\u073f\u071d\u0739\u0710</span></a>, <a href=\"dosearch.php?searchkey=7759&amp;language=id\"><span class=\"eastsyriac\">\u0721\u0735\u071f\u0718\u073c\u0723\u0739\u0710</span></a>, <a href=\"dosearch.php?searchkey=6238&amp;language=id\"><span class=\"eastsyriac\">\u071f\u0723\u0735\u0710</span></a>, <a href=\"dosearch.php?searchkey=6254&amp;language=id\"><span class=\"eastsyriac\">\u071f\u0723\u0735\u071d\u0735\u0710</span></a>, <a href=\"dosearch.php?searchkey=6258&amp;language=id\"><span class=\"eastsyriac\">\u071f\u0723\u0735\u071d\u072c\u0735\u0710</span></a>, <a href=\"dosearch.php?searchkey=18990&amp;language=id\"><span class=\"eastsyriac\">\u0721\u0732\u071f\u0723</span></a>, <a href=\"dosearch.php?searchkey=5853&amp;language=id\"><span class=\"eastsyriac\">\u071f\u0718\u073c\u0723\u0735\u071d\u0735\u0710</span></a>, <a href=\"dosearch.php?searchkey=23624&amp;language=id\"><span class=\"eastsyriac\">\u0721\u071f\u0735\u0723\u0735\u071d\u072c\u0735\u0710</span></a>, <a href=\"dosearch.php?searchkey=25267&amp;language=id\"><span class=\"eastsyriac\">\u0721\u0732\u071f\u0732\u0723\u072c\u0735\u0710</span></a></span>", "<span class=\"wordlink\"><a href=\"dosearch.php?searchkey=16393&amp;language=id\"><span class=\"eastsyriac\">\u0715\u0735\u0726\u0739\u0722</span></a>, <a href=\"dosearch.php?searchkey=16394&amp;language=id\"><span class=\"eastsyriac\">\u071f\u0735\u0721\u0739\u0722</span></a>, <a href=\"dosearch.php?searchkey=16395&amp;language=id\"><span class=\"eastsyriac\">\u0721\u0732\u071f\u0721\u0739\u0722</span></a>, <a href=\"dosearch.php?searchkey=16396&amp;language=id\"><span class=\"eastsyriac\">\u0721\u071f\u0735\u0722\u0739\u0726</span></a>, <a href=\"dosearch.php?searchkey=16397&amp;language=id\"><span class=\"eastsyriac\">\u071f\u0735\u072c\u0739\u0721</span></a>, <a href=\"dosearch.php?searchkey=2397&amp;language=id\"><span class=\"eastsyriac\">\u0713\u0722\u0735\u0710</span></a>, <a href=\"dosearch.php?searchkey=2442&amp;language=id\"><span class=\"eastsyriac\">\u0713\u0722\u0735\u071d\u0735\u0710</span></a>, <a href=\"dosearch.php?searchkey=16398&amp;language=id\"><span class=\"eastsyriac\">\u071a\u0735\u0720\u0739\u0715</span></a>, <a href=\"dosearch.php?searchkey=16399&amp;language=id\"><span class=\"eastsyriac\">\u071a\u0732\u0720\u0715\u0739\u0710</span></a>, <a href=\"dosearch.php?searchkey=16392&amp;language=id\"><span class=\"eastsyriac\">\u0721\u071b\u0735\u072b\u0739\u0710</span></a>, <a href=\"dosearch.php?searchkey=16401&amp;language=id\"><span class=\"eastsyriac\">\u0721\u071a\u0735\u0721\u0739\u0710</span></a>, <a href=\"dosearch.php?searchkey=16402&amp;language=id\"><span class=\"eastsyriac\">\u0713\u0722\u071d\u073c\u0719\u0735\u0710</span></a>, <a href=\"dosearch.php?searchkey=16403&amp;language=id\"><span class=\"eastsyriac\">\u0712\u071b\u071d\u073c\u0722\u0735\u0710</span></a>, <a href=\"dosearch.php?searchkey=5306&amp;language=id\"><span class=\"eastsyriac\">\u071b\u072b\u0735\u0710</span></a></span>"], "key": "16400", "west": "\u0721\u071f\u0733\u0723\u0736\u0710", "phonetic": "<td>' (m) ka: si:</td>", "east": "\u0721\u071f\u0735\u0723\u0739\u0710"},
{"searchkey": "32669", "audio": [], "context": ["adjective", "noun"], "webrank": 2, "text": [" : 1) ", " : public ;\r\n2) ", " :a) public records , b) a prison , c) a tribute , a tax ;\r\n3)"], "english": "<td>1) <span class=\"context\">adjective</span> : public ;\r\n2) <span class=\"context\">noun</span> :a) public records , b) a prison , c) a tribute , a tax ;\r\n3) <span class=\"locution\"><span class=\"eastsyriac\">\u0729\u072a\u0735\u0712\u0742\u0735\u0710 \u0715\u0715\u071d\u073c\u0721\u0718\u073f\u0723\u071d\u0735\u0710</span></span> : battle array , <span class=\"context\">Akkadian : <i>sadirtu</i> / <i>sidirtu</i></span> ;</td>", "cf": ["<span class=\"wordlink\"><a href=\"dosearch.php?searchkey=32667&amp;language=id\"><span class=\"eastsyriac\">\u0715\u071d\u073c\u0721\u0718\u073f\u0713\u072a\u0735\u0710\u0726\u0330\u071d\u073c\u0718\u073c\u072c\u0735\u0710</span></a>, <a href=\"dosearch.php?searchkey=7127&amp;language=id\"><span class=\"eastsyriac\">\u0721\u0732\u0715\u0732\u0710\u072c\u0735\u0710</span></a>, <a href=\"dosearch.php?searchkey=2178&amp;language=id\"><span class=\"eastsyriac\">\u0713\u0719\u071d\u073c\u072c\u0735\u0710</span></a></span>"], "key": "32669", "west": "\u0715\u073a\u071d\u0721\u073d\u0718\u0723\u071d\u0733\u0710", "phonetic": "<td>di: ' mu sia:</td>", "east": "\u0715\u071d\u073c\u0721\u0718\u073f\u0723\u071d\u0735\u0710"},
{"searchkey": "4800", "audio": [], "context": [], "webrank": 4, "text": [" : 1) to array , to place in order , to set in order , to set forth in order , to arrange ;\r\n2) to harness ; "], "english": "<td>1) to array , to place in order , to set in order , to set forth in order , to arrange ;\r\n2) to harness ; </td>", "cf": ["<span class=\"wordlink\"><a href=\"dosearch.php?searchkey=4797&amp;language=id\"><span class=\"eastsyriac\">\u071a\u0738\u072a\u0719\u0735\u0710</span></a>, <a href=\"dosearch.php?searchkey=4827&amp;language=id\"><span class=\"eastsyriac\">\u071a\u072a\u071d\u073c\u0719\u0718\u073c\u072c\u0735\u0710</span></a>, <a href=\"dosearch.php?searchkey=xArez&amp;language=fullsyriac\"><span class=\"eastsyriac\">\u071a\u0735\u072a\u0738\u0719</span></a></span>", "<span class=\"wordlink\"><a href=\"dosearch.php?searchkey=10628&amp;language=id\"><span class=\"eastsyriac\">\u0726\u0713\u0735\u0715\u0735\u0710</span></a>, <a href=\"dosearch.php?searchkey=12675&amp;language=id\"><span class=\"eastsyriac\">\u0729\u071b\u0735\u0723\u0735\u0710</span></a>, <a href=\"dosearch.php?searchkey=11672&amp;language=id\"><span class=\"eastsyriac\">\u0728\u0712\u0742\u0735\u072c\u0735\u0710</span></a>, <a href=\"dosearch.php?searchkey=8503&amp;language=id\"><span class=\"eastsyriac\">\u0721\u0732\u072a\u071d\u0732\u0719\u072c\u0735\u0710</span></a>, <a href=\"dosearch.php?searchkey=6886&amp;language=id\"><span class=\"eastsyriac\">\u0720\u0729\u0735\u071d\u0715\u0735\u0710</span></a>, <a href=\"dosearch.php?searchkey=8499&amp;language=id\"><span class=\"eastsyriac\">\u0721\u0732\u072a\u071d\u0718\u073c\u0719\u0739\u0710</span></a>, <a href=\"dosearch.php?searchkey=9434&amp;language=id\"><span class=\"eastsyriac\">\u0723\u0715\u071d\u073c\u072a\u0718\u073c\u072c\u0735\u0710</span></a>, <a href=\"dosearch.php?searchkey=9437&amp;language=id\"><span class=\"eastsyriac\">\u0723\u0715\u0735\u072a\u0735\u0710</span></a>, <a href=\"dosearch.php?searchkey=9438&amp;language=id\"><span class=\"eastsyriac\">\u0723\u0738\u0715\u072a\u0735\u0710</span></a>, <a href=\"dosearch.php?searchkey=4800&amp;language=id\"><span class=\"eastsyriac\">\u071a\u072a\u0735\u0719\u0735\u0710</span></a>, <a href=\"dosearch.php?searchkey=5113&amp;language=id\"><span class=\"eastsyriac\">\u071b\u071f\u0742\u0735\u0723\u0735\u0710</span></a>, <a href=\"dosearch.php?searchkey=13222&amp;language=id\"><span class=\"eastsyriac\">\u0729\u0732\u072a\u0729\u0718\u073c\u0719\u0739\u0710</span></a></span>"], "key": "4800", "west": "\u071a\u072a\u0733\u0719\u0733\u0710", "phonetic": "<td>' \u1e25ra: za:</td>", "east": "\u071a\u072a\u0735\u0719\u0735\u0710"},
{"searchkey": "4827", "audio": [], "context": [], "webrank": 6, "text": [" : the array , the state of being arranged or set in order ;"], "english": "<td>the array , the state of being arranged or set in order ;</td>", "cf": ["<span class=\"wordlink\"><a href=\"dosearch.php?searchkey=4797&amp;language=id\"><span class=\"eastsyriac\">\u071a\u0738\u072a\u0719\u0735\u0710</span></a></span>", "<span class=\"wordlink\"><a href=\"dosearch.php?searchkey=12690&amp;language=id\"><span class=\"eastsyriac\">\u0729\u0735\u071b\u0735\u072a</span></a>, <a href=\"dosearch.php?searchkey=2741&amp;language=id\"><span class=\"eastsyriac\">\u0715\u0735\u0715\u0718\u073c\u0720\u072c\u0735\u0710</span></a>, <a href=\"dosearch.php?searchkey=13303&amp;language=id\"><span class=\"eastsyriac\">\u0729\u0735\u072c\u0735\u072a</span></a></span>"], "key": "4827", "west": "\u071a\u072a\u073a\u071d\u0719\u073d\u0718\u072c\u0733\u0710", "phonetic": "<td>\u1e25ri: ' zu: ta</td>", "east": "\u071a\u072a\u071d\u073c\u0719\u0718\u073c\u072c\u0735\u0710"},
{"searchkey": "4797", "audio": [], "context": ["Maclean", "written on paper, Arabic origin"], "webrank": 3, "text": [" : 1) an array , a line , a regular and imposing arrangement , an order ;\r\n2) a harness ; \r\n", " : 3) a charm ", " ;\r\n4) the unlaid eggs of a killed hen ;"], "english": "<td>1) an array , a line , a regular and imposing arrangement , an order ;\r\n2) a harness ; \r\n<span class=\"context\">Maclean</span> : 3) a charm <span class=\"context\">written on paper, Arabic origin</span> ;\r\n4) the unlaid eggs of a killed hen ;</td>", "cf": ["<span class=\"wordlink\"><a href=\"dosearch.php?searchkey=4827&amp;language=id\"><span class=\"eastsyriac\">\u071a\u072a\u071d\u073c\u0719\u0718\u073c\u072c\u0735\u0710</span></a>, <a href=\"dosearch.php?searchkey=4800&amp;language=id\"><span class=\"eastsyriac\">\u071a\u072a\u0735\u0719\u0735\u0710</span></a>, <a href=\"dosearch.php?searchkey=22299&amp;language=id\"><span class=\"eastsyriac\">\u071a\u0735\u072a\u0738\u0719</span></a></span>", "<span class=\"wordlink\"><a href=\"dosearch.php?searchkey=10628&amp;language=id\"><span class=\"eastsyriac\">\u0726\u0713\u0735\u0715\u0735\u0710</span></a>, <a href=\"dosearch.php?searchkey=12690&amp;language=id\"><span class=\"eastsyriac\">\u0729\u0735\u071b\u0735\u072a</span></a>, <a href=\"dosearch.php?searchkey=2741&amp;language=id\"><span class=\"eastsyriac\">\u0715\u0735\u0715\u0718\u073c\u0720\u072c\u0735\u0710</span></a>, <a href=\"dosearch.php?searchkey=4962&amp;language=id\"><span class=\"eastsyriac\">\u071b\u0735\u0712\u0718\u073f\u072a</span></a>, <a href=\"dosearch.php?searchkey=10773&amp;language=id\"><span class=\"eastsyriac\">\u0726\u0718\u073c\u072a\u0715\u0735\u072b\u0735\u0710</span></a>, <a href=\"dosearch.php?searchkey=13303&amp;language=id\"><span class=\"eastsyriac\">\u0729\u0735\u072c\u0735\u072a</span></a></span>"], "key": "4797", "west": "\u071a\u0736\u072a\u0719\u0733\u0710", "phonetic": "<td>' \u1e25ir za:</td>", "east": "\u071a\u0738\u072a\u0719\u0735\u0710"},
{"searchkey": "2741", "audio": [], "context": ["figs, pearls , garlic ..."], "webrank": 1, "text": [" : 1) harness , part of the loom comprising the heddles with their means of support and motion by which the threads of the warp are alternately raised and depressed for the passage of the shuttle ;\r\n2) ", " : an array , an orderly collection ,a row , a tier , a line , a regular arrangement , a string of beads ;"], "english": "<td>1) harness , part of the loom comprising the heddles with their means of support and motion by which the threads of the warp are alternately raised and depressed for the passage of the shuttle ;\r\n2) <span class=\"context\">figs, pearls , garlic ...</span> : an array , an orderly collection ,a row , a tier , a line , a regular arrangement , a string of beads ;</td>", "cf": ["<span class=\"wordlink\"><a href=\"dosearch.php?searchkey=12690&amp;language=id\"><span class=\"eastsyriac\">\u0729\u0735\u071b\u0735\u072a</span></a>, <a href=\"dosearch.php?searchkey=4797&amp;language=id\"><span class=\"eastsyriac\">\u071a\u0738\u072a\u0719\u0735\u0710</span></a>, <a href=\"dosearch.php?searchkey=4827&amp;language=id\"><span class=\"eastsyriac\">\u071a\u072a\u071d\u073c\u0719\u0718\u073c\u072c\u0735\u0710</span></a>, <a href=\"dosearch.php?searchkey=4962&amp;language=id\"><span class=\"eastsyriac\">\u071b\u0735\u0712\u0718\u073f\u072a</span></a>, <a href=\"dosearch.php?searchkey=10773&amp;language=id\"><span class=\"eastsyriac\">\u0726\u0718\u073c\u072a\u0715\u0735\u072b\u0735\u0710</span></a>, <a href=\"dosearch.php?searchkey=13303&amp;language=id\"><span class=\"eastsyriac\">\u0729\u0735\u072c\u0735\u072a</span></a>, <a href=\"dosearch.php?searchkey=24607&amp;language=id\"><span class=\"eastsyriac\">\u0721\u0732\u0715\u0738\u0720</span></a>, <a href=\"dosearch.php?searchkey=7757&amp;language=id\"><span class=\"eastsyriac\">\u0721\u0732\u071f\u0718\u073c\u071f\u0735\u0710</span></a></span>"], "key": "2741", "west": "\u0715\u0733\u0715\u073d\u0718\u0720\u072c\u0733\u0710", "phonetic": "<td>da: ' dul ta:</td>", "east": "\u0715\u0735\u0715\u0718\u073c\u0720\u072c\u0735\u0710"},
{"searchkey": "4962", "audio": [], "context": [], "webrank": 7, "text": [" : a battalion , a body of troops in battle , an array , a column , a troop ;"], "english": "<td>a battalion , a body of troops in battle , an array , a column , a troop ;</td>", "cf": ["<span class=\"wordlink\"><a href=\"dosearch.php?searchkey=11621&amp;language=id\"><span class=\"eastsyriac\">\u072c\u0735\u0712\u0718\u073f\u072a</span></a></span>", "<span class=\"wordlink\"><a href=\"dosearch.php?searchkey=12690&amp;language=id\"><span class=\"eastsyriac\">\u0729\u0735\u071b\u0735\u072a</span></a>, <a href=\"dosearch.php?searchkey=2741&amp;language=id\"><span class=\"eastsyriac\">\u0715\u0735\u0715\u0718\u073c\u0720\u072c\u0735\u0710</span></a>, <a href=\"dosearch.php?searchkey=4797&amp;language=id\"><span class=\"eastsyriac\">\u071a\u0738\u072a\u0719\u0735\u0710</span></a>, <a href=\"dosearch.php?searchkey=4827&amp;language=id\"><span class=\"eastsyriac\">\u071a\u072a\u071d\u073c\u0719\u0718\u073c\u072c\u0735\u0710</span></a>, <a href=\"dosearch.php?searchkey=13303&amp;language=id\"><span class=\"eastsyriac\">\u0729\u0735\u072c\u0735\u072a</span></a></span>"], "key": "4962", "west": "\u071b\u0733\u0712\u073d\u0718\u072a", "phonetic": "<td>' \u1e6da: bu:r</td>", "east": "\u071b\u0735\u0712\u0718\u073f\u072a"},
{"searchkey": "18990", "audio": [], "context": ["causatif de \u071f\u0735\u0723\u0739\u0710", "blanket, snow ...", "fog, smoke", "a door", "see \u0721\u071f\u0735\u0723\u0739\u0710 1, 3, 4"], "webrank": 9, "text": [" : 1) ", " : ", " : to blanket , to cover , to mantle , ", " : to hide , to screen ;\r\n2) to shut ", " ;\r\n3) ", " : to cover , to hide , to array , to blindfold ;"], "english": "<td>1) <span class=\"context\">causatif de <a href=\"dosearch.php?searchkey=kAsE%27&amp;language=fullsyriac\"><span class=\"eastsyriac\">\u071f\u0735\u0723\u0739\u0710</span></a></span> : <span class=\"context\">blanket, snow ...</span> : to blanket , to cover , to mantle , <span class=\"context\">fog, smoke</span> : to hide , to screen ;\r\n2) to shut <span class=\"context\">a door</span> ;\r\n3) <span class=\"context\">see <a href=\"dosearch.php?searchkey=mkAsE%27&amp;language=fullsyriac\"><span class=\"eastsyriac\">\u0721\u071f\u0735\u0723\u0739\u0710</span></a> 1, 3, 4</span> : to cover , to hide , to array , to blindfold ;</td>", "cf": ["<span class=\"wordlink\"><a href=\"dosearch.php?searchkey=17526&amp;language=id\"><span class=\"eastsyriac\">\u071f\u0723\u0710</span></a>, <a href=\"dosearch.php?searchkey=6245&amp;language=id\"><span class=\"eastsyriac\">\u071f\u0735\u0723\u0718\u073f\u071d\u0739\u0710</span></a>, <a href=\"dosearch.php?searchkey=7759&amp;language=id\"><span class=\"eastsyriac\">\u0721\u0735\u071f\u0718\u073c\u0723\u0739\u0710</span></a>, <a href=\"dosearch.php?searchkey=6238&amp;language=id\"><span class=\"eastsyriac\">\u071f\u0723\u0735\u0710</span></a>, <a href=\"dosearch.php?searchkey=6258&amp;language=id\"><span class=\"eastsyriac\">\u071f\u0723\u0735\u071d\u072c\u0735\u0710</span></a>, <a href=\"dosearch.php?searchkey=16404&amp;language=id\"><span class=\"eastsyriac\">\u0721\u0732\u071f\u0723\u0739\u0710</span></a>, <a href=\"dosearch.php?searchkey=30950&amp;language=id\"><span class=\"eastsyriac\">\u0721\u071f\u0732\u0723\u0718\u073f\u071d\u0739\u0710</span></a>, <a href=\"dosearch.php?searchkey=30951&amp;language=id\"><span class=\"eastsyriac\">\u0721\u0732\u071f\u0723\u0718\u073f\u071d\u0739\u0710</span></a>, <a href=\"dosearch.php?searchkey=6254&amp;language=id\"><span class=\"eastsyriac\">\u071f\u0723\u0735\u071d\u0735\u0710</span></a>, <a href=\"dosearch.php?searchkey=5853&amp;language=id\"><span class=\"eastsyriac\">\u071f\u0718\u073c\u0723\u0735\u071d\u0735\u0710</span></a>, <a href=\"dosearch.php?searchkey=16400&amp;language=id\"><span class=\"eastsyriac\">\u0721\u071f\u0735\u0723\u0739\u0710</span></a>, <a href=\"dosearch.php?searchkey=25267&amp;language=id\"><span class=\"eastsyriac\">\u0721\u0732\u071f\u0732\u0723\u072c\u0735\u0710</span></a></span>", "<span class=\"wordlink\"><a href=\"dosearch.php?searchkey=2059&amp;language=id\"><span class=\"eastsyriac\">\u0713\u0330\u0718\u073c\u0720\u0720\u0739\u0710</span></a>, <a href=\"dosearch.php?searchkey=15481&amp;language=id\"><span class=\"eastsyriac\">\u072c\u0732\u071a\u0726\u071d\u073c\u072c\u0735\u0710</span></a>, <a href=\"dosearch.php?searchkey=5853&amp;language=id\"><span class=\"eastsyriac\">\u071f\u0718\u073c\u0723\u0735\u071d\u0735\u0710</span></a>, <a href=\"dosearch.php?searchkey=5916&amp;language=id\"><span class=\"eastsyriac\">\u071f\u0718\u073c\u072b\u0726\u0735\u0710</span></a>, <a href=\"dosearch.php?searchkey=18989&amp;language=id\"><span class=\"eastsyriac\">\u071f\u0718\u073c\u072b\u0735\u0726\u072c\u0735\u0710</span></a>, <a href=\"dosearch.php?searchkey=6866&amp;language=id\"><span class=\"eastsyriac\">\u0720\u0726\u0735\u0726\u0735\u0710</span></a>, <a href=\"dosearch.php?searchkey=13175&amp;language=id\"><span class=\"eastsyriac\">\u0729\u072a\u0735\u0721\u0735\u0710</span></a>, <a href=\"dosearch.php?searchkey=18991&amp;language=id\"><span class=\"eastsyriac\">\u0729\u0732\u0722\u0715\u0738\u071f\u0742</span></a>, <a href=\"dosearch.php?searchkey=33741&amp;language=id\"><span class=\"eastsyriac\">\u0719\u0732\u071f\u0739\u0710</span></a>, <a href=\"dosearch.php?searchkey=33742&amp;language=id\"><span class=\"eastsyriac\">\u0721\u0732\u0713\u0742\u0717\u0739\u0710</span></a></span>"], "key": "18990", "west": "\u0721\u0730\u071f\u0736\u0723", "phonetic": "<td>' ma kis</td>", "east": "\u0721\u0732\u071f\u0738\u0723"},
{"searchkey": "4826", "audio": [], "context": ["Oraham", "Bailis Shamun ; see \u0712\u072a\u071d\u073c\u0728\u0735\u0710"], "webrank": 5, "text": [" : 1) ", " : arrayed , set in order , arranged in order , set forth , arranged , systematic ;\r\n2) ", " : perforated , pierced , holed ;"], "english": "<td>1) <span class=\"context\">Oraham</span> : arrayed , set in order , arranged in order , set forth , arranged , systematic ;\r\n2) <span class=\"context\">Bailis Shamun ; see <a href=\"dosearch.php?searchkey=briSA%27&amp;language=fullsyriac\"><span class=\"eastsyriac\">\u0712\u072a\u071d\u073c\u0728\u0735\u0710</span></a></span> : perforated , pierced , holed ;</td>", "cf": ["<span class=\"wordlink\"><a href=\"dosearch.php?searchkey=xrz&amp;language=fullsyriac\"><span class=\"eastsyriac\">\u071a\u072a\u0719</span></a>, <a href=\"dosearch.php?searchkey=33766&amp;language=id\"><span class=\"eastsyriac\">\u071a\u0735\u072a\u0739\u0719</span></a></span>", "<span class=\"wordlink\"><a href=\"dosearch.php?searchkey=33514&amp;language=id\"><span class=\"eastsyriac\">\u0723\u0715\u071d\u073c\u072a\u0735\u0710</span></a>, <a href=\"dosearch.php?searchkey=4826&amp;language=id\"><span class=\"eastsyriac\">\u071a\u072a\u071d\u073c\u0719\u0735\u0710</span></a>, <a href=\"dosearch.php?searchkey=21754&amp;language=id\"><span class=\"eastsyriac\">\u0721\u071b\u0732\u071f\u0742\u0723\u0735\u0710</span></a>, <a href=\"dosearch.php?searchkey=33513&amp;language=id\"><span class=\"eastsyriac\">\u0721\u072c\u0732\u0729\u0722\u0735\u0710</span></a>, <a href=\"dosearch.php?searchkey=33515&amp;language=id\"><span class=\"eastsyriac\">\u0721\u0718\u073c\u072a\u071d\u0738\u0719\u0735\u0710</span></a>, <a href=\"dosearch.php?searchkey=33384&amp;language=id\"><span class=\"eastsyriac\">\u072a\u0739\u0710\u0719\u0735\u0722\u0735\u071d\u0735\u0710</span></a></span>"], "key": "4826", "west": "\u071a\u072a\u073a\u071d\u0719\u0733\u0710", "phonetic": "<td>' \u1e25ri: za:</td>", "east": "\u071a\u072a\u071d\u073c\u0719\u0735\u0710"},
{"searchkey": "9437", "audio": [], "context": ["transitive verb"], "webrank": 50, "text": [" : ", " : to arrange , to put in proper order , to set in array ;"], "english": "<td><span class=\"context\">transitive verb</span> : to arrange , to put in proper order , to set in array ;</td>", "cf": ["<span class=\"wordlink\"><a href=\"dosearch.php?searchkey=sdr&amp;language=fullsyriac\"><span class=\"eastsyriac\">\u0723\u0715\u072a</span></a>, <a href=\"dosearch.php?searchkey=9434&amp;language=id\"><span class=\"eastsyriac\">\u0723\u0715\u071d\u073c\u072a\u0718\u073c\u072c\u0735\u0710</span></a>, <a href=\"dosearch.php?searchkey=33514&amp;language=id\"><span class=\"eastsyriac\">\u0723\u0715\u071d\u073c\u072a\u0735\u0710</span></a>, <a href=\"dosearch.php?searchkey=9438&amp;language=id\"><span class=\"eastsyriac\">\u0723\u0738\u0715\u072a\u0735\u0710</span></a>, <a href=\"dosearch.php?searchkey=33514&amp;language=id\"><span class=\"eastsyriac\">\u0723\u0715\u071d\u073c\u072a\u0735\u0710</span></a>, <a href=\"dosearch.php?searchkey=27192&amp;language=id\"><span class=\"eastsyriac\">\u0723\u0738\u0715\u072a\u0735\u0722\u071d\u0735\u0710</span></a>, <a href=\"dosearch.php?searchkey=27193&amp;language=id\"><span class=\"eastsyriac\">\u0723\u0738\u0715\u072a\u0735\u0722\u0735\u071d\u072c\u0735\u0710</span></a>, <a href=\"dosearch.php?searchkey=34820&amp;language=id\"><span class=\"eastsyriac\">\u0723\u0715\u071d\u073c\u072a\u0735\u0710\u071d\u073c\u072c</span></a></span>", "<span class=\"wordlink\"><a href=\"dosearch.php?searchkey=11672&amp;language=id\"><span class=\"eastsyriac\">\u0728\u0712\u0742\u0735\u072c\u0735\u0710</span></a>, <a href=\"dosearch.php?searchkey=8503&amp;language=id\"><span class=\"eastsyriac\">\u0721\u0732\u072a\u071d\u0732\u0719\u072c\u0735\u0710</span></a>, <a href=\"dosearch.php?searchkey=6886&amp;language=id\"><span class=\"eastsyriac\">\u0720\u0729\u0735\u071d\u0715\u0735\u0710</span></a>, <a href=\"dosearch.php?searchkey=8499&amp;language=id\"><span class=\"eastsyriac\">\u0721\u0732\u072a\u071d\u0718\u073c\u0719\u0739\u0710</span></a>, <a href=\"dosearch.php?searchkey=12675&amp;language=id\"><span class=\"eastsyriac\">\u0729\u071b\u0735\u0723\u0735\u0710</span></a>, <a href=\"dosearch.php?searchkey=4800&amp;language=id\"><span class=\"eastsyriac\">\u071a\u072a\u0735\u0719\u0735\u0710</span></a>, <a href=\"dosearch.php?searchkey=5113&amp;language=id\"><span class=\"eastsyriac\">\u071b\u071f\u0742\u0735\u0723\u0735\u0710</span></a>, <a href=\"dosearch.php?searchkey=13222&amp;language=id\"><span class=\"eastsyriac\">\u0729\u0732\u072a\u0729\u0718\u073c\u0719\u0739\u0710</span></a></span>"], "key": "9437", "west": "\u0723\u0715\u0733\u072a\u0733\u0710", "phonetic": "<td>' sda: ra:</td>", "east": "\u0723\u0715\u0735\u072a\u0735\u0710"},
{"searchkey": "12019", "audio": [], "context": ["especially one to contain bridal array worn over full dress", "Bailis Shamun"], "webrank": 100, "text": [" : 1) a casket / case ", " ;\r\n2) ", " : a package , a pack ;"], "english": "<td>1) a casket / case <span class=\"context\">especially one to contain bridal array worn over full dress</span> ;\r\n2) <span class=\"context\">Bailis Shamun</span> : a package , a pack ;</td>", "cf": ["<span class=\"wordlink\"><a href=\"dosearch.php?searchkey=32838&amp;language=id\"><span class=\"eastsyriac\">\u0728\u0721\u0715</span></a>, <a href=\"dosearch.php?searchkey=SmAdA%27&amp;language=fullsyriac\"><span class=\"eastsyriac\">\u0728\u0721\u0735\u0715\u0735\u0710</span></a></span>", "<span class=\"wordlink\"><a href=\"dosearch.php?searchkey=6452&amp;language=id\"><span class=\"eastsyriac\">\u071f\u0738\u072a\u0721\u0718\u073c\u071f\u0742\u072c\u0735\u0710</span></a>, <a href=\"dosearch.php?searchkey=9776&amp;language=id\"><span class=\"eastsyriac\">\u0723\u0732\u0722\u0715\u0718\u073c\u0729\u0735\u0710</span></a>, <a href=\"dosearch.php?searchkey=27675&amp;language=id\"><span class=\"eastsyriac\">\u0725\u0718\u073c\u0720\u0712\u0735\u0710</span></a>, <a href=\"dosearch.php?searchkey=29375&amp;language=id\"><span class=\"eastsyriac\">\u0721\u0732\u0729\u071b\u0732\u072a\u072c\u0735\u0710</span></a>, <a href=\"dosearch.php?searchkey=33663&amp;language=id\"><span class=\"eastsyriac\">\u0721\u0739\u0710\u0723\u0735\u072a\u072c\u0735\u0710</span></a>, <a href=\"dosearch.php?searchkey=27675&amp;language=id\"><span class=\"eastsyriac\">\u0725\u0718\u073c\u0720\u0712\u0735\u0710</span></a>, <a href=\"dosearch.php?searchkey=33663&amp;language=id\"><span class=\"eastsyriac\">\u0721\u0739\u0710\u0723\u0735\u072a\u072c\u0735\u0710</span></a>, <a href=\"dosearch.php?searchkey=6480&amp;language=id\"><span class=\"eastsyriac\">\u071f\u0735\u072a\u072c\u0735\u0710</span></a>, <a href=\"dosearch.php?searchkey=29375&amp;language=id\"><span class=\"eastsyriac\">\u0721\u0732\u0729\u071b\u0732\u072a\u072c\u0735\u0710</span></a>, <a href=\"dosearch.php?searchkey=12019&amp;language=id\"><span class=\"eastsyriac\">\u0728\u0738\u0721\u0715\u0735\u0710</span></a></span>"], "key": "12019", "west": "\u0728\u0736\u0721\u0715\u0733\u0710", "phonetic": "<td>' \u1e63im da:</td>", "east": "\u0728\u0738\u0721\u0715\u0735\u0710"},
{"searchkey": "10773", "audio": [], "context": [], "webrank": 80, "text": [" : 1) a demonstration , an expression of outward signs , an exhibition / display / array , a show / proof ;\r\n2) an explanation ;"], "english": "<td>1) a demonstration , an expression of outward signs , an exhibition / display / array , a show / proof ;\r\n2) an explanation ;</td>", "cf": ["<span class=\"wordlink\"><a href=\"dosearch.php?searchkey=purdAjA%27&amp;language=fullsyriac\"><span class=\"eastsyriac\">\u0726\u0718\u073c\u072a\u0715\u0735\u072b\u0735\u0710</span></a>, <a href=\"dosearch.php?searchkey=%27apudikis&amp;language=fullsyriac\"><span class=\"eastsyriac\">\u0710\u0732\u0726\u0718\u073c\u0715\u071d\u073c\u071f\u071d\u073c\u0723</span></a>, <a href=\"dosearch.php?searchkey=xuwAy%27&amp;language=fullsyriac\"><span class=\"eastsyriac\">\u071a\u0718\u073c\u0718\u0735\u071d\u0710</span></a>, <a href=\"dosearch.php?searchkey=mxawyAnutA%27&amp;language=fullsyriac\"><span class=\"eastsyriac\">\u0721\u071a\u0732\u0718\u071d\u0735\u0722\u0718\u073c\u072c\u0735\u0710</span></a>, <a href=\"dosearch.php?searchkey=mapramtA%27&amp;language=fullsyriac\"><span class=\"eastsyriac\">\u0721\u0732\u0726\u072a\u0732\u0721\u072c\u0735\u0710</span></a>, <a href=\"dosearch.php?searchkey=metxawyAnutA%27&amp;language=fullsyriac\"><span class=\"eastsyriac\">\u0721\u0738\u072c\u071a\u0732\u0718\u071d\u0735\u0722\u0718\u073c\u072c\u0735\u0710</span></a>, <a href=\"dosearch.php?searchkey=sAbetutA%27&amp;language=fullsyriac\"><span class=\"eastsyriac\">\u0723\u0735\u0712\u0738\u072c\u0718\u073c\u072c\u0735\u0710</span></a>, <a href=\"dosearch.php?searchkey=12690&amp;language=id\"><span class=\"eastsyriac\">\u0729\u0735\u071b\u0735\u072a</span></a>, <a href=\"dosearch.php?searchkey=2741&amp;language=id\"><span class=\"eastsyriac\">\u0715\u0735\u0715\u0718\u073c\u0720\u072c\u0735\u0710</span></a>, <a href=\"dosearch.php?searchkey=4797&amp;language=id\"><span class=\"eastsyriac\">\u071a\u0738\u072a\u0719\u0735\u0710</span></a>, <a href=\"dosearch.php?searchkey=4827&amp;language=id\"><span class=\"eastsyriac\">\u071a\u072a\u071d\u073c\u0719\u0718\u073c\u072c\u0735\u0710</span></a>, <a href=\"dosearch.php?searchkey=4962&amp;language=id\"><span class=\"eastsyriac\">\u071b\u0735\u0712\u0718\u073f\u072a</span></a>, <a href=\"dosearch.php?searchkey=15458&amp;language=id\"><span class=\"eastsyriac\">\u072c\u0732\u071a\u0718\u071d\u073c\u072c\u0735\u0710</span></a>, <a href=\"dosearch.php?searchkey=14461&amp;language=id\"><span class=\"eastsyriac\">\u072b\u0718\u073c\u072a\u0735\u072a\u0735\u0710</span></a>, <a href=\"dosearch.php?searchkey=10929&amp;language=id\"><span class=\"eastsyriac\">\u0726\u071d\u0735\u0723\u0735\u0710</span></a>, <a href=\"dosearch.php?searchkey=9442&amp;language=id\"><span class=\"eastsyriac\">\u0723\u0735\u0717\u0715\u0718\u073c\u072c\u0742\u0735\u0710</span></a>, <a href=\"dosearch.php?searchkey=34081&amp;language=id\"><span class=\"eastsyriac\">\u0723\u0735\u0712\u0718\u073f\u072c\u0718\u073c\u072c\u0735\u0710</span></a>, <a href=\"dosearch.php?searchkey=33303&amp;language=id\"><span class=\"eastsyriac\">\u0721\u071a\u0735\u0718\u071d\u0735\u0722\u0718\u073c\u072c\u0735\u0710</span></a></span>"], "key": "10773", "west": "\u0726\u073d\u0718\u072a\u0715\u0733\u072b\u0733\u0710", "phonetic": "<td>pur ' da: \u0161a:</td>", "east": "\u0726\u0718\u073c\u072a\u0715\u0735\u072b\u0735\u0710"},
{"searchkey": "9438", "audio": [], "context": ["Exodus 28, 17"], "webrank": 60, "text": [" : 1) an array , a list , a row , a line , a string , an order , a series , an arrangement , a system , a layout ; "], "english": "<td>1) an array , a list , a row , a line , a string , an order , a series , an arrangement , a system , a layout ; <span class=\"context\">Exodus 28, 17 ; <span class=\"locution\"><span class=\"eastsyriac\">\u0718\u072c\u072b\u0720\u0721 \u0712\u0717 \u072b\u0720\u0721\u0718\u072c\u0710 \u0715\u071f\u0710\u0308\u0726\u0710\u0702 \u0710\u072a\u0308\u0712\u0725\u0710 \u0723\u0715\u072a\u0308\u071d\u0722 \u0715\u071f\u0710\u0308\u0726\u0710\u0702 \u0723\u0715\u072a\u0710 \u0729\u0715\u0721\u071d\u0710 \u0723\u0718\u0721\u0729\u0710 \u0718\u0719\u072a\u0713\u0710 \u0718\u0712\u072a\u0729\u0710\u0702 \u0723\u0715\u072a\u0710 \u071a\u0715\u0702</span></span></span> : and thou shalt set in it settings of stones, even four rows of stones: the first row shall be a sardius, a topaz, and a carbuncle: this shall be the first row ;\r\n2) a schedule an agenda , a time-table (?) , a program (?) / a plan (?) ;\r\n3) <span class=\"context\">Brock / Kiraz[ / (\u1e25thobonoyo , vernacular) : of school</span> :  a class , a classroom , a grade ; \r\n4) <span class=\"context\">Brock/Kiraz ; Classical Syriac</span> : a kind of prayer , <span class=\"context\">Sokoloff</span> :  a kind of hymn ;\r\n5) <span class=\"context\">Sokoloff</span> :  a curtain ;\r\n<span class=\"context\">Exodus 27, 9 ; <span class=\"locution\"><span class=\"eastsyriac\">\u0723\u0715\u072a\u0308\u0710 \u0715\u0715\u072a\u072c\u0710 \u0715\u0712\u0718\u0728\u0710 \u0725\u0719\u071d\u0720\u0710</span></span></span>  : curtains / \"hangings\" for the court / atrium of fine twined linen ;\r\n6) <span class=\"context\">Sokoloff</span> :  a battle line ; \r\n7) <span class=\"context\">Sokoloff</span> :  a chapter ;\r\n8) <span class=\"context\">a type of</span> angel ;\r\n<span class=\"locution\"><span class=\"eastsyriac\">\u0723\u0738\u0715\u072a\u0735\u0710 \u0715\u0722\u0718\u073c\u072a\u0735\u0710</span></span> : <span class=\"context\">literally : \"angel of fire \"</span> : Nuriel , <span class=\"context\">in the Syriac <i>Book of Protection</i></span> : \"Fire of the Lord\" ;</td>", "cf": ["<span class=\"wordlink\"><a href=\"dosearch.php?searchkey=sdr&amp;language=fullsyriac\"><span class=\"eastsyriac\">\u0723\u0715\u072a</span></a>, <a href=\"dosearch.php?searchkey=9438&amp;language=id\"><span class=\"eastsyriac\">\u0723\u0738\u0715\u072a\u0735\u0710</span></a>, <a href=\"dosearch.php?searchkey=33514&amp;language=id\"><span class=\"eastsyriac\">\u0723\u0715\u071d\u073c\u072a\u0735\u0710</span></a>, <a href=\"dosearch.php?searchkey=27193&amp;language=id\"><span class=\"eastsyriac\">\u0723\u0738\u0715\u072a\u0735\u0722\u0735\u071d\u072c\u0735\u0710</span></a>, <a href=\"dosearch.php?searchkey=34820&amp;language=id\"><span class=\"eastsyriac\">\u0723\u0715\u071d\u073c\u072a\u0735\u0710\u071d\u073c\u072c</span></a>, <a href=\"dosearch.php?searchkey=9434&amp;language=id\"><span class=\"eastsyriac\">\u0723\u0715\u071d\u073c\u072a\u0718\u073c\u072c\u0735\u0710</span></a>, <a href=\"dosearch.php?searchkey=9437&amp;language=id\"><span class=\"eastsyriac\">\u0723\u0715\u0735\u072a\u0735\u0710</span></a>, <a href=\"dosearch.php?searchkey=27192&amp;language=id\"><span class=\"eastsyriac\">\u0723\u0738\u0715\u072a\u0735\u0722\u071d\u0735\u0710</span></a>, <a href=\"dosearch.php?searchkey=30543&amp;language=id\"><span class=\"eastsyriac\">\u0723\u0738\u0715\u0742\u072a\u0735\u0710 \u0715\u072a\u0738\u0308\u0712\u0718\u0735\u072c\u0742\u0735\u0710</span></a></span>", "<span class=\"wordlink\"><a href=\"dosearch.php?searchkey=11672&amp;language=id\"><span class=\"eastsyriac\">\u0728\u0712\u0742\u0735\u072c\u0735\u0710</span></a>, <a href=\"dosearch.php?searchkey=8503&amp;language=id\"><span class=\"eastsyriac\">\u0721\u0732\u072a\u071d\u0732\u0719\u072c\u0735\u0710</span></a>, <a href=\"dosearch.php?searchkey=6886&amp;language=id\"><span class=\"eastsyriac\">\u0720\u0729\u0735\u071d\u0715\u0735\u0710</span></a>, <a href=\"dosearch.php?searchkey=8499&amp;language=id\"><span class=\"eastsyriac\">\u0721\u0732\u072a\u071d\u0718\u073c\u0719\u0739\u0710</span></a>, <a href=\"dosearch.php?searchkey=12675&amp;language=id\"><span class=\"eastsyriac\">\u0729\u071b\u0735\u0723\u0735\u0710</span></a>, <a href=\"dosearch.php?searchkey=4800&amp;language=id\"><span class=\"eastsyriac\">\u071a\u072a\u0735\u0719\u0735\u0710</span></a>, <a href=\"dosearch.php?searchkey=5113&amp;language=id\"><span class=\"eastsyriac\">\u071b\u071f\u0742\u0735\u0723\u0735\u0710</span></a>, <a href=\"dosearch.php?searchkey=13232&amp;language=id\"><span class=\"eastsyriac\">\u0729\u0732\u072a\u0729\u0732\u0719\u072c\u0735\u0710</span></a>, <a href=\"dosearch.php?searchkey=11700&amp;language=id\"><span class=\"eastsyriac\">\u072a\u0739\u0710\u0719\u0735\u0710</span></a></span>"], "key": "9438", "west": "\u0723\u0736\u0715\u072a\u0733\u0710", "phonetic": "<td>' si dra:</td>", "east": "\u0723\u0738\u0715\u072a\u0735\u0710"},
{"searchkey": "11004", "audio": [], "context": [], "webrank": 90, "text": [" : a phalanx / body of troops in close array , an army division (?) ;"], "english": "<td>a phalanx / body of troops in close array , an army division (?) ;</td>", "cf": ["<span class=\"wordlink\"><a href=\"dosearch.php?searchkey=18588&amp;language=id\"><span class=\"eastsyriac\">\u0726\u0720\u0713</span></a>, <a href=\"dosearch.php?searchkey=10994&amp;language=id\"><span class=\"eastsyriac\">\u0726\u0735\u0720\u0735\u0710</span></a>, <a href=\"dosearch.php?searchkey=11000&amp;language=id\"><span class=\"eastsyriac\">\u0726\u0720\u0735\u0713\u0735\u0710</span></a>, <a href=\"dosearch.php?searchkey=11002&amp;language=id\"><span class=\"eastsyriac\">\u0726\u0732\u0720\u0713\u0735\u0710</span></a>, <a href=\"dosearch.php?searchkey=11005&amp;language=id\"><span class=\"eastsyriac\">\u0726\u0732\u0720\u0713\u0735\u0713\u0735\u0710</span></a>, <a href=\"dosearch.php?searchkey=11006&amp;language=id\"><span class=\"eastsyriac\">\u0726\u0732\u0720\u0713\u0718\u073c</span></a>, <a href=\"dosearch.php?searchkey=11007&amp;language=id\"><span class=\"eastsyriac\">\u0726\u0732\u0720\u0713\u0718\u073c\u071d\u0739\u0710</span></a>, <a href=\"dosearch.php?searchkey=11008&amp;language=id\"><span class=\"eastsyriac\">\u0726\u0732\u0720\u0713\u0718\u073c\u072c\u0735\u0710</span></a>, <a href=\"dosearch.php?searchkey=11010&amp;language=id\"><span class=\"eastsyriac\">\u0726\u0732\u0720\u0713\u072c\u0735\u0710</span></a>, <a href=\"dosearch.php?searchkey=10995&amp;language=id\"><span class=\"eastsyriac\">\u0726\u0735\u0720\u0713\u0735\u0710</span></a>, <a href=\"dosearch.php?searchkey=10989&amp;language=id\"><span class=\"eastsyriac\">\u0726\u0720\u0735\u0710</span></a>, <a href=\"dosearch.php?searchkey=8825&amp;language=id\"><span class=\"eastsyriac\">\u0721\u0738\u072c\u0726\u0732\u0720\u0713\u0735\u0722\u0735\u0710</span></a>, <a href=\"dosearch.php?searchkey=10722&amp;language=id\"><span class=\"eastsyriac\">\u0726\u0718\u073c\u0720\u0735\u0713\u0735\u0710</span></a>, <a href=\"dosearch.php?searchkey=10723&amp;language=id\"><span class=\"eastsyriac\">\u0726\u0718\u073c\u0720\u0713\u071d\u073c\u0735\u0710</span></a>, <a href=\"dosearch.php?searchkey=10721&amp;language=id\"><span class=\"eastsyriac\">\u0726\u0718\u073c\u0720\u0713\u0735\u0710</span></a>, <a href=\"dosearch.php?searchkey=10735&amp;language=id\"><span class=\"eastsyriac\">\u0726\u0718\u073c\u0720\u0725\u0735\u0710</span></a>, <a href=\"dosearch.php?searchkey=10734&amp;language=id\"><span class=\"eastsyriac\">\u0726\u0718\u073c\u0720\u0725\u071d\u073c\u0735\u0710</span></a>, <a href=\"dosearch.php?searchkey=8269&amp;language=id\"><span class=\"eastsyriac\">\u0721\u0726\u0732\u0720\u0713\u0718\u073c\u072c\u0735\u0710</span></a>, <a href=\"dosearch.php?searchkey=8270&amp;language=id\"><span class=\"eastsyriac\">\u0721\u0726\u0732\u0720\u0713\u0732\u0722\u0735\u0710</span></a>, <a href=\"dosearch.php?searchkey=11001&amp;language=id\"><span class=\"eastsyriac\">\u0726\u0738\u0720\u0735\u0713\u0735\u0710</span></a>, <a href=\"dosearch.php?searchkey=16271&amp;language=id\"><span class=\"eastsyriac\">\u0726\u0738\u0720\u0713\u0735\u0710 \u0715\u0720\u0738\u0720\u071d\u0735\u0710</span></a>, <a href=\"dosearch.php?searchkey=11039&amp;language=id\"><span class=\"eastsyriac\">\u0726\u0720\u071d\u073c\u0713\u0718\u073c\u072c\u0735\u0710</span></a></span>", "<span class=\"wordlink\"><a href=\"dosearch.php?searchkey=18813&amp;language=id\"><span class=\"eastsyriac\">\u072b\u0718\u073c\u071a\u072c\u0735\u0710</span></a>, <a href=\"dosearch.php?searchkey=14132&amp;language=id\"><span class=\"eastsyriac\">\u072c\u0738\u0713\u0742\u0721\u0735\u0710</span></a>, <a href=\"dosearch.php?searchkey=24912&amp;language=id\"><span class=\"eastsyriac\">\u0723\u071d\u073c\u0725\u072c\u0735\u0710</span></a>, <a href=\"dosearch.php?searchkey=2007&amp;language=id\"><span class=\"eastsyriac\">\u0713\u0718\u073c\u0715\u0735\u0710</span></a></span>"], "key": "11004", "west": "\u0726\u0720\u0730\u0713\u0742\u0733\u0710", "phonetic": "<td>' pla gha:</td>", "east": "\u0726\u0720\u0732\u0713\u0742\u0735\u0710"},
{"searchkey": "26517", "audio": [], "context": ["corn, wheat", "by oxen", "figurative sense", "person ?"], "webrank": 30, "text": [" : 1) to be dirty , to be musty , to make dirty , to make musty ;\r\n2) ", " : to be trampled ", " , to trample ;\r\n3) ", " : to be untidy / messy / in disarray , ", " : to be slovenly (?) / unkempt (?) , to be dishevelled (?) / tousled (?) / scruffy (?) / bedraggled (?) / mussy (?) ;"], "english": "<td>1) to be dirty , to be musty , to make dirty , to make musty ;\r\n2) <span class=\"context\">corn, wheat</span> : to be trampled <span class=\"context\">by oxen</span> , to trample ;\r\n3) <span class=\"context\">figurative sense</span> : to be untidy / messy / in disarray , <span class=\"context\">person ?</span> : to be slovenly (?) / unkempt (?) , to be dishevelled (?) / tousled (?) / scruffy (?) / bedraggled (?) / mussy (?) ;</td>", "cf": ["<span class=\"wordlink\"><a href=\"dosearch.php?searchkey=26518&amp;language=id\"><span class=\"eastsyriac\">\u0721\u072b\u0732\u0721\u071a\u0738\u0722</span></a></span>"], "key": "26517", "west": "\u0721\u072b\u0733\u0721\u0736\u071a", "phonetic": "<td>(m) ' \u0161a: mi\u1e25</td>", "east": "\u0721\u072b\u0735\u0721\u0738\u071a"},
{"searchkey": "9434", "audio": [], "context": [], "webrank": 40, "text": [" : the arrangement , the act of arranging / putting in an orderly condition , a disposition in a suitable form , an array / orderly arrangement / an impressive display / a range ;\r\n2) a battleline / a battle-line / a battle line ;\r\n"], "english": "<td>the arrangement , the act of arranging / putting in an orderly condition , a disposition in a suitable form , an array / orderly arrangement / an impressive display / a range ;\r\n2) a battleline / a battle-line / a battle line ;\r\n</td>", "cf": ["<span class=\"wordlink\"><a href=\"dosearch.php?searchkey=sdr&amp;language=fullsyriac\"><span class=\"eastsyriac\">\u0723\u0715\u072a</span></a>, <a href=\"dosearch.php?searchkey=9437&amp;language=id\"><span class=\"eastsyriac\">\u0723\u0715\u0735\u072a\u0735\u0710</span></a>, <a href=\"dosearch.php?searchkey=27192&amp;language=id\"><span class=\"eastsyriac\">\u0723\u0738\u0715\u072a\u0735\u0722\u071d\u0735\u0710</span></a>, <a href=\"dosearch.php?searchkey=27193&amp;language=id\"><span class=\"eastsyriac\">\u0723\u0738\u0715\u072a\u0735\u0722\u0735\u071d\u072c\u0735\u0710</span></a>, <a href=\"dosearch.php?searchkey=9438&amp;language=id\"><span class=\"eastsyriac\">\u0723\u0738\u0715\u072a\u0735\u0710</span></a>, <a href=\"dosearch.php?searchkey=34820&amp;language=id\"><span class=\"eastsyriac\">\u0723\u0715\u071d\u073c\u072a\u0735\u0710\u071d\u073c\u072c</span></a></span>", "<span class=\"wordlink\"><a href=\"dosearch.php?searchkey=11672&amp;language=id\"><span class=\"eastsyriac\">\u0728\u0712\u0742\u0735\u072c\u0735\u0710</span></a>, <a href=\"dosearch.php?searchkey=8503&amp;language=id\"><span class=\"eastsyriac\">\u0721\u0732\u072a\u071d\u0732\u0719\u072c\u0735\u0710</span></a>, <a href=\"dosearch.php?searchkey=6886&amp;language=id\"><span class=\"eastsyriac\">\u0720\u0729\u0735\u071d\u0715\u0735\u0710</span></a>, <a href=\"dosearch.php?searchkey=8499&amp;language=id\"><span class=\"eastsyriac\">\u0721\u0732\u072a\u071d\u0718\u073c\u0719\u0739\u0710</span></a>, <a href=\"dosearch.php?searchkey=12675&amp;language=id\"><span class=\"eastsyriac\">\u0729\u071b\u0735\u0723\u0735\u0710</span></a>, <a href=\"dosearch.php?searchkey=4800&amp;language=id\"><span class=\"eastsyriac\">\u071a\u072a\u0735\u0719\u0735\u0710</span></a>, <a href=\"dosearch.php?searchkey=5113&amp;language=id\"><span class=\"eastsyriac\">\u071b\u071f\u0742\u0735\u0723\u0735\u0710</span></a>, <a href=\"dosearch.php?searchkey=13232&amp;language=id\"><span class=\"eastsyriac\">\u0729\u0732\u072a\u0729\u0732\u0719\u072c\u0735\u0710</span></a></span>"], "key": "9434", "west": "\u0723\u0715\u073a\u071d\u072a\u073d\u0718\u072c\u0733\u0710", "phonetic": "<td>sdi: ' ru: ta:</td>", "east": "\u0723\u0715\u071d\u073c\u072a\u0718\u073c\u072c\u0735\u0710"},
{"searchkey": "27192", "audio": [], "context": ["grammar, a numbre", "\"twice, three times ...)", "?", "feminine : \u0723\u0738\u0715\u072a\u0735\u0722\u0735\u071d\u072c\u0735\u0710"], "webrank": 70, "text": [" : 1) ", " : ordinal ;\r\n2) of order ", " ;\r\n3) ", " : aligned (?) ,  in a line (?) / lined up (?) , in a row (?) , in battle array (?) ;\r\n", " ;"], "english": "<td>1) <span class=\"context\">grammar, a numbre</span> : ordinal ;\r\n2) of order <span class=\"context\">\"twice, three times ...)</span> ;\r\n3) <span class=\"context\">?</span> : aligned (?) ,  in a line (?) / lined up (?) , in a row (?) , in battle array (?) ;\r\n<span class=\"context\">feminine : <a href=\"dosearch.php?searchkey=sedrAnAytA%27&amp;language=fullsyriac\"><span class=\"eastsyriac\">\u0723\u0738\u0715\u072a\u0735\u0722\u0735\u071d\u072c\u0735\u0710</span></a></span> ;</td>", "cf": ["<span class=\"wordlink\"><a href=\"dosearch.php?searchkey=9434&amp;language=id\"><span class=\"eastsyriac\">\u0723\u0715\u071d\u073c\u072a\u0718\u073c\u072c\u0735\u0710</span></a>, <a href=\"dosearch.php?searchkey=9437&amp;language=id\"><span class=\"eastsyriac\">\u0723\u0715\u0735\u072a\u0735\u0710</span></a>, <a href=\"dosearch.php?searchkey=9438&amp;language=id\"><span class=\"eastsyriac\">\u0723\u0738\u0715\u072a\u0735\u0710</span></a></span>"], "key": "27192", "west": "\u0723\u0736\u0715\u072a\u0733\u0722\u071d\u0733\u0710", "phonetic": "<td>si dra: ' na: ia:</td>", "east": "\u0723\u0738\u0715\u072a\u0735\u0722\u071d\u0735\u0710"},
{"searchkey": "26320", "audio": [], "context": ["transitive"], "webrank": 20, "text": [" : 1) ", " : to arrange , to put in order , to organize"], "english": "<td>1) <span class=\"context\">transitive</span> : to arrange , to put in order , to organize ;\r\n<span class=\"locution\"><span class=\"eastsyriac\">\u0721\u0732\u072a\u071d\u0738\u0719 \u0726\u0720\u0735\u072b\u0735\u0710</span></span> : to set battle in array ;\r\n2) <span class=\"context\">intransitive</span> : to put oneself in order , to put oneself in array , to get ready ;</td>", "cf": ["<span class=\"wordlink\"><a href=\"dosearch.php?searchkey=13307&amp;language=id\"><span class=\"eastsyriac\">\u072a\u0739\u071d\u0719\u0735\u0710</span></a>, <a href=\"dosearch.php?searchkey=maryez&amp;language=fullsyriac\"><span class=\"eastsyriac\">\u0721\u0732\u072a\u071d\u0738\u0719</span></a>, <a href=\"dosearch.php?searchkey=11700&amp;language=id\"><span class=\"eastsyriac\">\u072a\u0739\u0710\u0719\u0735\u0710</span></a></span>", "<span class=\"wordlink\"><a href=\"dosearch.php?searchkey=11066&amp;language=id\"><span class=\"eastsyriac\">\u0726\u0720\u0735\u072b\u0735\u0710</span></a>, <a href=\"dosearch.php?searchkey=33837&amp;language=id\"><span class=\"eastsyriac\">\u071b\u0732\u071f\u0738\u0723</span></a>, <a href=\"dosearch.php?searchkey=33838&amp;language=id\"><span class=\"eastsyriac\">\u072c\u0732\u0729\u0722\u0738\u0729</span></a>, <a href=\"dosearch.php?searchkey=33839&amp;language=id\"><span class=\"eastsyriac\">\u0729\u0732\u072a\u0729\u0738\u0719</span></a>, <a href=\"dosearch.php?searchkey=33836&amp;language=id\"><span class=\"eastsyriac\">\u0719\u0735\u0722\u0739\u0713</span></a></span>"], "key": "26320", "west": "\u0721\u0730\u072a\u071d\u0736\u0719", "phonetic": "<td>' mar yiz</td>", "east": "\u0721\u0732\u072a\u071d\u0738\u0719"},
{"searchkey": "8271", "audio": [], "context": [], "webrank": 10, "text": [" : 1) dispersion , causing to break apart and going different ways , dispersing , disuniting , scattering , sprinkling (?) , jumbling (?) ;\r\n2) confusion , disorder , disarray , a clutter (?) , a jumble (?) ;"], "english": "<td>1) dispersion , causing to break apart and going different ways , dispersing , disuniting , scattering , sprinkling (?) , jumbling (?) ;\r\n2) confusion , disorder , disarray , a clutter (?) , a jumble (?) ;</td>", "cf": ["<span class=\"wordlink\"><a href=\"dosearch.php?searchkey=pulhAdA%27&amp;language=fullsyriac\"><span class=\"eastsyriac\">\u0726\u0718\u073c\u0720\u0717\u0735\u0715\u0735\u0710</span></a></span>"], "key": "8271", "west": "\u0721\u0726\u0730\u0720\u0717\u0715\u073d\u0718\u072c\u0733\u0710", "phonetic": "<td>mpalh ' du: ta</td>", "east": "\u0721\u0726\u0732\u0720\u0717\u0715\u0718\u073c\u072c\u0735\u0710"},
{"searchkey": "13403", "audio": [], "context": [], "webrank": 100, "text": [" : 1) amazement , astonishement , wonder , wonderment , daze , the state of being amazed , overwhelming wonder as from surprise / sudden fear or admiration ;\r\n2) confusion ,  embarrassment , bewilderment , turmoil , disarray ;"], "english": "<td>1) amazement , astonishement , wonder , wonderment , daze , the state of being amazed , overwhelming wonder as from surprise / sudden fear or admiration ;\r\n2) confusion ,  embarrassment , bewilderment , turmoil , disarray ;</td>", "cf": ["<span class=\"wordlink\"><a href=\"dosearch.php?searchkey=15383&amp;language=id\"><span class=\"eastsyriac\">\u072c\u0732\u0718\u071d\u073c\u072a\u0718\u073c\u072c\u0735\u0710</span></a></span>", "<span class=\"wordlink\"><a href=\"dosearch.php?searchkey=3075&amp;language=id\"><span class=\"eastsyriac\">\u0715\u0721\u071d\u073c\u072a\u0718\u073c\u072c\u0735\u0710</span></a>, <a href=\"dosearch.php?searchkey=3075&amp;language=id\"><span class=\"eastsyriac\">\u0715\u0721\u071d\u073c\u072a\u0718\u073c\u072c\u0735\u0710</span></a>, <a href=\"dosearch.php?searchkey=8187&amp;language=id\"><span class=\"eastsyriac\">\u0721\u0732\u0725\u0713\u0330\u0712\u072c\u0735\u0710</span></a>, <a href=\"dosearch.php?searchkey=8783&amp;language=id\"><span class=\"eastsyriac\">\u0721\u0732\u072c\u0721\u0717\u0718\u073c\u072c\u0735\u0710</span></a>, <a href=\"dosearch.php?searchkey=15078&amp;language=id\"><span class=\"eastsyriac\">\u072b\u0729\u0735\u071b\u0735\u0710</span></a></span>"], "key": "13403", "west": "\u072c\u0730\u0718\u073a\u071d\u072a\u073d\u0718\u072c\u0742\u0733\u0710", "phonetic": "<td>ta wi ' ru: tha</td>", "east": "\u072c\u0732\u0718\u071d\u073c\u072a\u0718\u073c\u072c\u0742\u0735\u0710"},
{"searchkey": "29397", "audio": [], "context": ["plans, expectations ...?", "sometimes with \u0721\u0738\u0722 : at / by", "person, sea ...", "passive"], "webrank": 60, "text": [" : 1) to disturb , to confuse , to stir up , ", " : to confound (?) / to frustrate (?) / to thwart (?) ;\r\n2) to astonish , to amaze , to confound , to perplex ;\r\n3) ", " : to be troubled by , to be frightened , to fear , to be in disarray , to be in utter confusion / in dismay / at a loss ;\r\n4) ", " : to rage / to be enraged , to be rough / tempestuous , to make a tumult / to kick up a row ;\r\n"], "english": "<td>1) to disturb , to confuse , to stir up , <span class=\"context\">plans, expectations ...?</span> : to confound (?) / to frustrate (?) / to thwart (?) ;\r\n2) to astonish , to amaze , to confound , to perplex ;\r\n3) <span class=\"context\">sometimes with <a href=\"dosearch.php?searchkey=men&amp;language=fullsyriac\"><span class=\"eastsyriac\">\u0721\u0738\u0722</span></a> : at / by</span> : to be troubled by , to be frightened , to fear , to be in disarray , to be in utter confusion / in dismay / at a loss ;\r\n4) <span class=\"context\">person, sea ...</span> : to rage / to be enraged , to be rough / tempestuous , to make a tumult / to kick up a row ;\r\n<span class=\"context\">passive <span class=\"locution\"><span class=\"eastsyriac\">\u0726\u071d\u073c\u072b\u0735\u0710 \u072b\u0713\u0742\u071d\u073c\u072b\u0735\u0710</span></span></span> : to be tossed <span class=\"context\">by waves</span> ;\r\n<span class=\"context\">past participle <a href=\"dosearch.php?searchkey=jgLijA%27&amp;language=fullsyriac\"><span class=\"eastsyriac\">\u072b\u0713\u0742\u071d\u073c\u072b\u0735\u0710</span></a></span> : tossed <span class=\"context\">by waves</span> ;\r\n<span class=\"context\">past participle <a href=\"dosearch.php?searchkey=jgLijA%27&amp;language=fullsyriac\"><span class=\"eastsyriac\">\u072b\u0713\u0742\u071d\u073c\u072b\u0735\u0710</span></a></span> : to be tossed <span class=\"context\">by waves</span> ;</td>", "cf": ["<span class=\"wordlink\"><a href=\"dosearch.php?searchkey=31995&amp;language=id\"><span class=\"eastsyriac\">\u072b\u0713\u072b</span></a>, <a href=\"dosearch.php?searchkey=14108&amp;language=id\"><span class=\"eastsyriac\">\u072b\u0735\u0713\u0742\u0738\u072b \u071b\u0718\u073c\u0726\u072a\u0739\u0717</span></a>, <a href=\"dosearch.php?searchkey=26418&amp;language=id\"><span class=\"eastsyriac\">\u072b\u0713\u0747\u071d\u0735\u072b\u0735\u0710</span></a>, <a href=\"dosearch.php?searchkey=26419&amp;language=id\"><span class=\"eastsyriac\">\u0712\u0738\u072b\u0735\u0713\u0747\u072b\u0735\u0710</span></a>, <a href=\"dosearch.php?searchkey=26417&amp;language=id\"><span class=\"eastsyriac\">\u0721\u0732\u072b\u0738\u0713\u0747\u072b \u0710\u071d\u073c\u0715\u0735\u0710</span></a>, <a href=\"dosearch.php?searchkey=26409&amp;language=id\"><span class=\"eastsyriac\">\u0721\u0732\u072b\u0713\u0738\u072b</span></a>, <a href=\"dosearch.php?searchkey=26408&amp;language=id\"><span class=\"eastsyriac\">\u0721\u0732\u072b\u0738\u0713\u0747\u072b</span></a>, <a href=\"dosearch.php?searchkey=26410&amp;language=id\"><span class=\"eastsyriac\">\u072b\u0735\u0713\u0747\u072b</span></a></span>"], "key": "29397", "west": "\u072b\u0733\u0713\u0742\u0736\u072b", "phonetic": "<td>' \u0161a: ghi\u0161</td>", "east": "\u072b\u0735\u0713\u0742\u0738\u072b"},
{"searchkey": "14473", "audio": [], "context": [], "webrank": 80, "text": [" : 1) disorder / want of order , confusion , disarray , clutter (?) ;\r\n2) a disturbance , an imbalance , an anomaly / abnormality , an aberration (?) ;\r\n3) inactivity / inaction , inertness / inertia ;"], "english": "<td>1) disorder / want of order , confusion , disarray , clutter (?) ;\r\n2) a disturbance , an imbalance , an anomaly / abnormality , an aberration (?) ;\r\n3) inactivity / inaction , inertness / inertia ;</td>", "cf": ["<span class=\"wordlink\"><a href=\"dosearch.php?searchkey=13099&amp;language=id\"><span class=\"eastsyriac\">\u0729\u0735\u072a\u0735\u0712\u0735\u0720\u0739\u0713\u0742</span></a>, <a href=\"dosearch.php?searchkey=2764&amp;language=id\"><span class=\"eastsyriac\">\u0715\u0718\u073c\u0712\u0735\u072a\u0718\u073c\u072c\u0735\u0710</span></a>, <a href=\"dosearch.php?searchkey=3260&amp;language=id\"><span class=\"eastsyriac\">\u0717\u0735\u071d\u0717\u0718\u073c\u071d</span></a>, <a href=\"dosearch.php?searchkey=3449&amp;language=id\"><span class=\"eastsyriac\">\u0717\u0732\u0720\u0735\u0717\u0732\u0720</span></a>, <a href=\"dosearch.php?searchkey=3499&amp;language=id\"><span class=\"eastsyriac\">\u0717\u0732\u0722\u0713\u0735\u0721\u0735\u0710</span></a>, <a href=\"dosearch.php?searchkey=13325&amp;language=id\"><span class=\"eastsyriac\">\u072a\u0712\u0735\u0712\u072c\u0735\u0710</span></a>, <a href=\"dosearch.php?searchkey=14211&amp;language=id\"><span class=\"eastsyriac\">\u072b\u0718\u073c\u0713\u0742\u0735\u072b\u0735\u0710</span></a>, <a href=\"dosearch.php?searchkey=4058&amp;language=id\"><span class=\"eastsyriac\">\u071a\u0732\u0712\u0742\u071b\u0735\u0710 \u071a\u0732\u072a\u0712\u0739\u072b</span></a>, <a href=\"dosearch.php?searchkey=2306&amp;language=id\"><span class=\"eastsyriac\">\u0713\u0732\u0720\u071b\u0735\u0710</span></a>, <a href=\"dosearch.php?searchkey=1202&amp;language=id\"><span class=\"eastsyriac\">\u0712\u071b\u0719\u0742\u0720\u0718\u073c\u072c\u0735\u0710</span></a>, <a href=\"dosearch.php?searchkey=1203&amp;language=id\"><span class=\"eastsyriac\">\u0712\u0735\u071b\u071d\u073c\u0720\u0718\u073c\u072c\u0735\u0710</span></a></span>"], "key": "14473", "west": "\u072b\u0718\u0733\u072b\u0733\u0710", "phonetic": "<td>' \u0161va \u0161a</td>", "east": "\u072b\u0718\u0735\u072b\u0735\u0710"},
{"searchkey": "14090", "audio": [], "context": [], "webrank": 50, "text": [" : 1) disturbance , confusion of the mind , agitation of feelings , emotional upset , bother , trouble , disarray , \r\n2) turbulence , disorderliness / a mess / chaos / clutter (?) , trouble , commotion , upheaval , unsteadiness , turmoil , a stir / fuss / convulsion ;"], "english": "<td>1) disturbance , confusion of the mind , agitation of feelings , emotional upset , bother , trouble , disarray , \r\n2) turbulence , disorderliness / a mess / chaos / clutter (?) , trouble , commotion , upheaval , unsteadiness , turmoil , a stir / fuss / convulsion ;</td>", "cf": ["<span class=\"wordlink\"><a href=\"dosearch.php?searchkey=31995&amp;language=id\"><span class=\"eastsyriac\">\u072b\u0713\u072b</span></a>, <a href=\"dosearch.php?searchkey=14089&amp;language=id\"><span class=\"eastsyriac\">\u072b\u0735\u0713\u0742\u0718\u073f\u072b\u0735\u0710</span></a>, <a href=\"dosearch.php?searchkey=14091&amp;language=id\"><span class=\"eastsyriac\">\u072b\u0713\u0742\u0718\u073c\u072b\u071d\u0735\u0710</span></a>, <a href=\"dosearch.php?searchkey=14092&amp;language=id\"><span class=\"eastsyriac\">\u072b\u0735\u0713\u0742\u0718\u073f\u072b\u072c\u0735\u0722\u0735\u0710</span></a>, <a href=\"dosearch.php?searchkey=14093&amp;language=id\"><span class=\"eastsyriac\">\u072b\u0735\u0713\u0742\u0718\u073f\u072b\u072c\u0735\u0722\u0718\u073c\u072c\u0735\u0710</span></a>, <a href=\"dosearch.php?searchkey=14099&amp;language=id\"><span class=\"eastsyriac\">\u072b\u0713\u0742\u071d\u073c\u072b\u0735\u0710</span></a>, <a href=\"dosearch.php?searchkey=14100&amp;language=id\"><span class=\"eastsyriac\">\u072b\u0713\u0742\u071d\u073c\u072b\u0718\u073c\u072c\u0735</span></a>, <a href=\"dosearch.php?searchkey=14110&amp;language=id\"><span class=\"eastsyriac\">\u072b\u0732\u0713\u0742\u072b\u0735\u0722\u0735\u0710</span></a>, <a href=\"dosearch.php?searchkey=14111&amp;language=id\"><span class=\"eastsyriac\">\u072b\u0713\u0742\u0735\u072b\u072c\u0735\u0710</span></a>, <a href=\"dosearch.php?searchkey=14109&amp;language=id\"><span class=\"eastsyriac\">\u072b\u0713\u0742\u0735\u072b\u0735\u0710</span></a>, <a href=\"dosearch.php?searchkey=8573&amp;language=id\"><span class=\"eastsyriac\">\u0721\u0732\u072b\u0713\u072b\u0735\u0722\u0735\u0710</span></a></span>"], "key": "14090", "west": "\u072b\u0733\u0713\u0742\u073d\u0718\u072b\u073d\u0718\u072c\u0733\u0710", "phonetic": "<td>\u0161a: ghu: ' \u0161u: ta:</td>", "east": "\u072b\u0735\u0713\u0742\u0718\u073c\u072b\u0718\u073c\u072c\u0735\u0710"},
{"searchkey": "13594", "audio": [], "context": ["miltary equipment"], "webrank": 40, "text": [" : 1) an array , a range / row / string , a number of things arranged in rows (especially cartridges) , a cartridge belt (?) / belt of ammunition (?) , a series , an exhibited collection (?) ;\r\n2) a harness , a climbing gear / harness (?) , trappings (?) / caparisons (?) , ", " : a chest-webbing ;\r\n"], "english": "<td>1) an array , a range / row / string , a number of things arranged in rows (especially cartridges) , a cartridge belt (?) / belt of ammunition (?) , a series , an exhibited collection (?) ;\r\n2) a harness , a climbing gear / harness (?) , trappings (?) / caparisons (?) , <span class=\"context\">miltary equipment</span> : a chest-webbing ;\r\n</td>", "cf": ["<span class=\"wordlink\"><a href=\"dosearch.php?searchkey=13595&amp;language=id\"><span class=\"eastsyriac\">\u072a\u0732\u0717\u071b\u0735\u0710</span></a></span>", "<span class=\"wordlink\"><a href=\"dosearch.php?searchkey=20776&amp;language=id\"><span class=\"eastsyriac\">\u0718\u0732\u0719\u0722\u0735\u0710</span></a>, <a href=\"dosearch.php?searchkey=20777&amp;language=id\"><span class=\"eastsyriac\">\u0717\u0735\u0720\u0735\u071b\u0308\u071d\u073c\u0739\u0710</span></a>, <a href=\"dosearch.php?searchkey=20778&amp;language=id\"><span class=\"eastsyriac\">\u0718\u0732\u0719\u0722\u0308\u0739\u0710</span></a>, <a href=\"dosearch.php?searchkey=16961&amp;language=id\"><span class=\"eastsyriac\">\u0710\u0735\u072b\u0718\u0732\u072a\u0721\u0735\u0710</span></a>, <a href=\"dosearch.php?searchkey=3452&amp;language=id\"><span class=\"eastsyriac\">\u0717\u0735\u0720\u0735\u071b\u071d\u073c</span></a></span>"], "key": "13594", "west": "\u072a\u0730\u071a\u072c\u0733\u0710", "phonetic": "<td>' ra\u1e25 ta</td>", "east": "\u072a\u0732\u071a\u072c\u0735\u0710"},
{"searchkey": "14277", "audio": [], "context": [], "webrank": 70, "text": [" : 1) a concourse / multitude , a throng / host , a flocking / gathering of people ;\r\n2) any running / moving together , a rush together / onrush , a dash , a scramble , a stampede , a scuttle , a hurry-scurvy / panicky flight / fleeing in disarray , a helter-skelter run ;"], "english": "<td>1) a concourse / multitude , a throng / host , a flocking / gathering of people ;\r\n2) any running / moving together , a rush together / onrush , a dash , a scramble , a stampede , a scuttle , a hurry-scurvy / panicky flight / fleeing in disarray , a helter-skelter run ;</td>", "cf": ["<span class=\"wordlink\"><a href=\"dosearch.php?searchkey=14182&amp;language=id\"><span class=\"eastsyriac\">\u072b\u0718\u0735\u0710 \u0712\u0710\u0718\u073c\u0721\u0735\u0722\u0718\u073c\u072c\u0735\u0710</span></a>, <a href=\"dosearch.php?searchkey=14183&amp;language=id\"><span class=\"eastsyriac\">\u072b\u0718\u0735\u0710 \u0712\u0710\u0718\u073c\u0723\u071d\u0735\u0710</span></a>, <a href=\"dosearch.php?searchkey=14184&amp;language=id\"><span class=\"eastsyriac\">\u072b\u0718\u0735\u0710 \u0712\u0722\u0732\u0726\u0748\u072b\u0735\u0710</span></a>, <a href=\"dosearch.php?searchkey=14185&amp;language=id\"><span class=\"eastsyriac\">\u072b\u0718\u0735\u0710 \u0712\u072a\u0732\u0717\u071b\u0735\u0710</span></a>, <a href=\"dosearch.php?searchkey=14186&amp;language=id\"><span class=\"eastsyriac\">\u072b\u0718\u0735\u0710 \u071d\u0732\u072a\u072c\u0718\u073c\u072c\u0735\u0710</span></a>, <a href=\"dosearch.php?searchkey=14187&amp;language=id\"><span class=\"eastsyriac\">\u072b\u0718\u0735\u0710 \u0729\u0738\u0722\u071b\u072a\u0718\u073f\u0722</span></a>, <a href=\"dosearch.php?searchkey=14188&amp;language=id\"><span class=\"eastsyriac\">\u072b\u0718\u0735\u0710 \u072b\u0721\u0735\u0710</span></a>, <a href=\"dosearch.php?searchkey=14190&amp;language=id\"><span class=\"eastsyriac\">\u072b\u0718\u0735\u0710 \u072b\u0732\u072a\u0712\u072c\u0735\u0710</span></a>, <a href=\"dosearch.php?searchkey=14191&amp;language=id\"><span class=\"eastsyriac\">\u072b\u0718\u0735\u0710 \u072c\u071a\u0718\u073c\u0721\u0735\u0710</span></a>, <a href=\"dosearch.php?searchkey=14181&amp;language=id\"><span class=\"eastsyriac\">\u072b\u0718\u0735\u0710</span></a>, <a href=\"dosearch.php?searchkey=14267&amp;language=id\"><span class=\"eastsyriac\">\u072b\u0732\u0718\u071d\u0735\u0710</span></a>, <a href=\"dosearch.php?searchkey=14268&amp;language=id\"><span class=\"eastsyriac\">\u072b\u0732\u0718\u071d\u0735\u0710\u071d\u073c\u072c</span></a>, <a href=\"dosearch.php?searchkey=14269&amp;language=id\"><span class=\"eastsyriac\">\u072b\u0732\u0718\u071d\u0718\u073c\u072c\u0710\u0718\u073c\u0723\u071d\u073c\u0735\u0710</span></a>, <a href=\"dosearch.php?searchkey=14270&amp;language=id\"><span class=\"eastsyriac\">\u072b\u0732\u0718\u071d\u0718\u073c\u072c \u0710\u071d\u073c\u0721\u0735\u0721\u0735\u0710 \u0718\u0720\u0738\u0720\u071d\u0735\u0710</span></a>, <a href=\"dosearch.php?searchkey=14271&amp;language=id\"><span class=\"eastsyriac\">\u072b\u0732\u0718\u071d\u0718\u073c\u072c \u0710\u071d\u073c\u072c\u0718\u073c\u072c\u0735\u0710</span></a>, <a href=\"dosearch.php?searchkey=14273&amp;language=id\"><span class=\"eastsyriac\">\u072b\u0732\u0718\u071d\u0718\u073c\u072c \u0721\u0732\u0725\u0721\u072a\u0735\u0710</span></a>, <a href=\"dosearch.php?searchkey=14272&amp;language=id\"><span class=\"eastsyriac\">\u072b\u0732\u0718\u071d\u0718\u073c\u072c \u0722\u0738\u0719\u0720\u0735\u0710</span></a>, <a href=\"dosearch.php?searchkey=14274&amp;language=id\"><span class=\"eastsyriac\">\u072b\u0732\u0718\u071d\u0718\u073c\u072c \u0722\u0738\u072b\u0721\u072c\u0735\u0710</span></a>, <a href=\"dosearch.php?searchkey=14275&amp;language=id\"><span class=\"eastsyriac\">\u072b\u0732\u0718\u071d\u0718\u073c\u072c \u0723\u0732\u072c\u0718\u0735\u071d\u072c\u0735\u0710</span></a>, <a href=\"dosearch.php?searchkey=14276&amp;language=id\"><span class=\"eastsyriac\">\u072b\u0732\u0718\u071d\u0718\u073c\u072c \u0729\u0735\u0720\u0735\u0710</span></a>, <a href=\"dosearch.php?searchkey=14278&amp;language=id\"><span class=\"eastsyriac\">\u072b\u0732\u0718\u071d\u0718\u073c\u072c\u0735\u0710</span></a>, <a href=\"dosearch.php?searchkey=14279&amp;language=id\"><span class=\"eastsyriac\">\u072b\u0735\u0718\u071d\u0718\u073c\u072c\u0735\u0710</span></a>, <a href=\"dosearch.php?searchkey=14280&amp;language=id\"><span class=\"eastsyriac\">\u072b\u0732\u0718\u071d\u0718\u073c\u072c\u0735\u0722\u0735\u071d\u0735\u0710</span></a>, <a href=\"dosearch.php?searchkey=14286&amp;language=id\"><span class=\"eastsyriac\">\u072b\u0732\u0718\u071d\u0735\u072c</span></a></span>"], "key": "14277", "west": "\u072b\u0730\u0718\u071d\u073d\u0718\u072c \u072a\u0736\u0717\u071b\u0733\u0710", "phonetic": "<td>' \u0161e iut ' rih \u1e6da:</td>", "east": "\u072b\u0732\u0718\u071d\u0718\u073c\u072c \u072a\u0738\u0717\u071b\u0735\u0710"},
{"searchkey": "15383", "audio": [], "context": [], "webrank": 90, "text": [" : 1) amazement , astonishement , wonder , wonderment , daze , the state of being amazed , overwhelming wonder as from surprise / sudden fear or admiration ;\r\n2) confusion ,  embarrassment , bewilderment , turmoil , disarray ;"], "english": "<td>1) amazement , astonishement , wonder , wonderment , daze , the state of being amazed , overwhelming wonder as from surprise / sudden fear or admiration ;\r\n2) confusion ,  embarrassment , bewilderment , turmoil , disarray ;</td>", "cf": ["<span class=\"wordlink\"><a href=\"dosearch.php?searchkey=13403&amp;language=id\"><span class=\"eastsyriac\">\u072c\u0732\u0718\u071d\u073c\u072a\u0718\u073c\u072c\u0742\u0735\u0710</span></a></span>", "<span class=\"wordlink\"><a href=\"dosearch.php?searchkey=3075&amp;language=id\"><span class=\"eastsyriac\">\u0715\u0721\u071d\u073c\u072a\u0718\u073c\u072c\u0735\u0710</span></a>, <a href=\"dosearch.php?searchkey=8187&amp;language=id\"><span class=\"eastsyriac\">\u0721\u0732\u0725\u0713\u0330\u0712\u072c\u0735\u0710</span></a>, <a href=\"dosearch.php?searchkey=8783&amp;language=id\"><span class=\"eastsyriac\">\u0721\u0732\u072c\u0721\u0717\u0718\u073c\u072c\u0735\u0710</span></a>, <a href=\"dosearch.php?searchkey=15078&amp;language=id\"><span class=\"eastsyriac\">\u072b\u0729\u0735\u071b\u0735\u0710</span></a></span>"], "key": "15383", "west": "\u072c\u0730\u0718\u073a\u071d\u072a\u073d\u0718\u072c\u0733\u0710", "phonetic": "<td>tav vi: ' ru: ta</td>", "east": "\u072c\u0732\u0718\u071d\u073c\u072a\u0718\u073c\u072c\u0735\u0710"},
{"searchkey": "11700", "audio": [], "context": ["Maclean, Oraham", "Oraham", "adjective"], "webrank": 20, "text": [" : 1) ", " : an arrangement , an order , ", " : a proper order , a system , a plan , a scheme / method by which ideas or things may be interrelated , an organization chart (?) / a flowchart (?) ;\r\n", " :"], "english": "<td>1) <span class=\"context\">Maclean, Oraham</span> : an arrangement , an order , <span class=\"context\">Oraham</span> : a proper order , a system , a plan , a scheme / method by which ideas or things may be interrelated , an organization chart (?) / a flowchart (?) ;\r\n<span class=\"context\">adjective</span> : <span class=\"locution\"><span class=\"eastsyriac\">\u0721\u0735\u072a\u0739\u0710 \u072a\u0739\u0710\u0719\u0735\u0710</span></span> : orderly , in order , well-organized , neat , tidy , shipshape , businesslike (?) ;\r\n<span class=\"context\">Psalm 55, 14</span> : <span class=\"locution\"><span class=\"eastsyriac\">\u0710\u0722\u0735\u072b\u0735\u0710 \u0710\u0732\u071d\u071f\u0742 \u072a\u0739\u0710\u0719\u071d\u073c</span></span> : my equal , a man on the same footing as I / a peer of mine ;\r\n2) an array, a battle array , an army in battle array ;\r\n<span class=\"context\">plural : <span class=\"locution\"><span class=\"eastsyriac\">\u072a\u0739\u0710\u0719\u0739\u0710</span></span></span> : ranks <span class=\"context\">of an army</span> ;\r\n</td>", "cf": ["<span class=\"wordlink\"><a href=\"dosearch.php?searchkey=26320&amp;language=id\"><span class=\"eastsyriac\">\u0721\u0732\u072a\u071d\u0738\u0719</span></a></span>", "<span class=\"wordlink\"><a href=\"dosearch.php?searchkey=13307&amp;language=id\"><span class=\"eastsyriac\">\u072a\u0738\u071d\u0719\u0735\u0710</span></a></span>", "<span class=\"wordlink\"><a href=\"dosearch.php?searchkey=9438&amp;language=id\"><span class=\"eastsyriac\">\u0723\u0738\u0715\u072a\u0735\u0710</span></a>, <a href=\"dosearch.php?searchkey=9434&amp;language=id\"><span class=\"eastsyriac\">\u0723\u0715\u071d\u073c\u072a\u0718\u073c\u072c\u0735\u0710</span></a></span>"], "key": "11700", "west": "\u072a\u0736\u0710\u0719\u0733\u0710", "phonetic": "<td>ri: ' za:</td>", "east": "\u072a\u0739\u0710\u0719\u0735\u0710"},
{"searchkey": "13303", "audio": [], "context": ["Maclean", "camels, horses, mules ...", "Oraham"], "webrank": 10, "text": [" : 1) ", " : ", " a string / a band , a caravan ;\r\n2) ", " : an array , a series (?) / range (of animals, things ...?) , a row / a file , a line , an orderly arrangement / a string , a rank ;\r\n"], "english": "<td>1) <span class=\"context\">Maclean</span> : <span class=\"context\">camels, horses, mules ...</span> a string / a band , a caravan ;\r\n2) <span class=\"context\">Oraham</span> : an array , a series (?) / range (of animals, things ...?) , a row / a file , a line , an orderly arrangement / a string , a rank ;\r\n</td>", "cf": ["<span class=\"wordlink\"><a href=\"dosearch.php?searchkey=12691&amp;language=id\"><span class=\"eastsyriac\">\u0729\u071b\u0735\u072a\u0735\u0710</span></a>, <a href=\"dosearch.php?searchkey=12692&amp;language=id\"><span class=\"eastsyriac\">\u0729\u0738\u071b\u072a\u0735\u0710</span></a>, <a href=\"dosearch.php?searchkey=23901&amp;language=id\"><span class=\"eastsyriac\">\u0729\u0735\u071b\u0738\u072a</span></a>, <a href=\"dosearch.php?searchkey=23902&amp;language=id\"><span class=\"eastsyriac\">\u0729\u0735\u072c\u0738\u072a</span></a>, <a href=\"dosearch.php?searchkey=23903&amp;language=id\"><span class=\"eastsyriac\">\u0721\u071f\u0732\u072a\u072c\u0738\u0720</span></a>, <a href=\"dosearch.php?searchkey=23904&amp;language=id\"><span class=\"eastsyriac\">\u0721\u071f\u0732\u072c\u0720\u0738\u0722</span></a>, <a href=\"dosearch.php?searchkey=23899&amp;language=id\"><span class=\"eastsyriac\">\u071f\u0735\u072c\u0738\u072a</span></a>, <a href=\"dosearch.php?searchkey=23900&amp;language=id\"><span class=\"eastsyriac\">\u0729\u071b\u0732\u072a</span></a>, <a href=\"dosearch.php?searchkey=23905&amp;language=id\"><span class=\"eastsyriac\">\u0721\u0729\u0732\u071b\u072a\u0738\u0722</span></a>, <a href=\"dosearch.php?searchkey=11909&amp;language=id\"><span class=\"eastsyriac\">\u0729\u0738\u072c\u072a\u0735\u0710</span></a></span>", "<span class=\"wordlink\"><a href=\"dosearch.php?searchkey=2741&amp;language=id\"><span class=\"eastsyriac\">\u0715\u0735\u0715\u0718\u073c\u0720\u072c\u0735\u0710</span></a>, <a href=\"dosearch.php?searchkey=4797&amp;language=id\"><span class=\"eastsyriac\">\u071a\u0738\u072a\u0719\u0735\u0710</span></a>, <a href=\"dosearch.php?searchkey=4827&amp;language=id\"><span class=\"eastsyriac\">\u071a\u072a\u071d\u073c\u0719\u0718\u073c\u072c\u0735\u0710</span></a>, <a href=\"dosearch.php?searchkey=4962&amp;language=id\"><span class=\"eastsyriac\">\u071b\u0735\u0712\u0718\u073f\u072a</span></a>, <a href=\"dosearch.php?searchkey=10773&amp;language=id\"><span class=\"eastsyriac\">\u0726\u0718\u073c\u072a\u0715\u0735\u072b\u0735\u0710</span></a></span>"], "key": "13303", "west": "\u0729\u0733\u072c\u0733\u072a", "phonetic": "<td>' qa: tar </td>", "east": "\u0729\u0735\u072c\u0735\u072a"},
{"searchkey": "13595", "audio": [], "context": ["miltary equipment"], "webrank": 30, "text": [" : 1) an array , a range / row / string , a number of things arranged in rows (especially cartridges) , a cartridge belt (?) / belt of ammunition (?) , a series , an exhibited collection (?) ;\r\n2) a harness , a climbing gear / harness (?) , trappings (?) / caparisons (?) , ", " : a chest-webbing (?) ;\r\n"], "english": "<td>1) an array , a range / row / string , a number of things arranged in rows (especially cartridges) , a cartridge belt (?) / belt of ammunition (?) , a series , an exhibited collection (?) ;\r\n2) a harness , a climbing gear / harness (?) , trappings (?) / caparisons (?) , <span class=\"context\">miltary equipment</span> : a chest-webbing (?) ;\r\n</td>", "cf": ["<span class=\"wordlink\"><a href=\"dosearch.php?searchkey=13594&amp;language=id\"><span class=\"eastsyriac\">\u072a\u0732\u071a\u072c\u0710</span></a></span>"], "key": "13595", "west": "\u072a\u0730\u0717\u071b\u0733\u0710", "phonetic": "<td>\\' rah \u1e6da</td>", "east": "\u072a\u0732\u0717\u071b\u0735\u0710"}
]