[
{"searchkey": "23389", "audio": [], "context": ["masculine", "artist, professional ..."], "webrank": 9, "text": [" : ", " : 1) natural , normal , unprocessed / untreated , ", " : innate / naturally talented , inborn , ingrained , immanent , hard-wired (?) / built-in (?)"], "english": "<td><span class=\"context\">masculine</span> : 1) natural , normal , unprocessed / untreated , <span class=\"context\">artist, professional ...</span> : innate / naturally talented , inborn , ingrained , immanent , hard-wired (?) / built-in (?) ;\r\n<span class=\"locution\"><span class=\"eastsyriac\">\u0721\u0738\u072c\u071b\u0735\u0718\u072a\u0735\u0722\u0718\u073c\u072c\u0735\u0710 \u071a\u0735\u0715\u0747 \u0710\u0738\u0723\u071b\u0718\u073c\u071f\u073c\u0723\u0735\u0710 \u071f\u071d\u0735\u0722\u0735\u071d\u0735\u0710 \u071d\u0720\u0735\u0717 \u0715\u0722\u0732\u0713\u071d\u073c\u072a\u0718\u073c\u072c \u071a\u0732\u071d\u0738\u0710 \u0713\u0735\u0718 \u072b\u0712\u0742\u071d\u073c\u0720\u0735\u0710 \u0715\u072b\u0718\u073c\u0718\u072b\u0735\u071b\u0735\u0710 \u0715\u071f\u0720 \u0710\u0718\u073c\u0721\u072c\u0735\u0710 \u071a\u0732\u071d\u072c\u0735\u0710, \u0715\u0717\u073f\u071d \u072b\u0735\u0712\u073f\u0729\u0735\u0710 \u0720\u0721\u0738\u0722\u0715\u071d\u073c \u0710\u0735\u0723\u0729\u0735\u0710 \u0718 \u072b\u0735\u0729\u0720\u0735\u0710 \u0720\u0729\u0732\u0720\u0718\u073c\u0720\u0735\u0710 \u0712\u071f\u0720\u0732\u071d\u0717\u071d \u0721\u0732\u072b\u0729\u0720\u0738\u0308\u0710 \u0715\u072c\u0732\u072b\u0725\u071d\u073c\u072c\u0710\u0735. </span></span> : Evolution, at all levels of history, is the natural trend of every long living nation, wherein it abandons the difficult and adopts the easy option ;\r\n<span class=\"field\">grammar</span> : <span class=\"locution\"><span class=\"eastsyriac\">\u072b\u0721\u0735\u0710 \u071f\u071d\u0735\u0722\u0735\u071d\u0735\u0710</span></span> : a common noun , a substantive ;\r\n2) <span class=\"context\">Bailis Shamun ; plant ... ; see also <a href=\"dosearch.php?searchkey=nSibLA%27&amp;language=fullsyriac\"><span class=\"eastsyriac\">\u0722\u0728\u071d\u073c\u0712\u0742\u0735\u0710</span></a></span> : endemic / related to an area , local ;\r\n3) <span class=\"context\">Bailis Shamun ; see also <a href=\"dosearch.php?searchkey=gAwAnAyA%27&amp;language=fullsyriac\"><span class=\"eastsyriac\">\u0713\u0735\u0718\u0735\u0722\u0735\u071d\u0735\u0710</span></a></span> : natural / predictable / normal ;\r\n<span class=\"context\">feminine</span> : <a href=\"dosearch.php?searchkey=kyAnAytA%27&amp;language=fullsyriac\"><span class=\"eastsyriac\">\u071f\u071d\u0735\u0722\u0735\u071d\u072c\u0735\u0710</span></a> ;</td>", "cf": ["<span class=\"wordlink\"><a href=\"dosearch.php?searchkey=kn&amp;language=fullsyriac\"><span class=\"eastsyriac\">\u071f\u0722</span></a>, <a href=\"dosearch.php?searchkey=23386&amp;language=id\"><span class=\"eastsyriac\">\u071f\u071d\u0735\u0722\u0735\u0710\u071d\u073c\u072c\u0742</span></a>, <a href=\"dosearch.php?searchkey=5977&amp;language=id\"><span class=\"eastsyriac\">\u071f\u071d\u0735\u0722\u0735\u0710</span></a>, <a href=\"dosearch.php?searchkey=31353&amp;language=id\"><span class=\"eastsyriac\">\u0712\u0732\u072a \u071f\u071d\u0735\u0722\u0735\u0710</span></a>, <a href=\"dosearch.php?searchkey=34808&amp;language=id\"><span class=\"eastsyriac\">\u0721\u071f\u0732\u071d\u0722\u0718\u073c\u072c\u0735\u0710</span></a></span>", "<span class=\"wordlink\"><a href=\"dosearch.php?searchkey=33380&amp;language=id\"><span class=\"eastsyriac\">\u0710\u0738\u0723\u071b\u0718\u073f\u0722\u0735\u072a\u0735\u0710</span></a>, <a href=\"dosearch.php?searchkey=33381&amp;language=id\"><span class=\"eastsyriac\">\u0710\u0738\u0723\u071b\u0718\u073f\u0722\u0735\u071d\u0735\u0710</span></a>, <a href=\"dosearch.php?searchkey=33382&amp;language=id\"><span class=\"eastsyriac\">\u0710\u0738\u0723\u071f\u0739\u0721\u0735\u071d\u0735\u0710</span></a>, <a href=\"dosearch.php?searchkey=33383&amp;language=id\"><span class=\"eastsyriac\">\u0721\u072b\u0718\u073c\u071a\u072c\u0735\u0722\u0735\u071d\u0735\u0710</span></a>, <a href=\"dosearch.php?searchkey=5964&amp;language=id\"><span class=\"eastsyriac\">\u071f\u071d\u073c\u0720\u0735\u0710</span></a>, <a href=\"dosearch.php?searchkey=33384&amp;language=id\"><span class=\"eastsyriac\">\u072a\u0739\u0710\u0719\u0735\u0722\u0735\u071d\u0735\u0710</span></a>, <a href=\"dosearch.php?searchkey=33385&amp;language=id\"><span class=\"eastsyriac\">\u0725\u0732\u0721\u0718\u073c\u0715\u0735\u071d\u0735\u0710</span></a>, <a href=\"dosearch.php?searchkey=35779&amp;language=id\"><span class=\"eastsyriac\">\u072a\u0729\u0735\u0725\u0735\u071d\u0735\u0710</span></a>, <a href=\"dosearch.php?searchkey=35847&amp;language=id\"><span class=\"eastsyriac\">\u0722\u0732\u0726\u032e\u072b\u0735\u0722\u0735\u071d\u0735\u0710</span></a>, <a href=\"dosearch.php?searchkey=357&amp;language=id\"><span class=\"eastsyriac\">\u0710\u071d\u073c\u072c\u0718\u073c\u072c\u0735\u0722\u0735\u071d\u0735\u0710</span></a>, <a href=\"dosearch.php?searchkey=35777&amp;language=id\"><span class=\"eastsyriac\">\u0722\u0728\u071d\u073c\u0712\u0742\u0735\u0710</span></a>, <a href=\"dosearch.php?searchkey=35846&amp;language=id\"><span class=\"eastsyriac\">\u071d\u0735\u072c\u0735\u0722\u0735\u071d\u0735\u0710</span></a>, <a href=\"dosearch.php?searchkey=15189&amp;language=id\"><span class=\"eastsyriac\">\u072b\u0732\u072a\u071d\u073c\u072a\u0735\u0710</span></a>, <a href=\"dosearch.php?searchkey=16234&amp;language=id\"><span class=\"eastsyriac\">\u072b\u0732\u0726\u071d\u0735\u0710</span></a>, <a href=\"dosearch.php?searchkey=19131&amp;language=id\"><span class=\"eastsyriac\">\u0713\u0735\u0718\u0735\u0722\u0735\u071d\u0735\u0710</span></a>, <a href=\"dosearch.php?searchkey=18391&amp;language=id\"><span class=\"eastsyriac\">\u0725\u071d\u0735\u0715\u0735\u071d\u0735\u0710</span></a>, <a href=\"dosearch.php?searchkey=6032&amp;language=id\"><span class=\"eastsyriac\">\u071f\u0720\u0735\u0722\u0735\u071d\u0735\u0710</span></a>, <a href=\"dosearch.php?searchkey=391&amp;language=id\"><span class=\"eastsyriac\">\u0710\u0732\u071f\u0723\u071d\u073c\u0723\u0735\u071d\u0735\u0710</span></a></span>"], "key": "23389", "west": "\u071f\u071d\u0733\u0722\u0733\u071d\u0733\u0710", "phonetic": "<td>kia: ' na: ia:</td>", "east": "\u071f\u071d\u0735\u0722\u0735\u071d\u0735\u0710"},
{"searchkey": "28915", "audio": [], "context": [], "webrank": 10, "text": [" : penmanship , artistic handwriting , calligraphy ;"], "english": "<td>penmanship , artistic handwriting , calligraphy ;</td>", "cf": ["<span class=\"wordlink\"><a href=\"dosearch.php?searchkey=28920&amp;language=id\"><span class=\"eastsyriac\">\u0710\u0718\u073c\u0721\u0735\u0722\u0718\u073c\u072c \u071f\u071d\u073c\u072a\u072c\u0735\u0710</span></a></span>", "<span class=\"wordlink\"><a href=\"dosearch.php?searchkey=28916&amp;language=id\"><span class=\"eastsyriac\">\u071f\u071d\u073c\u072a\u0732\u072c \u0710\u071d\u073c\u0715\u0735\u0710</span></a></span>", "<span class=\"wordlink\"><a href=\"dosearch.php?searchkey=12851&amp;language=id\"><span class=\"eastsyriac\">\u0729\u0735\u0720\u0735\u0721\u0735\u0710</span></a>, <a href=\"dosearch.php?searchkey=28917&amp;language=id\"><span class=\"eastsyriac\">\u0721\u0723\u0732\u072a\u0713\u0715\u0735\u0722\u0735\u0710</span></a>, <a href=\"dosearch.php?searchkey=28918&amp;language=id\"><span class=\"eastsyriac\">\u0715\u0710\u0718\u073c\u0721\u0735\u0722\u0718\u073c\u072c \u071f\u072c\u071d\u073c\u0712\u0742\u072c\u0735\u0710 \u0723\u0729\u071d\u073c\u0720\u072c\u0735\u0710</span></a>, <a href=\"dosearch.php?searchkey=28919&amp;language=id\"><span class=\"eastsyriac\">\u0710\u0718\u073c\u0721\u0735\u0722\u0718\u073c\u072c \u0721\u0723\u0732\u072a\u0713\u0732\u0715\u072c\u0735\u0710</span></a>, <a href=\"dosearch.php?searchkey=34968&amp;language=id\"><span class=\"eastsyriac\">\u072b\u0732\u0726\u071d\u073c\u072a \u071f\u072c\u071d\u073c\u0712\u0742\u072c\u0735\u0710</span></a></span>"], "key": "28915", "west": "\u071f\u073a\u071d\u072a\u072c\u0733\u0710", "phonetic": "<td>' ki:r ta:</td>", "east": "\u071f\u071d\u073c\u072a\u072c\u0735\u0710"},
{"searchkey": "16326", "audio": [], "context": [], "webrank": 4, "text": [" : an artist ;"], "english": "<td>an artist ;</td>", "cf": ["<span class=\"wordlink\"><a href=\"dosearch.php?searchkey=216&amp;language=id\"><span class=\"eastsyriac\">\u0710\u0718\u073c\u0721\u0735\u0722\u0735\u071d\u0735\u0710</span></a>, <a href=\"dosearch.php?searchkey=209&amp;language=id\"><span class=\"eastsyriac\">\u0710\u0718\u073c\u0721\u0735\u0722\u0718\u073c\u072c\u0735\u0710</span></a>, <a href=\"dosearch.php?searchkey=15029&amp;language=id\"><span class=\"eastsyriac\">\u072b\u0732\u0726\u071d\u073c\u072a\u0718\u073c\u072c \u0710\u0718\u073c\u0721\u0735\u0722\u0718\u073c\u072c\u0735\u0710</span></a></span>", "<span class=\"wordlink\"><a href=\"dosearch.php?searchkey=%27amAnA%27&amp;language=fullsyriac\"><span class=\"eastsyriac\">\u0710\u0732\u0721\u0735\u0722\u0735\u0710</span></a>, <a href=\"dosearch.php?searchkey=206&amp;language=id\"><span class=\"eastsyriac\">\u0710\u0718\u073c\u0721\u0735\u0722\u0735\u0710</span></a>, <a href=\"dosearch.php?searchkey=7249&amp;language=id\"><span class=\"eastsyriac\">\u0721\u0717\u071d\u073c\u072a\u0735\u0710</span></a>, <a href=\"dosearch.php?searchkey=mhirA%27+b%27umAnutEh&amp;language=fullsyriac\"><span class=\"eastsyriac\">\u0721\u0717\u071d\u073c\u072a\u0735\u0710 \u0712\u0710\u0718\u073c\u0721\u0735\u0722\u0718\u073c\u072c\u0739\u0717</span></a></span>"], "key": "16326", "west": "\u0710\u0730\u0721\u0722\u0733\u072a\u0733\u0710", "phonetic": "<td>am ' na ra</td>", "east": "\u0710\u0732\u0721\u0722\u0735\u072a\u0735\u0710"},
{"searchkey": "1991", "audio": [], "context": [], "webrank": 6, "text": [" : 1) a cistern , a reservoir for holding liquids ;\r\n2) a pit , a large hole or cavity in the ground either natural or artificial , a den , a hole in a rock ;\r\n3)  a atelier, a studio, a workshop, a artist's workroom ;"], "english": "<td>1) a cistern , a reservoir for holding liquids ;\r\n2) a pit , a large hole or cavity in the ground either natural or artificial , a den , a hole in a rock ;\r\n3)  a atelier, a studio, a workshop, a artist's workroom ;</td>", "cf": ["<span class=\"wordlink\"><a href=\"dosearch.php?searchkey=2087&amp;language=id\"><span class=\"eastsyriac\">\u0713\u0718\u073c\u0721\u072c\u0735\u0710</span></a>, <a href=\"dosearch.php?searchkey=18788&amp;language=id\"><span class=\"eastsyriac\">\u0710\u0738\u0713\u0721\u0735\u0710</span></a>, <a href=\"dosearch.php?searchkey=18789&amp;language=id\"><span class=\"eastsyriac\">\u0713\u0718\u073c\u0721\u072c\u0735\u0710</span></a>, <a href=\"dosearch.php?searchkey=19058&amp;language=id\"><span class=\"eastsyriac\">\u0713\u0718\u073c\u0721\u072c\u0735\u0710</span></a>, <a href=\"dosearch.php?searchkey=18787&amp;language=id\"><span class=\"eastsyriac\">\u0713\u0738\u0710\u0721\u0735\u0710</span></a></span>", "<span class=\"wordlink\"><a href=\"dosearch.php?searchkey=11143&amp;language=id\"><span class=\"eastsyriac\">\u0726\u0738\u0723\u0729\u071d\u073c\u0722\u0735\u0710</span></a>, <a href=\"dosearch.php?searchkey=2475&amp;language=id\"><span class=\"eastsyriac\">\u0713\u0739\u0723\u071b\u072a\u0738\u0722\u0723</span></a>, <a href=\"dosearch.php?searchkey=3352&amp;language=id\"><span class=\"eastsyriac\">\u0717\u0735\u0718\u0718\u073c\u0719</span></a>, <a href=\"dosearch.php?searchkey=5578&amp;language=id\"><span class=\"eastsyriac\">\u071d\u0732\u072a\u0715\u0735\u0710</span></a>, <a href=\"dosearch.php?searchkey=2514&amp;language=id\"><span class=\"eastsyriac\">\u0713\u0732\u072a\u0735\u0710</span></a>, <a href=\"dosearch.php?searchkey=12231&amp;language=id\"><span class=\"eastsyriac\">\u0729\u0738\u0712\u071d\u073c\u072c\u0735\u0710</span></a>, <a href=\"dosearch.php?searchkey=12221&amp;language=id\"><span class=\"eastsyriac\">\u0729\u0738\u0712\u071d\u0735\u0710</span></a>, <a href=\"dosearch.php?searchkey=3598&amp;language=id\"><span class=\"eastsyriac\">\u0718\u0732\u0719\u0722\u0735\u0710</span></a>, <a href=\"dosearch.php?searchkey=16520&amp;language=id\"><span class=\"eastsyriac\">\u0710\u0735\u0718\u0738\u0723\u0720\u0735\u0710</span></a>, <a href=\"dosearch.php?searchkey=gumAsA%27&amp;language=fullsyriac\"><span class=\"eastsyriac\">\u0713\u0718\u073c\u0721\u0735\u0723\u0735\u0710</span></a></span>"], "key": "1991", "west": "\u0713\u073d\u0718\u0712\u0733\u0710", "phonetic": "<td>' gu:b ba:</td>", "east": "\u0713\u0718\u073c\u0712\u0735\u0710"},
{"searchkey": "17867", "audio": [], "context": ["feminine adjective", "land, effort ?", "artist ?", "land, imagination"], "webrank": 5, "text": [" : uncultivated land ;\r\n", " : ", " : unfruitful , ", " : unproductive , ", " : barren , sterile (?) ;"], "english": "<td>uncultivated land ;\r\n<span class=\"context\">feminine adjective</span> : <span class=\"context\">land, effort ?</span> : unfruitful , <span class=\"context\">artist ?</span> : unproductive , <span class=\"context\">land, imagination</span> : barren , sterile (?) ;</td>", "cf": ["<span class=\"wordlink\"><a href=\"dosearch.php?searchkey=1100&amp;language=id\"><span class=\"eastsyriac\">\u0712\u0718\u073c\u072a\u0735\u0710</span></a>, <a href=\"dosearch.php?searchkey=1735&amp;language=id\"><span class=\"eastsyriac\">\u0712\u0732\u072a\u071d\u073c\u0735\u0710</span></a>, <a href=\"dosearch.php?searchkey=16165&amp;language=id\"><span class=\"eastsyriac\">\u0712\u0732\u072a\u071d\u073c\u072c\u0735\u0710</span></a>, <a href=\"dosearch.php?searchkey=16166&amp;language=id\"><span class=\"eastsyriac\">\u0715\u0732\u0712\u0742\u072a\u0735\u0710</span></a>, <a href=\"dosearch.php?searchkey=7133&amp;language=id\"><span class=\"eastsyriac\">\u0721\u0732\u0715\u0712\u0742\u072a\u0735\u0710</span></a>, <a href=\"dosearch.php?searchkey=16164&amp;language=id\"><span class=\"eastsyriac\">\u0712\u0732\u072a\u0735\u0710</span></a></span>"], "key": "17867", "west": "\u0712\u0730\u071d\u0733\u072a", "phonetic": "<td>' b\u00e9 ia:r</td>", "east": "\u0712\u0732\u071d\u0735\u072a"},
{"searchkey": "23267", "audio": [], "context": [], "webrank": 8, "text": [" : a mummer , a pantomime artist ;"], "english": "<td>a mummer , a pantomime artist ;</td>", "cf": [], "key": "23267", "west": "\u071f\u0733\u0718\u0723\u0733\u0713\u0733\u0720\u073a\u071d\u0722", "phonetic": "<td>ko: sa: ' ga: li:n</td>", "east": "\u071f\u0735\u0718\u0723\u0735\u0713\u0735\u0720\u071d\u073c\u0722"},
{"searchkey": "16327", "audio": [], "context": ["Lishani ; = \u0721\u0735\u0710\u0722\u0735\u0710"], "webrank": 3, "text": [" : 1) an artist , a maker ;\r\n2) ", " : a) a tool , b) a plate ;"], "english": "<td>1) an artist , a maker ;\r\n2) <span class=\"context\">Lishani ; = <a href=\"dosearch.php?searchkey=mA%27nA%27&amp;language=fullsyriac\"><span class=\"eastsyriac\">\u0721\u0735\u0710\u0722\u0735\u0710</span></a></span> : a) a tool , b) a plate ;</td>", "cf": ["<span class=\"wordlink\"><a href=\"dosearch.php?searchkey=206&amp;language=id\"><span class=\"eastsyriac\">\u0710\u0718\u073c\u0721\u0735\u0722\u0735\u0710</span></a>, <a href=\"dosearch.php?searchkey=7249&amp;language=id\"><span class=\"eastsyriac\">\u0721\u0717\u071d\u073c\u072a\u0735\u0710</span></a>, <a href=\"dosearch.php?searchkey=16328&amp;language=id\"><span class=\"eastsyriac\">\u0721\u0717\u071d\u073c\u072a\u0735\u0710 \u0712\u0710\u0718\u073c\u0721\u0735\u0722\u0718\u073c\u072c\u0739\u0717</span></a>, <a href=\"dosearch.php?searchkey=216&amp;language=id\"><span class=\"eastsyriac\">\u0710\u0718\u073c\u0721\u0735\u0722\u0735\u071d\u0735\u0710</span></a>, <a href=\"dosearch.php?searchkey=209&amp;language=id\"><span class=\"eastsyriac\">\u0710\u0718\u073c\u0721\u0735\u0722\u0718\u073c\u072c\u0735\u0710</span></a>, <a href=\"dosearch.php?searchkey=15029&amp;language=id\"><span class=\"eastsyriac\">\u072b\u0732\u0726\u071d\u073c\u072a\u0718\u073c\u072c \u0710\u0718\u073c\u0721\u0735\u0722\u0718\u073c\u072c\u0735\u0710</span></a>, <a href=\"dosearch.php?searchkey=16326&amp;language=id\"><span class=\"eastsyriac\">\u0710\u0732\u0721\u0722\u0735\u072a\u0735\u0710</span></a></span>"], "key": "16327", "west": "\u0710\u0730\u0721\u0733\u0722\u0733\u0710", "phonetic": "<td>am ' ma: na:</td>", "east": "\u0710\u0732\u0721\u0735\u0722\u0735\u0710"},
{"searchkey": "216", "audio": ["./audio/entry216.mp3"], "context": ["Oraham", "Yoab Benjamin", "feminine : \u0710\u0718\u073c\u0721\u0735\u0722\u0735\u071d\u072c\u0735\u0710"], "webrank": 2, "text": [" : 1) ", " : workmanlike , of or belonging to an art or handicraft , manual ;\r\n2) ", " : artistic ;\r\n"], "english": "<td>1) <span class=\"context\">Oraham</span> : workmanlike , of or belonging to an art or handicraft , manual ;\r\n2) <span class=\"context\">Yoab Benjamin</span> : artistic ;\r\n<span class=\"context\">feminine : <a href=\"dosearch.php?searchkey=%27umAnAytA%27&amp;language=fullsyriac\"><span class=\"eastsyriac\">\u0710\u0718\u073c\u0721\u0735\u0722\u0735\u071d\u072c\u0735\u0710</span></a></span> ;\r\n<span class=\"locution\"><span class=\"eastsyriac\">\u071a\u0718\u073c\u0715\u0735\u072c\u0735\u0710 \u0710\u0718\u073c\u0721\u0735\u0722\u0735\u071d\u072c\u0735\u0710</span></span> : an artistic revival ;</td>", "cf": ["<span class=\"wordlink\"><a href=\"dosearch.php?searchkey=33358&amp;language=id\"><span class=\"eastsyriac\">\u0710\u0718\u073c\u0721\u0735\u0722\u0735\u071d\u072c\u0735\u0710</span></a></span>", "<span class=\"wordlink\"><a href=\"dosearch.php?searchkey=13110&amp;language=id\"><span class=\"eastsyriac\">\u0729\u0732\u072a\u0715\u0735\u071a\u0718\u073c\u072c\u0735\u0710</span></a></span>"], "key": "216", "west": "\u0710\u073d\u0718\u0721\u0733\u0722\u0733\u071d\u0733\u0710", "phonetic": "<td>u: ma: ' na: ia:</td>", "east": "\u0710\u0718\u073c\u0721\u0735\u0722\u0735\u071d\u0735\u0710"},
{"searchkey": "33357", "audio": [], "context": [], "webrank": 7, "text": [" : a revival"], "english": "<td>a revival ;\r\n<span class=\"locution\"><span class=\"eastsyriac\">\u071a\u0718\u073c\u0715\u0735\u072c\u0735\u0710 \u072c\u0735\u0718\u0715\u071d\u073c\u072c\u0735\u0722\u0735\u071d\u0735\u0710</span></span> : an intellectual revival ;\r\n<span class=\"locution\"><span class=\"eastsyriac\">\u071a\u0718\u073c\u0715\u0735\u072c\u0735\u0710 \u0710\u0718\u073c\u0721\u0735\u0722\u0735\u071d\u072c\u0735\u0710</span></span> : an artistic revival ;</td>", "cf": ["<span class=\"wordlink\"><a href=\"dosearch.php?searchkey=xdt&amp;language=fullsyriac\"><span class=\"eastsyriac\">\u071a\u0715\u072c</span></a>, <a href=\"dosearch.php?searchkey=4149&amp;language=id\"><span class=\"eastsyriac\">\u071a\u0732\u0715\u0732\u072c\u0735\u0710</span></a></span>", "<span class=\"wordlink\"><a href=\"dosearch.php?searchkey=25531&amp;language=id\"><span class=\"eastsyriac\">\u072a\u0725\u0735\u072b\u072c\u0735\u0710</span></a>, <a href=\"dosearch.php?searchkey=8997&amp;language=id\"><span class=\"eastsyriac\">\u0722\u0718\u073c\u071a\u0735\u0721\u0735\u0710</span></a>, <a href=\"dosearch.php?searchkey=8997&amp;language=id\"><span class=\"eastsyriac\">\u0722\u0718\u073c\u071a\u0735\u0721\u0735\u0710</span></a>, <a href=\"dosearch.php?searchkey=12431&amp;language=id\"><span class=\"eastsyriac\">\u0729\u0718\u073c\u071d\u0735\u0721\u0735\u0710</span></a>, <a href=\"dosearch.php?searchkey=16005&amp;language=id\"><span class=\"eastsyriac\">\u072c\u0732\u072b\u0726\u071d\u073c\u071f\u0742\u0735\u0710</span></a></span>"], "key": "33357", "west": "\u071a\u073d\u0718\u0715\u0733\u072c\u0733\u0710", "phonetic": "<td>\u1e25u: ' da: ta:</td>", "east": "\u071a\u0718\u073c\u0715\u0735\u072c\u0735\u0710"},
{"searchkey": "209", "audio": ["./audio/entry209.mp3"], "context": [], "webrank": 1, "text": [" : workmanship , art , artistry , craft , industry , science , skill , artifice , guile"], "english": "<td>workmanship , art , artistry , craft , industry , science , skill , artifice , guile ;\r\n<span class=\"locution\"><span class=\"eastsyriac\">\u0710\u0718\u073c\u0721\u0735\u0722\u0718\u073c\u072c\u0735\u0710 \u0715\u072c\u0732\u072a\u0732\u0728\u072c\u0735\u0710 \u0715\u0728\u0732\u0720\u0721\u0739\u0710 \u0718\u0729\u0735\u071d\u0721\u0735\u072c\u0739\u0710</span></span> : the art of making sculptures or statues ;</td>", "cf": ["<span class=\"wordlink\"><a href=\"dosearch.php?searchkey=%27mn&amp;language=fullsyriac\"><span class=\"eastsyriac\">\u0710\u0721\u0722</span></a>, <a href=\"dosearch.php?searchkey=216&amp;language=id\"><span class=\"eastsyriac\">\u0710\u0718\u073c\u0721\u0735\u0722\u0735\u071d\u0735\u0710</span></a>, <a href=\"dosearch.php?searchkey=15029&amp;language=id\"><span class=\"eastsyriac\">\u072b\u0732\u0726\u071d\u073c\u072a\u0718\u073c\u072c \u0710\u0718\u073c\u0721\u0735\u0722\u0718\u073c\u072c\u0735\u0710</span></a>, <a href=\"dosearch.php?searchkey=16326&amp;language=id\"><span class=\"eastsyriac\">\u0710\u0732\u0721\u0722\u0735\u072a\u0735\u0710</span></a>, <a href=\"dosearch.php?searchkey=%27amnA%27&amp;language=fullsyriac\"><span class=\"eastsyriac\">\u0710\u0732\u0721\u0722\u0735\u0710</span></a></span>", "<span class=\"wordlink\"><a href=\"dosearch.php?searchkey=12053&amp;language=id\"><span class=\"eastsyriac\">\u0728\u0738\u0722\u0725\u0735\u0710</span></a>, <a href=\"dosearch.php?searchkey=13110&amp;language=id\"><span class=\"eastsyriac\">\u0729\u0732\u072a\u0715\u0735\u071a\u0718\u073c\u072c\u0735\u0710</span></a>, <a href=\"dosearch.php?searchkey=1800&amp;language=id\"><span class=\"eastsyriac\">\u0712\u0735\u072b\u0732\u072a\u072c\u0735\u0710</span></a>, <a href=\"dosearch.php?searchkey=3377&amp;language=id\"><span class=\"eastsyriac\">\u0717\u0718\u073c\u0722\u0735\u072a</span></a>, <a href=\"dosearch.php?searchkey=31659&amp;language=id\"><span class=\"eastsyriac\">\u071b\u0718\u073c\u0713\u0735\u072a\u0735\u0710</span></a>, <a href=\"dosearch.php?searchkey=9984&amp;language=id\"><span class=\"eastsyriac\">\u0723\u0735\u072a\u0738\u072b\u072c\u0735\u0710</span></a>, <a href=\"dosearch.php?searchkey=7251&amp;language=id\"><span class=\"eastsyriac\">\u0721\u0717\u071d\u073c\u072a\u0718\u073c\u072c\u0735\u0710</span></a>, <a href=\"dosearch.php?searchkey=9984&amp;language=id\"><span class=\"eastsyriac\">\u0723\u0735\u072a\u0738\u072b\u072c\u0735\u0710</span></a>, <a href=\"dosearch.php?searchkey=33835&amp;language=id\"><span class=\"eastsyriac\">\u071b\u0718\u073c\u0720\u071d\u0735\u0729\u0718\u073c\u072c\u0735\u0710</span></a>, <a href=\"dosearch.php?searchkey=32519&amp;language=id\"><span class=\"eastsyriac\">\u0728\u0738\u0722\u0725\u072c\u0735\u0710</span></a>, <a href=\"dosearch.php?searchkey=34425&amp;language=id\"><span class=\"eastsyriac\">\u0712\u0732\u072b\u0732\u072a\u072c\u0735\u0710</span></a>, <a href=\"dosearch.php?searchkey=34426&amp;language=id\"><span class=\"eastsyriac\">\u0723\u0732\u0720\u0713\u0742\u0735\u0710</span></a>, <a href=\"dosearch.php?searchkey=5301&amp;language=id\"><span class=\"eastsyriac\">\u071b\u0732\u072a\u0729\u0718\u073c\u072c\u0735\u0710</span></a>, <a href=\"dosearch.php?searchkey=34424&amp;language=id\"><span class=\"eastsyriac\">\u0717\u0718\u073c\u0722\u0735\u0710</span></a></span>"], "key": "209", "west": "\u0710\u073d\u0718\u0721\u0733\u0722\u073d\u0718\u072c\u0733\u0710", "phonetic": "<td>u: ma: ' nu: ta:</td>", "east": "\u0710\u0718\u073c\u0721\u0735\u0722\u0718\u073c\u072c\u0735\u0710"},
{"searchkey": "25104", "audio": [], "context": [], "webrank": 20, "text": [" : adroitness , dexterity , skill / craft / ability / deftness / artistry / craftsmanship / technique / proficiency ;"], "english": "<td>adroitness , dexterity , skill / craft / ability / deftness / artistry / craftsmanship / technique / proficiency ;</td>", "cf": ["<span class=\"wordlink\"><a href=\"dosearch.php?searchkey=7701&amp;language=id\"><span class=\"eastsyriac\">\u0721\u0308\u071d\u073c\u0735\u0710</span></a>, <a href=\"dosearch.php?searchkey=290&amp;language=id\"><span class=\"eastsyriac\">\u0710\u071d\u073c\u0715\u0735\u0710</span></a></span>", "<span class=\"wordlink\"><a href=\"dosearch.php?searchkey=9984&amp;language=id\"><span class=\"eastsyriac\">\u0723\u0735\u072a\u0738\u072b\u072c\u0735\u0710</span></a>, <a href=\"dosearch.php?searchkey=27468&amp;language=id\"><span class=\"eastsyriac\">\u0728\u0732\u0722\u0725\u0732\u072c</span></a>, <a href=\"dosearch.php?searchkey=5402&amp;language=id\"><span class=\"eastsyriac\">\u071d\u0718\u073c\u0720\u0726\u0735\u0722\u0735\u0710</span></a>, <a href=\"dosearch.php?searchkey=7212&amp;language=id\"><span class=\"eastsyriac\">\u0721\u0715\u0735\u0729\u0718\u073f\u072c\u0735\u0710</span></a>, <a href=\"dosearch.php?searchkey=7225&amp;language=id\"><span class=\"eastsyriac\">\u0721\u0715\u0732\u072a\u072b\u0718\u073c\u072c\u0735\u0710</span></a>, <a href=\"dosearch.php?searchkey=12053&amp;language=id\"><span class=\"eastsyriac\">\u0728\u0738\u0722\u0725\u0735\u0710</span></a>, <a href=\"dosearch.php?searchkey=13110&amp;language=id\"><span class=\"eastsyriac\">\u0729\u0732\u072a\u0715\u0735\u071a\u0718\u073c\u072c\u0735\u0710</span></a>, <a href=\"dosearch.php?searchkey=216&amp;language=id\"><span class=\"eastsyriac\">\u0710\u0718\u073c\u0721\u0735\u0722\u0735\u071d\u0735\u0710</span></a>, <a href=\"dosearch.php?searchkey=209&amp;language=id\"><span class=\"eastsyriac\">\u0710\u0718\u073c\u0721\u0735\u0722\u0718\u073c\u072c\u0735\u0710</span></a>, <a href=\"dosearch.php?searchkey=1800&amp;language=id\"><span class=\"eastsyriac\">\u0712\u0735\u072b\u0732\u072a\u072c\u0735\u0710</span></a>, <a href=\"dosearch.php?searchkey=3377&amp;language=id\"><span class=\"eastsyriac\">\u0717\u0718\u073c\u0722\u0735\u072a</span></a>, <a href=\"dosearch.php?searchkey=8348&amp;language=id\"><span class=\"eastsyriac\">\u0721\u0732\u0728\u071d\u0735\u0722\u0718\u073c\u072c\u0735\u0710</span></a></span>"], "key": "25104", "west": "\u0721\u0308\u073a\u071d\u0733\u0710 \u0715\u0710\u073a\u071d\u0715\u0733\u0710", "phonetic": "<td>' mi: ia:d ' i: da:</td>", "east": "\u0721\u0308\u071d\u073c\u0735\u0710 \u0715\u0710\u071d\u073c\u0715\u0735\u0710"},
{"searchkey": "7870", "audio": [], "context": ["Oraham", "Yoab Benjamin ; see \u0729\u0735\u0726\u0718\u073f\u0720\u0735\u0710"], "webrank": 30, "text": [" : 1) ", " : a craftsman , an artificer , a skilled or artistic worker ;\r\n2) ", " : a locksmith ;"], "english": "<td>1) <span class=\"context\">Oraham</span> : a craftsman , an artificer , a skilled or artistic worker ;\r\n2) <span class=\"context\">Yoab Benjamin ; see <a href=\"dosearch.php?searchkey=qApolA%27&amp;language=fullsyriac\"><span class=\"eastsyriac\">\u0729\u0735\u0726\u0718\u073f\u0720\u0735\u0710</span></a></span> : a locksmith ;</td>", "cf": [], "key": "7870", "west": "\u0721\u0720\u0730\u071a\u0721\u0733\u0722\u0733\u0710", "phonetic": "<td>mla\u1e25 ' ma: na:</td>", "east": "\u0721\u0720\u0732\u071a\u0721\u0735\u0722\u0735\u0710"},
{"searchkey": "27091", "audio": [], "context": [], "webrank": 40, "text": [" : a painter , an artist ;"], "english": "<td>a painter , an artist ;</td>", "cf": ["<span class=\"wordlink\"><a href=\"dosearch.php?searchkey=9325&amp;language=id\"><span class=\"eastsyriac\">\u0722\u0732\u0729\u072b\u0735\u0722\u0735\u0710</span></a>, <a href=\"dosearch.php?searchkey=9052&amp;language=id\"><span class=\"eastsyriac\">\u0722\u0718\u073c\u0729\u072b\u0735\u0710</span></a>, <a href=\"dosearch.php?searchkey=9321&amp;language=id\"><span class=\"eastsyriac\">\u0722\u0729\u0735\u072b\u0735\u0710</span></a>, <a href=\"dosearch.php?searchkey=25527&amp;language=id\"><span class=\"eastsyriac\">\u0722\u0735\u0729\u0738\u072b</span></a>, <a href=\"dosearch.php?searchkey=9319&amp;language=id\"><span class=\"eastsyriac\">\u0722\u0732\u0729\u072b\u0735\u0710</span></a></span>", "<span class=\"wordlink\"><a href=\"dosearch.php?searchkey=7540&amp;language=id\"><span class=\"eastsyriac\">\u0721\u0732\u071a\u0718\u0738\u072a\u0735\u0722\u0735\u0710</span></a>, <a href=\"dosearch.php?searchkey=26043&amp;language=id\"><span class=\"eastsyriac\">\u0728\u0732\u0712\u0735\u0725\u0735\u0710</span></a>, <a href=\"dosearch.php?searchkey=11922&amp;language=id\"><span class=\"eastsyriac\">\u0728\u0732\u071d\u0735\u072a\u0735\u0710</span></a>, <a href=\"dosearch.php?searchkey=27092&amp;language=id\"><span class=\"eastsyriac\">\u0723\u071d\u0735\u0721 \u0710\u071d\u073c\u0715\u0742\u0735\u0710</span></a>, <a href=\"dosearch.php?searchkey=27093&amp;language=id\"><span class=\"eastsyriac\">\u0728\u0735\u0712\u0742\u0718\u073c\u0725\u0735\u0710</span></a></span>"], "key": "27091", "west": "\u0722\u0730\u0729\u0733\u072b", "phonetic": "<td>' na qa:\u0161</td>", "east": "\u0722\u0732\u0729\u0735\u072b"},
{"searchkey": "16328", "audio": [], "context": [], "webrank": 10, "text": [" : un artiste , a master in a skill ;"], "english": "<td>un artiste , a master in a skill ;</td>", "cf": ["<span class=\"wordlink\"><a href=\"dosearch.php?searchkey=16327&amp;language=id\"><span class=\"eastsyriac\">\u0710\u0732\u0721\u0735\u0722\u0735\u0710</span></a>, <a href=\"dosearch.php?searchkey=206&amp;language=id\"><span class=\"eastsyriac\">\u0710\u0718\u073c\u0721\u0735\u0722\u0735\u0710</span></a>, <a href=\"dosearch.php?searchkey=7249&amp;language=id\"><span class=\"eastsyriac\">\u0721\u0717\u071d\u073c\u072a\u0735\u0710</span></a>, <a href=\"dosearch.php?searchkey=216&amp;language=id\"><span class=\"eastsyriac\">\u0710\u0718\u073c\u0721\u0735\u0722\u0735\u071d\u0735\u0710</span></a>, <a href=\"dosearch.php?searchkey=209&amp;language=id\"><span class=\"eastsyriac\">\u0710\u0718\u073c\u0721\u0735\u0722\u0718\u073c\u072c\u0735\u0710</span></a>, <a href=\"dosearch.php?searchkey=15029&amp;language=id\"><span class=\"eastsyriac\">\u072b\u0732\u0726\u071d\u073c\u072a\u0718\u073c\u072c \u0710\u0718\u073c\u0721\u0735\u0722\u0718\u073c\u072c\u0735\u0710</span></a>, <a href=\"dosearch.php?searchkey=16326&amp;language=id\"><span class=\"eastsyriac\">\u0710\u0732\u0721\u0722\u0735\u072a\u0735\u0710</span></a></span>"], "key": "16328", "west": "\u0721\u0717\u073a\u071d\u072a\u0733\u0710 \u0712\u0710\u073d\u0718\u0721\u0733\u0722\u073d\u0718\u072c\u0736\u0717", "phonetic": "<td>' mhi rab u ma ' nu: tih</td>", "east": "\u0721\u0717\u071d\u073c\u072a\u0735\u0710 \u0712\u0710\u0718\u073c\u0721\u0735\u0722\u0718\u073c\u072c\u0739\u0717"}
]