[
{"searchkey": "13521", "audio": [], "context": [], "webrank": 6, "text": [" : the opinion , the view / judgement / mind / belief / sentiment / assessment (in regard to any point) ;"], "english": "<td>the opinion , the view / judgement / mind / belief / sentiment / assessment (in regard to any point) ;</td>", "cf": ["<span class=\"wordlink\"><a href=\"dosearch.php?searchkey=13520&amp;language=id\"><span class=\"eastsyriac\">\u072a\u0718\u073c\u0725\u0735\u0710</span></a></span>", "<span class=\"wordlink\"><a href=\"dosearch.php?searchkey=7781&amp;language=id\"><span class=\"eastsyriac\">\u0721\u0732\u071f\u0742\u0720\u0735\u0722\u0718\u073c\u072c\u0735\u0710</span></a>, <a href=\"dosearch.php?searchkey=8081&amp;language=id\"><span class=\"eastsyriac\">\u0721\u0732\u0723\u0712\u072a\u0735\u0722\u0718\u073c\u072c\u0735\u0710</span></a>, <a href=\"dosearch.php?searchkey=8219&amp;language=id\"><span class=\"eastsyriac\">\u0721\u0732\u0725\u0721\u0732\u0720\u072c\u0735\u0710</span></a>, <a href=\"dosearch.php?searchkey=9403&amp;language=id\"><span class=\"eastsyriac\">\u0723\u0738\u0712\u072a\u0735\u0710</span></a></span>"], "key": "13521", "west": "\u072a\u073d\u0718\u0725\u073d\u0718\u072c\u0733\u0710", "phonetic": "<td>ru ' u ta</td>", "east": "\u072a\u0718\u073c\u0725\u0718\u073c\u072c\u0735\u0710"},
{"searchkey": "8219", "audio": [], "context": ["Oraham", "Al Qosh", "Yoab Benjamin"], "webrank": 4, "text": [" : 1) ", " : an appraisal , the act of appraising , an assessment / assessing of value / price , setting the value on , an estimation of the worth of , a valuation , an opinion -on the value- (?) ;\r\n2) ", " : dealings ;\r\n3) ", " : haggling , bargaining ;"], "english": "<td>1) <span class=\"context\">Oraham</span> : an appraisal , the act of appraising , an assessment / assessing of value / price , setting the value on , an estimation of the worth of , a valuation , an opinion -on the value- (?) ;\r\n2) <span class=\"context\">Al Qosh</span> : dealings ;\r\n3) <span class=\"context\">Yoab Benjamin</span> : haggling , bargaining ;</td>", "cf": ["<span class=\"wordlink\"><a href=\"dosearch.php?searchkey=10371&amp;language=id\"><span class=\"eastsyriac\">\u0725\u0721\u0735\u0720\u0735\u0710</span></a>, <a href=\"dosearch.php?searchkey=17182&amp;language=id\"><span class=\"eastsyriac\">\u0725\u0735\u0721\u0738\u0720\u0735\u0710</span></a>, <a href=\"dosearch.php?searchkey=10356&amp;language=id\"><span class=\"eastsyriac\">\u0725\u0732\u0721\u0718\u073c\u0720\u0735\u0710</span></a>, <a href=\"dosearch.php?searchkey=10372&amp;language=id\"><span class=\"eastsyriac\">\u0725\u0732\u0721\u0720\u0735\u0710</span></a>, <a href=\"dosearch.php?searchkey=17183&amp;language=id\"><span class=\"eastsyriac\">\u0721\u0732\u0725\u0721\u0738\u0720</span></a>, <a href=\"dosearch.php?searchkey=17184&amp;language=id\"><span class=\"eastsyriac\">\u0721\u0725\u0735\u0721\u0738\u0720</span></a>, <a href=\"dosearch.php?searchkey=17185&amp;language=id\"><span class=\"eastsyriac\">\u0721\u0732\u0725\u0721\u0720\u0735\u0710</span></a>, <a href=\"dosearch.php?searchkey=8215&amp;language=id\"><span class=\"eastsyriac\">\u0721\u0732\u0725\u0721\u0718\u073c\u0720\u0739\u0710</span></a>, <a href=\"dosearch.php?searchkey=17183&amp;language=id\"><span class=\"eastsyriac\">\u0721\u0732\u0725\u0721\u0738\u0720</span></a></span>", "<span class=\"wordlink\"><a href=\"dosearch.php?searchkey=13521&amp;language=id\"><span class=\"eastsyriac\">\u072a\u0718\u073c\u0725\u0718\u073c\u072c\u0735\u0710</span></a>, <a href=\"dosearch.php?searchkey=7781&amp;language=id\"><span class=\"eastsyriac\">\u0721\u0732\u071f\u0742\u0720\u0735\u0722\u0718\u073c\u072c\u0735\u0710</span></a>, <a href=\"dosearch.php?searchkey=8081&amp;language=id\"><span class=\"eastsyriac\">\u0721\u0732\u0723\u0712\u072a\u0735\u0722\u0718\u073c\u072c\u0735\u0710</span></a>, <a href=\"dosearch.php?searchkey=24609&amp;language=id\"><span class=\"eastsyriac\">\u0721\u0715\u0732\u0720\u0738\u0720</span></a>, <a href=\"dosearch.php?searchkey=32738&amp;language=id\"><span class=\"eastsyriac\">\u0723\u0726\u0723\u072a</span></a></span>"], "key": "8219", "west": "\u0721\u0730\u0725\u0721\u0730\u0720\u072c\u0733\u0710", "phonetic": "<td>mam ' mal ta:</td>", "east": "\u0721\u0732\u0725\u0721\u0732\u0720\u072c\u0735\u0710"},
{"searchkey": "20360", "audio": [], "context": ["= \u071f\u071d\u073c\u0718\u073c\u0720\u0735\u0710", "Oraham", "of assessment", "gun (?), steel (?), needle (?)", "Bailis Shamun"], "webrank": 3, "text": [" : 1) ", " ;\r\n2) ", " : a degree , a point ", " ;\r\n3) ", " : a gauge (?) ;\r\n4) ", " : rhythm ;"], "english": "<td>1) <span class=\"context\">= <a href=\"dosearch.php?searchkey=kiulA%27&amp;language=fullsyriac\"><span class=\"eastsyriac\">\u071f\u071d\u073c\u0718\u073c\u0720\u0735\u0710</span></a></span> ;\r\n2) <span class=\"context\">Oraham</span> : a degree , a point <span class=\"context\">of assessment</span> ;\r\n3) <span class=\"context\">gun (?), steel (?), needle (?)</span> : a gauge (?) ;\r\n4) <span class=\"context\">Bailis Shamun</span> : rhythm ;</td>", "cf": ["<span class=\"wordlink\"><a href=\"dosearch.php?searchkey=kl&amp;language=fullsyriac\"><span class=\"eastsyriac\">\u071f\u0720</span></a>, <a href=\"dosearch.php?searchkey=5957&amp;language=id\"><span class=\"eastsyriac\">\u071f\u071d\u073c\u0718\u073c\u0720\u0735\u0710</span></a></span>", "<span class=\"wordlink\"><a href=\"dosearch.php?searchkey=8056&amp;language=id\"><span class=\"eastsyriac\">\u0721\u0722\u0735\u072c\u0735\u0710</span></a>, <a href=\"dosearch.php?searchkey=8582&amp;language=id\"><span class=\"eastsyriac\">\u0721\u072b\u0718\u073c\u071a\u072c\u0735\u0710</span></a>, <a href=\"dosearch.php?searchkey=20361&amp;language=id\"><span class=\"eastsyriac\">\u0721\u0732\u0719\u0720\u0735\u0710</span></a>, <a href=\"dosearch.php?searchkey=14158&amp;language=id\"><span class=\"eastsyriac\">\u072b\u0738\u0715\u072c\u0735\u0710</span></a>, <a href=\"dosearch.php?searchkey=20359&amp;language=id\"><span class=\"eastsyriac\">\u0715\u0735\u072a\u0735\u0713\u0330</span></a></span>"], "key": "20360", "west": "\u071f\u0730\u071d\u0720\u0733\u0710", "phonetic": "<td>' k\u00e9 la:</td>", "east": "\u071f\u0732\u071d\u0720\u0735\u0710"},
{"searchkey": "9678", "audio": [], "context": [], "webrank": 5, "text": [" : 1) the amount , the sum total of two or more sums, the aggregate , a totality / the entirety (?) , the computation / the appraisement (?) / the estimate (?) / the assessment (?) / the valuation (?) / the appraisal (?) ;\r\n2) an era , a period / an epoch / an age / the days (of) / a time (?) ;"], "english": "<td>1) the amount , the sum total of two or more sums, the aggregate , a totality / the entirety (?) , the computation / the appraisement (?) / the estimate (?) / the assessment (?) / the valuation (?) / the appraisal (?) ;\r\n2) an era , a period / an epoch / an age / the days (of) / a time (?) ;</td>", "cf": ["<span class=\"wordlink\"><a href=\"dosearch.php?searchkey=12265&amp;language=id\"><span class=\"eastsyriac\">\u072c\u0718\u071a\u0735\u0721\u0735\u0710</span></a>, <a href=\"dosearch.php?searchkey=6136&amp;language=id\"><span class=\"eastsyriac\">\u071f\u0721\u0735\u071d\u0718\u073c\u072c\u0735\u0710</span></a>, <a href=\"dosearch.php?searchkey=2379&amp;language=id\"><span class=\"eastsyriac\">\u0713\u0330\u0732\u0721\u0725</span></a></span>"], "key": "9678", "west": "\u0723\u071d\u0729\u073d\u0718\u0721\u0733\u0710", "phonetic": "<td>si: ' qu: ma</td>", "east": "\u0723\u071d\u0729\u0718\u073c\u0721\u0735\u0710"},
{"searchkey": "20875", "audio": [], "context": [], "webrank": 1, "text": [" : 1) reckoning , assessment , the count / the number , the account (?) , the calendar calculation time / calendar calculation ;\r\n2) thought , opinion ; "], "english": "<td>1) reckoning , assessment , the count / the number , the account (?) , the calendar calculation time / calendar calculation ;\r\n2) thought , opinion ; </td>", "cf": ["<span class=\"wordlink\"><a href=\"dosearch.php?searchkey=20872&amp;language=id\"><span class=\"eastsyriac\">\u0717\u0732\u0723\u0732\u0712</span></a>, <a href=\"dosearch.php?searchkey=20874&amp;language=id\"><span class=\"eastsyriac\">\u071a\u0735\u0723\u0738\u0712</span></a>, <a href=\"dosearch.php?searchkey=17427&amp;language=id\"><span class=\"eastsyriac\">\u071a\u072b\u0712</span></a>, <a href=\"dosearch.php?searchkey=17973&amp;language=id\"><span class=\"eastsyriac\">\u071a\u0732\u072b\u0712\u0738\u0722</span></a>, <a href=\"dosearch.php?searchkey=31454&amp;language=id\"><span class=\"eastsyriac\">\u0712\u071a\u0732\u0723\u0712\u0739\u0710</span></a>, <a href=\"dosearch.php?searchkey=31455&amp;language=id\"><span class=\"eastsyriac\">\u071a\u0718\u073c\u072b\u0712\u0735\u0722 \u0721\u0738\u0722\u071d\u0735\u0722\u0308\u0308\u0739\u0710</span></a></span>", "<span class=\"wordlink\"><a href=\"dosearch.php?searchkey=21809&amp;language=id\"><span class=\"eastsyriac\">\u071a\u0732\u0719\u0712\u0739\u0710</span></a></span>", "<span class=\"wordlink\"><a href=\"dosearch.php?searchkey=18409&amp;language=id\"><span class=\"eastsyriac\">\u0721\u0735\u0722\u0739\u0710</span></a>, <a href=\"dosearch.php?searchkey=8012&amp;language=id\"><span class=\"eastsyriac\">\u0721\u0738\u0722\u071d\u0735\u0722\u0735\u0710</span></a></span>"], "key": "20875", "west": "\u071a\u0730\u0723\u0712\u0736\u0710", "phonetic": "<td>' \u1e25as b\u00e9</td>", "east": "\u071a\u0732\u0723\u0712\u0739\u0710"},
{"searchkey": "4766", "audio": [], "context": [], "webrank": 2, "text": [" : 1) (tax) assessment ;\r\n2) land tax ;"], "english": "<td>1) (tax) assessment ;\r\n2) land tax ;</td>", "cf": ["<span class=\"wordlink\"><a href=\"dosearch.php?searchkey=22267&amp;language=id\"><span class=\"eastsyriac\">\u071a\u0735\u072a\u0738\u0713\u0330</span></a>, <a href=\"dosearch.php?searchkey=22268&amp;language=id\"><span class=\"eastsyriac\">\u071a\u0735\u072a\u0735\u0713\u0330</span></a>, <a href=\"dosearch.php?searchkey=958&amp;language=id\"><span class=\"eastsyriac\">\u0712\u0732\u0715\u071a\u0732\u072a\u0713\u0330</span></a>, <a href=\"dosearch.php?searchkey=22270&amp;language=id\"><span class=\"eastsyriac\">\u0721\u0732\u071a\u072a\u0738\u0713\u0330</span></a>, <a href=\"dosearch.php?searchkey=22269&amp;language=id\"><span class=\"eastsyriac\">\u0721\u071a\u0735\u072a\u0738\u0713\u0330</span></a>, <a href=\"dosearch.php?searchkey=4765&amp;language=id\"><span class=\"eastsyriac\">\u071a\u0732\u072a\u0713\u0330\u0715\u072a\u0739\u072b\u0735\u0710</span></a>, <a href=\"dosearch.php?searchkey=4764&amp;language=id\"><span class=\"eastsyriac\">\u071a\u0732\u072a\u0713\u0330</span></a>, <a href=\"dosearch.php?searchkey=4766&amp;language=id\"><span class=\"eastsyriac\">\u071a\u0732\u072a\u0713\u0330 \u0715\u0710\u0747\u072a\u0725\u0735\u0710</span></a></span>"], "key": "4766", "west": "\u071a\u0730\u072a\u0713\u0330 \u0715\u0710\u0747\u072a\u0725\u0733\u0710", "phonetic": "<td>\u1e25ardj ' dar a:</td>", "east": "\u071a\u0732\u072a\u0713\u0330 \u0715\u0710\u0747\u072a\u0725\u0735\u0710"}
]