[
{"searchkey": "6594", "audio": [], "context": [], "webrank": 3, "text": [" : nausea , a sickness of the stomach with a desire to vomit , a feeling of distress associated with loathing of food , disgust (?) , heave (?) , queasiness (?) , squeamishness (?) , qualm(?)"], "english": "<td>nausea , a sickness of the stomach with a desire to vomit , a feeling of distress associated with loathing of food , disgust (?) , heave (?) , queasiness (?) , squeamishness (?) , qualm(?)</td>", "cf": [], "key": "6594", "west": "\u0720\u0736\u0712\u0733\u0710\u0713\u0718\u0733\u0720\u072c\u0733\u0710", "phonetic": "<td>' lib ba ' gval ta</td>", "east": "\u0720\u0738\u0712\u0735\u0710\u0713\u0718\u0735\u0720\u072c\u0735\u0710"},
{"searchkey": "177", "audio": ["./audio/entry177.mp3"], "context": [], "webrank": 2, "text": [" : brotherhood, the state of being  (a) brother(s) , a body of men associated together by a common bond of interest, as of the same profession ;"], "english": "<td>brotherhood, the state of being  (a) brother(s) , a body of men associated together by a common bond of interest, as of the same profession ;</td>", "cf": ["<span class=\"wordlink\"><a href=\"dosearch.php?searchkey=178&amp;language=id\"><span class=\"eastsyriac\">\u0710\u0732\u071a\u0718\u073f\u0722\u0735\u071d\u0735\u0710</span></a>, <a href=\"dosearch.php?searchkey=16045&amp;language=id\"><span class=\"eastsyriac\">\u0710\u0732\u071a\u0718\u073c\u0722\u0735\u071d\u0735\u0710</span></a>, <a href=\"dosearch.php?searchkey=176&amp;language=id\"><span class=\"eastsyriac\">\u0710\u0735\u071a\u0718\u073f\u0722\u0735\u0710</span></a>, <a href=\"dosearch.php?searchkey=11971&amp;language=id\"><span class=\"eastsyriac\">\u0710\u0732\u071a\u0735\u0710</span></a>, <a href=\"dosearch.php?searchkey=16043&amp;language=id\"><span class=\"eastsyriac\">\u0710\u0732\u071a\u0718\u073f\u0722\u0735\u0710</span></a>, <a href=\"dosearch.php?searchkey=16044&amp;language=id\"><span class=\"eastsyriac\">\u0710\u0732\u071a\u0718\u073c\u0722\u0718\u073c\u072c\u0735\u0710</span></a>, <a href=\"dosearch.php?searchkey=179&amp;language=id\"><span class=\"eastsyriac\">\u0710\u0732\u071a\u0718\u073c\u072c\u0735\u0710</span></a>, <a href=\"dosearch.php?searchkey=30836&amp;language=id\"><span class=\"eastsyriac\">\u0710\u0732\u071a\u0718\u073c\u072c\u0735\u0722\u0718\u073c\u072c\u0735\u0710</span></a></span>"], "key": "177", "west": "\u0710\u0730\u071a\u073d\u0718\u0722\u073d\u0718\u072c\u0742\u0733\u0710", "phonetic": "<td>a \u1e25u ' nu: tha:</td>", "east": "\u0710\u0732\u071a\u0718\u073f\u0722\u0718\u073c\u072c\u0742\u0735\u0710"},
{"searchkey": "273", "audio": ["./audio/entry273.mp3"], "context": [], "webrank": 1, "text": [" : Jerusalem , city of Israel associated with the life and death of Christ\r\n"], "english": "<td>Jerusalem , city of Israel associated with the life and death of Christ\r\n</td>", "cf": [], "key": "273", "west": "\u0710\u073d\u0718\u072a\u072b\u0720\u0736\u0721", "phonetic": "<td>o'rishlim</td>", "east": "\u0710\u0718\u073f\u072a\u072b\u0720\u0738\u0721"}
]