[
{"searchkey": "34481", "audio": [], "context": [], "webrank": 10, "text": [" : pride , vainglory / vainness , conceit , haughtiness / superciliousness / assumption / arrogance ;"], "english": "<td>pride , vainglory / vainness , conceit , haughtiness / superciliousness / assumption / arrogance ;</td>", "cf": ["<span class=\"wordlink\"><a href=\"dosearch.php?searchkey=rm&amp;language=fullsyriac\"><span class=\"eastsyriac\">\u072a\u0721</span></a>, <a href=\"dosearch.php?searchkey=13507&amp;language=id\"><span class=\"eastsyriac\">\u072a\u0735\u0718\u0721\u0735\u0710</span></a></span>", "<span class=\"wordlink\"><a href=\"dosearch.php?searchkey=4921&amp;language=id\"><span class=\"eastsyriac\">\u071a\u072c\u071d\u073c\u072a\u0718\u073c\u072c\u0735\u0710</span></a>, <a href=\"dosearch.php?searchkey=34480&amp;language=id\"><span class=\"eastsyriac\">\u0721\u0738\u072c\u071a\u0719\u0735\u0718\u0719\u071d\u0735\u0722\u0718\u073c\u072c\u0735\u0710</span></a>, <a href=\"dosearch.php?searchkey=14197&amp;language=id\"><span class=\"eastsyriac\">\u072b\u0718\u073c\u0712\u0742\u0717\u0735\u072a\u0735\u0710</span></a>, <a href=\"dosearch.php?searchkey=34482&amp;language=id\"><span class=\"eastsyriac\">\u0719\u0732\u071d\u0735\u072a\u0718\u073c\u072c\u0735\u0710</span></a>, <a href=\"dosearch.php?searchkey=14400&amp;language=id\"><span class=\"eastsyriac\">\u072b\u0718\u073c\u0725\u0720\u0735\u071d\u0735\u0710</span></a>, <a href=\"dosearch.php?searchkey=34479&amp;language=id\"><span class=\"eastsyriac\">\u0721\u072b\u0732\u0729\u0720\u0718\u073c\u072c\u0735\u0710</span></a></span>"], "key": "34481", "west": "\u072a\u0733\u0721\u073d\u0718\u072c\u0733\u0710", "phonetic": "<td>ra: ' mu: ta:</td>", "east": "\u072a\u0735\u0721\u0718\u073c\u072c\u0735\u0710"},
{"searchkey": "34157", "audio": [], "context": [], "webrank": 6, "text": [" : presumption / supposition / assumption ;"], "english": "<td>presumption / supposition / assumption ;</td>", "cf": ["<span class=\"wordlink\"><a href=\"dosearch.php?searchkey=12377&amp;language=id\"><span class=\"eastsyriac\">\u0729\u0718\u073c\u0715\u0735\u0721\u0735\u0710</span></a>, <a href=\"dosearch.php?searchkey=26082&amp;language=id\"><span class=\"eastsyriac\">\u0721\u0732\u071f\u0720\u0735\u0722\u0718\u073c\u072c\u0735\u0710</span></a>, <a href=\"dosearch.php?searchkey=34158&amp;language=id\"><span class=\"eastsyriac\">\u0721\u0738\u072c\u072a\u0732\u0725\u071d\u0735\u0722\u0718\u073c\u072c\u0735\u0710</span></a>, <a href=\"dosearch.php?searchkey=34159&amp;language=id\"><span class=\"eastsyriac\">\u0721\u0738\u072c\u071a\u0732\u072b\u0712\u0742\u0735\u0722\u0718\u073c\u072c\u0735\u0710</span></a>, <a href=\"dosearch.php?searchkey=34160&amp;language=id\"><span class=\"eastsyriac\">\u0723\u071d\u0735\u0721\u0718\u073c\u072c\u0735\u0710</span></a></span>"], "key": "34157", "west": "\u0721\u0736\u0723\u072c\u0730\u0712\u0742\u072a\u0733\u0722\u073d\u0718\u072c\u0733\u0710", "phonetic": "<td>mis to: ra: nu: ta:</td>", "east": "\u0721\u0738\u0723\u072c\u0732\u0712\u0742\u072a\u0735\u0722\u0718\u073c\u072c\u0735\u0710"},
{"searchkey": "12377", "audio": [], "context": ["Oraham but not Bailis Shamun ; see \u0723\u0718\u073c\u0725\u0735\u071d\u0735\u0710", "Oraham and Bailis Shamun ; see \u0721\u0738\u0723\u072c\u0732\u0712\u0742\u072a\u0735\u0722\u0718\u073c\u072c\u0735\u0710"], "webrank": 9, "text": [" : 1) ", " : presumption , the act of venturing beyond due bonds , overconfidence , audacity , effrontery ;\r\n2) ", " : presumption , the act of presuming / believing on probable evidence , assumption / supposition / guess ;"], "english": "<td>1) <span class=\"context\">Oraham but not Bailis Shamun ; see <a href=\"dosearch.php?searchkey=sucAyA%27&amp;language=fullsyriac\"><span class=\"eastsyriac\">\u0723\u0718\u073c\u0725\u0735\u071d\u0735\u0710</span></a></span> : presumption , the act of venturing beyond due bonds , overconfidence , audacity , effrontery ;\r\n2) <span class=\"context\">Oraham and Bailis Shamun ; see <a href=\"dosearch.php?searchkey=mestabLrAnutA%27&amp;language=fullsyriac\"><span class=\"eastsyriac\">\u0721\u0738\u0723\u072c\u0732\u0712\u0742\u072a\u0735\u0722\u0718\u073c\u072c\u0735\u0710</span></a></span> : presumption , the act of presuming / believing on probable evidence , assumption / supposition / guess ;</td>", "cf": ["<span class=\"wordlink\"><a href=\"dosearch.php?searchkey=qdm&amp;language=fullsyriac\"><span class=\"eastsyriac\">\u0729\u0715\u0721</span></a></span>", "<span class=\"wordlink\"><a href=\"dosearch.php?searchkey=12371&amp;language=id\"><span class=\"eastsyriac\">\u0729\u0718\u073c\u0715\u0715\u0718\u073c\u072c\u0735\u0710</span></a>, <a href=\"dosearch.php?searchkey=2077&amp;language=id\"><span class=\"eastsyriac\">\u0713\u0718\u073c\u0721\u0715\u0735\u0722\u0718\u073c\u072c\u0735\u0710</span></a>, <a href=\"dosearch.php?searchkey=13265&amp;language=id\"><span class=\"eastsyriac\">\u0729\u0732\u072b\u0715\u0732\u072a\u072c\u0735\u0710</span></a></span>"], "key": "12377", "west": "\u0729\u073d\u0718\u0715\u0733\u0721\u0733\u0710", "phonetic": "<td>qu: ' da: ma:</td>", "east": "\u0729\u0718\u073c\u0715\u0735\u0721\u0735\u0710"},
{"searchkey": "8081", "audio": [], "context": ["Yoab Benjamin", "Lishani", "Bailis Shamun ; see \u0715\u0735\u0721\u071d\u0718\u073c\u072c\u0735\u0710 / \u0721\u0738\u072c\u0717\u0735\u0718\u071d\u0735\u0722\u0718\u073c\u072c\u0735\u0710", "see also \u0726\u071d\u073c\u0713\u0742\u0718\u073c\u072c\u0735\u0710"], "webrank": 5, "text": [" : 1) an opinion , a settled judgement in regard to any point , a belief stronger than impression but less positive than knowledge , a surmise , a supposition , a guess , a suspicion , an inferrence , an assumption , a premise (?) ;\r\n2) ", " : a suspicion , a doubt , an idea / a feeling , a guesswork ;\r\n3) ", " : a figment of imagination , an assupmtion / assuming , a conjecture ;\r\n4) ", " : a) probability / a probability , likelihood , b) ", " : suspicion / feeling of mistrust ;"], "english": "<td>1) an opinion , a settled judgement in regard to any point , a belief stronger than impression but less positive than knowledge , a surmise , a supposition , a guess , a suspicion , an inferrence , an assumption , a premise (?) ;\r\n2) <span class=\"context\">Yoab Benjamin</span> : a suspicion , a doubt , an idea / a feeling , a guesswork ;\r\n3) <span class=\"context\">Lishani</span> : a figment of imagination , an assupmtion / assuming , a conjecture ;\r\n4) <span class=\"context\">Bailis Shamun ; see <a href=\"dosearch.php?searchkey=dAmyutA%27&amp;language=fullsyriac\"><span class=\"eastsyriac\">\u0715\u0735\u0721\u071d\u0718\u073c\u072c\u0735\u0710</span></a> / <a href=\"dosearch.php?searchkey=methAwyAnutA%27&amp;language=fullsyriac\"><span class=\"eastsyriac\">\u0721\u0738\u072c\u0717\u0735\u0718\u071d\u0735\u0722\u0718\u073c\u072c\u0735\u0710</span></a></span> : a) probability / a probability , likelihood , b) <span class=\"context\">see also <a href=\"dosearch.php?searchkey=pigLutA%27&amp;language=fullsyriac\"><span class=\"eastsyriac\">\u0726\u071d\u073c\u0713\u0742\u0718\u073c\u072c\u0735\u0710</span></a></span> : suspicion / feeling of mistrust ;</td>", "cf": ["<span class=\"wordlink\"><a href=\"dosearch.php?searchkey=17713&amp;language=id\"><span class=\"eastsyriac\">\u0723\u0712\u072a</span></a>, <a href=\"dosearch.php?searchkey=16135&amp;language=id\"><span class=\"eastsyriac\">\u0723\u0732\u0712\u072a</span></a>, <a href=\"dosearch.php?searchkey=9401&amp;language=id\"><span class=\"eastsyriac\">\u0723\u0712\u0735\u072a\u0735\u0710</span></a>, <a href=\"dosearch.php?searchkey=8111&amp;language=id\"><span class=\"eastsyriac\">\u0721\u0723\u0732\u071d\u0712\u072a\u0735\u0722\u0718\u073c\u072c\u0735\u0710</span></a>, <a href=\"dosearch.php?searchkey=9402&amp;language=id\"><span class=\"eastsyriac\">\u0723\u0732\u0712\u0742\u072a\u0735\u0710</span></a>, <a href=\"dosearch.php?searchkey=11650&amp;language=id\"><span class=\"eastsyriac\">\u0728\u0732\u0712\u072a</span></a>, <a href=\"dosearch.php?searchkey=11671&amp;language=id\"><span class=\"eastsyriac\">\u0728\u0712\u0735\u072a\u0735\u0710</span></a>, <a href=\"dosearch.php?searchkey=907&amp;language=id\"><span class=\"eastsyriac\">\u0712\u0739\u0710 \u0723\u0735\u0712\u072a</span></a>, <a href=\"dosearch.php?searchkey=9405&amp;language=id\"><span class=\"eastsyriac\">\u0723\u0712\u0735\u072a\u072c\u0735\u0710</span></a>, <a href=\"dosearch.php?searchkey=8080&amp;language=id\"><span class=\"eastsyriac\">\u0721\u0723\u0732\u0712\u072a\u0735\u0722\u0735\u0710</span></a>, <a href=\"dosearch.php?searchkey=9403&amp;language=id\"><span class=\"eastsyriac\">\u0723\u0738\u0712\u0742\u072a\u0735\u0710</span></a>, <a href=\"dosearch.php?searchkey=17924&amp;language=id\"><span class=\"eastsyriac\">\u0723\u0735\u0712\u0739\u072a</span></a>, <a href=\"dosearch.php?searchkey=9404&amp;language=id\"><span class=\"eastsyriac\">\u0723\u0738\u0712\u0742\u072a\u0735\u0722\u0735\u071d\u0735\u0710</span></a>, <a href=\"dosearch.php?searchkey=26085&amp;language=id\"><span class=\"eastsyriac\">\u0723\u0712\u0742\u071d\u073c\u072a\u0718\u073c\u072c\u0735\u0710</span></a></span>", "<span class=\"wordlink\"><a href=\"dosearch.php?searchkey=13521&amp;language=id\"><span class=\"eastsyriac\">\u072a\u0718\u073c\u0725\u0718\u073c\u072c\u0735\u0710</span></a>, <a href=\"dosearch.php?searchkey=7781&amp;language=id\"><span class=\"eastsyriac\">\u0721\u0732\u071f\u0742\u0720\u0735\u0722\u0718\u073c\u072c\u0735\u0710</span></a>, <a href=\"dosearch.php?searchkey=8219&amp;language=id\"><span class=\"eastsyriac\">\u0721\u0732\u0725\u0721\u0732\u0720\u072c\u0735\u0710</span></a>, <a href=\"dosearch.php?searchkey=14095&amp;language=id\"><span class=\"eastsyriac\">\u072b\u0713\u0742\u071d\u073c\u0721\u0718\u073c\u072c\u0735\u0710</span></a>, <a href=\"dosearch.php?searchkey=19035&amp;language=id\"><span class=\"eastsyriac\">\u071a\u0726\u0718\u073c\u072a\u071d\u0735\u0710</span></a>, <a href=\"dosearch.php?searchkey=6502&amp;language=id\"><span class=\"eastsyriac\">\u071f\u0738\u072b\u0720\u0735\u0710</span></a>, <a href=\"dosearch.php?searchkey=18112&amp;language=id\"><span class=\"eastsyriac\">\u0721\u0732\u071f\u0742\u072b\u0718\u073c\u0720\u0735\u0710</span></a>, <a href=\"dosearch.php?searchkey=19036&amp;language=id\"><span class=\"eastsyriac\">\u0721\u0732\u072a\u0722\u071d\u073c\u072c\u0735\u0710</span></a>, <a href=\"dosearch.php?searchkey=9979&amp;language=id\"><span class=\"eastsyriac\">\u0723\u0738\u072a\u0729\u0735\u0710</span></a>, <a href=\"dosearch.php?searchkey=12752&amp;language=id\"><span class=\"eastsyriac\">\u0729\u0738\u0722\u071b\u0735\u0710</span></a>, <a href=\"dosearch.php?searchkey=7364&amp;language=id\"><span class=\"eastsyriac\">\u0721\u0718\u073c\u0721\u071f\u0738\u0722\u0718\u073c\u072c\u0735\u0710</span></a>, <a href=\"dosearch.php?searchkey=35559&amp;language=id\"><span class=\"eastsyriac\">\u0726\u0718\u073c\u072a\u072c\u0735\u071f\u0742\u0735\u0710</span></a>, <a href=\"dosearch.php?searchkey=14682&amp;language=id\"><span class=\"eastsyriac\">\u072b\u0738\u071f\u0718\u073c\u072c\u0735\u0710</span></a>, <a href=\"dosearch.php?searchkey=35558&amp;language=id\"><span class=\"eastsyriac\">\u0726\u0718\u073c\u072b\u0735\u071f\u0742\u0735\u0710</span></a>, <a href=\"dosearch.php?searchkey=35561&amp;language=id\"><span class=\"eastsyriac\">\u0726\u0720\u071d\u073c\u0713\u0742\u0718\u073c\u072c\u0735\u0710</span></a>, <a href=\"dosearch.php?searchkey=34044&amp;language=id\"><span class=\"eastsyriac\">\u0721\u0738\u072c\u071f\u0732\u072b\u0720\u0735\u0722\u0718\u073c\u072c\u0735\u0710</span></a></span>"], "key": "8081", "west": "\u0721\u0730\u0723\u0712\u072a\u0733\u0722\u073d\u0718\u072c\u0733\u0710", "phonetic": "<td>masb ra: ' nu ta:</td>", "east": "\u0721\u0732\u0723\u0712\u072a\u0735\u0722\u0718\u073c\u072c\u0735\u0710"},
{"searchkey": "8072", "audio": [], "context": ["Maclean : literally \"taking in face\""], "webrank": 4, "text": [" : ", " : hypocrisy , putting on an appearance , practice of feigning to be what one is not , false assumption of an appearance of virtue , insincerity , respect of person / bias / favouritism / favoritism ; "], "english": "<td><span class=\"context\">Maclean : literally \"taking in face\"</span> : hypocrisy , putting on an appearance , practice of feigning to be what one is not , false assumption of an appearance of virtue , insincerity , respect of person / bias / favouritism / favoritism ; </td>", "cf": ["<span class=\"wordlink\"><a href=\"dosearch.php?searchkey=17701&amp;language=id\"><span class=\"eastsyriac\">\u0722\u0723\u0712</span></a>, <a href=\"dosearch.php?searchkey=9193&amp;language=id\"><span class=\"eastsyriac\">\u0722\u0723\u0735\u0712\u0742\u0735\u0710</span></a>, <a href=\"dosearch.php?searchkey=18073&amp;language=id\"><span class=\"eastsyriac\">\u0722\u0735\u0723\u0739\u0712\u0742</span></a>, <a href=\"dosearch.php?searchkey=18075&amp;language=id\"><span class=\"eastsyriac\">\u0722\u0735\u0723\u0718\u073f\u0712\u0735\u0710</span></a>, <a href=\"dosearch.php?searchkey=18076&amp;language=id\"><span class=\"eastsyriac\">\u0722\u0723\u071d\u073c\u0712\u0735\u0710</span></a>, <a href=\"dosearch.php?searchkey=8803&amp;language=id\"><span class=\"eastsyriac\">\u0721\u0738\u072c\u0722\u0732\u0723\u0712\u0742\u0735\u0722\u0735\u0710\u071d\u073c\u072c</span></a>, <a href=\"dosearch.php?searchkey=9195&amp;language=id\"><span class=\"eastsyriac\">\u0722\u0738\u0723\u0712\u0735\u072c</span></a>, <a href=\"dosearch.php?searchkey=25568&amp;language=id\"><span class=\"eastsyriac\">\u0722\u0735\u0723\u0712\u0732\u071d\u0308 \u0712\u0710\u0732\u0726\u0739\u0710</span></a>, <a href=\"dosearch.php?searchkey=25569&amp;language=id\"><span class=\"eastsyriac\">\u0721\u0732\u0723\u0732\u0712\u0742 \u0712\u0710\u0732\u0726\u0718\u073c\u072c\u0742\u0735\u0710</span></a></span>", "<span class=\"wordlink\"><a href=\"dosearch.php?searchkey=24569&amp;language=id\"><span class=\"eastsyriac\">\u0721\u0715\u0732\u0712\u0720\u0738\u0712</span></a>, <a href=\"dosearch.php?searchkey=24570&amp;language=id\"><span class=\"eastsyriac\">\u0721\u0715\u0732\u0712\u0720\u0738\u0712\u0735\u0722\u0735\u0710</span></a>, <a href=\"dosearch.php?searchkey=12562&amp;language=id\"><span class=\"eastsyriac\">\u0729\u0718\u073c\u072a\u0715\u071a\u0735\u0722\u0735\u0710</span></a>, <a href=\"dosearch.php?searchkey=14414&amp;language=id\"><span class=\"eastsyriac\">\u072b\u0718\u073c\u0726\u0732\u072a\u0715\u071d\u073c\u0729\u0710</span></a>, <a href=\"dosearch.php?searchkey=885&amp;language=id\"><span class=\"eastsyriac\">\u0712\u0739\u0710 \u0718\u0735\u0726\u0735\u0710</span></a>, <a href=\"dosearch.php?searchkey=24569&amp;language=id\"><span class=\"eastsyriac\">\u0721\u0715\u0732\u0712\u0720\u0738\u0712</span></a>, <a href=\"dosearch.php?searchkey=24570&amp;language=id\"><span class=\"eastsyriac\">\u0721\u0715\u0732\u0712\u0720\u0738\u0712\u0735\u0722\u0735\u0710</span></a>, <a href=\"dosearch.php?searchkey=25129&amp;language=id\"><span class=\"eastsyriac\">\u0721\u0735\u071d\u0720</span></a>, <a href=\"dosearch.php?searchkey=606&amp;language=id\"><span class=\"eastsyriac\">\u0710\u0738\u0723\u071f\u071d\u0721\u072c\u0735\u0722\u0732\u0710</span></a>, <a href=\"dosearch.php?searchkey=2704&amp;language=id\"><span class=\"eastsyriac\">\u0715\u0732\u0712\u0720\u0739\u0712\u0735\u0722\u0735\u0710</span></a>, <a href=\"dosearch.php?searchkey=4303&amp;language=id\"><span class=\"eastsyriac\">\u071a\u0732\u0719\u071d\u0735\u0722\u0735\u0710 \u0715\u0726\u0735\u072c\u0735\u0710</span></a>, <a href=\"dosearch.php?searchkey=21733&amp;language=id\"><span class=\"eastsyriac\">\u0726\u0732\u0710\u072c\u0742\u0735\u0710</span></a>, <a href=\"dosearch.php?searchkey=31658&amp;language=id\"><span class=\"eastsyriac\">\u0722\u0723\u071d\u073c\u0712\u0742\u0718\u073c\u072c \u0710\u0732\u0726\u0739\u0710</span></a>, <a href=\"dosearch.php?searchkey=31657&amp;language=id\"><span class=\"eastsyriac\">\u0713\u0732\u0712\u0735\u0722\u0718\u073c\u072c\u0735\u0710</span></a>, <a href=\"dosearch.php?searchkey=8337&amp;language=id\"><span class=\"eastsyriac\">\u0721\u0738\u0728\u071b\u0732\u0720\u071d\u0735\u0722\u0718\u073c\u072c\u0735\u0710</span></a></span>"], "key": "8072", "west": "\u0721\u0730\u0723\u0730\u0712\u0742 \u0712\u0710\u0730\u0726\u0736\u0710", "phonetic": "<td>' ma saw ' bap pi:</td>", "east": "\u0721\u0732\u0723\u0732\u0712\u0742 \u0712\u0710\u0732\u0726\u0739\u0710"},
{"searchkey": "8711", "audio": [], "context": [], "webrank": 8, "text": [" : becoming human , the assumption of the human nature , becoming a man / woman , human incarnation (?) , the embodiment in a human body (?) ;"], "english": "<td>becoming human , the assumption of the human nature , becoming a man / woman , human incarnation (?) , the embodiment in a human body (?) ;</td>", "cf": [], "key": "8711", "west": "\u0721\u0736\u072c\u0712\u0730\u072a\u0722\u072b\u0733\u0722\u073d\u0718\u072c\u0733\u0710", "phonetic": "<td>mit barn \u0161a ' nu: ta</td>", "east": "\u0721\u0738\u072c\u0712\u0732\u072a\u0722\u072b\u0735\u0722\u0718\u073c\u072c\u0735\u0710"},
{"searchkey": "8672", "audio": [], "context": [], "webrank": 7, "text": [" : arrogance , making undue claims in an overbearing manner / delusion / assumption , bighead , coxcombry , ego (inflated pride about one's superiority over others) , haughtiness , snobbery , superciliousness , condescension / lordliness , excessive pride , uppityness , perkiness (?) ;"], "english": "<td>arrogance , making undue claims in an overbearing manner / delusion / assumption , bighead , coxcombry , ego (inflated pride about one's superiority over others) , haughtiness , snobbery , superciliousness , condescension / lordliness , excessive pride , uppityness , perkiness (?) ;</td>", "cf": ["<span class=\"wordlink\"><a href=\"dosearch.php?searchkey=13713&amp;language=id\"><span class=\"eastsyriac\">\u072a\u0735\u0721\u0718\u073f\u072c\u0735\u0710</span></a>, <a href=\"dosearch.php?searchkey=3821&amp;language=id\"><span class=\"eastsyriac\">\u0719\u0735\u071d\u0735\u072a\u0718\u073c\u072c\u0735\u0710</span></a>, <a href=\"dosearch.php?searchkey=4938&amp;language=id\"><span class=\"eastsyriac\">\u071a\u072c\u0735\u072a\u072c\u0735\u0710</span></a>, <a href=\"dosearch.php?searchkey=12371&amp;language=id\"><span class=\"eastsyriac\">\u0729\u0718\u073c\u0715\u0715\u0718\u073c\u072c\u0735\u0710</span></a>, <a href=\"dosearch.php?searchkey=13398&amp;language=id\"><span class=\"eastsyriac\">\u072c\u0718\u073c\u071a\u072c\u0735\u071d\u0735\u0710</span></a>, <a href=\"dosearch.php?searchkey=8874&amp;language=id\"><span class=\"eastsyriac\">\u0721\u0738\u072c\u072c\u0732\u071a\u072c\u071d\u0735\u0722\u0718\u073c\u072c\u0735\u0710</span></a>, <a href=\"dosearch.php?searchkey=9799&amp;language=id\"><span class=\"eastsyriac\">\u0721\u0738\u072c\u0722\u0732\u071a\u072c\u0735\u0722\u0718\u073c\u072c\u0735\u0710</span></a>, <a href=\"dosearch.php?searchkey=651&amp;language=id\"><span class=\"eastsyriac\">\u0710\u0739\u0726\u0748\u0735\u0710\u0715\u0735\u0710</span></a>, <a href=\"dosearch.php?searchkey=16668&amp;language=id\"><span class=\"eastsyriac\">\u0710\u071d\u073c\u0726\u0735\u0715\u0735\u0710</span></a></span>"], "key": "8672", "west": "\u0721\u0736\u072b\u072c\u0730\u0712\u0742\u0717\u072a\u0733\u0722\u073d\u0718\u072c\u0733\u0710", "phonetic": "<td>mi\u0161 tavh ra: ' nu ta:</td>", "east": "\u0721\u0738\u072b\u072c\u0732\u0712\u0742\u0717\u072a\u0735\u0722\u0718\u073c\u072c\u0735\u0710"},
{"searchkey": "3381", "audio": [], "context": [], "webrank": 3, "text": [" : hypothesis , an assumption , a conjecture"], "english": "<td>hypothesis , an assumption , a conjecture</td>", "cf": [], "key": "3381", "west": "\u0717\u073d\u0718\u0726\u073d\u0718\u072c\u0730\u0717\u0723\u073a\u071d\u0723", "phonetic": "<td>hu: pu: ' ta sis</td>", "east": "\u0717\u0718\u073c\u0726\u0718\u073c\u072c\u0732\u0717\u0723\u071d\u073c\u0723"},
{"searchkey": "814", "audio": [], "context": [], "webrank": 2, "text": [" : assumption , supposition , act of assuming , act of taking upon one' s self"], "english": "<td>assumption , supposition , act of assuming , act of taking upon one' s self</td>", "cf": [], "key": "814", "west": "\u0710\u072b\u073a\u071d\u0720\u073d\u0718\u072c\u0733\u0710", "phonetic": "<td>i \u0161i: ' lu: ta</td>", "east": "\u0710\u072b\u071d\u073c\u0720\u0718\u073c\u072c\u0735\u0710"},
{"searchkey": "813", "audio": [], "context": [], "webrank": 1, "text": [" : assumedly , by assumption , supposedly , taken for granted , to take or suppose as a fact ;"], "english": "<td>assumedly , by assumption , supposedly , taken for granted , to take or suppose as a fact ;</td>", "cf": ["<span class=\"wordlink\"><a href=\"dosearch.php?searchkey=12139&amp;language=id\"><span class=\"eastsyriac\">\u072b\u0710\u071d\u073c\u0720\u0735\u0710\u071d\u073c\u072c</span></a></span>"], "key": "813", "west": "\u0710\u072b\u073a\u071d\u0720\u0733\u0710\u071d\u072c", "phonetic": "<td>i \u0161i: ' la it</td>", "east": "\u0710\u072b\u071d\u073c\u0720\u0735\u0710\u071d\u072c"},
{"searchkey": "14095", "audio": [], "context": [], "webrank": 10, "text": [" : 1) a venture , an undertaking of chance and danger , an enterprise , a gamble ;\r\n2) a surmise / guess / conjecture / hypothesis / assumption , a premise (?) ;"], "english": "<td>1) a venture , an undertaking of chance and danger , an enterprise , a gamble ;\r\n2) a surmise / guess / conjecture / hypothesis / assumption , a premise (?) ;</td>", "cf": ["<span class=\"wordlink\"><a href=\"dosearch.php?searchkey=jgLAmA%27&amp;language=fullsyriac\"><span class=\"eastsyriac\">\u072b\u0713\u0742\u0735\u0721\u0735\u0710</span></a></span>", "<span class=\"wordlink\"><a href=\"dosearch.php?searchkey=1530&amp;language=id\"><span class=\"eastsyriac\">\u0712\u0732\u0723\u072c\u0732\u071d\u072c\u0735\u0710</span></a>, <a href=\"dosearch.php?searchkey=8081&amp;language=id\"><span class=\"eastsyriac\">\u0721\u0732\u0723\u0712\u072a\u0735\u0722\u0718\u073c\u072c\u0735\u0710</span></a></span>"], "key": "14095", "west": "\u072b\u0713\u0742\u073a\u071d\u0721\u073d\u0718\u072c\u0733\u0710", "phonetic": "<td>\u0161ghi: ' mu: ta</td>", "east": "\u072b\u0713\u0742\u071d\u073c\u0721\u0718\u073c\u072c\u0735\u0710"}
]