[
{"searchkey": "3702", "audio": [], "context": [], "webrank": 10, "text": [" : 1) fear , fright , apprehension , trembling and awful reverence felt towards God ;\r\n2) danger ,peril , risk , hazard"], "english": "<td>1) fear , fright , apprehension , trembling and awful reverence felt towards God ;\r\n2) danger ,peril , risk , hazard  ;\r\n<span class=\"locution\"><span class=\"eastsyriac\">\u0710\u0718\u073c\u072a\u071a\u0735\u0710 \u0721\u0735\u072a\u0739\u0710 \u0719\u0715\u0718\u073c\u0725\u072c\u0735\u0710</span></span> : a dangerous road , a perilous road ;</td>", "cf": ["<span class=\"wordlink\"><a href=\"dosearch.php?searchkey=214&amp;language=id\"><span class=\"eastsyriac\">\u0728\u0715\u0735\u0717</span></a>, <a href=\"dosearch.php?searchkey=3653&amp;language=id\"><span class=\"eastsyriac\">\u0719\u0735\u0710\u0738\u0725</span></a>, <a href=\"dosearch.php?searchkey=21083&amp;language=id\"><span class=\"eastsyriac\">\u0721\u0719\u0735\u0718\u0738\u0725</span></a>, <a href=\"dosearch.php?searchkey=21167&amp;language=id\"><span class=\"eastsyriac\">\u0719\u0735\u0715\u0718\u073f\u0725\u072c\u0735\u0710</span></a>, <a href=\"dosearch.php?searchkey=21084&amp;language=id\"><span class=\"eastsyriac\">\u0719\u0735\u0715\u0738\u0725</span></a>, <a href=\"dosearch.php?searchkey=21166&amp;language=id\"><span class=\"eastsyriac\">\u0719\u0735\u0715\u0718\u073f\u0725\u0718\u0735\u0710</span></a></span>", "<span class=\"wordlink\"><a href=\"dosearch.php?searchkey=21173&amp;language=id\"><span class=\"eastsyriac\">\u0719\u0715\u0738\u0725\u0720\u0735\u0710</span></a></span>", "<span class=\"wordlink\"><a href=\"dosearch.php?searchkey=12505&amp;language=id\"><span class=\"eastsyriac\">\u0729\u0718\u073c\u0722\u0735\u071b\u0735\u0710</span></a>, <a href=\"dosearch.php?searchkey=2448&amp;language=id\"><span class=\"eastsyriac\">\u0713\u0722\u071d\u073c\u071a\u0718\u072c\u0735\u0710</span></a>, <a href=\"dosearch.php?searchkey=2782&amp;language=id\"><span class=\"eastsyriac\">\u0715\u0718\u073c\u071a\u0735\u0720\u0735\u0710</span></a>, <a href=\"dosearch.php?searchkey=2887&amp;language=id\"><span class=\"eastsyriac\">\u0715\u071a\u0718\u073c\u0720\u072c\u0735\u0710</span></a>, <a href=\"dosearch.php?searchkey=2889&amp;language=id\"><span class=\"eastsyriac\">\u0715\u071a\u0718\u073c\u0720\u072c\u0735\u0722\u0718\u073c\u072c\u0735\u0710</span></a>, <a href=\"dosearch.php?searchkey=2897&amp;language=id\"><span class=\"eastsyriac\">\u0715\u0738\u071a\u0720\u0735\u0710</span></a>, <a href=\"dosearch.php?searchkey=2900&amp;language=id\"><span class=\"eastsyriac\">\u0715\u0738\u071a\u0720\u072c\u0735\u0710</span></a>, <a href=\"dosearch.php?searchkey=3362&amp;language=id\"><span class=\"eastsyriac\">\u0717\u0732\u0718\u0720</span></a>, <a href=\"dosearch.php?searchkey=9199&amp;language=id\"><span class=\"eastsyriac\">\u0722\u0723\u0735\u071d\u0735\u0710</span></a>, <a href=\"dosearch.php?searchkey=9444&amp;language=id\"><span class=\"eastsyriac\">\u0723\u0732\u0717\u0721</span></a>, <a href=\"dosearch.php?searchkey=12752&amp;language=id\"><span class=\"eastsyriac\">\u0729\u0738\u0722\u072c\u0735\u0710</span></a>, <a href=\"dosearch.php?searchkey=12751&amp;language=id\"><span class=\"eastsyriac\">\u0729\u071d\u073c\u0722\u072c\u0735\u0710</span></a></span>"], "key": "3702", "west": "\u0719\u0715\u073d\u0718\u0725\u072c\u0733\u0710", "phonetic": "<td>' zdu: ta:</td>", "east": "\u0719\u0715\u0718\u073c\u0725\u072c\u0735\u0710"},
{"searchkey": "2771", "audio": [], "context": [], "webrank": 3, "text": [" : 1) full brother or sister , full son or daughter , having the same parents as another\r\n2) full , legitimate , lawful"], "english": "<td>1) full brother or sister , full son or daughter , having the same parents as another\r\n2) full , legitimate , lawful</td>", "cf": [], "key": "2771", "west": "\u0715\u0733\u0718\u0713\u0742\u0721\u0733\u0710", "phonetic": "<td>' deg ma</td>", "east": "\u0715\u0735\u0718\u0713\u0742\u0721\u0735\u0710"},
{"searchkey": "33509", "audio": [], "context": [], "webrank": 9, "text": [" : taboo , prohibited / banned / proscribed / unlawful / interdicted ;"], "english": "<td>taboo , prohibited / banned / proscribed / unlawful / interdicted ;</td>", "cf": ["<span class=\"wordlink\"><a href=\"dosearch.php?searchkey=zgr&amp;language=fullsyriac\"><span class=\"eastsyriac\">\u0719\u0713\u072a</span></a>, <a href=\"dosearch.php?searchkey=34355&amp;language=id\"><span class=\"eastsyriac\">\u0719\u0713\u0742\u071d\u073c\u072a\u0735\u0710\u071d\u073c\u072c</span></a></span>", "<span class=\"wordlink\"><a href=\"dosearch.php?searchkey=32200&amp;language=id\"><span class=\"eastsyriac\">\u0726\u0723\u071d\u073c\u0723\u0735\u0710</span></a>, <a href=\"dosearch.php?searchkey=33510&amp;language=id\"><span class=\"eastsyriac\">\u071f\u0732\u0720\u071d\u0735\u0710</span></a>, <a href=\"dosearch.php?searchkey=33511&amp;language=id\"><span class=\"eastsyriac\">\u0721\u0732\u071a\u072a\u0721\u0735\u0710</span></a>, <a href=\"dosearch.php?searchkey=7616&amp;language=id\"><span class=\"eastsyriac\">\u0721\u0732\u071a\u072a\u0732\u0721\u072c\u0735\u0710</span></a>, <a href=\"dosearch.php?searchkey=33512&amp;language=id\"><span class=\"eastsyriac\">\u0721\u0718\u073c\u071a\u072a\u0738\u0721\u0735\u0710</span></a></span>"], "key": "33509", "west": "\u0719\u0713\u0742\u073a\u071d\u072a\u0733\u0710", "phonetic": "<td>' zghi: ra:</td>", "east": "\u0719\u0713\u0742\u071d\u073c\u072a\u0735\u0710"},
{"searchkey": "2894", "audio": [], "context": [], "webrank": 4, "text": [" : fearfulness , apprehension , alarm , awfulness , timidity"], "english": "<td>fearfulness , apprehension , alarm , awfulness , timidity</td>", "cf": [], "key": "2894", "west": "\u0715\u071a\u073a\u071d\u0720\u073d\u0718\u072c\u0733\u0710", "phonetic": "<td>d\u1e25i: ' lu: ta</td>", "east": "\u0715\u071a\u071d\u073c\u0720\u0718\u073c\u072c\u0735\u0710"},
{"searchkey": "3115", "audio": [], "context": [], "webrank": 5, "text": [" : license, permission , leave , allowance , authorization , authority or liberty given to do or forbear any act / green light / okay / carte blanche / free rein / free hand"], "english": "<td>license, permission , leave , allowance , authorization , authority or liberty given to do or forbear any act / green light / okay / carte blanche / free rein / free hand ;\r\n<span class=\"locution\"><span class=\"eastsyriac\">\u0712\u0715\u0732\u0723\u072c\u0718\u073c\u072a</span></span> : lawful , legal ;\r\n<span class=\"locution\"><span class=\"eastsyriac\">\u0720\u0735\u0710 \u0712\u0715\u0732\u0723\u072c\u0718\u073c\u072a</span></span> : illegal , contreband , on the black market ;\r\n<span class=\"locution\"><span class=\"eastsyriac\">\u071b\u0735\u0720\u0738\u0712 \u0715\u0732\u0723\u072c\u0718\u073c\u072a</span></span> / <span class=\"locution\"><span class=\"eastsyriac\">\u072b\u0735\u0729\u0738\u0720 \u0715\u0732\u0723\u072c\u0718\u073c\u072a</span></span> : to ask leave / permission ;\r\n2) a squirt , a syringe ;</td>", "cf": ["<span class=\"wordlink\"><a href=\"dosearch.php?searchkey=20292&amp;language=id\"><span class=\"eastsyriac\">\u0715\u0732\u0723\u071b\u0718\u073c\u072a</span></a></span>", "<span class=\"wordlink\"><a href=\"dosearch.php?searchkey=43&amp;language=id\"><span class=\"eastsyriac\">\u0710\u0739\u0713\u0330\u0735\u0710\u0719\u0735\u0710</span></a>, <a href=\"dosearch.php?searchkey=11137&amp;language=id\"><span class=\"eastsyriac\">\u0726\u0723\u0735\u0723\u0735\u0710</span></a>, <a href=\"dosearch.php?searchkey=13488&amp;language=id\"><span class=\"eastsyriac\">\u072a\u0718\u073c\u071a\u0723\u0732\u072c</span></a>, <a href=\"dosearch.php?searchkey=13489&amp;language=id\"><span class=\"eastsyriac\">\u072a\u0718\u073c\u071a\u0728\u0732\u072c</span></a>, <a href=\"dosearch.php?searchkey=8284&amp;language=id\"><span class=\"eastsyriac\">\u0721\u0732\u0726\u0723\u0735\u0722\u0718\u073c\u072c\u0735\u0710</span></a>, <a href=\"dosearch.php?searchkey=11138&amp;language=id\"><span class=\"eastsyriac\">\u0726\u0723\u0735\u0723\u0718\u073f\u072c\u0735\u0710</span></a></span>"], "key": "3115", "west": "\u0715\u0730\u0723\u072c\u073d\u0718\u072a", "phonetic": "<td>' das tu:r</td>", "east": "\u0715\u0732\u0723\u072c\u0718\u073c\u072a"},
{"searchkey": "3457", "audio": [], "context": ["Oraham"], "webrank": 6, "text": [" : 1) lawful , licit , good , law-abaiding ;\r\n2) ", " : honest , fair , characterized by integrity , straightforward , righteous , upright , just ;"], "english": "<td>1) lawful , licit , good , law-abaiding ;\r\n2) <span class=\"context\">Oraham</span> : honest , fair , characterized by integrity , straightforward , righteous , upright , just ;</td>", "cf": ["<span class=\"wordlink\"><a href=\"dosearch.php?searchkey=12619&amp;language=id\"><span class=\"eastsyriac\">\u0729\u0718\u073c\u072b\u072c\u0735\u0722\u0735\u071d\u0735\u0710</span></a>, <a href=\"dosearch.php?searchkey=3705&amp;language=id\"><span class=\"eastsyriac\">\u0719\u0732\u0715\u071d\u0729\u0735\u0710</span></a>, <a href=\"dosearch.php?searchkey=3704&amp;language=id\"><span class=\"eastsyriac\">\u0719\u0715\u071d\u073c\u0729\u0735\u0710</span></a>, <a href=\"dosearch.php?searchkey=3706&amp;language=id\"><span class=\"eastsyriac\">\u0719\u0732\u0715\u071d\u073c\u0729\u0710\u071d\u073c\u072c</span></a>, <a href=\"dosearch.php?searchkey=3712&amp;language=id\"><span class=\"eastsyriac\">\u0719\u0739\u0715\u0729\u0735\u071d\u0735\u0710</span></a>, <a href=\"dosearch.php?searchkey=5649&amp;language=id\"><span class=\"eastsyriac\">\u071f\u0739\u0710\u0722\u0735\u0710</span></a>, <a href=\"dosearch.php?searchkey=15930&amp;language=id\"><span class=\"eastsyriac\">\u072c\u072a\u071d\u073c\u0728\u0735\u0710</span></a></span>"], "key": "3457", "west": "\u0717\u0730\u0720\u0733\u0720", "phonetic": "<td>' ha: lal</td>", "east": "\u0717\u0732\u0720\u0735\u0720"},
{"searchkey": "3561", "audio": [], "context": [], "webrank": 7, "text": [" : unlawful , prohibited , sinful , iniquitous , dishonest , wanting probity , dishonorable , illegal , shameful , immoral , ignoble"], "english": "<td>unlawful , prohibited , sinful , iniquitous , dishonest , wanting probity , dishonorable , illegal , shameful , immoral , ignoble ;\r\n<span class=\"locution\"><span class=\"eastsyriac\">\u0710\u071d\u073c\u0715\u0735\u0710 \u0717\u0735\u072a\u0735\u0721</span></span> : thievish / thieving / behaving like thieves , corrupt , dishonest , <span class=\"context\">see <a href=\"dosearch.php?searchkey=lesTAyA%27&amp;language=fullsyriac\"><span class=\"eastsyriac\">\u0720\u0738\u0723\u071b\u0735\u071d\u0735\u0710</span></a></span> ;</td>", "cf": ["<span class=\"wordlink\"><a href=\"dosearch.php?searchkey=3562&amp;language=id\"><span class=\"eastsyriac\">\u0717\u0732\u072a\u0735\u0721</span></a>, <a href=\"dosearch.php?searchkey=22327&amp;language=id\"><span class=\"eastsyriac\">\u071a\u0735\u072a\u0738\u0721</span></a>, <a href=\"dosearch.php?searchkey=4839&amp;language=id\"><span class=\"eastsyriac\">\u071a\u0738\u072a\u0721\u0735\u0710</span></a>, <a href=\"dosearch.php?searchkey=26627&amp;language=id\"><span class=\"eastsyriac\">\u0721\u072c\u0732\u071a\u072a\u0738\u0721</span></a>, <a href=\"dosearch.php?searchkey=20943&amp;language=id\"><span class=\"eastsyriac\">\u071a\u0732\u072a\u0735\u0721\u0735\u0710</span></a></span>", "<span class=\"wordlink\"><a href=\"dosearch.php?searchkey=20942&amp;language=id\"><span class=\"eastsyriac\">\u071a\u0735\u072a\u0735\u0721</span></a></span>", "<span class=\"wordlink\"><a href=\"dosearch.php?searchkey=12274&amp;language=id\"><span class=\"eastsyriac\">\u0729\u0735\u0715\u0735\u0713\u0742\u0735\u0722</span></a>, <a href=\"dosearch.php?searchkey=12275&amp;language=id\"><span class=\"eastsyriac\">\u0729\u0735\u0715\u0735\u0713\u0742\u0735\u0710</span></a>, <a href=\"dosearch.php?searchkey=10411&amp;language=id\"><span class=\"eastsyriac\">\u0725\u0732\u0722\u0735\u072c\u0735\u0710</span></a>, <a href=\"dosearch.php?searchkey=13550&amp;language=id\"><span class=\"eastsyriac\">\u072a\u0732\u0719\u071d\u073c\u0720\u0718\u073c\u072c\u0735\u0710</span></a>, <a href=\"dosearch.php?searchkey=13549&amp;language=id\"><span class=\"eastsyriac\">\u072a\u0732\u0719\u071d\u073c\u0720</span></a>, <a href=\"dosearch.php?searchkey=4661&amp;language=id\"><span class=\"eastsyriac\">\u071a\u0739\u0723\u0715\u0735\u0710</span></a>, <a href=\"dosearch.php?searchkey=15905&amp;language=id\"><span class=\"eastsyriac\">\u072c\u0735\u072a\u0735\u0719</span></a>, <a href=\"dosearch.php?searchkey=4355&amp;language=id\"><span class=\"eastsyriac\">\u071a\u0732\u071d\u0735\u0712\u0742\u0735\u0710</span></a>, <a href=\"dosearch.php?searchkey=4330&amp;language=id\"><span class=\"eastsyriac\">\u071a\u0732\u071b\u0735\u071d\u0735\u0710</span></a>, <a href=\"dosearch.php?searchkey=4341&amp;language=id\"><span class=\"eastsyriac\">\u071a\u071b\u071d\u073c\u072c\u0735\u0722\u0735\u071d\u0735\u0710</span></a>, <a href=\"dosearch.php?searchkey=1263&amp;language=id\"><span class=\"eastsyriac\">\u0712\u071d\u073c\u072b\u0735\u0710</span></a>, <a href=\"dosearch.php?searchkey=22327&amp;language=id\"><span class=\"eastsyriac\">\u071a\u0735\u072a\u0738\u0721</span></a>, <a href=\"dosearch.php?searchkey=22328&amp;language=id\"><span class=\"eastsyriac\">\u0721\u0732\u071a\u072a\u0738\u0721</span></a></span>"], "key": "3561", "west": "\u0717\u0733\u072a\u0733\u0721", "phonetic": "<td>' ha: ra:m</td>", "east": "\u0717\u0735\u072a\u0735\u0721"},
{"searchkey": "552", "audio": [], "context": ["feminine of \u0710\u0747\u0722\u0735\u072b\u0735\u0710", "Bailis Shamun :"], "webrank": 2, "text": [" : ", " : a wife , a woman united in lawful wedlock to a man , a married woman , a female spouse ;\r\n"], "english": "<td><span class=\"context\">feminine of <a href=\"dosearch.php?searchkey=%27MnAjA%27&amp;language=fullsyriac\"><span class=\"eastsyriac\">\u0710\u0747\u0722\u0735\u072b\u0735\u0710</span></a></span> : a wife , a woman united in lawful wedlock to a man , a married woman , a female spouse ;\r\n<span class=\"context\">Bailis Shamun : <span class=\"locution\"><span class=\"eastsyriac\">\u0728\u0735\u0717\u0718\u073f\u0720\u0718\u073c\u072c\u0735\u0710 \u0725\u0732\u0719\u071d\u073c\u0719\u072c\u0735\u0710 \u0715\u0710\u0732\u0722\u0747\u072c\u072c\u0735\u0710</span></span></span> : nymphomania ;\r\n<span class=\"context\">Classical Syriac</span> : <span class=\"locution\"><span class=\"eastsyriac\">\u0710\u0722\u0747\u072c\u0735\u072c\u0742\u0735\u0710 \u0720\u0721\u0732\u071f\u0742\u072a\u0735\u071f\u0742\u0718\u073f \u0725\u0732\u0721\u0732\u0722</span></span> : a woman on a tour with us ;</td>", "cf": ["<span class=\"wordlink\"><a href=\"dosearch.php?searchkey=33747&amp;language=id\"><span class=\"eastsyriac\">\u0710\u0732\u0722\u0747\u072c\u0735\u072c\u0742\u0735\u0710</span></a></span>", "<span class=\"wordlink\"><a href=\"dosearch.php?searchkey=16433&amp;language=id\"><span class=\"eastsyriac\">\u071f\u0735\u072a\u0738\u071f\u0742</span></a>, <a href=\"dosearch.php?searchkey=1360&amp;language=id\"><span class=\"eastsyriac\">\u0712\u0732\u071f\u0742\u072c\u0735\u0710</span></a>, <a href=\"dosearch.php?searchkey=33710&amp;language=id\"><span class=\"eastsyriac\">\u0712\u0725\u0732\u0720\u072c\u0735\u0710</span></a>, <a href=\"dosearch.php?searchkey=33711&amp;language=id\"><span class=\"eastsyriac\">\u0722\u0738\u072b\u0739\u0710</span></a>, <a href=\"dosearch.php?searchkey=16773&amp;language=id\"><span class=\"eastsyriac\">\u0722\u0738\u072b\u0308\u0739\u0710</span></a></span>"], "key": "552", "west": "\u0710\u0730\u0722\u0747\u072c\u072c\u0733\u0710", "phonetic": "<td>' at ta:</td>", "east": "\u0710\u0732\u0722\u0747\u072c\u072c\u0735\u0710"},
{"searchkey": "3563", "audio": [], "context": [], "webrank": 8, "text": [" : dishonesty , want of probity , want of integrity , unlawfulness"], "english": "<td>dishonesty , want of probity , want of integrity , unlawfulness</td>", "cf": [], "key": "3563", "west": "\u0717\u0733\u072a\u0733\u0721\u073d\u0718\u072c\u0733\u0710", "phonetic": "<td>ha: ra: ' mu: ta:</td>", "east": "\u0717\u0735\u072a\u0735\u0721\u0718\u073c\u072c\u0735\u0710"},
{"searchkey": "288", "audio": ["./audio/entry288.mp3"], "context": [], "webrank": 1, "text": [" : flawfulness , imperfection , ugliness , hideousness , abomination ;"], "english": "<td>flawfulness , imperfection , ugliness , hideousness , abomination ;</td>", "cf": ["<span class=\"wordlink\"><a href=\"dosearch.php?searchkey=287&amp;language=id\"><span class=\"eastsyriac\">\u0710\u0735\u071d\u0712\u0735\u0713\u0330\u072a</span></a>, <a href=\"dosearch.php?searchkey=286&amp;language=id\"><span class=\"eastsyriac\">\u0710\u0735\u071d\u0712</span></a></span>", "<span class=\"wordlink\"><a href=\"dosearch.php?searchkey=mumtAnutA%27&amp;language=fullsyriac\"><span class=\"eastsyriac\">\u0721\u0718\u073c\u0721\u072c\u0735\u0722\u0718\u073c\u072c\u0735\u0710</span></a></span>"], "key": "288", "west": "\u0710\u0733\u071d\u0712\u0733\u0713\u0330\u0733\u072a\u073d\u0718\u072c\u0733\u0710", "phonetic": "<td>ai ba dja ' ru: ta</td>", "east": "\u0710\u0735\u071d\u0712\u0735\u0713\u0330\u0735\u072a\u0718\u073c\u072c\u0735\u0710"},
{"searchkey": "6494", "audio": [], "context": [], "webrank": 80, "text": [" : just , good , honest , conforming to what is lawful , simple , trustworthy , holy"], "english": "<td>just , good , honest , conforming to what is lawful , simple , trustworthy , holy ;\r\n<span class=\"locution\"><span class=\"eastsyriac\">\u0723\u0732\u071d\u0712\u0718\u073c\u072c\u0742\u0735\u0710 \u071f\u072b\u071d\u073c\u071b\u072c\u0735\u0710</span></span> : a good old age ;\r\n<span class=\"locution\"><span class=\"eastsyriac\">\u0725\u0735\u0712\u0742\u0738\u0715 \u071f\u072b\u071d\u073c\u071b\u0718\u073c\u072c\u0742\u0735\u0710 \u0720</span></span> / <span class=\"locution\"><span class=\"eastsyriac\">\u0725\u0735\u0712\u0742\u0738\u0715 \u071f\u072b\u071d\u073c\u071b\u0718\u073c\u072c\u0742\u0735\u0710 \u0725\u0732\u0720</span></span> : to do good to ;\r\n<span class=\"locution\"><span class=\"eastsyriac\">\u0725\u0735\u0712\u0742\u0738\u0715 \u071f\u072b\u071d\u073c\u071b\u072c\u0735\u0710</span></span> : to do right , to be righteous ;\r\n<span class=\"context\">feminine</span> : <a href=\"dosearch.php?searchkey=kjiTtA%27&amp;language=fullsyriac\"><span class=\"eastsyriac\">\u071f\u072b\u071d\u073c\u071b\u072c\u0735\u0710</span></a> ;</td>", "cf": ["<span class=\"wordlink\"><a href=\"dosearch.php?searchkey=23864&amp;language=id\"><span class=\"eastsyriac\">\u0721\u0732\u071f\u072b\u0738\u071b</span></a>, <a href=\"dosearch.php?searchkey=12618&amp;language=id\"><span class=\"eastsyriac\">\u0729\u0718\u073c\u072b\u072c\u0735\u0710</span></a></span>", "<span class=\"wordlink\"><a href=\"dosearch.php?searchkey=23865&amp;language=id\"><span class=\"eastsyriac\">\u0729\u072b\u071d\u073c\u071b\u0735\u0710</span></a></span>", "<span class=\"wordlink\"><a href=\"dosearch.php?searchkey=646&amp;language=id\"><span class=\"eastsyriac\">\u0710\u0738\u0725\u072c\u0712\u0735\u072a\u0718\u073f\u072c\u0735\u0710</span></a>, <a href=\"dosearch.php?searchkey=7242&amp;language=id\"><span class=\"eastsyriac\">\u0721\u0717\u0718\u073c\u0721\u0722\u0735\u0710</span></a>, <a href=\"dosearch.php?searchkey=34076&amp;language=id\"><span class=\"eastsyriac\">\u0721\u0738\u0723\u072c\u0732\u0712\u072a\u0735\u0722\u0735\u0710</span></a>, <a href=\"dosearch.php?searchkey=32253&amp;language=id\"><span class=\"eastsyriac\">\u0721\u0738\u072c\u072c\u0732\u071f\u0742\u0720\u0735\u0722\u0735\u0710</span></a>, <a href=\"dosearch.php?searchkey=15857&amp;language=id\"><span class=\"eastsyriac\">\u072c\u0732\u0729\u0722\u0735\u0710</span></a>, <a href=\"dosearch.php?searchkey=20817&amp;language=id\"><span class=\"eastsyriac\">\u0721\u0717\u0718\u073c\u071d\u0721\u0722\u0735\u0710</span></a>, <a href=\"dosearch.php?searchkey=34078&amp;language=id\"><span class=\"eastsyriac\">\u0721\u0717\u0732\u071d\u0721\u0735\u0722\u0735\u0710</span></a></span>"], "key": "6494", "west": "\u071f\u072b\u073a\u071d\u071b\u0733\u0710", "phonetic": "<td>' k\u0161i: \u1e6da:</td>", "east": "\u071f\u072b\u071d\u073c\u071b\u0735\u0710"},
{"searchkey": "27127", "audio": [], "context": [], "webrank": 90, "text": [" : unlawful , illicit , prohibited / banned ;"], "english": "<td>unlawful , illicit , prohibited / banned ;</td>", "cf": ["<span class=\"wordlink\"><a href=\"dosearch.php?searchkey=27128&amp;language=id\"><span class=\"eastsyriac\">\u0722\u0735\u072b\u0732\u072a\u0725</span></a></span>", "<span class=\"wordlink\"><a href=\"dosearch.php?searchkey=3561&amp;language=id\"><span class=\"eastsyriac\">\u0717\u0735\u072a\u0735\u0721</span></a>, <a href=\"dosearch.php?searchkey=10411&amp;language=id\"><span class=\"eastsyriac\">\u0725\u0732\u0722\u0735\u072c\u0735\u0710</span></a>, <a href=\"dosearch.php?searchkey=12275&amp;language=id\"><span class=\"eastsyriac\">\u0729\u0735\u0715\u0735\u0713\u0742\u0735\u0710</span></a>, <a href=\"dosearch.php?searchkey=20943&amp;language=id\"><span class=\"eastsyriac\">\u071a\u0732\u072a\u0735\u0721\u0735\u0710</span></a></span>"], "key": "27127", "west": "\u0720\u0733\u0710 \u0722\u0733\u0721\u073d\u0718\u0723\u0733\u071d\u0733\u0710", "phonetic": "<td>la: na: mu: ' sa: ia:</td>", "east": "\u0720\u0735\u0710 \u0722\u0735\u0721\u0718\u073f\u0723\u0735\u071d\u0735\u0710"},
{"searchkey": "33510", "audio": [], "context": ["Bailis Shamun"], "webrank": 70, "text": [" : taboo , prohibited , interdicted , banned , illegal (?) / unlawful (?) ;\r\n"], "english": "<td>taboo , prohibited , interdicted , banned , illegal (?) / unlawful (?) ;\r\n<span class=\"context\">Bailis Shamun ; <span class=\"locution\"><span class=\"eastsyriac\">\u0720\u0735\u0710 \u071f\u0732\u0720\u071d\u0735\u0710</span></span></span> : nonstop , ceaseless , continuous ;</td>", "cf": ["<span class=\"wordlink\"><a href=\"dosearch.php?searchkey=kl%27&amp;language=fullsyriac\"><span class=\"eastsyriac\">\u071f\u0720\u0710</span></a>, <a href=\"dosearch.php?searchkey=34804&amp;language=id\"><span class=\"eastsyriac\">\u0720\u0735\u0710 \u071f\u0732\u0720\u071d\u0735\u0710\u071d\u073c\u072c</span></a></span>", "<span class=\"wordlink\"><a href=\"dosearch.php?searchkey=32200&amp;language=id\"><span class=\"eastsyriac\">\u0726\u0723\u071d\u073c\u0723\u0735\u0710</span></a>, <a href=\"dosearch.php?searchkey=33511&amp;language=id\"><span class=\"eastsyriac\">\u0721\u0732\u071a\u072a\u0721\u0735\u0710</span></a>, <a href=\"dosearch.php?searchkey=7616&amp;language=id\"><span class=\"eastsyriac\">\u0721\u0732\u071a\u072a\u0732\u0721\u072c\u0735\u0710</span></a>, <a href=\"dosearch.php?searchkey=33512&amp;language=id\"><span class=\"eastsyriac\">\u0721\u0718\u073c\u071a\u072a\u0738\u0721\u0735\u0710</span></a>, <a href=\"dosearch.php?searchkey=33509&amp;language=id\"><span class=\"eastsyriac\">\u0719\u0713\u0742\u071d\u073c\u072a\u0735\u0710</span></a></span>"], "key": "33510", "west": "\u071f\u0730\u0720\u071d\u0733\u0710", "phonetic": "<td>' ka lia:</td>", "east": "\u071f\u0732\u0720\u071d\u0735\u0710"},
{"searchkey": "6552", "audio": [], "context": [], "webrank": 100, "text": [" : fraud , deception deliberately practiced with a view to gaining an unlawful or unfair advantage , cheat ;"], "english": "<td>fraud , deception deliberately practiced with a view to gaining an unlawful or unfair advantage , cheat ;</td>", "cf": ["<span class=\"wordlink\"><a href=\"dosearch.php?searchkey=2300&amp;language=id\"><span class=\"eastsyriac\">\u0713\u0720\u0735\u0719\u0735\u0710</span></a>, <a href=\"dosearch.php?searchkey=2735&amp;language=id\"><span class=\"eastsyriac\">\u0715\u0732\u0713\u0735\u0720\u0718\u073c\u072c\u0735\u0710</span></a>, <a href=\"dosearch.php?searchkey=2874&amp;language=id\"><span class=\"eastsyriac\">\u0715\u0718\u073c\u072a\u0735\u0721\u0735\u0710</span></a>, <a href=\"dosearch.php?searchkey=3667&amp;language=id\"><span class=\"eastsyriac\">\u0719\u0738\u0710\u0726\u0735\u0710</span></a>, <a href=\"dosearch.php?searchkey=5959&amp;language=id\"><span class=\"eastsyriac\">\u071f\u0735\u071d\u0718\u073c\u0721\u0718\u073c\u072c\u0735\u0710</span></a>, <a href=\"dosearch.php?searchkey=7927&amp;language=id\"><span class=\"eastsyriac\">\u0721\u0720\u0732\u072c\u071f\u0718\u073c\u072c\u0735\u0710</span></a>, <a href=\"dosearch.php?searchkey=10162&amp;language=id\"><span class=\"eastsyriac\">\u0725\u0718\u073c\u0720\u0712\u0735\u0722\u0735\u0710</span></a>, <a href=\"dosearch.php?searchkey=10217&amp;language=id\"><span class=\"eastsyriac\">\u0725\u0718\u073c\u072c\u0735\u071d\u0735\u0710</span></a>, <a href=\"dosearch.php?searchkey=10308&amp;language=id\"><span class=\"eastsyriac\">\u0725\u0720\u0718\u073f\u0712\u071d\u0735\u0710</span></a>, <a href=\"dosearch.php?searchkey=11754&amp;language=id\"><span class=\"eastsyriac\">\u0728\u0718\u073c\u0715\u0735\u071d\u0735\u0710</span></a>, <a href=\"dosearch.php?searchkey=21156&amp;language=id\"><span class=\"eastsyriac\">\u0719\u0732\u0713\u0742\u0735\u0720\u0718\u073c\u072c\u0735\u0710</span></a></span>"], "key": "6552", "west": "\u0720\u0736\u0710\u0712\u0736\u0710", "phonetic": "<td>' li bi</td>", "east": "\u0720\u0739\u0710\u0712\u0739\u0710"},
{"searchkey": "22059", "audio": [], "context": ["plural"], "webrank": 50, "text": [" : 1) permitted , lawful , licit ;\r\n", " :"], "english": "<td>1) permitted , lawful , licit ;\r\n<span class=\"context\">plural</span> : <span class=\"locution\"><span class=\"eastsyriac\">\u071a\u0732\u0720\u0735\u0720\u0308\u0739\u0710</span></span> ;\r\n2) <span class=\"context\">animals ...</span> : clean <span class=\"context\">for eating</span> ;\r\n3) <span class=\"context\">noun</span> : lawful property ;</td>", "cf": ["<span class=\"wordlink\"><a href=\"dosearch.php?searchkey=30496&amp;language=id\"><span class=\"eastsyriac\">\u071a\u0732\u0720\u0735\u0720</span></a></span>", "<span class=\"wordlink\"><a href=\"dosearch.php?searchkey=11127&amp;language=id\"><span class=\"eastsyriac\">\u0726\u0732\u0723\u071d\u073c\u0723</span></a>, <a href=\"dosearch.php?searchkey=11137&amp;language=id\"><span class=\"eastsyriac\">\u0726\u0723\u0735\u0723\u0735\u0710</span></a>, <a href=\"dosearch.php?searchkey=8284&amp;language=id\"><span class=\"eastsyriac\">\u0721\u0732\u0726\u0723\u0735\u0722\u0718\u073c\u072c\u0735\u0710</span></a>, <a href=\"dosearch.php?searchkey=11138&amp;language=id\"><span class=\"eastsyriac\">\u0726\u0723\u0735\u0723\u0718\u073f\u072c\u0735\u0710</span></a>, <a href=\"dosearch.php?searchkey=32200&amp;language=id\"><span class=\"eastsyriac\">\u0726\u0723\u071d\u073c\u0723\u0735\u0710</span></a></span>"], "key": "22059", "west": "\u071a\u0730\u0720\u0733\u0720\u0733\u0710", "phonetic": "<td>\u1e25al ' la: la:</td>", "east": "\u071a\u0732\u0720\u0735\u0720\u0735\u0710"},
{"searchkey": "3910", "audio": [], "context": [], "webrank": 40, "text": [" : a fornicating woman , unmarried female having unlawful sexual intercourse , a hussy / a huzzy , a prostitute / a whore ;"], "english": "<td>a fornicating woman , unmarried female having unlawful sexual intercourse , a hussy / a huzzy , a prostitute / a whore ;</td>", "cf": ["<span class=\"wordlink\"><a href=\"dosearch.php?searchkey=17388&amp;language=id\"><span class=\"eastsyriac\">\u0719\u0722\u0710</span></a>, <a href=\"dosearch.php?searchkey=21383&amp;language=id\"><span class=\"eastsyriac\">\u0719\u0735\u0722\u0739\u0710</span></a>, <a href=\"dosearch.php?searchkey=21394&amp;language=id\"><span class=\"eastsyriac\">\u0719\u0735\u0722\u071d\u0718\u073c\u072c\u0742\u0735\u0710</span></a>, <a href=\"dosearch.php?searchkey=3908&amp;language=id\"><span class=\"eastsyriac\">\u0719\u0732\u0722\u0735\u071d\u0735\u0710</span></a>, <a href=\"dosearch.php?searchkey=16624&amp;language=id\"><span class=\"eastsyriac\">\u0719\u0735\u0722\u071d\u073c\u072c\u0735\u0710</span></a></span>", "<span class=\"wordlink\"><a href=\"dosearch.php?searchkey=1908&amp;language=id\"><span class=\"eastsyriac\">\u0713\u0735\u0713\u0742\u0718\u0735\u071d\u072c\u0735\u0710</span></a>, <a href=\"dosearch.php?searchkey=16625&amp;language=id\"><span class=\"eastsyriac\">\u0713\u0717\u071d\u073c\u0720\u072c\u0735\u0710</span></a>, <a href=\"dosearch.php?searchkey=2245&amp;language=id\"><span class=\"eastsyriac\">\u0713\u0732\u071d\u0735\u072a\u072c\u0735\u0710</span></a>, <a href=\"dosearch.php?searchkey=16626&amp;language=id\"><span class=\"eastsyriac\">\u0726\u0735\u071a\u0738\u0719\u072c\u0735\u0710</span></a>, <a href=\"dosearch.php?searchkey=16623&amp;language=id\"><span class=\"eastsyriac\">\u0725\u0735\u0717\u072a\u0735\u0722\u071d\u073c\u072c\u0735\u0710</span></a>, <a href=\"dosearch.php?searchkey=10837&amp;language=id\"><span class=\"eastsyriac\">\u0726\u0732\u071a\u0719\u0718\u073c\u072c\u0735\u0710</span></a>, <a href=\"dosearch.php?searchkey=11875&amp;language=id\"><span class=\"eastsyriac\">\u0728\u0732\u071a\u0722\u0718\u073c\u072c\u0735\u0710</span></a>, <a href=\"dosearch.php?searchkey=11874&amp;language=id\"><span class=\"eastsyriac\">\u0728\u0732\u071a\u0722\u0735\u0710</span></a>, <a href=\"dosearch.php?searchkey=2229&amp;language=id\"><span class=\"eastsyriac\">\u0713\u0330\u071d\u073c\u0722\u0715\u0735\u0710</span></a>, <a href=\"dosearch.php?searchkey=12332&amp;language=id\"><span class=\"eastsyriac\">\u0729\u0732\u0717\u0712\u0735\u0710</span></a>, <a href=\"dosearch.php?searchkey=22715&amp;language=id\"><span class=\"eastsyriac\">\u0720\u0735\u071f\u0735\u072c\u0735\u0710</span></a>, <a href=\"dosearch.php?searchkey=10837&amp;language=id\"><span class=\"eastsyriac\">\u0726\u0732\u071a\u0719\u0718\u073c\u072c\u0735\u0710</span></a>, <a href=\"dosearch.php?searchkey=11875&amp;language=id\"><span class=\"eastsyriac\">\u0728\u0732\u071a\u0722\u0718\u073c\u072c\u0735\u0710</span></a>, <a href=\"dosearch.php?searchkey=11884&amp;language=id\"><span class=\"eastsyriac\">\u0728\u0732\u071a\u0722\u0735\u0710</span></a>, <a href=\"dosearch.php?searchkey=2229&amp;language=id\"><span class=\"eastsyriac\">\u0713\u0330\u071d\u073c\u0722\u0715\u0735\u0710</span></a>, <a href=\"dosearch.php?searchkey=2426&amp;language=id\"><span class=\"eastsyriac\">\u0713\u0330\u0739\u0722\u0715\u0735\u0710</span></a>, <a href=\"dosearch.php?searchkey=7143&amp;language=id\"><span class=\"eastsyriac\">\u0721\u0715\u0718\u073c\u071b\u072a\u0735\u0722\u0735\u0710</span></a>, <a href=\"dosearch.php?searchkey=16625&amp;language=id\"><span class=\"eastsyriac\">\u0713\u0717\u071d\u073c\u0720\u072c\u0735\u0710</span></a>, <a href=\"dosearch.php?searchkey=16626&amp;language=id\"><span class=\"eastsyriac\">\u0726\u0735\u071a\u0738\u0719\u072c\u0735\u0710</span></a>, <a href=\"dosearch.php?searchkey=16623&amp;language=id\"><span class=\"eastsyriac\">\u0725\u0735\u0717\u072a\u0735\u0722\u071d\u073c\u072c\u0735\u0710</span></a>, <a href=\"dosearch.php?searchkey=22715&amp;language=id\"><span class=\"eastsyriac\">\u0720\u0735\u071f\u0735\u072c\u0735\u0710</span></a>, <a href=\"dosearch.php?searchkey=3907&amp;language=id\"><span class=\"eastsyriac\">\u0719\u0722\u0735\u071d\u0735\u0710</span></a>, <a href=\"dosearch.php?searchkey=2245&amp;language=id\"><span class=\"eastsyriac\">\u0713\u0732\u071d\u0735\u072a\u072c\u0735\u0710</span></a>, <a href=\"dosearch.php?searchkey=1908&amp;language=id\"><span class=\"eastsyriac\">\u0713\u0735\u0713\u0742\u0718\u0735\u071d\u072c\u0735\u0710</span></a></span>"], "key": "3910", "west": "\u0719\u0730\u0722\u0733\u071d\u072c\u0733\u0710", "phonetic": "<td>zan ' n\u00e9 ta:</td>", "east": "\u0719\u0732\u0722\u0735\u071d\u072c\u0735\u0710"},
{"searchkey": "3907", "audio": [], "context": [], "webrank": 20, "text": [" : to fornicate , to have unlawful sexual intercourse ;\r\n2) to be a prostitute ;\r\n"], "english": "<td>to fornicate , to have unlawful sexual intercourse ;\r\n2) to be a prostitute ;\r\n</td>", "cf": ["<span class=\"wordlink\"><a href=\"dosearch.php?searchkey=17388&amp;language=id\"><span class=\"eastsyriac\">\u0719\u0722\u0710</span></a>, <a href=\"dosearch.php?searchkey=21383&amp;language=id\"><span class=\"eastsyriac\">\u0719\u0735\u0722\u0739\u0710</span></a>, <a href=\"dosearch.php?searchkey=21394&amp;language=id\"><span class=\"eastsyriac\">\u0719\u0735\u0722\u071d\u0718\u073c\u072c\u0742\u0735\u0710</span></a>, <a href=\"dosearch.php?searchkey=3908&amp;language=id\"><span class=\"eastsyriac\">\u0719\u0732\u0722\u0735\u071d\u0735\u0710</span></a>, <a href=\"dosearch.php?searchkey=3910&amp;language=id\"><span class=\"eastsyriac\">\u0719\u0732\u0722\u0735\u071d\u072c\u0735\u0710</span></a>, <a href=\"dosearch.php?searchkey=16624&amp;language=id\"><span class=\"eastsyriac\">\u0719\u0735\u0722\u071d\u073c\u072c\u0735\u0710</span></a>, <a href=\"dosearch.php?searchkey=3910&amp;language=id\"><span class=\"eastsyriac\">\u0719\u0732\u0722\u0735\u071d\u072c\u0735\u0710</span></a></span>", "<span class=\"wordlink\"><a href=\"dosearch.php?searchkey=10837&amp;language=id\"><span class=\"eastsyriac\">\u0726\u0732\u071a\u0719\u0718\u073c\u072c\u0735\u0710</span></a>, <a href=\"dosearch.php?searchkey=11875&amp;language=id\"><span class=\"eastsyriac\">\u0728\u0732\u071a\u0722\u0718\u073c\u072c\u0735\u0710</span></a>, <a href=\"dosearch.php?searchkey=11884&amp;language=id\"><span class=\"eastsyriac\">\u0728\u0732\u071a\u0722\u0735\u0710</span></a>, <a href=\"dosearch.php?searchkey=7143&amp;language=id\"><span class=\"eastsyriac\">\u0721\u0715\u0718\u073c\u071b\u072a\u0735\u0722\u0735\u0710</span></a>, <a href=\"dosearch.php?searchkey=16625&amp;language=id\"><span class=\"eastsyriac\">\u0713\u0717\u071d\u073c\u0720\u072c\u0735\u0710</span></a>, <a href=\"dosearch.php?searchkey=2245&amp;language=id\"><span class=\"eastsyriac\">\u0713\u0732\u071d\u0735\u072a\u072c\u0735\u0710</span></a>, <a href=\"dosearch.php?searchkey=16626&amp;language=id\"><span class=\"eastsyriac\">\u0726\u0735\u071a\u0738\u0719\u072c\u0735\u0710</span></a>, <a href=\"dosearch.php?searchkey=16623&amp;language=id\"><span class=\"eastsyriac\">\u0725\u0735\u0717\u072a\u0735\u0722\u071d\u073c\u072c\u0735\u0710</span></a>, <a href=\"dosearch.php?searchkey=22715&amp;language=id\"><span class=\"eastsyriac\">\u0720\u0735\u071f\u0735\u072c\u0735\u0710</span></a>, <a href=\"dosearch.php?searchkey=1908&amp;language=id\"><span class=\"eastsyriac\">\u0713\u0735\u0713\u0742\u0718\u0735\u071d\u072c\u0735\u0710</span></a></span>"], "key": "3907", "west": "\u0719\u0722\u0733\u071d\u0733\u0710", "phonetic": "<td>' zna: ia:</td>", "east": "\u0719\u0722\u0735\u071d\u0735\u0710"},
{"searchkey": "3886", "audio": [], "context": [], "webrank": 10, "text": [" : to fornicate , to have unlawful sexual intercourse , to commit fornication"], "english": "<td>to fornicate , to have unlawful sexual intercourse , to commit fornication</td>", "cf": ["<span class=\"wordlink\"><a href=\"dosearch.php?searchkey=zn%27&amp;language=fullsyriac\"><span class=\"eastsyriac\">\u0719\u0722\u0710</span></a></span>"], "key": "3886", "west": "\u0719\u0722\u0733\u0710", "phonetic": "<td>' zna</td>", "east": "\u0719\u0722\u0735\u0710"},
{"searchkey": "3909", "audio": [], "context": [], "webrank": 30, "text": [" : fornication , unlawful sexual intercourse on the part of an unmarried person , \"wild oats\" ;"], "english": "<td>fornication , unlawful sexual intercourse on the part of an unmarried person , \"wild oats\" ;</td>", "cf": ["<span class=\"wordlink\"><a href=\"dosearch.php?searchkey=18181&amp;language=id\"><span class=\"eastsyriac\">\u0712\u0732\u072a \u0719\u0732\u0722\u071d\u0718\u073c\u072c\u0735\u0710</span></a></span>", "<span class=\"wordlink\"><a href=\"dosearch.php?searchkey=1642&amp;language=id\"><span class=\"eastsyriac\">\u0712\u0732\u072a\u0713\u0732\u0712\u072a\u0735\u0710</span></a>, <a href=\"dosearch.php?searchkey=10367&amp;language=id\"><span class=\"eastsyriac\">\u0725\u0721\u071d\u073c\u0721\u0735\u0710</span></a>, <a href=\"dosearch.php?searchkey=18180&amp;language=id\"><span class=\"eastsyriac\">\u0712\u0732\u072a \u0713\u0735\u0718\u072a\u0735\u0710</span></a></span>"], "key": "3909", "west": "\u0719\u0730\u0722\u071d\u073d\u0718\u072c\u0733\u0710", "phonetic": "<td>zan ' niu: ta</td>", "east": "\u0719\u0732\u0722\u071d\u0718\u073c\u072c\u0735\u0710"},
{"searchkey": "7616", "audio": [], "context": ["adjective feminine of \u0721\u0732\u071a\u072a\u0721\u0735\u0710"], "webrank": 30, "text": [" : 1) excommunication ;\r\n2) ", " : taboo , interdicted , banned , proscribed , unlawful / illegal , prohibited , excommunicated (?) ;"], "english": "<td>1) excommunication ;\r\n2) <span class=\"context\">adjective feminine of <a href=\"dosearch.php?searchkey=maxrmA%27&amp;language=fullsyriac\"><span class=\"eastsyriac\">\u0721\u0732\u071a\u072a\u0721\u0735\u0710</span></a></span> : taboo , interdicted , banned , proscribed , unlawful / illegal , prohibited , excommunicated (?) ;</td>", "cf": ["<span class=\"wordlink\"><a href=\"dosearch.php?searchkey=xrm&amp;language=fullsyriac\"><span class=\"eastsyriac\">\u071a\u072a\u0721</span></a>, <a href=\"dosearch.php?searchkey=33512&amp;language=id\"><span class=\"eastsyriac\">\u0721\u0718\u073c\u071a\u072a\u0738\u0721\u0735\u0710</span></a></span>", "<span class=\"wordlink\"><a href=\"dosearch.php?searchkey=32200&amp;language=id\"><span class=\"eastsyriac\">\u0726\u0723\u071d\u073c\u0723\u0735\u0710</span></a>, <a href=\"dosearch.php?searchkey=33510&amp;language=id\"><span class=\"eastsyriac\">\u071f\u0732\u0720\u071d\u0735\u0710</span></a>, <a href=\"dosearch.php?searchkey=33511&amp;language=id\"><span class=\"eastsyriac\">\u0721\u0732\u071a\u072a\u0721\u0735\u0710</span></a>, <a href=\"dosearch.php?searchkey=7616&amp;language=id\"><span class=\"eastsyriac\">\u0721\u0732\u071a\u072a\u0732\u0721\u072c\u0735\u0710</span></a>, <a href=\"dosearch.php?searchkey=33512&amp;language=id\"><span class=\"eastsyriac\">\u0721\u0718\u073c\u071a\u072a\u0738\u0721\u0735\u0710</span></a>, <a href=\"dosearch.php?searchkey=33509&amp;language=id\"><span class=\"eastsyriac\">\u0719\u0713\u0742\u071d\u073c\u072a\u0735\u0710</span></a></span>"], "key": "7616", "west": "\u0721\u0730\u071a\u072a\u0730\u0721\u072c\u0733\u0710", "phonetic": "<td>ma\u1e25 ' ram ta:</td>", "east": "\u0721\u0732\u071a\u072a\u0732\u0721\u072c\u0735\u0710"},
{"searchkey": "33511", "audio": [], "context": [], "webrank": 20, "text": [" : taboo , unlawful , illegal , banned , interdicted , prohibited , excommunicated (?) / sent to Coventry (?) / ostracized (?) ;"], "english": "<td>taboo , unlawful , illegal , banned , interdicted , prohibited , excommunicated (?) / sent to Coventry (?) / ostracized (?) ;</td>", "cf": ["<span class=\"wordlink\"><a href=\"dosearch.php?searchkey=xrm&amp;language=fullsyriac\"><span class=\"eastsyriac\">\u071a\u072a\u0721</span></a></span>", "<span class=\"wordlink\"><a href=\"dosearch.php?searchkey=32200&amp;language=id\"><span class=\"eastsyriac\">\u0726\u0723\u071d\u073c\u0723\u0735\u0710</span></a>, <a href=\"dosearch.php?searchkey=33510&amp;language=id\"><span class=\"eastsyriac\">\u071f\u0732\u0720\u071d\u0735\u0710</span></a>, <a href=\"dosearch.php?searchkey=7616&amp;language=id\"><span class=\"eastsyriac\">\u0721\u0732\u071a\u072a\u0732\u0721\u072c\u0735\u0710</span></a>, <a href=\"dosearch.php?searchkey=33512&amp;language=id\"><span class=\"eastsyriac\">\u0721\u0718\u073c\u071a\u072a\u0738\u0721\u0735\u0710</span></a>, <a href=\"dosearch.php?searchkey=33509&amp;language=id\"><span class=\"eastsyriac\">\u0719\u0713\u0742\u071d\u073c\u072a\u0735\u0710</span></a></span>"], "key": "33511", "west": "\u0721\u0730\u071a\u072a\u0721\u0733\u0710", "phonetic": "<td>' ma\u1e25m ' ra:</td>", "east": "\u0721\u0732\u071a\u072a\u0721\u0735\u0710"},
{"searchkey": "33809", "audio": [], "context": [], "webrank": 70, "text": [" : tremendous , awful , appalling , dreadful / dire ;"], "english": "<td>tremendous , awful , appalling , dreadful / dire ;</td>", "cf": ["<span class=\"wordlink\"><a href=\"dosearch.php?searchkey=31982&amp;language=id\"><span class=\"eastsyriac\">\u072a\u0725\u0720</span></a></span>", "<span class=\"wordlink\"><a href=\"dosearch.php?searchkey=7148&amp;language=id\"><span class=\"eastsyriac\">\u0721\u0715\u0732\u071a\u0720\u0735\u0722\u0735\u0710</span></a>, <a href=\"dosearch.php?searchkey=16412&amp;language=id\"><span class=\"eastsyriac\">\u0721\u0719\u071d\u073c\u0720\u0735\u0722\u0735\u0710</span></a>, <a href=\"dosearch.php?searchkey=33810&amp;language=id\"><span class=\"eastsyriac\">\u0721\u0732\u072a\u072c\u0735\u0722\u0735\u0710</span></a>, <a href=\"dosearch.php?searchkey=33811&amp;language=id\"><span class=\"eastsyriac\">\u0721\u0732\u0719\u0715\u0725\u0735\u0722\u0735\u0710</span></a>, <a href=\"dosearch.php?searchkey=33807&amp;language=id\"><span class=\"eastsyriac\">\u0721\u0732\u072a\u0717\u0712\u0742\u0735\u0722\u0735\u0710</span></a></span>"], "key": "33809", "west": "\u0721\u0730\u072a\u0725\u0720\u0733\u0722\u0733\u0710", "phonetic": "<td>mar ' la: na:</td>", "east": "\u0721\u0732\u072a\u0725\u0720\u0735\u0722\u0735\u0710"},
{"searchkey": "33807", "audio": [], "context": ["feminine : \u0721\u0732\u072a\u0717\u0712\u0742\u0735\u0722\u071d\u073c\u072c\u0735\u0710"], "webrank": 40, "text": [" : tremendous , huge , dreadful / dire / formidable / appalling , terrible , awful ;\r\n", " ;"], "english": "<td>tremendous , huge , dreadful / dire / formidable / appalling , terrible , awful ;\r\n<span class=\"context\">feminine : <a href=\"dosearch.php?searchkey=marhbLAnitA%27&amp;language=fullsyriac\"><span class=\"eastsyriac\">\u0721\u0732\u072a\u0717\u0712\u0742\u0735\u0722\u071d\u073c\u072c\u0735\u0710</span></a></span> ;</td>", "cf": ["<span class=\"wordlink\"><a href=\"dosearch.php?searchkey=rhb&amp;language=fullsyriac\"><span class=\"eastsyriac\">\u072a\u0717\u0712</span></a>, <a href=\"dosearch.php?searchkey=19212&amp;language=id\"><span class=\"eastsyriac\">\u072a\u0732\u0717\u071d\u073c\u0712\u0742\u0735\u0710</span></a>, <a href=\"dosearch.php?searchkey=33204&amp;language=id\"><span class=\"eastsyriac\">\u072a\u0718\u073c\u0717\u0712\u0735\u0722\u0735\u0710</span></a>, <a href=\"dosearch.php?searchkey=33205&amp;language=id\"><span class=\"eastsyriac\">\u0721\u0732\u072a\u0717\u0738\u0712\u0742</span></a>, <a href=\"dosearch.php?searchkey=33807&amp;language=id\"><span class=\"eastsyriac\">\u0721\u0732\u072a\u0717\u0712\u0742\u0735\u0722\u0735\u0710</span></a>, <a href=\"dosearch.php?searchkey=25675&amp;language=id\"><span class=\"eastsyriac\">\u0721\u0723\u0732\u072a\u0717\u0738\u0712\u0742</span></a></span>", "<span class=\"wordlink\"><a href=\"dosearch.php?searchkey=33808&amp;language=id\"><span class=\"eastsyriac\">\u0721\u0732\u072a\u0717\u0712\u0742\u0735\u0722\u071d\u073c\u072c\u0735\u0710</span></a></span>", "<span class=\"wordlink\"><a href=\"dosearch.php?searchkey=7148&amp;language=id\"><span class=\"eastsyriac\">\u0721\u0715\u0732\u071a\u0720\u0735\u0722\u0735\u0710</span></a>, <a href=\"dosearch.php?searchkey=16412&amp;language=id\"><span class=\"eastsyriac\">\u0721\u0719\u071d\u073c\u0720\u0735\u0722\u0735\u0710</span></a>, <a href=\"dosearch.php?searchkey=marclAnA%27&amp;language=fullsyriac\"><span class=\"eastsyriac\">\u0721\u0732\u072a\u0725\u0720\u0735\u0722\u0735\u0710</span></a>, <a href=\"dosearch.php?searchkey=martAnA%27&amp;language=fullsyriac\"><span class=\"eastsyriac\">\u0721\u0732\u072a\u072c\u0735\u0722\u0735\u0710</span></a>, <a href=\"dosearch.php?searchkey=mazdcAnA%27&amp;language=fullsyriac\"><span class=\"eastsyriac\">\u0721\u0732\u0719\u0715\u0725\u0735\u0722\u0735\u0710</span></a></span>"], "key": "33807", "west": "\u0721\u0730\u072a\u0717\u0712\u0742\u0733\u0722\u0733\u0710", "phonetic": "<td>mar ' hwa: na:</td>", "east": "\u0721\u0732\u072a\u0717\u0712\u0742\u0735\u0722\u0735\u0710"},
{"searchkey": "8480", "audio": [], "context": ["the name of a famous Assyrian father"], "webrank": 60, "text": [" : 1) ", " ;\r\n2) lordship , dominion , authority , ownership , the fact of being an owner , proprietorship , exclusive right of possession , lawful title , possession , mastery , mastership , command / domination , power of disposal , master's degree (?)"], "english": "<td>1) <span class=\"context\">the name of a famous Assyrian father</span> ;\r\n2) lordship , dominion , authority , ownership , the fact of being an owner , proprietorship , exclusive right of possession , lawful title , possession , mastery , mastership , command / domination , power of disposal , master's degree (?) ;\r\n<span class=\"locution\"><span class=\"eastsyriac\">\u0721\u0735\u072a\u0718\u073c\u072c\u0742\u0735\u0718\u071f\u0742\u0718\u073c\u0722</span></span> : Your Lordship ;\r\n<span class=\"context\">Rh\u00e9tor\u00e9 : <span class=\"locution\"><span class=\"eastsyriac\">\u0717\u0735\u0718\u071d\u0735\u0710 \u071d\u073c\u0715\u0742\u071d\u073c\u0725\u072c\u0735\u0710 \u0720\u0721\u0735\u072a\u0718\u073c\u072c\u0742\u0735\u0718\u071f\u0742\u0718\u073c\u0722 \u0715\u0717\u0735\u071d \u071f\u0742\u0738\u0715\u0721\u0738\u072c\u0735\u0710 \u0715\u0738\u071b\u0720\u071d\u073c\u0712\u0735\u0710 \u0720\u0735\u0718\u071f\u0742\u0718\u073c\u0722 \u0721\u0738\u0722\u071d\u073c \u0721\u071f\u0718\u073f\u0721\u0720\u0735\u0710 \u0720\u071d\u073c \u0715\u0720\u0735\u0710 \u071a\u0732\u0722\u071b\u0732\u0720\u072c\u0735\u0710</span></span></span> : let it be known to Your Lordship that the service that you required from me has been accomplished by me without delay / I have carried it out forthwith ;\r\n\r\n<span class=\"locution\"><span class=\"eastsyriac\">\u0725\u0735\u0712\u0742\u0738\u0715 \u0721\u0735\u072a\u0718\u073c\u072c\u0742\u0735\u0710 \u0720</span></span> / <span class=\"locution\"><span class=\"eastsyriac\">\u0725\u0735\u0712\u0742\u0738\u0715 \u0721\u0735\u072a\u0718\u073c\u072c\u0742\u0735\u0710 \u0725\u0732\u0720</span></span> : to have power over , to have control over / a stranglehold on , to have dominion over , to rule over ;\r\n3) <span class=\"context\">plural <span class=\"locution\"><span class=\"eastsyriac\">\u0721\u0735\u072a\u0308\u0735\u0718\u0735\u072c\u0742\u0735\u0710</span></span> ; the fourth angelic order</span> : dominions ;</td>", "cf": ["<span class=\"wordlink\"><a href=\"dosearch.php?searchkey=8443&amp;language=id\"><span class=\"eastsyriac\">\u0721\u0735\u072a\u0735\u0710</span></a>, <a href=\"dosearch.php?searchkey=8559&amp;language=id\"><span class=\"eastsyriac\">\u0721\u0735\u072a\u072c\u0742\u0735\u0710</span></a>, <a href=\"dosearch.php?searchkey=8531&amp;language=id\"><span class=\"eastsyriac\">\u0721\u0735\u072a\u0732\u0722</span></a>, <a href=\"dosearch.php?searchkey=8443&amp;language=id\"><span class=\"eastsyriac\">\u0721\u0735\u072a\u0735\u0710</span></a>, <a href=\"dosearch.php?searchkey=26194&amp;language=id\"><span class=\"eastsyriac\">\u0721\u0735\u072a\u071d</span></a>, <a href=\"dosearch.php?searchkey=26195&amp;language=id\"><span class=\"eastsyriac\">\u0721\u0735\u072a\u072c\u071d\u073c</span></a></span>", "<span class=\"wordlink\"><a href=\"dosearch.php?searchkey=30099&amp;language=id\"><span class=\"eastsyriac\">\u072c\u0735\u0728\u0732\u072a\u0738\u0726</span></a></span>"], "key": "8480", "west": "\u0721\u0733\u072a\u073d\u0718\u072c\u0742\u0733\u0710", "phonetic": "<td>ma: ' ru: tha:</td>", "east": "\u0721\u0735\u072a\u0718\u073c\u072c\u0742\u0735\u0710"},
{"searchkey": "33810", "audio": [], "context": [], "webrank": 90, "text": [" : tremendous , awful , dreadful , frightful , appalling ;"], "english": "<td>tremendous , awful , dreadful , frightful , appalling ;</td>", "cf": ["<span class=\"wordlink\"><a href=\"dosearch.php?searchkey=rt&amp;language=fullsyriac\"><span class=\"eastsyriac\">\u072a\u072c</span></a></span>", "<span class=\"wordlink\"><a href=\"dosearch.php?searchkey=7148&amp;language=id\"><span class=\"eastsyriac\">\u0721\u0715\u0732\u071a\u0720\u0735\u0722\u0735\u0710</span></a>, <a href=\"dosearch.php?searchkey=16412&amp;language=id\"><span class=\"eastsyriac\">\u0721\u0719\u071d\u073c\u0720\u0735\u0722\u0735\u0710</span></a>, <a href=\"dosearch.php?searchkey=33811&amp;language=id\"><span class=\"eastsyriac\">\u0721\u0732\u0719\u0715\u0725\u0735\u0722\u0735\u0710</span></a>, <a href=\"dosearch.php?searchkey=33807&amp;language=id\"><span class=\"eastsyriac\">\u0721\u0732\u072a\u0717\u0712\u0742\u0735\u0722\u0735\u0710</span></a>, <a href=\"dosearch.php?searchkey=33809&amp;language=id\"><span class=\"eastsyriac\">\u0721\u0732\u072a\u0725\u0720\u0735\u0722\u0735\u0710</span></a></span>"], "key": "33810", "west": "\u0721\u0730\u072a\u072c\u0733\u0722\u0733\u0710", "phonetic": "<td>mar ' ta: na:</td>", "east": "\u0721\u0732\u072a\u072c\u0735\u0722\u0735\u0710"},
{"searchkey": "8546", "audio": [], "context": [], "webrank": 80, "text": [" : a wedlock release of a woman / a divorce (sought by a woman) , a legal dissolution of the marriage relation by a body having authority for a woman quitting her husband , a woman's lawful recover of her freedom / independance ;"], "english": "<td>a wedlock release of a woman / a divorce (sought by a woman) , a legal dissolution of the marriage relation by a body having authority for a woman quitting her husband , a woman's lawful recover of her freedom / independance ;</td>", "cf": ["<span class=\"wordlink\"><a href=\"dosearch.php?searchkey=13815&amp;language=id\"><span class=\"eastsyriac\">\u072a\u0732\u0726\u0718\u073c\u071d\u0739\u0710</span></a>, <a href=\"dosearch.php?searchkey=8549&amp;language=id\"><span class=\"eastsyriac\">\u0721\u0732\u072a\u0726\u0735\u071d\u072c\u0735\u0710</span></a></span>", "<span class=\"wordlink\"><a href=\"dosearch.php?searchkey=2817&amp;language=id\"><span class=\"eastsyriac\">\u0715\u0718\u073c\u0720\u0735\u0720\u0735\u0710</span></a></span>"], "key": "8546", "west": "\u0721\u0730\u072a\u0726\u073d\u0718\u071d\u0736\u0710", "phonetic": "<td>mar ' pu yi</td>", "east": "\u0721\u0732\u072a\u0726\u0718\u073c\u071d\u0739\u0710"},
{"searchkey": "33512", "audio": [], "context": [], "webrank": 10, "text": [" : taboo , prohibited , unlawful / illigal , banned , interdicted ;"], "english": "<td>taboo , prohibited , unlawful / illigal , banned , interdicted ;</td>", "cf": ["<span class=\"wordlink\"><a href=\"dosearch.php?searchkey=xrm&amp;language=fullsyriac\"><span class=\"eastsyriac\">\u071a\u072a\u0721</span></a>, <a href=\"dosearch.php?searchkey=33511&amp;language=id\"><span class=\"eastsyriac\">\u0721\u0732\u071a\u072a\u0721\u0735\u0710</span></a>, <a href=\"dosearch.php?searchkey=7616&amp;language=id\"><span class=\"eastsyriac\">\u0721\u0732\u071a\u072a\u0732\u0721\u072c\u0735\u0710</span></a></span>", "<span class=\"wordlink\"><a href=\"dosearch.php?searchkey=32200&amp;language=id\"><span class=\"eastsyriac\">\u0726\u0723\u071d\u073c\u0723\u0735\u0710</span></a>, <a href=\"dosearch.php?searchkey=33510&amp;language=id\"><span class=\"eastsyriac\">\u071f\u0732\u0720\u071d\u0735\u0710</span></a>, <a href=\"dosearch.php?searchkey=33509&amp;language=id\"><span class=\"eastsyriac\">\u0719\u0713\u0742\u071d\u073c\u072a\u0735\u0710</span></a></span>"], "key": "33512", "west": "\u0721\u073d\u0718\u071a\u072a\u0736\u0721\u0733\u0710", "phonetic": "<td>mu:\u1e25 ' ri: ma:</td>", "east": "\u0721\u0718\u073c\u071a\u072a\u0738\u0721\u0735\u0710"},
{"searchkey": "8957", "audio": [], "context": ["Yoab Benjamin", "Sokoloff", "JAAS", "JAAS"], "webrank": 100, "text": [" : 1) abominable , ugly , odious , detestable , loathesome , heinous , causing abhorence , very hateful , atrocious , detestable , foul / vile , nefarious , horrible / awful ;\r\n2) ", " : foul-smelling , stinking , rank ;\r\n3) ", " : sordid , abominable , ", " : disgusting / distasteful / awful / terrible ;\r\n", " :"], "english": "<td>1) abominable , ugly , odious , detestable , loathesome , heinous , causing abhorence , very hateful , atrocious , detestable , foul / vile , nefarious , horrible / awful ;\r\n2) <span class=\"context\">Yoab Benjamin</span> : foul-smelling , stinking , rank ;\r\n3) <span class=\"context\">Sokoloff</span> : sordid , abominable , <span class=\"context\">JAAS</span> : disgusting / distasteful / awful / terrible ;\r\n<span class=\"context\">JAAS</span> : <span class=\"locution\"><span class=\"eastsyriac\">\u0721\u072a\u0732\u0729\u0725\u071d\u073c \u0720\u0738\u0717 \u0720\u0738\u072b\u0735\u0722\u0735\u0710 \u0712\u071a\u0732\u072b\u071a\u0735\u072c\u0738\u0308\u0710 \u0722\u0718\u073c\u071f\u0742\u072a\u0735\u071d\u0735\u072c\u0739\u0710 \u0718\u0712\u0717\u0718\u073c\u0713\u0735\u071d\u0735\u0710 \u0722\u0715\u071d\u073c\u0715\u0735\u0710</span></span> : they patched the language with foreign terms and a distasteful / disgusting / abominable / terrible pronunciation ;</td>", "cf": ["<span class=\"wordlink\"><a href=\"dosearch.php?searchkey=32381&amp;language=id\"><span class=\"eastsyriac\">\u0722\u0715\u0715</span></a></span>", "<span class=\"wordlink\"><a href=\"dosearch.php?searchkey=11589&amp;language=id\"><span class=\"eastsyriac\">\u0728\u0710\u0735\u0710\u0718\u073c\u072c\u0735\u0710</span></a>, <a href=\"dosearch.php?searchkey=6298&amp;language=id\"><span class=\"eastsyriac\">\u071f\u0330\u0732\u0726\u0735\u0720\u0718\u073c\u072c\u0735\u0710</span></a>, <a href=\"dosearch.php?searchkey=2011&amp;language=id\"><span class=\"eastsyriac\">\u0713\u0718\u073c\u0715\u071d\u0735\u0710</span></a>, <a href=\"dosearch.php?searchkey=5032&amp;language=id\"><span class=\"eastsyriac\">\u071b\u0718\u073c\u0721\u0735\u0710</span></a>, <a href=\"dosearch.php?searchkey=5203&amp;language=id\"><span class=\"eastsyriac\">\u071b\u0732\u0722\u0726\u0735\u0710</span></a>, <a href=\"dosearch.php?searchkey=6294&amp;language=id\"><span class=\"eastsyriac\">\u071f\u0330\u0732\u0726\u0735\u0720</span></a>, <a href=\"dosearch.php?searchkey=12067&amp;language=id\"><span class=\"eastsyriac\">\u0728\u0732\u0725\u0720\u0735\u0710</span></a>, <a href=\"dosearch.php?searchkey=7402&amp;language=id\"><span class=\"eastsyriac\">\u0721\u0718\u073f\u072a\u0715\u0735\u072a</span></a>, <a href=\"dosearch.php?searchkey=11624&amp;language=id\"><span class=\"eastsyriac\">\u072c\u0712\u0742\u071d\u073c\u0717\u0735\u0710</span></a>, <a href=\"dosearch.php?searchkey=1493&amp;language=id\"><span class=\"eastsyriac\">\u0712\u0732\u0723\u071d\u0735\u0710</span></a>, <a href=\"dosearch.php?searchkey=8957&amp;language=id\"><span class=\"eastsyriac\">\u0722\u0715\u071d\u073c\u0715\u0735\u0710</span></a>, <a href=\"dosearch.php?searchkey=10696&amp;language=id\"><span class=\"eastsyriac\">\u0726\u0718\u073c\u071b\u0735\u0710</span></a>, <a href=\"dosearch.php?searchkey=japlA%27&amp;language=fullsyriac\"><span class=\"eastsyriac\">\u072b\u0732\u0726\u0720\u0735\u0710</span></a>, <a href=\"dosearch.php?searchkey=939&amp;language=id\"><span class=\"eastsyriac\">\u0712\u0732\u0715</span></a>, <a href=\"dosearch.php?searchkey=16498&amp;language=id\"><span class=\"eastsyriac\">\u071a\u0735\u0721\u0739\u0729</span></a>, <a href=\"dosearch.php?searchkey=16497&amp;language=id\"><span class=\"eastsyriac\">\u0719\u0735\u0717\u0739\u0721</span></a>, <a href=\"dosearch.php?searchkey=10713&amp;language=id\"><span class=\"eastsyriac\">\u0726\u0718\u073c\u071f\u0726\u0738\u071f\u0735\u0710</span></a>, <a href=\"dosearch.php?searchkey=4823&amp;language=id\"><span class=\"eastsyriac\">\u071a\u072a\u071d\u073c\u0712\u0742\u0735\u0710</span></a>, <a href=\"dosearch.php?searchkey=3936&amp;language=id\"><span class=\"eastsyriac\">\u0719\u0732\u0726\u072a\u0735\u0710</span></a>, <a href=\"dosearch.php?searchkey=18993&amp;language=id\"><span class=\"eastsyriac\">\u0721\u071a\u0732\u0712\u0720\u0735\u0710</span></a>, <a href=\"dosearch.php?searchkey=17512&amp;language=id\"><span class=\"eastsyriac\">\u0723\u0732\u072a\u071d\u0735\u0710</span></a>, <a href=\"dosearch.php?searchkey=18994&amp;language=id\"><span class=\"eastsyriac\">\u0723\u071d\u073c\u071a\u0735\u0710</span></a>, <a href=\"dosearch.php?searchkey=9823&amp;language=id\"><span class=\"eastsyriac\">\u0723\u0726\u071d\u073c\u0723\u0735\u0710</span></a>, <a href=\"dosearch.php?searchkey=7145&amp;language=id\"><span class=\"eastsyriac\">\u0721\u0732\u0715\u0718\u073c\u072a\u0735\u0710</span></a>, <a href=\"dosearch.php?searchkey=34108&amp;language=id\"><span class=\"eastsyriac\">\u0713\u0725\u071d\u073c\u0728\u0735\u0710</span></a>, <a href=\"dosearch.php?searchkey=16373&amp;language=id\"><span class=\"eastsyriac\">\u0723\u0732\u0722\u071d\u0735\u0710</span></a>, <a href=\"dosearch.php?searchkey=5203&amp;language=id\"><span class=\"eastsyriac\">\u071b\u0732\u0722\u0726\u0735\u0710</span></a>, <a href=\"dosearch.php?searchkey=1263&amp;language=id\"><span class=\"eastsyriac\">\u0712\u071d\u073c\u072b\u0735\u0710</span></a>, <a href=\"dosearch.php?searchkey=34137&amp;language=id\"><span class=\"eastsyriac\">\u0713\u0725\u071d\u073c\u072a\u0735\u0710</span></a>, <a href=\"dosearch.php?searchkey=34138&amp;language=id\"><span class=\"eastsyriac\">\u0721\u0718\u073c\u0723\u0720\u071d\u073c\u0735\u0710</span></a>, <a href=\"dosearch.php?searchkey=34107&amp;language=id\"><span class=\"eastsyriac\">\u0723\u0725\u071d\u073c\u071b\u0735\u0710</span></a>, <a href=\"dosearch.php?searchkey=34136&amp;language=id\"><span class=\"eastsyriac\">\u0723\u0735\u072a\u071d\u0735\u0710</span></a></span>"], "key": "8957", "west": "\u0722\u0715\u073a\u071d\u0715\u0733\u0710", "phonetic": "<td>' ndi: da:</td>", "east": "\u0722\u0715\u071d\u073c\u0715\u0735\u0710"},
{"searchkey": "8473", "audio": [], "context": ["note", "Yoab Benjamin", "yoab Benjamin", "Bailis Shamun", "feminine"], "webrank": 50, "text": [" : 1) rebellious , engaged in rebellion , rebel , insurgent , resisting lawful authority by force , resistant , refractory , mutineering (?) ;\r\n", " : this word sounds linked to the Biblical name \"Nimrod\" .\r\n2) ", " : a rebel , an insurgent , a mutineer ;\r\n3) ", " : totalitarian , despotic , tyrannical ;\r\n4) ", " : a tyrant , a despot , an oppressor ;\r\n", " : \u0721\u0735\u072a\u0718\u073f\u0715\u072c\u0735\u0710 ;"], "english": "<td>1) rebellious , engaged in rebellion , rebel , insurgent , resisting lawful authority by force , resistant , refractory , mutineering (?) ;\r\n<span class=\"context\">note</span> : this word sounds linked to the Biblical name \"Nimrod\" .\r\n2) <span class=\"context\">Yoab Benjamin</span> : a rebel , an insurgent , a mutineer ;\r\n3) <span class=\"context\">yoab Benjamin</span> : totalitarian , despotic , tyrannical ;\r\n4) <span class=\"context\">Bailis Shamun</span> : a tyrant , a despot , an oppressor ;\r\n<span class=\"context\">feminine</span> : <a href=\"dosearch.php?searchkey=mArodtA%27&amp;language=fullsyriac\"><span class=\"eastsyriac\">\u0721\u0735\u072a\u0718\u073f\u0715\u072c\u0735\u0710</span></a> ;</td>", "cf": ["<span class=\"wordlink\"><a href=\"dosearch.php?searchkey=mrd&amp;language=fullsyriac\"><span class=\"eastsyriac\">\u0721\u072a\u0715</span></a>, <a href=\"dosearch.php?searchkey=8461&amp;language=id\"><span class=\"eastsyriac\">\u0721\u0738\u072a\u0715\u0735\u0710</span></a>, <a href=\"dosearch.php?searchkey=8474&amp;language=id\"><span class=\"eastsyriac\">\u0721\u0735\u072a\u0718\u073f\u0715\u0718\u073c\u072c\u0735\u0710</span></a>, <a href=\"dosearch.php?searchkey=19123&amp;language=id\"><span class=\"eastsyriac\">\u0721\u0732\u072a\u071d\u073c\u0715\u0735\u0710</span></a>, <a href=\"dosearch.php?searchkey=19469&amp;language=id\"><span class=\"eastsyriac\">\u0721\u072a\u071d\u073c\u0715\u0735\u0710</span></a>, <a href=\"dosearch.php?searchkey=27021&amp;language=id\"><span class=\"eastsyriac\">\u0722\u0738\u0721\u072a\u0718\u073f\u0715</span></a>, <a href=\"dosearch.php?searchkey=22730&amp;language=id\"><span class=\"eastsyriac\">\u0721\u0735\u072a\u0739\u0715</span></a></span>", "<span class=\"wordlink\"><a href=\"dosearch.php?searchkey=13099&amp;language=id\"><span class=\"eastsyriac\">\u0729\u0735\u072a\u0735\u0712\u0735\u0720\u0739\u0713\u0742</span></a>, <a href=\"dosearch.php?searchkey=1963&amp;language=id\"><span class=\"eastsyriac\">\u0713\u0732\u0715\u072a\u0718\u073c\u072c\u0735\u0710</span></a>, <a href=\"dosearch.php?searchkey=2764&amp;language=id\"><span class=\"eastsyriac\">\u0715\u0718\u073c\u0712\u0735\u072a\u0718\u073c\u072c\u0735\u0710</span></a>, <a href=\"dosearch.php?searchkey=2836&amp;language=id\"><span class=\"eastsyriac\">\u0715\u0735\u0718\u0722\u0738\u0713\u0718\u073c\u072c\u0735\u0710</span></a>, <a href=\"dosearch.php?searchkey=5325&amp;language=id\"><span class=\"eastsyriac\">\u071d\u0735\u0710\u0713\u071d\u073c\u0718\u073c\u072c\u0735\u0710</span></a>, <a href=\"dosearch.php?searchkey=19118&amp;language=id\"><span class=\"eastsyriac\">\u071b\u0735\u0710\u0718\u073f\u072a\u0718\u073c\u072c\u0735\u0710</span></a>, <a href=\"dosearch.php?searchkey=19119&amp;language=id\"><span class=\"eastsyriac\">\u071b\u0718\u073c\u0725\u071d\u0735\u0722\u0735\u0710</span></a>, <a href=\"dosearch.php?searchkey=19120&amp;language=id\"><span class=\"eastsyriac\">\u071b\u0718\u073c\u071f\u0723\u0735\u0710 \u0715\u071b\u0732\u072a\u0735\u0722\u0718\u073c\u072c\u0735\u0710</span></a>, <a href=\"dosearch.php?searchkey=5273&amp;language=id\"><span class=\"eastsyriac\">\u071b\u072a\u0718\u0722\u0735\u071d\u0735\u0710</span></a>, <a href=\"dosearch.php?searchkey=577&amp;language=id\"><span class=\"eastsyriac\">\u0710\u0738\u0723\u071b\u0735\u0723\u071d\u073c\u072a\u0735\u0710</span></a>, <a href=\"dosearch.php?searchkey=2835&amp;language=id\"><span class=\"eastsyriac\">\u0715\u0735\u0718\u0722\u0738\u0713</span></a>, <a href=\"dosearch.php?searchkey=5270&amp;language=id\"><span class=\"eastsyriac\">\u071b\u072a\u0718\u073c\u0722\u0735\u0710</span></a></span>"], "key": "8473", "west": "\u0721\u0733\u072a\u073d\u0718\u0715\u0733\u0710", "phonetic": "<td>ma: ' ru: da:</td>", "east": "\u0721\u0735\u072a\u0718\u073f\u0715\u0735\u0710"}
]