[
{"searchkey": "15221", "audio": [], "context": [], "webrank": 3, "text": [" : a germ , the germs considered collectively , a micro-organism , a microbe , a disease germ , any of the pathogenic bacteria , a colony of bacteria ;"], "english": "<td>a germ , the germs considered collectively , a micro-organism , a microbe , a disease germ , any of the pathogenic bacteria , a colony of bacteria ;</td>", "cf": [], "key": "15221", "west": "\u072b\u0736\u072a\u0723\u0733\u0710", "phonetic": "<td>' \u0161ir sa</td>", "east": "\u072b\u0738\u072a\u0723\u0735\u0710"},
{"searchkey": "10313", "audio": [], "context": ["voice, ...", "see \u071a\u0732\u071d\u0720\u0735\u0722\u0735\u0710"], "webrank": 2, "text": [" : 1) supreme , the Most High , highest in place / authority / power , dominant , overruling , exalted , above all , from above , high , heavenly , celestial , divine ;\r\n2) ", " : loud , stentorian , "], "english": "<td>1) supreme , the Most High , highest in place / authority / power , dominant , overruling , exalted , above all , from above , high , heavenly , celestial , divine ;\r\n2) <span class=\"context\">voice, ...</span> : loud , stentorian , <span class=\"context\">see <a href=\"dosearch.php?searchkey=xaylAnA%27&amp;language=fullsyriac\"><span class=\"eastsyriac\">\u071a\u0732\u071d\u0720\u0735\u0722\u0735\u0710</span></a></span> ;\r\n<span class=\"locution\"><span class=\"eastsyriac\">\u0722\u0732\u0718\u0715\u0735\u0710 \u0725\u0738\u0720\u0735\u071d\u0735\u0710</span></span> : a high frequency ;\r\n3) <span class=\"context\">Yoab Benjamin</span> : deluxe ;\r\n<span class=\"context\">feminine</span> : <a href=\"dosearch.php?searchkey=celAytA%27&amp;language=fullsyriac\"><span class=\"eastsyriac\">\u0725\u0738\u0720\u0735\u071d\u072c\u0735\u0710</span></a> ;\r\n4) super ;\r\n<span class=\"locution\"><span class=\"eastsyriac\">\u0712\u0735\u0729\u0735\u0710 \u0725\u0738\u0720\u0735\u071d\u0735\u0710</span></span> : a super bug / a super-bug <span class=\"context\">colloquial for multi-drug resistant bacteria</span> ;\r\n<span class=\"locution\"><span class=\"eastsyriac\">\u071a\u0732\u071d\u0720\u0735\u0710 \u0725\u0738\u0720\u0735\u071d\u0735\u0710</span></span> : <span class=\"context\">a political</span> Super Power ;\r\n5) <span class=\"context\">Bailis Shamun</span> : high / higher , advanced / leading (?) ;\r\n<span class=\"locution\"><span class=\"eastsyriac\">\u0712\u0739\u071d\u072c \u0715\u0718\u073c\u072a\u0735\u072b\u0735\u0710 \u0725\u0738\u0720\u0735\u071d\u0735\u0710</span></span> : the House of Higher Studies / Advanced Studies , the University ;\r\n</td>", "cf": ["<span class=\"wordlink\"><a href=\"dosearch.php?searchkey=17821&amp;language=id\"><span class=\"eastsyriac\">\u0725\u0720\u0710</span></a>, <a href=\"dosearch.php?searchkey=10299&amp;language=id\"><span class=\"eastsyriac\">\u0725\u0720\u0735\u0710</span></a>, <a href=\"dosearch.php?searchkey=10165&amp;language=id\"><span class=\"eastsyriac\">\u0725\u0718\u073c\u0720\u0735\u071d\u0735\u0710</span></a>, <a href=\"dosearch.php?searchkey=18221&amp;language=id\"><span class=\"eastsyriac\">\u0712\u0739\u071d\u072c \u0725\u0738\u0720\u0735\u071d\u0735\u0710</span></a>, <a href=\"dosearch.php?searchkey=18222&amp;language=id\"><span class=\"eastsyriac\">\u0712\u0739\u071d\u072c \u0725\u0738\u0720\u071d\u073c\u072c\u0735\u0710</span></a>, <a href=\"dosearch.php?searchkey=10319&amp;language=id\"><span class=\"eastsyriac\">\u0725\u0738\u0720\u071d\u073c\u072c\u0735\u0710</span></a>, <a href=\"dosearch.php?searchkey=18220&amp;language=id\"><span class=\"eastsyriac\">\u0712\u0739\u071d\u0308\u0725\u0720\u0735\u0718\u0735\u072c\u0735\u0710</span></a>, <a href=\"dosearch.php?searchkey=315&amp;language=id\"><span class=\"eastsyriac\">\u0710\u071d\u073c\u0720</span></a>, <a href=\"dosearch.php?searchkey=413&amp;language=id\"><span class=\"eastsyriac\">\u0710\u0732\u0720\u0735\u0717\u0735\u0710</span></a>, <a href=\"dosearch.php?searchkey=10314&amp;language=id\"><span class=\"eastsyriac\">\u0725\u0738\u0720\u0735\u071d\u0718\u073c\u072c\u0735\u0710</span></a>, <a href=\"dosearch.php?searchkey=10320&amp;language=id\"><span class=\"eastsyriac\">\u0725\u0738\u0720\u0739\u0720</span></a>, <a href=\"dosearch.php?searchkey=10323&amp;language=id\"><span class=\"eastsyriac\">\u0725\u0738\u0720\u0738\u0720 \u0713\u0739\u0712</span></a>, <a href=\"dosearch.php?searchkey=10324&amp;language=id\"><span class=\"eastsyriac\">\u0725\u0732\u0720\u0720\u0735\u0722\u0735\u0710</span></a>, <a href=\"dosearch.php?searchkey=10321&amp;language=id\"><span class=\"eastsyriac\">\u0725\u0738\u0720\u0739\u0720 \u0710\u0738\u0720\u072c\u0739\u071a\u072c</span></a>, <a href=\"dosearch.php?searchkey=315&amp;language=id\"><span class=\"eastsyriac\">\u0710\u071d\u073c\u0720</span></a>, <a href=\"dosearch.php?searchkey=10320&amp;language=id\"><span class=\"eastsyriac\">\u0725\u0738\u0720\u0739\u0720</span></a>, <a href=\"dosearch.php?searchkey=10322&amp;language=id\"><span class=\"eastsyriac\">\u0725\u0738\u0720\u0738\u0720 \u0713\u0739\u0712</span></a>, <a href=\"dosearch.php?searchkey=27786&amp;language=id\"><span class=\"eastsyriac\">\u0725\u0720\u0718\u073f\u071d\u0735\u0710</span></a>, <a href=\"dosearch.php?searchkey=30443&amp;language=id\"><span class=\"eastsyriac\">\u0725\u0720\u0718\u073f\u072c\u0742\u0735\u0710</span></a>, <a href=\"dosearch.php?searchkey=30444&amp;language=id\"><span class=\"eastsyriac\">\u0725\u0720\u0308\u0718\u073f\u071d\u0735\u072c\u0742\u0735\u0710</span></a></span>", "<span class=\"wordlink\"><a href=\"dosearch.php?searchkey=719&amp;language=id\"><span class=\"eastsyriac\">\u0710\u0735\u072a\u0712\u0735\u0712</span></a>, <a href=\"dosearch.php?searchkey=5362&amp;language=id\"><span class=\"eastsyriac\">\u071d\u0732\u0717</span></a>, <a href=\"dosearch.php?searchkey=5375&amp;language=id\"><span class=\"eastsyriac\">\u071d\u0739\u0717\u0718\u073c\u0712\u0742\u0735\u0710</span></a>, <a href=\"dosearch.php?searchkey=8533&amp;language=id\"><span class=\"eastsyriac\">\u0721\u0735\u072a\u0735\u0722\u0735\u071d\u0718\u073c\u072c\u0735\u0710</span></a>, <a href=\"dosearch.php?searchkey=5300&amp;language=id\"><span class=\"eastsyriac\">\u071b\u0732\u072a\u0729\u0735\u0710</span></a>, <a href=\"dosearch.php?searchkey=32991&amp;language=id\"><span class=\"eastsyriac\">\u0712\u0732\u071d\u072c\u0735\u0710 \u0725\u0738\u0720\u0735\u071d\u0735\u0710</span></a></span>"], "key": "10313", "west": "\u0725\u0736\u0720\u0733\u071d\u0733\u0710", "phonetic": "<td>il ' la: ia:</td>", "east": "\u0725\u0738\u0720\u0735\u071d\u0735\u0710"},
{"searchkey": "1598", "audio": [], "context": ["Eastern Sureth"], "webrank": 1, "text": [" : 1) a gnat , a sandfly , a mosquito ;\r\n2) ", " : a) a bug , b) a bacteria , a virus (?) , a microbe (?)"], "english": "<td>1) a gnat , a sandfly , a mosquito ;\r\n2) <span class=\"context\">Eastern Sureth</span> : a) a bug , b) a bacteria , a virus (?) , a microbe (?) ;\r\n<span class=\"locution\"><span class=\"eastsyriac\">\u0712\u0735\u0729\u0735\u0710 \u0725\u0738\u0720\u0735\u071d\u0735\u0710</span></span> : a super bug / <span class=\"context\">colloquial for multi-drug resistant bacteria</span> ;\r\n<span class=\"locution\"><span class=\"eastsyriac\">\u0712\u0735\u0729\u0735\u0710 \u0723\u072a\u071d\u073c \u072a\u0738\u071d\u071a\u0735\u0710</span></span> : a stinkbug , a bad-smelling bug ;\r\n3) a computer-program bug (?) ;\r\n<span class=\"context\">plural</span> : <a href=\"dosearch.php?searchkey=bAqEC%27&amp;language=fullsyriac\"><span class=\"eastsyriac\">\u0712\u0735\u0729\u0739\u0308\u0710</span></a> ;</td>", "cf": ["<span class=\"wordlink\"><a href=\"dosearch.php?searchkey=18541&amp;language=id\"><span class=\"eastsyriac\">\u0712\u0735\u0729\u072c\u0735\u0710</span></a>, <a href=\"dosearch.php?searchkey=18542&amp;language=id\"><span class=\"eastsyriac\">\u0712\u0735\u0729\u0735\u071d\u0735\u072c\u0739\u0308\u0710</span></a></span>", "<span class=\"wordlink\"><a href=\"dosearch.php?searchkey=23383&amp;language=id\"><span class=\"eastsyriac\">\u071a\u0739\u0710\u0726\u0735\u0710</span></a></span>", "<span class=\"wordlink\"><a href=\"dosearch.php?searchkey=23385&amp;language=id\"><span class=\"eastsyriac\">\u071a\u0739\u0710\u0726\u071d\u073c\u072c\u0742\u0735\u0710</span></a></span>", "<span class=\"wordlink\"><a href=\"dosearch.php?searchkey=23384&amp;language=id\"><span class=\"eastsyriac\">\u071a\u0739\u0710\u0726\u072c\u0742\u0735\u0710</span></a></span>", "<span class=\"wordlink\"><a href=\"dosearch.php?searchkey=23382&amp;language=id\"><span class=\"eastsyriac\">\u071b\u0739\u0722\u0735\u0710</span></a></span>", "<span class=\"wordlink\"><a href=\"dosearch.php?searchkey=1625&amp;language=id\"><span class=\"eastsyriac\">\u071f\u0330\u071d\u073c\u0722\u0735\u0710</span></a>, <a href=\"dosearch.php?searchkey=7091&amp;language=id\"><span class=\"eastsyriac\">\u0721\u0738\u0713\u0721\u0738\u0713</span></a>, <a href=\"dosearch.php?searchkey=12928&amp;language=id\"><span class=\"eastsyriac\">\u0729\u0738\u0722\u0735\u0710</span></a></span>"], "key": "1598", "west": "\u0712\u0733\u0729\u0733\u0710", "phonetic": "<td>' ba: qa:</td>", "east": "\u0712\u0735\u0729\u0735\u0710"}
]