[
{"searchkey": "28600", "audio": [], "context": ["2 Kings : 15, 29", "Numbers : 32, 8"], "webrank": 10, "text": [" : 1) ", " : Kadesh ;\r\n", " :"], "english": "<td>1) <span class=\"context\">2 Kings : 15, 29</span> : Kadesh ;\r\n<span class=\"context\">Numbers : 32, 8</span> : <span class=\"locution\"><span class=\"eastsyriac\">\u0729\u0715\u0738\u072b \u0712\u0732\u072a\u0722\u071d\u073c\u0725\u0735\u0710</span></span> / <span class=\"context\">Peshitta</span> : <span class=\"locution\"><span class=\"eastsyriac\">\u072a\u0729\u0738\u0721 \u0715\u0713\u0732\u071d\u0735\u0710</span></span> : Kadesh Barnea ;\r\n2) <span class=\"context\">verb (rare)</span> : to be holy ;</td>", "cf": ["<span class=\"wordlink\"><a href=\"dosearch.php?searchkey=21246&amp;language=id\"><span class=\"eastsyriac\">\u0729\u0715\u072b</span></a></span>"], "key": "28600", "west": "\u0729\u0715\u0736\u072b", "phonetic": "<td>' qdi\u0161</td>", "east": "\u0729\u0715\u0738\u072b"},
{"searchkey": "5795", "audio": [], "context": [], "webrank": 7, "text": [" : a small platform in a stable (cattle-shed or sheep-barn) which is used during the cold weather as a bathing stand due to the warmth given to the presence of animals such as cattle or sheep ;"], "english": "<td>a small platform in a stable (cattle-shed or sheep-barn) which is used during the cold weather as a bathing stand due to the warmth given to the presence of animals such as cattle or sheep ;</td>", "cf": [], "key": "5795", "west": "\u071f\u0330\u073d\u0718\u0720\u0736\u0710", "phonetic": "<td>' t\u0161u: li</td>", "east": "\u071f\u0330\u0718\u073c\u0720\u0739\u0710"},
{"searchkey": "18459", "audio": [], "context": ["="], "webrank": 5, "text": [" : 1) goat manure , stable manure, barnyard manure , "], "english": "<td>1) goat manure , stable manure, barnyard manure , <span class=\"context\">= <span class=\"locution\"><span class=\"eastsyriac\">\u0723\u0718\u073c\u0720\u0735\u0710 \u0715\u0725\u0738\u0719\u0308\u0739\u0710</span></span></span> ;\r\n2) <span class=\"context\">Maclean ; Al Qosh : = <a href=\"dosearch.php?searchkey=brAtLA%27&amp;language=fullsyriac\"><span class=\"eastsyriac\">\u0712\u072a\u0735\u072c\u0742\u0735\u0710</span></a></span> ;</td>", "cf": ["<span class=\"wordlink\"><a href=\"dosearch.php?searchkey=18457&amp;language=id\"><span class=\"eastsyriac\">\u0712\u072a\u0735\u072c\u0742\u0735\u0710</span></a></span>", "<span class=\"wordlink\"><a href=\"dosearch.php?searchkey=9488&amp;language=id\"><span class=\"eastsyriac\">\u0723\u0718\u073c\u0720\u0735\u0710</span></a></span>"], "key": "18459", "west": "\u0712\u0736\u072a\u072c\u0733\u0710", "phonetic": "<td>' bir ta:</td>", "east": "\u0712\u0738\u072a\u072c\u0735\u0710"},
{"searchkey": "1319", "audio": [], "context": [], "webrank": 3, "text": [" : a granary , a store-house where grain is kept , a garner , a barn ;"], "english": "<td>a granary , a store-house where grain is kept , a garner , a barn ;</td>", "cf": ["<span class=\"wordlink\"><a href=\"dosearch.php?searchkey=1270&amp;language=id\"><span class=\"eastsyriac\">\u0712\u0739\u071d\u072c</span></a></span>", "<span class=\"wordlink\"><a href=\"dosearch.php?searchkey=244&amp;language=id\"><span class=\"eastsyriac\">\u0710\u0732\u0718\u0728\u072a\u0735\u0710</span></a>, <a href=\"dosearch.php?searchkey=504&amp;language=id\"><span class=\"eastsyriac\">\u0710\u0732\u0722\u0712\u0735\u072a</span></a>, <a href=\"dosearch.php?searchkey=98&amp;language=id\"><span class=\"eastsyriac\">\u0710\u0738\u0715\u072a\u0735\u0710</span></a></span>"], "key": "1319", "west": "\u0712\u0736\u071d\u072c\u0725\u0733\u0712\u0742\u073d\u0718\u072a\u0733\u0710", "phonetic": "<td>' bi:t a: ' vu: ra:</td>", "east": "\u0712\u0739\u071d\u072c\u0725\u0735\u0712\u0742\u0718\u073c\u072a\u0735\u0710"},
{"searchkey": "10627", "audio": [], "context": ["Maclean", "Oraham", "plural :"], "webrank": 9, "text": [" : 1) ", " : a stable , ", " : a stable , a building for beasts to lodge and feed in , the contents of a stable collectively , a barn / mews / stalls , cowshed (?) ;\r\n2) "], "english": "<td>1) <span class=\"context\">Maclean</span> : a stable , <span class=\"context\">Oraham</span> : a stable , a building for beasts to lodge and feed in , the contents of a stable collectively , a barn / mews / stalls , cowshed (?) ;\r\n2) <span class=\"context\">plural : <span class=\"locution\"><span class=\"eastsyriac\">\u0726\u0735\u0726\u0308\u0739\u0710</span></span></span> : stables , <span class=\"context\">the name of a village</span> ;</td>", "cf": ["<span class=\"wordlink\"><a href=\"dosearch.php?searchkey=265&amp;language=id\"><span class=\"eastsyriac\">\u0710\u0718\u073c\u072a\u071d\u0735\u0710</span></a>, <a href=\"dosearch.php?searchkey=2070&amp;language=id\"><span class=\"eastsyriac\">\u0713\u0718\u073c\u0721\u0735\u0710</span></a>, <a href=\"dosearch.php?searchkey=9616&amp;language=id\"><span class=\"eastsyriac\">\u0723\u071b\u0732\u0712\u0720\u0735\u072a\u0735\u0710</span></a>, <a href=\"dosearch.php?searchkey=12828&amp;language=id\"><span class=\"eastsyriac\">\u0729\u0735\u0720\u0735\u071d\u071f\u0330\u0735\u0710</span></a>, <a href=\"dosearch.php?searchkey=18203&amp;language=id\"><span class=\"eastsyriac\">\u0712\u0739\u071d \u071a\u0735\u072a\u0739\u0710</span></a>, <a href=\"dosearch.php?searchkey=12965&amp;language=id\"><span class=\"eastsyriac\">\u0729\u0738\u0722\u071d\u0735\u0722\u0735\u0710</span></a>, <a href=\"dosearch.php?searchkey=33615&amp;language=id\"><span class=\"eastsyriac\">\u0713\u0735\u0719\u072a\u0735\u0710</span></a>, <a href=\"dosearch.php?searchkey=27908&amp;language=id\"><span class=\"eastsyriac\">\u0712\u0739\u071d\u072c\u0742 \u072a\u0308\u0732\u071f\u0742\u072b\u0739\u0710</span></a></span>"], "key": "10627", "west": "\u0726\u0733\u0713\u0733\u0710", "phonetic": "<td>' pa: ga:</td>", "east": "\u0726\u0735\u0713\u0735\u0710"},
{"searchkey": "31340", "audio": [], "context": [], "webrank": 6, "text": [" : a barn , a grange ;"], "english": "<td>a barn , a grange ;</td>", "cf": ["<span class=\"wordlink\"><a href=\"dosearch.php?searchkey=31341&amp;language=id\"><span class=\"eastsyriac\">\u0712\u0739\u0713\u0712\u0742\u071d\u073c\u0722\u0739\u0308\u0710</span></a>, <a href=\"dosearch.php?searchkey=31342&amp;language=id\"><span class=\"eastsyriac\">\u0712\u0739\u072c\u071d\u073c\u0722\u0739\u0308\u0710</span></a>, <a href=\"dosearch.php?searchkey=31343&amp;language=id\"><span class=\"eastsyriac\">\u0712\u0739\u0715\u071d\u0718\u073c\u072c\u0742\u0735\u0710</span></a>, <a href=\"dosearch.php?searchkey=31344&amp;language=id\"><span class=\"eastsyriac\">\u0712\u071d\u073c \u071f\u0735\u072a\u0739\u0710</span></a>, <a href=\"dosearch.php?searchkey=31345&amp;language=id\"><span class=\"eastsyriac\">\u0712\u071d\u073c \u071d\u0732\u0720\u0715\u0739\u0710</span></a>, <a href=\"dosearch.php?searchkey=31346&amp;language=id\"><span class=\"eastsyriac\">\u0712\u071d\u073c \u0715\u0738\u0722\u071a\u0739\u0710</span></a>, <a href=\"dosearch.php?searchkey=1270&amp;language=id\"><span class=\"eastsyriac\">\u0712\u0739\u071d\u072c</span></a>, <a href=\"dosearch.php?searchkey=11633&amp;language=id\"><span class=\"eastsyriac\">\u072c\u0738\u0712\u0742\u0722\u0735\u0710</span></a></span>"], "key": "31340", "west": "\u0712\u0736\u072c\u0736\u0712\u0742\u0722\u0733\u0710", "phonetic": "<td>bi: ' tiu: na:</td>", "east": "\u0712\u0739\u072c\u0738\u0712\u0742\u0722\u0735\u0710"},
{"searchkey": "7342", "audio": [], "context": [], "webrank": 8, "text": [" : a barn , a granary ;"], "english": "<td>a barn , a granary ;</td>", "cf": [], "key": "7342", "west": "\u0721\u073d\u0718\u0720\u0733\u0710", "phonetic": "<td>' mu: la:</td>", "east": "\u0721\u0718\u073c\u0720\u0735\u0710"},
{"searchkey": "16845", "audio": [], "context": ["Tiari, Al Qosh", "NENA"], "webrank": 2, "text": [" : ", " : a barn , a store-room , a granary (?) , a silo (?) ;\r\n", " : a wicker bin / chest ;"], "english": "<td><span class=\"context\">Tiari, Al Qosh</span> : a barn , a store-room , a granary (?) , a silo (?) ;\r\n<span class=\"context\">NENA</span> : a wicker bin / chest ;</td>", "cf": ["<span class=\"wordlink\"><a href=\"dosearch.php?searchkey=16846&amp;language=id\"><span class=\"eastsyriac\">\u0710\u0735\u0718\u0728\u072a\u0735\u0710</span></a></span>", "<span class=\"wordlink\"><a href=\"dosearch.php?searchkey=16846&amp;language=id\"><span class=\"eastsyriac\">\u0710\u0735\u0718\u0728\u072a\u0735\u0710</span></a></span>"], "key": "16845", "west": "\u0710\u0736\u0728\u072a\u0733\u0710", "phonetic": "<td>' i\u1e63 ra:</td>", "east": "\u0710\u0738\u0728\u072a\u0735\u0710"},
{"searchkey": "98", "audio": ["./audio/entry98.mp3"], "context": ["Classical Syriac"], "webrank": 1, "text": [" : 1) a granary , a storehouse for grains of all kind , a garner , a barn (?) ;\r\n2) ", " : a threshing floor ;"], "english": "<td>1) a granary , a storehouse for grains of all kind , a garner , a barn (?) ;\r\n2) <span class=\"context\">Classical Syriac</span> : a threshing floor ;</td>", "cf": ["<span class=\"wordlink\"><a href=\"dosearch.php?searchkey=244&amp;language=id\"><span class=\"eastsyriac\">\u0710\u0732\u0718\u0728\u072a\u0735\u0710</span></a>, <a href=\"dosearch.php?searchkey=504&amp;language=id\"><span class=\"eastsyriac\">\u0710\u0732\u0722\u0712\u0735\u072a</span></a>, <a href=\"dosearch.php?searchkey=17279&amp;language=id\"><span class=\"eastsyriac\">\u0712\u0738\u0710\u0715\u072a\u0735\u0710</span></a>, <a href=\"dosearch.php?searchkey=1289&amp;language=id\"><span class=\"eastsyriac\">\u0712\u0739\u071d\u072c \u0715\u072a\u0735\u0710</span></a></span>"], "key": "98", "west": "\u0710\u0736\u0715\u072a\u0733\u0710", "phonetic": "<td>' i dra:</td>", "east": "\u0710\u0738\u0715\u072a\u0735\u0710"},
{"searchkey": "31349", "audio": [], "context": ["son of Naba"], "webrank": 4, "text": [" : ", " : Barnaby ;"], "english": "<td><span class=\"context\">son of Naba</span> : Barnaby ;</td>", "cf": ["<span class=\"wordlink\"><a href=\"dosearch.php?searchkey=1626&amp;language=id\"><span class=\"eastsyriac\">\u0712\u0732\u072a</span></a></span>", "<span class=\"wordlink\"><a href=\"dosearch.php?searchkey=8927&amp;language=id\"><span class=\"eastsyriac\">\u0722\u0712\u0742\u071d\u073c\u0735\u0710</span></a></span>"], "key": "31349", "west": "\u0712\u0730\u072a\u0722\u0712\u0742\u0733\u0710", "phonetic": "<td>' bar nwa:</td>", "east": "\u0712\u0732\u072a\u0722\u0712\u0742\u0735\u0710"},
{"searchkey": "28601", "audio": [], "context": ["Peshitta ; Numbers : 32, 8"], "webrank": 20, "text": [" : ", " : Qadesh Barnea , Kadesh Barnea ;"], "english": "<td><span class=\"context\">Peshitta ; Numbers : 32, 8</span> : Qadesh Barnea , Kadesh Barnea ;</td>", "cf": ["<span class=\"wordlink\"><a href=\"dosearch.php?searchkey=28600&amp;language=id\"><span class=\"eastsyriac\">\u0729\u0715\u0738\u072b</span></a></span>"], "key": "28601", "west": "\u072a\u0729\u0736\u0721 \u0715\u0713\u0730\u071d\u0733\u0710", "phonetic": "<td>' rqim ' ga ia:</td>", "east": "\u072a\u0729\u0738\u0721 \u0715\u0713\u0732\u071d\u0735\u0710"},
{"searchkey": "12965", "audio": [], "context": ["Classical Syriac", "Genesis 4, 20"], "webrank": 10, "text": [" : 1) ", " : a possession , a piece of chattel ;\r\n"], "english": "<td>1) <span class=\"context\">Classical Syriac</span> : a possession , a piece of chattel ;\r\n<span class=\"context\">Genesis 4, 20 ; <span class=\"locution\"><span class=\"eastsyriac\">\u0718\u071d\u0720\u073c\u0715\u072c \u0725\u0715\u0710 \u0720\u071d\u0712\u0720\u0702 \u0717\u073c\u0718 \u0717\u0718\u073c\u0710 \u0710\u0712\u0710 \u0720\u0725\u0721\u072a\u0308\u071d \u0721\u072b\u071f\u0722\u0710 \u0718\u0729\u0722\u071d\u0308\u071d \u0729\u0722\u071d\u0722\u0710</span></span></span> : and Adah beareth Jabal, he hath been father of those inhabiting tents and purchased possessions / <span class=\"context\">Peshitta : \"owners of cattle\"</span> ;\r\n<span class=\"locution\"><span class=\"eastsyriac\">\u0729\u0738\u0722\u071d\u0735\u0722\u0735\u0710 \u0721\u0735\u072a\u0735\u0722\u0735\u071d\u0735\u0710</span></span> : an estate / a property , a patrimony ;\r\n2) <span class=\"context\">Al Qosh</span> : a cow , an ox , a horse <span class=\"context\">any riding-animal : ass ...</span> ;\r\n3) <span class=\"context\">Oraham</span> : cattle , livestock , (domestic) beasts , a bovine ;\r\n<span class=\"locution\"><span class=\"eastsyriac\">\u0712\u0739\u071d\u072c \u0729\u0738\u0722\u071d\u0735\u0722\u0735\u0710</span></span> : a stable , a cowshed / a byre / a barn ;\r\n4) possessions , chattels , movables / personalty , goods , property ;\r\n<span class=\"locution\"><span class=\"eastsyriac\">\u0729\u0738\u0722\u071d\u0735\u0722\u0308\u0739\u0710 \u0721\u0738\u072c\u072c\u0719\u071d\u073c\u0725\u0722\u0308\u0739\u0710</span></span> : personal property / belongings ;\r\n<span class=\"locution\"><span class=\"eastsyriac\">\u0729\u0738\u0722\u071d\u0735\u0722\u0308\u0739\u0710 \u0720\u0735\u0710 \u0721\u0738\u072c\u072c\u0719\u071d\u073c\u0725\u0735\u0722\u0308\u0739\u0710</span></span> : real estate ;\r\n5) <span class=\"context\">Classical Syriac</span> :  a beast of burden <span class=\"context\">both literally and metaphorically of men e.g. setting free possessions / human subjects from slavery)</span> ;\r\n6) <span class=\"context\">Classical Syriac</span> :  power / might / means / strength / energy  ;\r\n<span class=\"context\">Deuteronomy 6:5 <span class=\"locution\"><span class=\"eastsyriac\">\u072a\u071a\u0721 \u0720\u0721\u072a\u071d\u0710 \u0710\u0720\u0717\u071f\u0702 \u0721\u0722 \u071f\u0720\u0717 \u0720\u0712\u071f \u0718\u0721\u0722 \u071f\u0720\u0717\u073f \u0722\u0726\u072b\u071f  \u0718\u0721\u0722 \u071f\u0720\u0717 \u0729\u0722\u071d\u0722\u071f</span></span></span> :  and thou hast loved Jehovah thy God with all thy heart, and with all thy soul, and with all thy might ;</td>", "cf": ["<span class=\"wordlink\"><a href=\"dosearch.php?searchkey=25636&amp;language=id\"><span class=\"eastsyriac\">\u0729\u0722\u0710</span></a>, <a href=\"dosearch.php?searchkey=12941&amp;language=id\"><span class=\"eastsyriac\">\u0729\u0735\u0722\u0718\u073f\u071d\u0735\u0710</span></a>, <a href=\"dosearch.php?searchkey=12959&amp;language=id\"><span class=\"eastsyriac\">\u0729\u0722\u0735\u071d\u0735\u0710</span></a>, <a href=\"dosearch.php?searchkey=12960&amp;language=id\"><span class=\"eastsyriac\">\u0729\u0732\u0722\u0735\u071d\u0735\u0710</span></a>, <a href=\"dosearch.php?searchkey=12961&amp;language=id\"><span class=\"eastsyriac\">\u0729\u0732\u0722\u0735\u071d\u0718\u073c\u072c\u0735\u0710</span></a>, <a href=\"dosearch.php?searchkey=12967&amp;language=id\"><span class=\"eastsyriac\">\u0729\u0722\u0735\u071d\u072c\u0735\u0710</span></a>, <a href=\"dosearch.php?searchkey=12970&amp;language=id\"><span class=\"eastsyriac\">\u0729\u0722\u0735\u0722\u0735\u0710</span></a>, <a href=\"dosearch.php?searchkey=12929&amp;language=id\"><span class=\"eastsyriac\">\u0729\u0722\u0735\u0710</span></a>, <a href=\"dosearch.php?searchkey=28954&amp;language=id\"><span class=\"eastsyriac\">\u0729\u0735\u0722\u0739\u0710</span></a>, <a href=\"dosearch.php?searchkey=24778&amp;language=id\"><span class=\"eastsyriac\">\u0729\u0738\u0722\u071d\u0735\u0710</span></a>, <a href=\"dosearch.php?searchkey=12966&amp;language=id\"><span class=\"eastsyriac\">\u0729\u0738\u0722\u071d\u0735\u0722\u0735\u0710 \u071f\u0718\u073c\u0721\u0735\u0710</span></a>, <a href=\"dosearch.php?searchkey=1332&amp;language=id\"><span class=\"eastsyriac\">\u0712\u0739\u071d\u072c\u0729\u0739\u0722\u071d\u0735\u0722\u0735\u0710</span></a></span>", "<span class=\"wordlink\"><a href=\"dosearch.php?searchkey=2154&amp;language=id\"><span class=\"eastsyriac\">\u0713\u0330\u0718\u0735\u072b</span></a>, <a href=\"dosearch.php?searchkey=10212&amp;language=id\"><span class=\"eastsyriac\">\u0725\u0718\u073c\u072b\u0722\u0735\u0710</span></a>, <a href=\"dosearch.php?searchkey=10224&amp;language=id\"><span class=\"eastsyriac\">\u0725\u0732\u0719\u0735\u0710</span></a>, <a href=\"dosearch.php?searchkey=4418&amp;language=id\"><span class=\"eastsyriac\">\u072c\u0735\u0710\u0712</span></a>, <a href=\"dosearch.php?searchkey=3961&amp;language=id\"><span class=\"eastsyriac\">\u0719\u0732\u072a\u0712</span></a>, <a href=\"dosearch.php?searchkey=12396&amp;language=id\"><span class=\"eastsyriac\">\u0729\u0718\u073c\u0718\u0732\u072c</span></a>, <a href=\"dosearch.php?searchkey=10145&amp;language=id\"><span class=\"eastsyriac\">\u0725\u0718\u073c\u0719\u0735\u071d\u0735\u0710</span></a>, <a href=\"dosearch.php?searchkey=15848&amp;language=id\"><span class=\"eastsyriac\">\u072c\u0732\u0729\u071d\u073c\u0726\u0718\u073c\u072c\u0735\u0710</span></a>, <a href=\"dosearch.php?searchkey=4956&amp;language=id\"><span class=\"eastsyriac\">\u071b\u0735\u0710\u0729\u0732\u072c</span></a>, <a href=\"dosearch.php?searchkey=1014&amp;language=id\"><span class=\"eastsyriac\">\u0712\u0718\u073f\u0713\u0330\u0735\u0710</span></a>, <a href=\"dosearch.php?searchkey=6713&amp;language=id\"><span class=\"eastsyriac\">\u0713\u0718\u073c\u0725\u0720\u0735\u0710</span></a>, <a href=\"dosearch.php?searchkey=7278&amp;language=id\"><span class=\"eastsyriac\">\u0721\u0718\u073c\u0713\u0330\u0735\u0710</span></a>, <a href=\"dosearch.php?searchkey=14445&amp;language=id\"><span class=\"eastsyriac\">\u072c\u0732\u0718\u072a\u0735\u0710</span></a>, <a href=\"dosearch.php?searchkey=1901&amp;language=id\"><span class=\"eastsyriac\">\u072c\u0735\u0718\u0738\u072a\u072c\u0735\u0710</span></a>, <a href=\"dosearch.php?searchkey=13762&amp;language=id\"><span class=\"eastsyriac\">\u072a\u0738\u0723\u0729\u0735\u0710</span></a>, <a href=\"dosearch.php?searchkey=27209&amp;language=id\"><span class=\"eastsyriac\">\u0723\u0732\u0718\u0735\u0715</span></a>, <a href=\"dosearch.php?searchkey=33615&amp;language=id\"><span class=\"eastsyriac\">\u0713\u0735\u0719\u072a\u0735\u0710</span></a>, <a href=\"dosearch.php?searchkey=27908&amp;language=id\"><span class=\"eastsyriac\">\u0712\u0739\u071d\u072c\u0742 \u072a\u0308\u0732\u071f\u0742\u072b\u0739\u0710</span></a>, <a href=\"dosearch.php?searchkey=10221&amp;language=id\"><span class=\"eastsyriac\">\u0725\u0718\u073c\u072c\u072a\u0735\u0710</span></a>, <a href=\"dosearch.php?searchkey=33231&amp;language=id\"><span class=\"eastsyriac\">\u0722\u0738\u071f\u0742\u0723\u0308\u0739\u0710</span></a>, <a href=\"dosearch.php?searchkey=7352&amp;language=id\"><span class=\"eastsyriac\">\u0721\u0718\u073c\u0720\u071f\u0735\u0722\u0735\u0710</span></a>, <a href=\"dosearch.php?searchkey=8470&amp;language=id\"><span class=\"eastsyriac\">\u0721\u0732\u072a\u0717\u0735\u071b\u0308\u0739\u0710</span></a>, <a href=\"dosearch.php?searchkey=11609&amp;language=id\"><span class=\"eastsyriac\">\u0728\u0738\u0712\u0742\u0718\u0735\u072c\u0735\u0710</span></a>, <a href=\"dosearch.php?searchkey=35401&amp;language=id\"><span class=\"eastsyriac\">\u0721\u0735\u0720\u0735\u0710</span></a></span>"], "key": "12965", "west": "\u0729\u0736\u0722\u071d\u0733\u0722\u0733\u0710", "phonetic": "<td>qin ' ia: na:</td>", "east": "\u0729\u0738\u0722\u071d\u0735\u0722\u0735\u0710"}
]