[
{"searchkey": "14492", "audio": [], "context": ["shortened form of \u072b\u0718\u073c\u072c\u0735\u0723\u0735\u0710 used in classical constructs"], "webrank": 10, "text": [" : 1) elementary , consisting of a single element , simple ;\r\n2) ) "], "english": "<td>1) elementary , consisting of a single element , simple ;\r\n2) ) <span class=\"context\">shortened form of <a href=\"dosearch.php?searchkey=jutAsA%27&amp;language=fullsyriac\"><span class=\"eastsyriac\">\u072b\u0718\u073c\u072c\u0735\u0723\u0735\u0710</span></a> used in classical constructs</span> ;\r\n<span class=\"locution\"><span class=\"eastsyriac\">\u072b\u0718\u073c\u072c\u0735\u0723 \u0721\u0732\u0721\u0720\u0747\u0720\u0735\u0710 \u072b\u0732\u0720\u0721\u0735\u0710</span></span> : validation of a complete sentence ;\r\n3) basic (?) , fundamental (?) , essential (?) , main (?) , vital (?) , basal (?) , ultimate (?) , cardinal (?) , underlying (?) ;</td>", "cf": ["<span class=\"wordlink\"><a href=\"dosearch.php?searchkey=14493&amp;language=id\"><span class=\"eastsyriac\">\u072b\u0718\u073c\u072c\u0735\u0723\u0735\u0710</span></a>, <a href=\"dosearch.php?searchkey=15280&amp;language=id\"><span class=\"eastsyriac\">\u072b\u0732\u072c\u0738\u0710\u0723\u072c\u0735\u0710</span></a></span>"], "key": "14492", "west": "\u072b\u073d\u0718\u072c\u0733\u0723", "phonetic": "<td>' \u0161u: ta:s</td>", "east": "\u072b\u0718\u073c\u072c\u0735\u0723"},
{"searchkey": "13664", "audio": [], "context": [], "webrank": 7, "text": [" : principal / key , ultimate , main /  head / the highest in rank (authority, character, degree, importance ...) , cardinal , foremost , primary , prime , leading , capital , major , fundamental , basic"], "english": "<td>principal / key , ultimate , main /  head / the highest in rank (authority, character, degree, importance ...) , cardinal , foremost , primary , prime , leading , capital , major , fundamental , basic ; \r\n<span class=\"locution\"><span class=\"eastsyriac\">\u071b\u0732\u0710\u0720\u0735\u0722\u0735\u0710 \u072a\u071d\u073c\u072b\u0735\u071d\u0735\u0710</span></span> : the key player ;</td>", "cf": ["<span class=\"wordlink\"><a href=\"dosearch.php?searchkey=13635&amp;language=id\"><span class=\"eastsyriac\">\u072a\u071d\u073c\u072b\u0735\u0710</span></a>, <a href=\"dosearch.php?searchkey=13662&amp;language=id\"><span class=\"eastsyriac\">\u072a\u071d\u073c\u072b\u0718\u073c\u072c\u0735\u0710</span></a>, <a href=\"dosearch.php?searchkey=13661&amp;language=id\"><span class=\"eastsyriac\">\u072a\u071d\u073c\u072b\u0735\u0710\u071d\u073c\u072c</span></a>, <a href=\"dosearch.php?searchkey=13665&amp;language=id\"><span class=\"eastsyriac\">\u072a\u071d\u073c\u072b\u0735\u071d\u0718\u073c\u072c\u0735\u0710</span></a>, <a href=\"dosearch.php?searchkey=13666&amp;language=id\"><span class=\"eastsyriac\">\u072a\u071d\u073c\u072b\u071d\u073c\u072c\u0735\u0710</span></a>, <a href=\"dosearch.php?searchkey=13668&amp;language=id\"><span class=\"eastsyriac\">\u072a\u071d\u073c\u072b\u0735\u0722\u0735\u0710</span></a>, <a href=\"dosearch.php?searchkey=13669&amp;language=id\"><span class=\"eastsyriac\">\u072a\u071d\u073c\u072b\u0735\u0722\u0718\u073c\u072c\u0735\u0710</span></a>, <a href=\"dosearch.php?searchkey=13670&amp;language=id\"><span class=\"eastsyriac\">\u072a\u071d\u073c\u072b\u0735\u0722\u0735\u071d\u0735\u0710</span></a>, <a href=\"dosearch.php?searchkey=13671&amp;language=id\"><span class=\"eastsyriac\">\u072a\u071d\u073c\u072b\u072c\u0735\u0710</span></a>, <a href=\"dosearch.php?searchkey=13931&amp;language=id\"><span class=\"eastsyriac\">\u072a\u0739\u072b\u0735\u071d\u0735\u0710</span></a></span>", "<span class=\"wordlink\"><a href=\"dosearch.php?searchkey=12287&amp;language=id\"><span class=\"eastsyriac\">\u0729\u0732\u0715\u071d\u073c\u0721\u0735\u0710</span></a>, <a href=\"dosearch.php?searchkey=15258&amp;language=id\"><span class=\"eastsyriac\">\u072b\u0738\u072a\u072b\u0735\u0722\u0735\u071d\u0735\u0710</span></a>, <a href=\"dosearch.php?searchkey=2030&amp;language=id\"><span class=\"eastsyriac\">\u0713\u0718\u073f\u0719\u0725\u0735\u0722\u0735\u071d\u0735\u0710</span></a>, <a href=\"dosearch.php?searchkey=10409&amp;language=id\"><span class=\"eastsyriac\">\u0725\u0722\u0735\u0729\u0735\u071d\u0735\u0710</span></a>, <a href=\"dosearch.php?searchkey=yatir+dkl+raxiqA%27&amp;language=fullsyriac\"><span class=\"eastsyriac\">\u071d\u0732\u072c\u071d\u073c\u072a \u0715\u071f\u0720 \u072a\u0732\u071a\u071d\u073c\u0729\u0735\u0710</span></a></span>"], "key": "13664", "west": "\u072a\u073a\u071d\u072b\u0733\u071d\u0733\u0710", "phonetic": "<td>ri ' \u0161a: ia:</td>", "east": "\u072a\u071d\u073c\u072b\u0735\u071d\u0735\u0710"},
{"searchkey": "28343", "audio": [], "context": ["feminine of \u0726\u072b\u0718\u073c\u071b\u0735\u0710"], "webrank": 5, "text": [" : ", " : a) simple , unsophisticated , rudimentary / basic , b) rude / impolite , crude , vulgar ;"], "english": "<td><span class=\"context\">feminine of <a href=\"dosearch.php?searchkey=pjuTA%27&amp;language=fullsyriac\"><span class=\"eastsyriac\">\u0726\u072b\u0718\u073c\u071b\u0735\u0710</span></a></span> : a) simple , unsophisticated , rudimentary / basic , b) rude / impolite , crude , vulgar ;</td>", "cf": ["<span class=\"wordlink\"><a href=\"dosearch.php?searchkey=17486&amp;language=id\"><span class=\"eastsyriac\">\u071d\u072b\u071b</span></a>, <a href=\"dosearch.php?searchkey=11505&amp;language=id\"><span class=\"eastsyriac\">\u0726\u072b\u071d\u073c\u071b\u0735\u0710\u071d\u073c\u072c</span></a>, <a href=\"dosearch.php?searchkey=11506&amp;language=id\"><span class=\"eastsyriac\">\u0726\u072b\u071d\u073c\u071b\u0718\u073c\u072c\u0735\u0710</span></a>, <a href=\"dosearch.php?searchkey=11504&amp;language=id\"><span class=\"eastsyriac\">\u0726\u072b\u071d\u073c\u071b\u0735\u0710</span></a>, <a href=\"dosearch.php?searchkey=11500&amp;language=id\"><span class=\"eastsyriac\">\u0726\u0735\u072b\u0732\u071b\u072c\u0735\u0710</span></a>, <a href=\"dosearch.php?searchkey=11499&amp;language=id\"><span class=\"eastsyriac\">\u0726\u0738\u072b\u071b\u0735\u0722\u0735\u0710</span></a>, <a href=\"dosearch.php?searchkey=11489&amp;language=id\"><span class=\"eastsyriac\">\u0726\u0735\u072b\u0718\u073f\u071b\u0739\u0710</span></a>, <a href=\"dosearch.php?searchkey=5599&amp;language=id\"><span class=\"eastsyriac\">\u071d\u0732\u072b\u071b\u0735\u0710</span></a>, <a href=\"dosearch.php?searchkey=13658&amp;language=id\"><span class=\"eastsyriac\">\u072a\u071d\u073c\u072b\u0710 \u0715\u071d\u0732\u072b\u071b\u0735\u0710</span></a>, <a href=\"dosearch.php?searchkey=25939&amp;language=id\"><span class=\"eastsyriac\">\u0721\u0726\u0735\u072b\u0738\u071b</span></a>, <a href=\"dosearch.php?searchkey=25941&amp;language=id\"><span class=\"eastsyriac\">\u0721\u0732\u0726\u072b\u0738\u071b</span></a>, <a href=\"dosearch.php?searchkey=11498&amp;language=id\"><span class=\"eastsyriac\">\u0726\u072b\u0735\u071b\u0735\u0710</span></a>, <a href=\"dosearch.php?searchkey=11504&amp;language=id\"><span class=\"eastsyriac\">\u0726\u072b\u071d\u073c\u071b\u0735\u0710</span></a>, <a href=\"dosearch.php?searchkey=25940&amp;language=id\"><span class=\"eastsyriac\">\u0726\u0735\u072b\u0738\u071b</span></a></span>"], "key": "28343", "west": "\u0726\u072b\u073d\u0718\u071b\u072c\u0733\u0710", "phonetic": "<td>' p\u0161u:\u1e6d ta:</td>", "east": "\u0726\u072b\u0718\u073c\u071b\u072c\u0735\u0710"},
{"searchkey": "13931", "audio": [], "context": ["feminine"], "webrank": 8, "text": [" : principal , ultimate , main /  head / the highest in rank (authority, caracter, degree, importance ...) , cardinal , foremost , primary , prime , leading , capital , major / key , fundamental , basic / vital ;\r\n", " : \u072a\u0739\u072b\u0735\u071d\u072c\u0735\u0710 ;"], "english": "<td>principal , ultimate , main /  head / the highest in rank (authority, caracter, degree, importance ...) , cardinal , foremost , primary , prime , leading , capital , major / key , fundamental , basic / vital ;\r\n<span class=\"context\">feminine</span> : <a href=\"dosearch.php?searchkey=rEjAytA%27&amp;language=fullsyriac\"><span class=\"eastsyriac\">\u072a\u0739\u072b\u0735\u071d\u072c\u0735\u0710</span></a> ;</td>", "cf": ["<span class=\"wordlink\"><a href=\"dosearch.php?searchkey=rj&amp;language=fullsyriac\"><span class=\"eastsyriac\">\u072a\u072b</span></a>, <a href=\"dosearch.php?searchkey=13664&amp;language=id\"><span class=\"eastsyriac\">\u072a\u071d\u073c\u072b\u0735\u071d\u0735\u0710</span></a>, <a href=\"dosearch.php?searchkey=13897&amp;language=id\"><span class=\"eastsyriac\">\u072a\u0739\u072b\u0735\u0710</span></a>, <a href=\"dosearch.php?searchkey=13635&amp;language=id\"><span class=\"eastsyriac\">\u072a\u071d\u073c\u072b\u0735\u0710</span></a>, <a href=\"dosearch.php?searchkey=13662&amp;language=id\"><span class=\"eastsyriac\">\u072a\u071d\u073c\u072b\u0718\u073c\u072c\u0735\u0710</span></a>, <a href=\"dosearch.php?searchkey=13661&amp;language=id\"><span class=\"eastsyriac\">\u072a\u071d\u073c\u072b\u0735\u0710\u071d\u073c\u072c</span></a>, <a href=\"dosearch.php?searchkey=13665&amp;language=id\"><span class=\"eastsyriac\">\u072a\u071d\u073c\u072b\u0735\u071d\u0718\u073c\u072c\u0735\u0710</span></a>, <a href=\"dosearch.php?searchkey=13666&amp;language=id\"><span class=\"eastsyriac\">\u072a\u071d\u073c\u072b\u071d\u073c\u072c\u0735\u0710</span></a>, <a href=\"dosearch.php?searchkey=13668&amp;language=id\"><span class=\"eastsyriac\">\u072a\u071d\u073c\u072b\u0735\u0722\u0735\u0710</span></a>, <a href=\"dosearch.php?searchkey=13669&amp;language=id\"><span class=\"eastsyriac\">\u072a\u071d\u073c\u072b\u0735\u0722\u0718\u073c\u072c\u0735\u0710</span></a>, <a href=\"dosearch.php?searchkey=13670&amp;language=id\"><span class=\"eastsyriac\">\u072a\u071d\u073c\u072b\u0735\u0722\u0735\u071d\u0735\u0710</span></a>, <a href=\"dosearch.php?searchkey=13671&amp;language=id\"><span class=\"eastsyriac\">\u072a\u071d\u073c\u072b\u072c\u0735\u0710</span></a>, <a href=\"dosearch.php?searchkey=13931&amp;language=id\"><span class=\"eastsyriac\">\u072a\u0738\u072b\u0735\u071d\u0735\u0710</span></a>, <a href=\"dosearch.php?searchkey=27962&amp;language=id\"><span class=\"eastsyriac\">\u072a\u0739\u072b\u0735\u071d\u0718\u073c\u072c\u0735\u0710</span></a>, <a href=\"dosearch.php?searchkey=27961&amp;language=id\"><span class=\"eastsyriac\">\u072a\u0739\u072b\u0735\u0722\u0718\u073c\u072c\u0735\u0710</span></a></span>", "<span class=\"wordlink\"><a href=\"dosearch.php?searchkey=29323&amp;language=id\"><span class=\"eastsyriac\">\u072a\u0739\u072b\u0735\u071d\u072c\u0735\u0710</span></a></span>", "<span class=\"wordlink\"><a href=\"dosearch.php?searchkey=12287&amp;language=id\"><span class=\"eastsyriac\">\u0729\u0732\u0715\u071d\u073c\u0721\u0735\u0710</span></a>, <a href=\"dosearch.php?searchkey=701&amp;language=id\"><span class=\"eastsyriac\">\u0710\u0735\u0728\u0720\u071d\u073c</span></a>, <a href=\"dosearch.php?searchkey=1359&amp;language=id\"><span class=\"eastsyriac\">\u0712\u071f\u0742\u0735\u072a\u0735\u0710</span></a>, <a href=\"dosearch.php?searchkey=10443&amp;language=id\"><span class=\"eastsyriac\">\u0725\u0735\u0728\u0720\u071d\u073c</span></a>, <a href=\"dosearch.php?searchkey=229&amp;language=id\"><span class=\"eastsyriac\">\u0710\u0718\u073c\u0723\u071d\u073c\u0735\u071d\u0735\u0710</span></a>, <a href=\"dosearch.php?searchkey=34411&amp;language=id\"><span class=\"eastsyriac\">\u072c\u0732\u0726\u0722\u071f\u0742\u0735\u071d\u0735\u0710</span></a>, <a href=\"dosearch.php?searchkey=15258&amp;language=id\"><span class=\"eastsyriac\">\u072b\u0738\u072a\u072b\u0735\u0722\u0735\u071d\u0735\u0710</span></a>, <a href=\"dosearch.php?searchkey=34476&amp;language=id\"><span class=\"eastsyriac\">\u072b\u0732\u072c\u0710\u0738\u0723\u072c\u0735\u071d\u0735\u0710</span></a></span>"], "key": "13931", "west": "\u072a\u0736\u072b\u0733\u071d\u0733\u0710", "phonetic": "<td> ri: ' \u0161a: ia:</td>", "east": "\u072a\u0739\u072b\u0735\u071d\u0735\u0710"},
{"searchkey": "14440", "audio": [], "context": [], "webrank": 9, "text": [" : 1) the beginning , the start , an initial point of time / space , the outset / onset , the commencement / inception / incipience / emergence ,  the first part / initial stage of anything , the origin , the first act / effort / state"], "english": "<td>1) the beginning , the start , an initial point of time / space , the outset / onset , the commencement / inception / incipience / emergence ,  the first part / initial stage of anything , the origin , the first act / effort / state ;\r\n<span class=\"locution\"><span class=\"eastsyriac\">\u0720\u0738\u072b\u0735\u0722\u0735\u0710 \u0710\u0735\u072a\u0735\u0712\u0735\u071d\u0735\u0710 \u072b\u0718\u073c\u072a\u071d\u0735\u0710 \u0717\u0718\u0735\u0710 \u0720\u0738\u0719\u0717\u0735\u072a\u0735\u0710</span></span> : the Arabic language started to flourish ;\r\n<span class=\"context\">Rh\u00e9tor\u00e9 ; <span class=\"locution\"><span class=\"eastsyriac\">\u072b\u0718\u073c\u072a\u0735\u071d\u0739\u0717 \u0721\u0725\u0732\u0729\u072a\u0735\u0710 \u0717\u0747\u0718\u0739\u0710\u0720\u0739\u0717</span></span></span> : its beginning was in Aqra , it started / began broke out in Aqra ;\r\n2) <span class=\"context\">the name of a short psalm in the daily offices, usually introding an anthem</span> ;\r\n3) <span class=\"context\">Yoab Benjamin</span> : the foundation / the basics / the fundamentals ; <span class=\"locution\"><span class=\"eastsyriac\">\u072b\u0718\u073c\u072a\u0735\u071d\u0735\u0710 \u072b\u0732\u072c\u0710\u0738\u0723\u0735\u071d\u0739\u0710 \u0715\u071a\u0732\u0715 \u071d\u0718\u073c\u0720\u0726\u0735\u0722\u0735\u0710 \u0710\u0735\u0718 \u0710\u0718\u073c\u0721\u0735\u0722\u0718\u073c\u072c\u0735\u0710</span></span> : the foundation of education or workmanship ;\r\n4) <span class=\"context\">Lishani</span> : a) beginning , proceed , starting point , creation , b) an entity / a being (?) / a creature (?) , c) principle , origin / cause (?) / reason why (?) ;</td>", "cf": ["<span class=\"wordlink\"><a href=\"dosearch.php?searchkey=14441&amp;language=id\"><span class=\"eastsyriac\">\u072b\u0718\u073c\u072a\u071d\u0735\u0710</span></a>, <a href=\"dosearch.php?searchkey=15119&amp;language=id\"><span class=\"eastsyriac\">\u072b\u0738\u072a\u0735\u0710</span></a>, <a href=\"dosearch.php?searchkey=14432&amp;language=id\"><span class=\"eastsyriac\">\u072b\u0718\u073c\u072a\u072c\u0735\u0710</span></a>, <a href=\"dosearch.php?searchkey=14431&amp;language=id\"><span class=\"eastsyriac\">\u072b\u0718\u073c\u072a\u0735\u0710</span></a>, <a href=\"dosearch.php?searchkey=31475&amp;language=id\"><span class=\"eastsyriac\">\u0712\u072b\u0718\u073c\u072a\u0735\u071d\u0735\u0710</span></a>, <a href=\"dosearch.php?searchkey=mjArE%27&amp;language=fullsyriac\"><span class=\"eastsyriac\">\u0721\u072b\u0735\u072a\u0739\u0710</span></a></span>", "<span class=\"wordlink\"><a href=\"dosearch.php?searchkey=16737&amp;language=id\"><span class=\"eastsyriac\">\u0710\u0735\u0720\u0738\u0726\u0712\u0739\u071d\u072c</span></a>, <a href=\"dosearch.php?searchkey=13938&amp;language=id\"><span class=\"eastsyriac\">\u072a\u0739\u072b\u071d\u073c\u072c\u0735\u0710</span></a>, <a href=\"dosearch.php?searchkey=32194&amp;language=id\"><span class=\"eastsyriac\">\u072c\u0735\u0718\u0720\u0732\u0715\u072c\u0735\u0710</span></a>, <a href=\"dosearch.php?searchkey=15944&amp;language=id\"><span class=\"eastsyriac\">\u072c\u0732\u072a\u0721\u071d\u073c\u072c\u0735\u0710</span></a>, <a href=\"dosearch.php?searchkey=15963&amp;language=id\"><span class=\"eastsyriac\">\u072c\u0732\u072a\u0725\u071d\u073c\u072c\u0735\u0710</span></a>, <a href=\"dosearch.php?searchkey=32195&amp;language=id\"><span class=\"eastsyriac\">\u0710\u0738\u0723\u071b\u0718\u073c\u071f\u0742\u0723\u0735\u0710</span></a>, <a href=\"dosearch.php?searchkey=32196&amp;language=id\"><span class=\"eastsyriac\">\u071d\u0738\u0721\u0735\u0710</span></a>, <a href=\"dosearch.php?searchkey=10736&amp;language=id\"><span class=\"eastsyriac\">\u0726\u0718\u073c\u0721\u0735\u0710</span></a>, <a href=\"dosearch.php?searchkey=32197&amp;language=id\"><span class=\"eastsyriac\">\u072b\u0738\u0715\u0742\u071f\u0742\u0735\u0710</span></a>, <a href=\"dosearch.php?searchkey=32193&amp;language=id\"><span class=\"eastsyriac\">\u0715\u0732\u072b\u0732\u0722\u072c\u0735\u0710</span></a></span>"], "key": "14440", "west": "\u072b\u073d\u0718\u072a\u0733\u071d\u0733\u0710", "phonetic": "<td>\u0161u: ' ra: ia:</td>", "east": "\u072b\u0718\u073c\u072a\u0735\u071d\u0735\u0710"},
{"searchkey": "12317", "audio": [], "context": [], "webrank": 6, "text": [" : primary , first in order of time , fundamental / basic (?) / essential (?) / vital (?) , primitive , primal  , aboriginal  , primeval ;"], "english": "<td>primary , first in order of time , fundamental / basic (?) / essential (?) / vital (?) , primitive , primal  , aboriginal  , primeval ;</td>", "cf": ["<span class=\"wordlink\"><a href=\"dosearch.php?searchkey=21245&amp;language=id\"><span class=\"eastsyriac\">\u0729\u0715\u0721</span></a>, <a href=\"dosearch.php?searchkey=12304&amp;language=id\"><span class=\"eastsyriac\">\u0729\u0732\u0715\u0747\u0721</span></a>, <a href=\"dosearch.php?searchkey=12287&amp;language=id\"><span class=\"eastsyriac\">\u0729\u0732\u0715\u071d\u073c\u0721\u0735\u0710</span></a>, <a href=\"dosearch.php?searchkey=12303&amp;language=id\"><span class=\"eastsyriac\">\u0729\u0732\u0715\u071d\u073c\u0721\u0735\u071d\u0735\u0710</span></a>, <a href=\"dosearch.php?searchkey=12301&amp;language=id\"><span class=\"eastsyriac\">\u0729\u0732\u0715\u071d\u073c\u0721\u0718\u073c\u072c\u0735\u0710</span></a>, <a href=\"dosearch.php?searchkey=12314&amp;language=id\"><span class=\"eastsyriac\">\u0729\u0715\u0735\u0721\u0735\u0710</span></a>, <a href=\"dosearch.php?searchkey=12315&amp;language=id\"><span class=\"eastsyriac\">\u0729\u0732\u0715\u0721\u0735\u0710</span></a>, <a href=\"dosearch.php?searchkey=12316&amp;language=id\"><span class=\"eastsyriac\">\u0729\u0732\u0715\u0721\u0735\u0710\u071d\u073c\u072c</span></a>, <a href=\"dosearch.php?searchkey=12318&amp;language=id\"><span class=\"eastsyriac\">\u0729\u0732\u0715\u0721\u0735\u071d\u0735\u0710</span></a>, <a href=\"dosearch.php?searchkey=12319&amp;language=id\"><span class=\"eastsyriac\">\u0729\u0732\u0715\u0721\u0735\u071d\u0718\u073c\u072c\u0735\u0710</span></a>, <a href=\"dosearch.php?searchkey=qadmAytA%27&amp;language=fullsyriac\"><span class=\"eastsyriac\">\u0729\u0732\u0715\u0721\u0735\u071d\u072c\u0735\u0710</span></a>, <a href=\"dosearch.php?searchkey=12305&amp;language=id\"><span class=\"eastsyriac\">\u0729\u0732\u0715\u0747\u0721 \u0710\u0735\u0715\u071d\u073c\u0735\u0710</span></a>, <a href=\"dosearch.php?searchkey=28593&amp;language=id\"><span class=\"eastsyriac\">\u0729\u0739\u0715\u0747\u0721\u0718\u073c\u072c\u0742\u0735\u0710</span></a></span>", "<span class=\"wordlink\"><a href=\"dosearch.php?searchkey=571&amp;language=id\"><span class=\"eastsyriac\">\u0710\u0738\u0723\u071b\u0718\u073c\u071f\u0723\u0735\u0722\u071d\u0735\u0710</span></a>, <a href=\"dosearch.php?searchkey=1354&amp;language=id\"><span class=\"eastsyriac\">\u0712\u071f\u0748\u071d\u073c\u072a\u0735\u0710</span></a>, <a href=\"dosearch.php?searchkey=14672&amp;language=id\"><span class=\"eastsyriac\">\u072b\u071d\u073c\u072c\u0735\u0722\u0735\u071d\u0718\u073c\u072c\u0735\u0710</span></a>, <a href=\"dosearch.php?searchkey=14671&amp;language=id\"><span class=\"eastsyriac\">\u072b\u071d\u073c\u072c\u0735\u0722\u0735\u071d\u0735\u0710</span></a></span>"], "key": "12317", "west": "\u0729\u0730\u0715\u0721\u073d\u0718\u072c\u0733\u0710", "phonetic": "<td>qad ' mu: ta:</td>", "east": "\u0729\u0732\u0715\u0721\u0718\u073c\u072c\u0735\u0710"},
{"searchkey": "28342", "audio": [], "context": ["= \u0726\u072b\u071d\u073c\u071b\u0735\u0710", "language", "feminine \u0726\u072b\u0718\u073c\u071b\u072c\u0735\u0710"], "webrank": 4, "text": [" : ", " : a) simple , unsophisticated , basic , b) rude / impolite , ", " : crude , vulgar ;\r\n", " ;"], "english": "<td><span class=\"context\">= <a href=\"dosearch.php?searchkey=pjiTA%27&amp;language=fullsyriac\"><span class=\"eastsyriac\">\u0726\u072b\u071d\u073c\u071b\u0735\u0710</span></a></span> : a) simple , unsophisticated , basic , b) rude / impolite , <span class=\"context\">language</span> : crude , vulgar ;\r\n<span class=\"context\">feminine <a href=\"dosearch.php?searchkey=pjuTtA%27&amp;language=fullsyriac\"><span class=\"eastsyriac\">\u0726\u072b\u0718\u073c\u071b\u072c\u0735\u0710</span></a></span> ;</td>", "cf": ["<span class=\"wordlink\"><a href=\"dosearch.php?searchkey=17486&amp;language=id\"><span class=\"eastsyriac\">\u071d\u072b\u071b</span></a>, <a href=\"dosearch.php?searchkey=11505&amp;language=id\"><span class=\"eastsyriac\">\u0726\u072b\u071d\u073c\u071b\u0735\u0710\u071d\u073c\u072c</span></a>, <a href=\"dosearch.php?searchkey=11506&amp;language=id\"><span class=\"eastsyriac\">\u0726\u072b\u071d\u073c\u071b\u0718\u073c\u072c\u0735\u0710</span></a>, <a href=\"dosearch.php?searchkey=11504&amp;language=id\"><span class=\"eastsyriac\">\u0726\u072b\u071d\u073c\u071b\u0735\u0710</span></a>, <a href=\"dosearch.php?searchkey=11500&amp;language=id\"><span class=\"eastsyriac\">\u0726\u0735\u072b\u0732\u071b\u072c\u0735\u0710</span></a>, <a href=\"dosearch.php?searchkey=11499&amp;language=id\"><span class=\"eastsyriac\">\u0726\u0738\u072b\u071b\u0735\u0722\u0735\u0710</span></a>, <a href=\"dosearch.php?searchkey=11489&amp;language=id\"><span class=\"eastsyriac\">\u0726\u0735\u072b\u0718\u073f\u071b\u0739\u0710</span></a>, <a href=\"dosearch.php?searchkey=5599&amp;language=id\"><span class=\"eastsyriac\">\u071d\u0732\u072b\u071b\u0735\u0710</span></a>, <a href=\"dosearch.php?searchkey=13658&amp;language=id\"><span class=\"eastsyriac\">\u072a\u071d\u073c\u072b\u0710 \u0715\u071d\u0732\u072b\u071b\u0735\u0710</span></a>, <a href=\"dosearch.php?searchkey=25939&amp;language=id\"><span class=\"eastsyriac\">\u0721\u0726\u0735\u072b\u0738\u071b</span></a>, <a href=\"dosearch.php?searchkey=25941&amp;language=id\"><span class=\"eastsyriac\">\u0721\u0732\u0726\u072b\u0738\u071b</span></a>, <a href=\"dosearch.php?searchkey=11498&amp;language=id\"><span class=\"eastsyriac\">\u0726\u072b\u0735\u071b\u0735\u0710</span></a>, <a href=\"dosearch.php?searchkey=11504&amp;language=id\"><span class=\"eastsyriac\">\u0726\u072b\u071d\u073c\u071b\u0735\u0710</span></a>, <a href=\"dosearch.php?searchkey=25940&amp;language=id\"><span class=\"eastsyriac\">\u0726\u0735\u072b\u0738\u071b</span></a></span>"], "key": "28342", "west": "\u0726\u072b\u073d\u0718\u071b\u0733\u0710", "phonetic": "<td>' p\u0161u: \u1e6da:</td>", "east": "\u0726\u072b\u0718\u073c\u071b\u0735\u0710"},
{"searchkey": "3357", "audio": [], "context": ["verbal noun of \u0717\u0735\u0718\u0739\u0710 : to be , to exist"], "webrank": 2, "text": [" : 1) ", " : being , existing , existence , essence / basic nature ;\r\n2) birth ;"], "english": "<td>1) <span class=\"context\">verbal noun of <a href=\"dosearch.php?searchkey=hAwE%27&amp;language=fullsyriac\"><span class=\"eastsyriac\">\u0717\u0735\u0718\u0739\u0710</span></a> : to be , to exist</span> : being , existing , existence , essence / basic nature ;\r\n2) birth ;</td>", "cf": ["<span class=\"wordlink\"><a href=\"dosearch.php?searchkey=17374&amp;language=id\"><span class=\"eastsyriac\">\u0717\u0718\u0710</span></a>, <a href=\"dosearch.php?searchkey=17443&amp;language=id\"><span class=\"eastsyriac\">\u0717\u0718\u072c</span></a>, <a href=\"dosearch.php?searchkey=3333&amp;language=id\"><span class=\"eastsyriac\">\u0717\u0747\u0718\u0735\u0710</span></a>, <a href=\"dosearch.php?searchkey=30453&amp;language=id\"><span class=\"eastsyriac\">\u0720\u0735\u0710 \u071f\u0717\u0735\u0718\u071d\u0735\u0710</span></a></span>", "<span class=\"wordlink\"><a href=\"dosearch.php?searchkey=3360&amp;language=id\"><span class=\"eastsyriac\">\u0717\u0747\u0718\u0735\u071d\u072c\u0735\u0710</span></a></span>", "<span class=\"wordlink\"><a href=\"dosearch.php?searchkey=30452&amp;language=id\"><span class=\"eastsyriac\">\u0720\u0735\u0710 \u071f\u0712\u0735\u072a\u071d\u0735\u0710</span></a></span>"], "key": "3357", "west": "\u0717\u0747\u0718\u0733\u071d\u0733\u0710", "phonetic": "<td>' wa: ia:</td>", "east": "\u0717\u0747\u0718\u0735\u071d\u0735\u0710"},
{"searchkey": "10409", "audio": [], "context": [], "webrank": 3, "text": [" : 1) radical , of / pertaining to the root , proceeding directly from the root ;\r\n2) -noun- (grammar) : a root / radical part ;\r\n3) a basis , a basic parinciple ;"], "english": "<td>1) radical , of / pertaining to the root , proceeding directly from the root ;\r\n2) -noun- (grammar) : a root / radical part ;\r\n3) a basis , a basic parinciple ;</td>", "cf": ["<span class=\"wordlink\"><a href=\"dosearch.php?searchkey=cnAqA%27&amp;language=fullsyriac\"><span class=\"eastsyriac\">\u0725\u0722\u0735\u0729\u0735\u0710</span></a></span>", "<span class=\"wordlink\"><a href=\"dosearch.php?searchkey=15258&amp;language=id\"><span class=\"eastsyriac\">\u072b\u0738\u072a\u072b\u0735\u0722\u0735\u071d\u0735\u0710</span></a>, <a href=\"dosearch.php?searchkey=2030&amp;language=id\"><span class=\"eastsyriac\">\u0713\u0718\u073f\u0719\u0725\u0735\u0722\u0735\u071d\u0735\u0710</span></a></span>"], "key": "10409", "west": "\u0725\u0722\u0733\u0729\u0733\u071d\u0733\u0710", "phonetic": "<td>e na: ' qa: ia:</td>", "east": "\u0725\u0722\u0735\u0729\u0735\u071d\u0735\u0710"},
{"searchkey": "16737", "audio": [], "context": [], "webrank": 1, "text": [" : 1) ABC , the basics , basic knowledge , the rudiments , the fundamentals ; 2) the alphabet ;"], "english": "<td>1) ABC , the basics , basic knowledge , the rudiments , the fundamentals ; 2) the alphabet ;</td>", "cf": ["<span class=\"wordlink\"><a href=\"dosearch.php?searchkey=16738&amp;language=id\"><span class=\"eastsyriac\">\u0710\u0735\u0720\u0732\u0726 \u0712\u0739\u071d\u072c\u0742</span></a></span>", "<span class=\"wordlink\"><a href=\"dosearch.php?searchkey=14440&amp;language=id\"><span class=\"eastsyriac\">\u072b\u0718\u073c\u072a\u0735\u071d\u0735\u0710</span></a></span>"], "key": "16737", "west": "\u0710\u0733\u0720\u0736\u0726\u0712\u0736\u071d\u072c", "phonetic": "<td>' a lap ' beth</td>", "east": "\u0710\u0735\u0720\u0738\u0726\u0712\u0739\u071d\u072c"},
{"searchkey": "34476", "audio": [], "context": [], "webrank": 20, "text": [" : primary , principal / main / key / basic , essential ;"], "english": "<td>primary , principal / main / key / basic , essential ;</td>", "cf": ["<span class=\"wordlink\"><a href=\"dosearch.php?searchkey=jt%27&amp;language=fullsyriac\"><span class=\"eastsyriac\">\u072b\u072c\u0710</span></a></span>", "<span class=\"wordlink\"><a href=\"dosearch.php?searchkey=13664&amp;language=id\"><span class=\"eastsyriac\">\u072a\u071d\u073c\u072b\u0735\u071d\u0735\u0710</span></a>, <a href=\"dosearch.php?searchkey=13931&amp;language=id\"><span class=\"eastsyriac\">\u072a\u0739\u072b\u0735\u071d\u0735\u0710</span></a>, <a href=\"dosearch.php?searchkey=701&amp;language=id\"><span class=\"eastsyriac\">\u0710\u0735\u0728\u0720\u071d\u073c</span></a>, <a href=\"dosearch.php?searchkey=1359&amp;language=id\"><span class=\"eastsyriac\">\u0712\u071f\u0742\u0735\u072a\u0735\u0710</span></a>, <a href=\"dosearch.php?searchkey=10443&amp;language=id\"><span class=\"eastsyriac\">\u0725\u0735\u0728\u0720\u071d\u073c</span></a>, <a href=\"dosearch.php?searchkey=229&amp;language=id\"><span class=\"eastsyriac\">\u0710\u0718\u073c\u0723\u071d\u073c\u0735\u071d\u0735\u0710</span></a>, <a href=\"dosearch.php?searchkey=34411&amp;language=id\"><span class=\"eastsyriac\">\u072c\u0732\u0726\u0722\u071f\u0742\u0735\u071d\u0735\u0710</span></a>, <a href=\"dosearch.php?searchkey=15258&amp;language=id\"><span class=\"eastsyriac\">\u072b\u0738\u072a\u072b\u0735\u0722\u0735\u071d\u0735\u0710</span></a></span>"], "key": "34476", "west": "\u072b\u0730\u072c\u0710\u0736\u0723\u072c\u0733\u071d\u0733\u0710", "phonetic": "<td>\u0161a tis ' ta: ia:</td>", "east": "\u072b\u0732\u072c\u0710\u0738\u0723\u072c\u0735\u071d\u0735\u0710"},
{"searchkey": "15258", "audio": [], "context": ["grammar"], "webrank": 10, "text": [" : 1) ", " : radical , pertaining / proceeding directly from the root ;\r\n2) primary , radical, principal , fundamental , original , basal , basic , essential , main / leading / chief / prime / key , ultimate / utter / uttermost ;"], "english": "<td>1) <span class=\"context\">grammar</span> : radical , pertaining / proceeding directly from the root ;\r\n2) primary , radical, principal , fundamental , original , basal , basic , essential , main / leading / chief / prime / key , ultimate / utter / uttermost ;</td>", "cf": ["<span class=\"wordlink\"><a href=\"dosearch.php?searchkey=jrj&amp;language=fullsyriac\"><span class=\"eastsyriac\">\u072b\u072a\u072b</span></a>, <a href=\"dosearch.php?searchkey=15251&amp;language=id\"><span class=\"eastsyriac\">\u072b\u0738\u072a\u072b\u0735\u0710</span></a>, <a href=\"dosearch.php?searchkey=15250&amp;language=id\"><span class=\"eastsyriac\">\u072b\u072a\u0735\u072b\u0735\u0710</span></a></span>", "<span class=\"wordlink\"><a href=\"dosearch.php?searchkey=2030&amp;language=id\"><span class=\"eastsyriac\">\u0713\u0718\u073f\u0719\u0725\u0735\u0722\u0735\u071d\u0735\u0710</span></a>, <a href=\"dosearch.php?searchkey=10409&amp;language=id\"><span class=\"eastsyriac\">\u0725\u0722\u0735\u0729\u0735\u071d\u0735\u0710</span></a>, <a href=\"dosearch.php?searchkey=13664&amp;language=id\"><span class=\"eastsyriac\">\u072a\u071d\u073c\u072b\u0735\u071d\u0735\u0710</span></a>, <a href=\"dosearch.php?searchkey=13931&amp;language=id\"><span class=\"eastsyriac\">\u072a\u0739\u072b\u0735\u071d\u0735\u0710</span></a>, <a href=\"dosearch.php?searchkey=701&amp;language=id\"><span class=\"eastsyriac\">\u0710\u0735\u0728\u0720\u071d\u073c</span></a>, <a href=\"dosearch.php?searchkey=1359&amp;language=id\"><span class=\"eastsyriac\">\u0712\u071f\u0742\u0735\u072a\u0735\u0710</span></a>, <a href=\"dosearch.php?searchkey=10443&amp;language=id\"><span class=\"eastsyriac\">\u0725\u0735\u0728\u0720\u071d\u073c</span></a>, <a href=\"dosearch.php?searchkey=229&amp;language=id\"><span class=\"eastsyriac\">\u0710\u0718\u073c\u0723\u071d\u073c\u0735\u071d\u0735\u0710</span></a>, <a href=\"dosearch.php?searchkey=jat%27estAyA%27&amp;language=fullsyriac\"><span class=\"eastsyriac\">\u072b\u0732\u072c\u0710\u0738\u0723\u072c\u0735\u071d\u0735\u0710</span></a>, <a href=\"dosearch.php?searchkey=34411&amp;language=id\"><span class=\"eastsyriac\">\u072c\u0732\u0726\u0722\u071f\u0742\u0735\u071d\u0735\u0710</span></a></span>"], "key": "15258", "west": "\u072b\u0736\u072a\u072b\u0733\u0722\u0733\u071d\u0733\u0710", "phonetic": "<td>\u0161ir \u0161:a ' na: ia:</td>", "east": "\u072b\u0738\u072a\u072b\u0735\u0722\u0735\u071d\u0735\u0710"}
]