[
{"searchkey": "559", "audio": [], "context": [], "webrank": 7, "text": [" : confidant , at ease , tranquil , calm , undisturbed , quiet ;"], "english": "<td>confidant , at ease , tranquil , calm , undisturbed , quiet ;</td>", "cf": ["<span class=\"wordlink\"><a href=\"dosearch.php?searchkey=14467&amp;language=id\"><span class=\"eastsyriac\">\u072b\u0718\u073c\u072a\u072b\u071d\u073c\u0735\u0710</span></a></span>"], "key": "559", "west": "\u0710\u0733\u0723\u073d\u0718\u0715\u0733\u0710", "phonetic": "<td>a ' su da</td>", "east": "\u0710\u0735\u0723\u0718\u073f\u0715\u0735\u0710"},
{"searchkey": "30546", "audio": [], "context": ["Rh\u00e9tor\u00e9 ; remote demonstrative pronoun masculine and feminine plural (first form), more used than"], "webrank": 6, "text": [" : "], "english": "<td><span class=\"context\">Rh\u00e9tor\u00e9 ; remote demonstrative pronoun masculine and feminine plural (first form), more used than <span class=\"locution\"><span class=\"eastsyriac\">\u0710\u0732\u0722\u0739\u0710</span></span></span> : those ones / the latter / they ;\r\n<span class=\"locution\"><span class=\"eastsyriac\">\u0720\u0735\u0710 \u071f\u072b\u0735\u0729\u0720\u0738\u0722 \u0710\u0732\u0722\u0735\u0710 \u0710\u0738\u0720\u0735\u0710 \u0710\u0735\u0722\u0732\u071d</span></span> : I am not taking these ones but those ones , <span class=\"context\">see <a href=\"dosearch.php?searchkey=%27anA%27&amp;language=fullsyriac\"><span class=\"eastsyriac\">\u0710\u0732\u0722\u0735\u0710</span></a></span> ;\r\n<span class=\"context\">Rh\u00e9tor\u00e9 ; <span class=\"locution\"><span class=\"eastsyriac\">\u0713\u0732\u0722\u0735\u0712\u0308\u0742\u0739\u0710 \u0710\u0735\u0722\u0732\u071d \u0715\u0726\u071d\u073c\u072b \u0720\u071d\u073c \u0721\u0718\u073c\u072b\u0720\u071a\u0735\u0710 \u0721\u0738\u0722\u0732\u071d</span></span></span> : those / the thieves by whom I was robbed / stripped ;\r\n<span class=\"locution\"><span class=\"eastsyriac\">\u0710\u0735\u0722\u0732\u071d \u0715</span></span> : such as , those whom ;\r\n<span class=\"context\">Rh\u00e9tor\u00e9 ; <span class=\"locution\"><span class=\"eastsyriac\">\u071d\u073c\u0715\u0742\u0718\u073f\u0725 \u0715\u0738\u0712\u0710\u0735\u0722\u071d\u073c \u071d\u0735\u0308\u0718\u0721\u0735\u072c\u0742\u0735\u0710 \u0710\u0747\u072c\u0742\u0739\u0710 \u0720\u0739\u0717 \u071a\u0735\u0715\u0747 \u0713\u0738\u0715\u072b\u0735\u0710 \u072a\u0735\u0712\u0735\u0710 \u0720\u072a\u0739\u072b\u0735\u0710 \u0715\u0710\u0735\u072b\u071d\u073c\u072c\u0722\u0735\u0308\u071d\u0739\u0710</span></span></span> : know that these days a great misfortune has befallen the people of Ashita ;\r\n<span class=\"context\">Rh\u00e9tor\u00e9 ; <span class=\"locution\"><span class=\"eastsyriac\">\u0710\u0735\u0722\u0732\u071d \u071f\u072a\u0735\u071a\u072b\u071d\u073c \u0721\u0738\u0713\u071d\u0735\u0722\u0732\u071d \u0715\u0720\u0735\u0710 \u072b\u0738\u071f</span></span></span> : they, at least, move just by themselves, there is no doubt about it ;</td>", "cf": ["<span class=\"wordlink\"><a href=\"dosearch.php?searchkey=30544&amp;language=id\"><span class=\"eastsyriac\">\u0710\u0732\u0718\u0735\u0710</span></a>, <a href=\"dosearch.php?searchkey=16591&amp;language=id\"><span class=\"eastsyriac\">\u0710\u0735\u071d\u0735\u0710</span></a>, <a href=\"dosearch.php?searchkey=30545&amp;language=id\"><span class=\"eastsyriac\">\u0710\u0732\u071d\u0735\u0710</span></a>, <a href=\"dosearch.php?searchkey=3407&amp;language=id\"><span class=\"eastsyriac\">\u0717\u0735\u071d</span></a>, <a href=\"dosearch.php?searchkey=30547&amp;language=id\"><span class=\"eastsyriac\">\u0710\u0735\u0718\u0735\u0710</span></a>, <a href=\"dosearch.php?searchkey=16591&amp;language=id\"><span class=\"eastsyriac\">\u0710\u0735\u071d\u0735\u0710</span></a>, <a href=\"dosearch.php?searchkey=502&amp;language=id\"><span class=\"eastsyriac\">\u0710\u0732\u0722\u0739\u0710</span></a>, <a href=\"dosearch.php?searchkey=30549&amp;language=id\"><span class=\"eastsyriac\">\u0710\u0732\u0718\u0735\u0717\u0735\u0710</span></a>, <a href=\"dosearch.php?searchkey=30550&amp;language=id\"><span class=\"eastsyriac\">\u0710\u0732\u071d\u0735\u0717\u0735\u0710</span></a>, <a href=\"dosearch.php?searchkey=30551&amp;language=id\"><span class=\"eastsyriac\">\u0710\u0732\u0722\u0735\u0717\u0735\u0710</span></a>, <a href=\"dosearch.php?searchkey=3332&amp;language=id\"><span class=\"eastsyriac\">\u0717\u0735\u0718</span></a>, <a href=\"dosearch.php?searchkey=150&amp;language=id\"><span class=\"eastsyriac\">\u0710\u0735\u0718</span></a>, <a href=\"dosearch.php?searchkey=16746&amp;language=id\"><span class=\"eastsyriac\">\u0710\u0735\u0722</span></a>, <a href=\"dosearch.php?searchkey=30548&amp;language=id\"><span class=\"eastsyriac\">\u0710\u0735\u071d</span></a></span>"], "key": "30546", "west": "\u0710\u0733\u0722\u0730\u071d", "phonetic": "<td>' a n\u00e9</td>", "east": "\u0710\u0735\u0722\u0732\u071d"},
{"searchkey": "454", "audio": ["./audio/entry454.mp3"], "context": ["a yellowish translucent resin found as a fossil in soils with beds of lignite or on the seashore"], "webrank": 4, "text": [" : amber , ", " ;"], "english": "<td>amber , <span class=\"context\">a yellowish translucent resin found as a fossil in soils with beds of lignite or on the seashore</span> ;</td>", "cf": ["<span class=\"wordlink\"><a href=\"dosearch.php?searchkey=10392&amp;language=id\"><span class=\"eastsyriac\">\u0725\u0732\u0722\u0712\u0735\u072a</span></a></span>", "<span class=\"wordlink\"><a href=\"dosearch.php?searchkey=24714&amp;language=id\"><span class=\"eastsyriac\">\u0721\u0718\u073c\u0715\u0738\u0722\u071f\u0735\u0710</span></a>, <a href=\"dosearch.php?searchkey=24715&amp;language=id\"><span class=\"eastsyriac\">\u0719\u0721\u0718\u073c\u072a\u0722\u0735\u0710</span></a>, <a href=\"dosearch.php?searchkey=24716&amp;language=id\"><span class=\"eastsyriac\">\u0721\u0718\u073c\u072a\u0735\u0710</span></a>, <a href=\"dosearch.php?searchkey=24717&amp;language=id\"><span class=\"eastsyriac\">\u0721\u0718\u073c\u072b\u071f\u0735\u0710</span></a></span>"], "key": "454", "west": "\u0710\u0730\u0721\u0712\u0733\u072a", "phonetic": "<td>' am bar</td>", "east": "\u0710\u0732\u0721\u0712\u0735\u072a"},
{"searchkey": "17509", "audio": [], "context": ["feminine", "masculine"], "webrank": 10, "text": [" : ", " : a bedouin (woman) ;\r\n", " : \u0712\u0732\u0715\u0718\u0735\u071d\u0735\u0710 ;"], "english": "<td><span class=\"context\">feminine</span> : a bedouin (woman) ;\r\n<span class=\"context\">masculine</span> : <a href=\"dosearch.php?searchkey=badwAyA%27&amp;language=fullsyriac\"><span class=\"eastsyriac\">\u0712\u0732\u0715\u0718\u0735\u071d\u0735\u0710</span></a> ;</td>", "cf": [], "key": "17509", "west": "\u0712\u0730\u0715\u0718\u0733\u071d\u072c\u0733\u0710", "phonetic": "<td>bad ' wai ta:</td>", "east": "\u0712\u0732\u0715\u0718\u0735\u071d\u072c\u0735\u0710"},
{"searchkey": "25379", "audio": [], "context": ["Bailis Shamun ; see also \u0726\u072a\u071d\u073c\u0723\u072c\u0735\u0710", "Lishani"], "webrank": 5, "text": [" : 1) ", " : a rug , a mat / a floor cloth ;\r\n", " : 2) a curtain ;\r\n3) a sheet / bedsheet ;\r\n4) amaranth ;"], "english": "<td>1) <span class=\"context\">Bailis Shamun ; see also <a href=\"dosearch.php?searchkey=pristA%27&amp;language=fullsyriac\"><span class=\"eastsyriac\">\u0726\u072a\u071d\u073c\u0723\u072c\u0735\u0710</span></a></span> : a rug , a mat / a floor cloth ;\r\n<span class=\"context\">Lishani</span> : 2) a curtain ;\r\n3) a sheet / bedsheet ;\r\n4) amaranth ;</td>", "cf": ["<span class=\"wordlink\"><a href=\"dosearch.php?searchkey=15341&amp;language=id\"><span class=\"eastsyriac\">\u072c\u0735\u0712\u0735\u0729\u0735\u0710</span></a>, <a href=\"dosearch.php?searchkey=2059&amp;language=id\"><span class=\"eastsyriac\">\u0713\u0330\u0718\u073c\u0720\u0720\u0739\u0710</span></a>, <a href=\"dosearch.php?searchkey=5916&amp;language=id\"><span class=\"eastsyriac\">\u071f\u0718\u073c\u072b\u0726\u0735\u0710</span></a>, <a href=\"dosearch.php?searchkey=25378&amp;language=id\"><span class=\"eastsyriac\">\u0715\u0718\u073f\u0712\u0720\u0735\u0710</span></a>, <a href=\"dosearch.php?searchkey=7910&amp;language=id\"><span class=\"eastsyriac\">\u0721\u0735\u0720\u0735\u0726\u0735\u0710</span></a>, <a href=\"dosearch.php?searchkey=27564&amp;language=id\"><span class=\"eastsyriac\">\u0723\u0738\u072c\u072a\u0735\u0710</span></a>, <a href=\"dosearch.php?searchkey=27599&amp;language=id\"><span class=\"eastsyriac\">\u0723\u0718\u073c\u072c\u0735\u072a\u0735\u0710</span></a>, <a href=\"dosearch.php?searchkey=24485&amp;language=id\"><span class=\"eastsyriac\">\u0726\u072a\u0735\u0723\u0735\u0710</span></a>, <a href=\"dosearch.php?searchkey=2257&amp;language=id\"><span class=\"eastsyriac\">\u0713\u0735\u0720\u0735\u0710</span></a>, <a href=\"dosearch.php?searchkey=11342&amp;language=id\"><span class=\"eastsyriac\">\u0726\u072a\u071d\u073c\u0723\u072c\u0735\u0710</span></a></span>"], "key": "25379", "west": "\u0710\u0733\u0721\u0736\u0720\u0733\u0710", "phonetic": "<td>a: ' mi: la:</td>", "east": "\u0710\u0735\u0721\u0738\u0720\u0735\u0710"},
{"searchkey": "947", "audio": [], "context": ["masculine", "feminine"], "webrank": 9, "text": [" : ", " : a bedouin / a beduin , a wandering tent-dweller arab , a nomad ;\r\n", " : \u0712\u0732\u0715\u0718\u0735\u071d\u072c\u0735\u0710 ;"], "english": "<td><span class=\"context\">masculine</span> : a bedouin / a beduin , a wandering tent-dweller arab , a nomad ;\r\n<span class=\"context\">feminine</span> : <a href=\"dosearch.php?searchkey=badwAytA%27&amp;language=fullsyriac\"><span class=\"eastsyriac\">\u0712\u0732\u0715\u0718\u0735\u071d\u072c\u0735\u0710</span></a> ;</td>", "cf": ["<span class=\"wordlink\"><a href=\"dosearch.php?searchkey=947&amp;language=id\"><span class=\"eastsyriac\">\u0712\u0732\u0715\u0718\u0735\u071d\u0735\u0710</span></a></span>", "<span class=\"wordlink\"><a href=\"dosearch.php?searchkey=23150&amp;language=id\"><span class=\"eastsyriac\">\u0725\u0735\u0721\u0718\u073f\u072a\u0735\u0710 \u0715\u0721\u0732\u072b\u071f\u0722\u0735\u0710</span></a>, <a href=\"dosearch.php?searchkey=18713&amp;language=id\"><span class=\"eastsyriac\">\u0726\u0729\u0732\u0725\u072c\u0735\u071d\u0735\u0710</span></a>, <a href=\"dosearch.php?searchkey=18581&amp;language=id\"><span class=\"eastsyriac\">\u0712\u0732\u072a\u0712\u072a\u0735\u071d\u0718\u073c\u072c\u0735\u0710</span></a>, <a href=\"dosearch.php?searchkey=8625&amp;language=id\"><span class=\"eastsyriac\">\u0721\u0732\u072b\u071f\u0722\u0735\u0710</span></a>, <a href=\"dosearch.php?searchkey=23195&amp;language=id\"><span class=\"eastsyriac\">\u0721\u0732\u0715\u0712\u072a\u0735\u071d\u0735\u0710</span></a></span>"], "key": "947", "west": "\u0712\u0730\u0715\u0718\u0733\u071d\u0733\u0710", "phonetic": "<td>bad ' wa: ia:</td>", "east": "\u0712\u0732\u0715\u0718\u0735\u071d\u0735\u0710"},
{"searchkey": "710", "audio": [], "context": [], "webrank": 8, "text": [" : an arrangement , a set rule , a prescribed form , an order"], "english": "<td>an arrangement , a set rule , a prescribed form , an order</td>", "cf": [], "key": "710", "west": "\u0710\u0730\u0729\u0733\u0720\u073d\u0718\u072c\u073a\u071d\u0733\u0710", "phonetic": "<td>aq qa lu ' ti: ia</td>", "east": "\u0710\u0732\u0729\u0735\u0720\u0718\u073f\u072c\u071d\u073c\u0735\u0710"},
{"searchkey": "250", "audio": ["./audio/entry250.mp3"], "context": [], "webrank": 3, "text": [" : contracted , shriveled , drawn into wrinkles , contracted from cold , numbed , shrunken ;"], "english": "<td>contracted , shriveled , drawn into wrinkles , contracted from cold , numbed , shrunken ;</td>", "cf": [], "key": "250", "west": "\u0710\u073d\u0718\u072a\u0713\u0736\u0713\u0330\u0733\u0710", "phonetic": "<td>er 'gi ja</td>", "east": "\u0710\u0718\u073c\u072a\u0713\u0738\u0713\u0330\u0735\u0710"},
{"searchkey": "1771", "audio": [], "context": [], "webrank": 80, "text": [" : 1) stable , firmly established , not easily moved , not easily shaken or overthrown , solidly entrenched , deeply  rooted , deeply embedded , well implanted ;\r\n2) constant , unchanged ;"], "english": "<td>1) stable , firmly established , not easily moved , not easily shaken or overthrown , solidly entrenched , deeply  rooted , deeply embedded , well implanted ;\r\n2) constant , unchanged ;</td>", "cf": ["<span class=\"wordlink\"><a href=\"dosearch.php?searchkey=1772&amp;language=id\"><span class=\"eastsyriac\">\u0712\u0732\u072a\u0729\u0735\u072a\u0735\u072a\u0718\u073c\u072c\u0735\u0710</span></a>, <a href=\"dosearch.php?searchkey=13243&amp;language=id\"><span class=\"eastsyriac\">\u0729\u0735\u072a\u0735\u072a</span></a>, <a href=\"dosearch.php?searchkey=1626&amp;language=id\"><span class=\"eastsyriac\">\u0712\u0732\u072a</span></a></span>", "<span class=\"wordlink\"><a href=\"dosearch.php?searchkey=7834&amp;language=id\"><span class=\"eastsyriac\">\u0721\u071f\u0732\u072c\u072a\u0735\u0722\u0735\u0710</span></a></span>"], "key": "1771", "west": "\u0712\u0730\u072a \u0729\u0733\u072a\u0733\u072a", "phonetic": "<td>bar ' qa: rar</td>", "east": "\u0712\u0732\u072a \u0729\u0735\u072a\u0735\u072a"},
{"searchkey": "18865", "audio": [], "context": [], "webrank": 90, "text": [" : 1) a mountain ;\r\n2) a natural forest ;\r\n3) a reed-bed ;"], "english": "<td>1) a mountain ;\r\n2) a natural forest ;\r\n3) a reed-bed ;</td>", "cf": ["<span class=\"wordlink\"><a href=\"dosearch.php?searchkey=18866&amp;language=id\"><span class=\"eastsyriac\">\u0713\u0722\u071d\u073c\u072c\u0735\u0710</span></a>, <a href=\"dosearch.php?searchkey=10014&amp;language=id\"><span class=\"eastsyriac\">\u0725\u0735\u0712\u0742\u0735\u0710</span></a>, <a href=\"dosearch.php?searchkey=18867&amp;language=id\"><span class=\"eastsyriac\">\u0725\u0735\u0712\u0742\u072c\u0735\u0710</span></a></span>"], "key": "18865", "west": "\u0713\u0330\u0730\u0712\u0733\u0720", "phonetic": "<td>' dja ba:l</td>", "east": "\u0713\u0330\u0732\u0712\u0735\u0720"},
{"searchkey": "18571", "audio": [], "context": ["Classical Syriac", "Vernacular Sureth"], "webrank": 70, "text": [" : 1) ", " : a demon causing lunacy / \"a son of the crescents of the moon\" ;\r\n2) ", " : a) a lunatic (?) / a mad man (?) / a demented person (?) / an insane (?) / a mentally deranged person (?) / a disturbed personality (?) / a psychotic (?) , b) madness (?) / psychosis (?) / lunacy (?) ;"], "english": "<td>1) <span class=\"context\">Classical Syriac</span> : a demon causing lunacy / \"a son of the crescents of the moon\" ;\r\n2) <span class=\"context\">Vernacular Sureth</span> : a) a lunatic (?) / a mad man (?) / a demented person (?) / an insane (?) / a mentally deranged person (?) / a disturbed personality (?) / a psychotic (?) , b) madness (?) / psychosis (?) / lunacy (?) ;</td>", "cf": ["<span class=\"wordlink\"><a href=\"dosearch.php?searchkey=1626&amp;language=id\"><span class=\"eastsyriac\">\u0712\u0732\u072a</span></a>, <a href=\"dosearch.php?searchkey=9447&amp;language=id\"><span class=\"eastsyriac\">\u0723\u0732\u0717\u072a\u0735\u0710</span></a>, <a href=\"dosearch.php?searchkey=33854&amp;language=id\"><span class=\"eastsyriac\">\u0723\u0732\u0717\u072a\u0308\u0735\u0722\u0739\u0710</span></a></span>", "<span class=\"wordlink\"><a href=\"dosearch.php?searchkey=1627&amp;language=id\"><span class=\"eastsyriac\">\u0712\u0732\u072a\u0710\u0739\u0713\u0735\u072a\u0735\u0710</span></a>, <a href=\"dosearch.php?searchkey=8165&amp;language=id\"><span class=\"eastsyriac\">\u0721\u0738\u0723\u072c\u0732\u0717\u072a\u0735\u0722\u0735\u0710</span></a>, <a href=\"dosearch.php?searchkey=9949&amp;language=id\"><span class=\"eastsyriac\">\u0723\u072a\u071d\u073c\u071a\u0735\u0710</span></a>, <a href=\"dosearch.php?searchkey=20237&amp;language=id\"><span class=\"eastsyriac\">\u071a\u0732\u0712\u0735\u072b\u0735\u0710</span></a></span>"], "key": "18571", "west": "\u0712\u0730\u072a \u0723\u0730\u0717\u072a\u0308\u0733\u0722\u0736\u0710", "phonetic": "<td>bar ' sah r\u00e9 </td>", "east": "\u0712\u0732\u072a \u0723\u0732\u0717\u072a\u0308\u0735\u0722\u0739\u0710"},
{"searchkey": "100", "audio": ["./audio/entry100.mp3"], "context": [], "webrank": 1, "text": [" : 1) an inner room  , a private or secret room , a bed-closet (?) , a boudoir (?) ;\r\n2) a bedroom ;"], "english": "<td>1) an inner room  , a private or secret room , a bed-closet (?) , a boudoir (?) ;\r\n2) a bedroom ;</td>", "cf": ["<span class=\"wordlink\"><a href=\"dosearch.php?searchkey=14289&amp;language=id\"><span class=\"eastsyriac\">\u072b\u0718\u071d\u073c\u072c\u0735\u0710</span></a>, <a href=\"dosearch.php?searchkey=2437&amp;language=id\"><span class=\"eastsyriac\">\u0713\u0722\u0718\u073c\u0722\u0735\u0710</span></a>, <a href=\"dosearch.php?searchkey=7100&amp;language=id\"><span class=\"eastsyriac\">\u0721\u0732\u0713\u0722\u071d\u0735\u0710</span></a>, <a href=\"dosearch.php?searchkey=18122&amp;language=id\"><span class=\"eastsyriac\">\u0721\u0719\u0732\u0718\u0732\u0713\u072c\u0735\u0710</span></a>, <a href=\"dosearch.php?searchkey=31089&amp;language=id\"><span class=\"eastsyriac\">\u0710\u0735\u0718\u0735\u0722\u0735\u0710</span></a>, <a href=\"dosearch.php?searchkey=31090&amp;language=id\"><span class=\"eastsyriac\">\u0713\u0735\u0722\u0735\u0710</span></a>, <a href=\"dosearch.php?searchkey=31091&amp;language=id\"><span class=\"eastsyriac\">\u0712\u071d\u0739\u072c\u0742 \u0721\u0732\u0723\u072c\u072a\u0735\u0710</span></a>, <a href=\"dosearch.php?searchkey=16513&amp;language=id\"><span class=\"eastsyriac\">\u072c\u0735\u0718\u0735\u0722\u0735\u0710</span></a>, <a href=\"dosearch.php?searchkey=31092&amp;language=id\"><span class=\"eastsyriac\">\u0729\u0732\u071d\u071b\u0718\u073f\u0722\u0735\u0710</span></a>, <a href=\"dosearch.php?searchkey=7191&amp;language=id\"><span class=\"eastsyriac\">\u0721\u0732\u0715\u0721\u071f\u0742\u0735\u0710</span></a>, <a href=\"dosearch.php?searchkey=12840&amp;language=id\"><span class=\"eastsyriac\">\u0729\u0738\u0720\u0735\u071d\u072c\u0735\u0710</span></a></span>"], "key": "100", "west": "\u0710\u0736\u0715\u072a\u073d\u0718\u0722\u0733\u0710", "phonetic": "<td>i ' dru: na:</td>", "east": "\u0710\u0738\u0715\u072a\u0718\u073f\u0722\u0735\u0710"},
{"searchkey": "2059", "audio": [], "context": ["Rh\u00e9tor\u00e9"], "webrank": 100, "text": [" : 1) clothes , dresses , garments , garb , raiment , wearing apparel ;\r\n"], "english": "<td>1) clothes , dresses , garments , garb , raiment , wearing apparel ;\r\n<span class=\"context\">Rh\u00e9tor\u00e9 ; <span class=\"locution\"><span class=\"eastsyriac\">\u0721\u0723\u071d\u0735\u0721\u0710 \u0715\u0713\u0330\u0718\u0308\u073c\u0720\u0720\u0739\u0710</span></span></span> : washing the clothing , laundrying / the laundry ;\r\n2) bedclothes <span class=\"context\">sheets and blankets</span> ;</td>", "cf": ["<span class=\"wordlink\"><a href=\"dosearch.php?searchkey=15562&amp;language=id\"><span class=\"eastsyriac\">\u072c\u0732\u071f\u0742\u0723\u071d\u073c\u072c\u0735\u0710</span></a>, <a href=\"dosearch.php?searchkey=6617&amp;language=id\"><span class=\"eastsyriac\">\u0720\u0738\u0712\u0735\u0723</span></a>, <a href=\"dosearch.php?searchkey=6619&amp;language=id\"><span class=\"eastsyriac\">\u0720\u0712\u0742\u0738\u072b\u072c\u0735\u0710</span></a>, <a href=\"dosearch.php?searchkey=10809&amp;language=id\"><span class=\"eastsyriac\">\u0726\u0718\u073c\u072b\u0739\u071f\u0735\u0710</span></a>, <a href=\"dosearch.php?searchkey=5916&amp;language=id\"><span class=\"eastsyriac\">\u071f\u0718\u073c\u072b\u0726\u0735\u0710</span></a>, <a href=\"dosearch.php?searchkey=25378&amp;language=id\"><span class=\"eastsyriac\">\u0715\u0718\u073f\u0712\u0720\u0735\u0710</span></a>, <a href=\"dosearch.php?searchkey=7910&amp;language=id\"><span class=\"eastsyriac\">\u0721\u0735\u0720\u0735\u0726\u0735\u0710</span></a>, <a href=\"dosearch.php?searchkey=25379&amp;language=id\"><span class=\"eastsyriac\">\u0710\u0735\u0721\u0738\u0720\u0735\u0710</span></a>, <a href=\"dosearch.php?searchkey=30658&amp;language=id\"><span class=\"eastsyriac\">\u071f\u0738\u0723\u0718\u0738\u072c\u0735\u0710</span></a>, <a href=\"dosearch.php?searchkey=32819&amp;language=id\"><span class=\"eastsyriac\">\u0715\u0718\u073f\u072b\u0712\u0735\u0722\u0735\u0710</span></a></span>"], "key": "2059", "west": "\u0713\u0330\u073d\u0718\u0720\u0720\u0736\u0710", "phonetic": "<td>' dju:l li</td>", "east": "\u0713\u0330\u0718\u073c\u0720\u0720\u0739\u0710"},
{"searchkey": "31089", "audio": [], "context": ["Sokoloff"], "webrank": 2, "text": [" : 1) a bedroom ;\r\n2) a home , a house ; \r\n3) a room ;\r\n4) ", " : an inn where one spends the night , a motel ; \r\n5) a hall"], "english": "<td>1) a bedroom ;\r\n2) a home , a house ; \r\n3) a room ;\r\n4) <span class=\"context\">Sokoloff</span> : an inn where one spends the night , a motel ; \r\n5) a hall ;\r\n<span class=\"locution\"><span class=\"eastsyriac\">\u0710\u0735\u0718\u0718\u0735\u0722\u0735\u0710 \u0715\u0719\u0721\u0735\u072a\u0735\u0710</span></span> : a concert hall ; </td>", "cf": ["<span class=\"wordlink\"><a href=\"dosearch.php?searchkey=33141&amp;language=id\"><span class=\"eastsyriac\">\u0710\u0735\u0718\u0718\u0735\u0722\u0735\u0710</span></a></span>", "<span class=\"wordlink\"><a href=\"dosearch.php?searchkey=14289&amp;language=id\"><span class=\"eastsyriac\">\u072b\u0718\u071d\u073c\u072c\u0735\u0710</span></a>, <a href=\"dosearch.php?searchkey=2437&amp;language=id\"><span class=\"eastsyriac\">\u0713\u0722\u0718\u073c\u0722\u0735\u0710</span></a>, <a href=\"dosearch.php?searchkey=7100&amp;language=id\"><span class=\"eastsyriac\">\u0721\u0732\u0713\u0722\u071d\u0735\u0710</span></a>, <a href=\"dosearch.php?searchkey=18122&amp;language=id\"><span class=\"eastsyriac\">\u0721\u0719\u0732\u0718\u0732\u0713\u072c\u0735\u0710</span></a>, <a href=\"dosearch.php?searchkey=100&amp;language=id\"><span class=\"eastsyriac\">\u0710\u0738\u0715\u072a\u0718\u073f\u0722\u0735\u0710</span></a>, <a href=\"dosearch.php?searchkey=31090&amp;language=id\"><span class=\"eastsyriac\">\u0713\u0735\u0722\u0735\u0710</span></a>, <a href=\"dosearch.php?searchkey=31091&amp;language=id\"><span class=\"eastsyriac\">\u0712\u071d\u0739\u072c\u0742 \u0721\u0732\u0723\u072c\u072a\u0735\u0710</span></a>, <a href=\"dosearch.php?searchkey=16513&amp;language=id\"><span class=\"eastsyriac\">\u072c\u0735\u0718\u0735\u0722\u0735\u0710</span></a>, <a href=\"dosearch.php?searchkey=31092&amp;language=id\"><span class=\"eastsyriac\">\u0729\u0732\u071d\u071b\u0718\u073f\u0722\u0735\u0710</span></a>, <a href=\"dosearch.php?searchkey=7191&amp;language=id\"><span class=\"eastsyriac\">\u0721\u0732\u0715\u0721\u071f\u0742\u0735\u0710</span></a></span>"], "key": "31089", "west": "\u0710\u0733\u0718\u0733\u0722\u0733\u0710", "phonetic": "<td>a: ' wa: na:</td>", "east": "\u0710\u0735\u0718\u0735\u0722\u0735\u0710"},
{"searchkey": "18561", "audio": [], "context": ["Mark : 3, 17"], "webrank": 60, "text": [" : ", ": Boanerges , \"sons of thunder\" (names given to James and John sons of Zebedee) ;"], "english": "<td><span class=\"context\">Mark : 3, 17</span>: Boanerges , \"sons of thunder\" (names given to James and John sons of Zebedee) ;</td>", "cf": ["<span class=\"wordlink\"><a href=\"dosearch.php?searchkey=18560&amp;language=id\"><span class=\"eastsyriac\">\u0712\u0722\u0732\u071d\u0308</span></a></span>", "<span class=\"wordlink\"><a href=\"dosearch.php?searchkey=13800&amp;language=id\"><span class=\"eastsyriac\">\u072a\u0732\u0725\u0721\u0735\u0710</span></a></span>"], "key": "18561", "west": "\u0712\u0722\u0730\u071d\u0308 \u072a\u0730\u0713\u0742\u072b\u071d", "phonetic": "<td>' bn\u00e9 ragh\u0161</td>", "east": "\u0712\u0722\u0732\u071d\u0308 \u072a\u0732\u0713\u0742\u072b\u071d"},
{"searchkey": "23769", "audio": [], "context": [], "webrank": 50, "text": [" : a bedroom ; "], "english": "<td>a bedroom ; </td>", "cf": ["<span class=\"wordlink\"><a href=\"dosearch.php?searchkey=8619&amp;language=id\"><span class=\"eastsyriac\">\u0721\u0732\u072b\u071f\u0712\u0742\u0735\u0710</span></a></span>", "<span class=\"wordlink\"><a href=\"dosearch.php?searchkey=9777&amp;language=id\"><span class=\"eastsyriac\">\u0723\u0732\u0722\u0715\u0718\u073c\u0729\u0735\u0710 \u0715\u0721\u071d\u073c\u072c\u0735\u0710</span></a>, <a href=\"dosearch.php?searchkey=11622&amp;language=id\"><span class=\"eastsyriac\">\u072c\u0735\u0712\u0718\u073f\u072c</span></a>, <a href=\"dosearch.php?searchkey=6885&amp;language=id\"><span class=\"eastsyriac\">\u0720\u0732\u0729\u071b\u071d\u073c\u0729\u071d\u073c\u0722</span></a>, <a href=\"dosearch.php?searchkey=2264&amp;language=id\"><span class=\"eastsyriac\">\u0713\u0742\u0735\u0720\u0712\u0735\u071b\u072a\u0735\u0710</span></a>, <a href=\"dosearch.php?searchkey=14289&amp;language=id\"><span class=\"eastsyriac\">\u072b\u0718\u071d\u073c\u072c\u0735\u0710</span></a>, <a href=\"dosearch.php?searchkey=2437&amp;language=id\"><span class=\"eastsyriac\">\u0713\u0722\u0718\u073c\u0722\u0735\u0710</span></a>, <a href=\"dosearch.php?searchkey=7100&amp;language=id\"><span class=\"eastsyriac\">\u0721\u0732\u0713\u0722\u071d\u0735\u0710</span></a>, <a href=\"dosearch.php?searchkey=7191&amp;language=id\"><span class=\"eastsyriac\">\u0721\u0732\u0715\u0721\u071f\u0742\u0735\u0710</span></a>, <a href=\"dosearch.php?searchkey=10517&amp;language=id\"><span class=\"eastsyriac\">\u0725\u0732\u072a\u0723\u0735\u0710</span></a>, <a href=\"dosearch.php?searchkey=23768&amp;language=id\"><span class=\"eastsyriac\">\u0715\u0732\u071d\u0715\u072a\u0735\u0710</span></a>, <a href=\"dosearch.php?searchkey=2807&amp;language=id\"><span class=\"eastsyriac\">\u0715\u0718\u073c\u071f\u072c\u0735\u0710 \u0715\u0715\u0721\u0735\u071f\u0742\u0735\u0710</span></a></span>"], "key": "23769", "west": "\u0712\u0736\u071d\u072c\u0742 \u0721\u0730\u072b\u071f\u0712\u0742\u0733\u0710", "phonetic": "<td>' bi:th ma\u0161 kwa:</td>", "east": "\u0712\u0739\u071d\u072c\u0742 \u0721\u0732\u072b\u071f\u0712\u0742\u0735\u0710"},
{"searchkey": "1311", "audio": [], "context": ["see \u0721\u0732\u072b\u071f\u0732\u0722 \u0719\u0732\u0712\u0742\u0722\u0735\u0710 / \u0721\u0732\u072b\u071f\u0732\u0722 \u0718\u0732\u0725\u0715\u0735\u0710"], "webrank": 40, "text": [" : a) a bedchamber , bedroom ;\r\nb) a tabernacle , ", " ;"], "english": "<td>a) a bedchamber , bedroom ;\r\nb) a tabernacle , <span class=\"context\">see <a href=\"dosearch.php?searchkey=majkan+zabLnA%27&amp;language=fullsyriac\"><span class=\"eastsyriac\">\u0721\u0732\u072b\u071f\u0732\u0722 \u0719\u0732\u0712\u0742\u0722\u0735\u0710</span></a> / <a href=\"dosearch.php?searchkey=majkan+wacdA%27&amp;language=fullsyriac\"><span class=\"eastsyriac\">\u0721\u0732\u072b\u071f\u0732\u0722 \u0718\u0732\u0725\u0715\u0735\u0710</span></a></span> ;</td>", "cf": ["<span class=\"wordlink\"><a href=\"dosearch.php?searchkey=14690&amp;language=id\"><span class=\"eastsyriac\">\u072b\u071f\u071d\u073c\u0722\u072c\u0735\u0710</span></a>, <a href=\"dosearch.php?searchkey=14690&amp;language=id\"><span class=\"eastsyriac\">\u072b\u071f\u071d\u073c\u0722\u072c\u0735\u0710</span></a>, <a href=\"dosearch.php?searchkey=1312&amp;language=id\"><span class=\"eastsyriac\">\u0712\u0739\u071d\u072c\u0721\u0732\u072b\u071f\u0722\u0735\u0710</span></a>, <a href=\"dosearch.php?searchkey=8625&amp;language=id\"><span class=\"eastsyriac\">\u0721\u0732\u072b\u071f\u0722\u0735\u0710</span></a></span>"], "key": "1311", "west": "\u0712\u0736\u071d\u072c \u0721\u0730\u072b\u071f\u0712\u0742\u0733\u0710", "phonetic": "<td>' bi:t ' ma\u0161k wa:</td>", "east": "\u0712\u0739\u071d\u072c \u0721\u0732\u072b\u071f\u0712\u0742\u0735\u0710"},
{"searchkey": "31091", "audio": [], "context": [], "webrank": 30, "text": [" : 1) a bedroom ;\r\n2) a shelter ;"], "english": "<td>1) a bedroom ;\r\n2) a shelter ;</td>", "cf": ["<span class=\"wordlink\"><a href=\"dosearch.php?searchkey=14289&amp;language=id\"><span class=\"eastsyriac\">\u072b\u0718\u071d\u073c\u072c\u0735\u0710</span></a>, <a href=\"dosearch.php?searchkey=2437&amp;language=id\"><span class=\"eastsyriac\">\u0713\u0722\u0718\u073c\u0722\u0735\u0710</span></a>, <a href=\"dosearch.php?searchkey=7100&amp;language=id\"><span class=\"eastsyriac\">\u0721\u0732\u0713\u0722\u071d\u0735\u0710</span></a>, <a href=\"dosearch.php?searchkey=18122&amp;language=id\"><span class=\"eastsyriac\">\u0721\u0719\u0732\u0718\u0732\u0713\u072c\u0735\u0710</span></a>, <a href=\"dosearch.php?searchkey=100&amp;language=id\"><span class=\"eastsyriac\">\u0710\u0738\u0715\u072a\u0718\u073f\u0722\u0735\u0710</span></a>, <a href=\"dosearch.php?searchkey=31089&amp;language=id\"><span class=\"eastsyriac\">\u0710\u0735\u0718\u0735\u0722\u0735\u0710</span></a>, <a href=\"dosearch.php?searchkey=31090&amp;language=id\"><span class=\"eastsyriac\">\u0713\u0735\u0722\u0735\u0710</span></a>, <a href=\"dosearch.php?searchkey=16513&amp;language=id\"><span class=\"eastsyriac\">\u072c\u0735\u0718\u0735\u0722\u0735\u0710</span></a>, <a href=\"dosearch.php?searchkey=31092&amp;language=id\"><span class=\"eastsyriac\">\u0729\u0732\u071d\u071b\u0718\u073f\u0722\u0735\u0710</span></a>, <a href=\"dosearch.php?searchkey=7191&amp;language=id\"><span class=\"eastsyriac\">\u0721\u0732\u0715\u0721\u071f\u0742\u0735\u0710</span></a></span>"], "key": "31091", "west": "\u0712\u071d\u0736\u072c\u0742 \u0721\u0730\u0723\u072c\u072a\u0733\u0710", "phonetic": "<td>' bi:th mas tra:</td>", "east": "\u0712\u071d\u0739\u072c\u0742 \u0721\u0732\u0723\u072c\u072a\u0735\u0710"},
{"searchkey": "1263", "audio": [], "context": ["masculine", "children", "Rh\u00e9tor\u00e9"], "webrank": 20, "text": [" : ", " : 1) evil , wicked , morally bad , sinful , hardhearted , merciless , odious , ", " : naughty , disobedient ;\r\n", " :"], "english": "<td><span class=\"context\">masculine</span> : 1) evil , wicked , morally bad , sinful , hardhearted , merciless , odious , <span class=\"context\">children</span> : naughty , disobedient ;\r\n<span class=\"context\">Rh\u00e9tor\u00e9</span> : <span class=\"locution\"><span class=\"eastsyriac\">\u0710\u0747\u0722\u0735\u072b\u0735\u0710 \u0712\u071d\u073c\u072b\u0735\u0710</span></span> : a wicked man ;\r\n<span class=\"locution\"><span class=\"eastsyriac\">\u0728\u0720\u071d\u073c\u0712\u0742\u0718\u073f \u0712\u071d\u073c\u072b \u0712\u071d\u073c\u072b\u0735\u0710\u0747\u071d\u0720\u0739\u0717 \u0721\u0738\u0722 \u0710\u0732\u071a\u0718\u073f\u0722\u0739\u0717 \u0723\u0718\u073c\u0720\u0735\u0729\u0735\u0710</span></span> : Sliwo is worse than his brother Soulaqa ;\r\n<span class=\"context\">Rh\u00e9tor\u00e9</span> : <span class=\"locution\"><span class=\"eastsyriac\">\u0710\u0747\u0722\u0735\u072b\u0308\u0739\u0710 \u0712\u071d\u073c\u072b\u0308\u0739\u0710</span></span> : wicked men ;\r\n<span class=\"locution\"><span class=\"eastsyriac\">\u0710\u0732\u071f\u0742\u072c\u0718\u073c \u071f\u0720\u0735\u0718\u071f\u0742\u0718\u073c \u0712\u071d\u073c\u072b\u0308\u0739\u0710 \u071d\u0718\u0735\u0718\u072c\u0718\u073c</span></span> : you are all wicked , all of you are wicked ;\r\n2) unfortunate , ill-fated (?) ;\r\n3) worthless ;\r\n<span class=\"context\">feminine</span> : <a href=\"dosearch.php?searchkey=bijtA%27&amp;language=fullsyriac\"><span class=\"eastsyriac\">\u0712\u071d\u073c\u072b\u072c\u0735\u0710</span></a> ;\r\n4) <span class=\"context\">often as a noun</span> : the Evil One , the Devil ;\r\n5) <span class=\"context\">Lishani</span> : ugly , poor ;</td>", "cf": ["<span class=\"wordlink\"><a href=\"dosearch.php?searchkey=17230&amp;language=id\"><span class=\"eastsyriac\">\u0712\u0710\u072b</span></a>, <a href=\"dosearch.php?searchkey=41&amp;language=id\"><span class=\"eastsyriac\">\u0710\u0738\u0712\u0735\u072b\u0735\u0710</span></a>, <a href=\"dosearch.php?searchkey=922&amp;language=id\"><span class=\"eastsyriac\">\u0712\u0710\u0735\u072b\u0735\u0710</span></a>, <a href=\"dosearch.php?searchkey=924&amp;language=id\"><span class=\"eastsyriac\">\u0712\u0739\u0710\u072b\u072c\u0735\u0710</span></a>, <a href=\"dosearch.php?searchkey=1264&amp;language=id\"><span class=\"eastsyriac\">\u0712\u071d\u073c\u072b\u0735\u0710\u071d\u073c\u072c</span></a>, <a href=\"dosearch.php?searchkey=1268&amp;language=id\"><span class=\"eastsyriac\">\u0712\u071d\u073c\u072b\u072c\u0735\u0710</span></a>, <a href=\"dosearch.php?searchkey=6974&amp;language=id\"><span class=\"eastsyriac\">\u0721\u0732\u0712\u0739\u0710\u072b\u0735\u0722\u0735\u0710</span></a>, <a href=\"dosearch.php?searchkey=27003&amp;language=id\"><span class=\"eastsyriac\">\u072c\u0718\u073c\u0722\u0735\u071d\u0735\u0710 \u0712\u071d\u073c\u072b\u0735\u0710</span></a>, <a href=\"dosearch.php?searchkey=31384&amp;language=id\"><span class=\"eastsyriac\">\u0712\u071d\u073c\u072b \u0713\u0735\u0715\u0735\u0710</span></a>, <a href=\"dosearch.php?searchkey=31687&amp;language=id\"><span class=\"eastsyriac\">\u0712\u071d\u073c\u072b \u0712\u071d\u073c\u072b\u0735\u0710 \u0721\u0738\u0722</span></a>, <a href=\"dosearch.php?searchkey=33227&amp;language=id\"><span class=\"eastsyriac\">\u0712\u071d\u073c\u072b \u0723\u0732\u0712\u0742\u072a\u0735\u0710</span></a></span>", "<span class=\"wordlink\"><a href=\"dosearch.php?searchkey=28901&amp;language=id\"><span class=\"eastsyriac\">\u0729\u0735\u0720\u071d\u073c\u0719</span></a></span>", "<span class=\"wordlink\"><a href=\"dosearch.php?searchkey=17510&amp;language=id\"><span class=\"eastsyriac\">\u0712\u0732\u0715\u0719\u0735\u072c</span></a>, <a href=\"dosearch.php?searchkey=17511&amp;language=id\"><span class=\"eastsyriac\">\u0710\u0735\u071f\u0738\u0715\u0722\u0735\u071d\u0735\u0710</span></a>, <a href=\"dosearch.php?searchkey=7365&amp;language=id\"><span class=\"eastsyriac\">\u0721\u0718\u073c\u0721\u072c\u0735\u0722\u0735\u0710</span></a>, <a href=\"dosearch.php?searchkey=9929&amp;language=id\"><span class=\"eastsyriac\">\u0723\u0735\u072a\u0718\u073f\u071a\u0735\u0710</span></a>, <a href=\"dosearch.php?searchkey=17512&amp;language=id\"><span class=\"eastsyriac\">\u0723\u0732\u072a\u071d\u0735\u0710</span></a>, <a href=\"dosearch.php?searchkey=17513&amp;language=id\"><span class=\"eastsyriac\">\u0723\u0738\u0721\u0735\u0720\u0735\u071d\u0735\u0710</span></a>, <a href=\"dosearch.php?searchkey=9929&amp;language=id\"><span class=\"eastsyriac\">\u0723\u0735\u072a\u0718\u073f\u071a\u0735\u0710</span></a>, <a href=\"dosearch.php?searchkey=4355&amp;language=id\"><span class=\"eastsyriac\">\u071a\u0732\u071d\u0735\u0712\u0742\u0735\u0710</span></a>, <a href=\"dosearch.php?searchkey=4330&amp;language=id\"><span class=\"eastsyriac\">\u071a\u0732\u071b\u0735\u071d\u0735\u0710</span></a>, <a href=\"dosearch.php?searchkey=4341&amp;language=id\"><span class=\"eastsyriac\">\u071a\u071b\u071d\u073c\u072c\u0735\u0722\u0735\u071d\u0735\u0710</span></a>, <a href=\"dosearch.php?searchkey=3561&amp;language=id\"><span class=\"eastsyriac\">\u0717\u0735\u072a\u0735\u0721</span></a>, <a href=\"dosearch.php?searchkey=34108&amp;language=id\"><span class=\"eastsyriac\">\u0713\u0725\u071d\u073c\u0728\u0735\u0710</span></a>, <a href=\"dosearch.php?searchkey=16373&amp;language=id\"><span class=\"eastsyriac\">\u0723\u0732\u0722\u071d\u0735\u0710</span></a>, <a href=\"dosearch.php?searchkey=5203&amp;language=id\"><span class=\"eastsyriac\">\u071b\u0732\u0722\u0726\u0735\u0710</span></a>, <a href=\"dosearch.php?searchkey=8957&amp;language=id\"><span class=\"eastsyriac\">\u0722\u0715\u071d\u073c\u0715\u0735\u0710</span></a>, <a href=\"dosearch.php?searchkey=34137&amp;language=id\"><span class=\"eastsyriac\">\u0713\u0725\u071d\u073c\u072a\u0735\u0710</span></a>, <a href=\"dosearch.php?searchkey=34138&amp;language=id\"><span class=\"eastsyriac\">\u0721\u0718\u073c\u0723\u0720\u071d\u073c\u0735\u0710</span></a>, <a href=\"dosearch.php?searchkey=34107&amp;language=id\"><span class=\"eastsyriac\">\u0723\u0725\u071d\u073c\u071b\u0735\u0710</span></a>, <a href=\"dosearch.php?searchkey=34136&amp;language=id\"><span class=\"eastsyriac\">\u0723\u0735\u072a\u071d\u0735\u0710</span></a>, <a href=\"dosearch.php?searchkey=34414&amp;language=id\"><span class=\"eastsyriac\">\u0721\u0715\u0732\u072a\u0721\u0735\u0710</span></a>, <a href=\"dosearch.php?searchkey=13935&amp;language=id\"><span class=\"eastsyriac\">\u072a\u0732\u072b\u071d\u073c\u0725\u0735\u0710</span></a>, <a href=\"dosearch.php?searchkey=35015&amp;language=id\"><span class=\"eastsyriac\">\u0721\u072c\u0732\u071a\u072c\u0735\u071d\u0735\u0710</span></a>, <a href=\"dosearch.php?searchkey=12045&amp;language=id\"><span class=\"eastsyriac\">\u0728\u0732\u0722\u0718\u073c\u0725\u072c\u0735\u0722\u0735\u0710</span></a>, <a href=\"dosearch.php?searchkey=35012&amp;language=id\"><span class=\"eastsyriac\">\u0725\u0738\u072c\u0735\u0722\u0735\u071d\u0735\u0710</span></a>, <a href=\"dosearch.php?searchkey=35013&amp;language=id\"><span class=\"eastsyriac\">\u072b\u071d\u073c\u071b\u0735\u0710</span></a></span>"], "key": "1263", "west": "\u0712\u073a\u071d\u072b\u0733\u0710", "phonetic": "<td>' bi: \u0161a:</td>", "east": "\u0712\u071d\u073c\u072b\u0735\u0710"},
{"searchkey": "957", "audio": [], "context": [], "webrank": 10, "text": [" : ill-tempered , ill-natured , having bad temper , grumpy , cantankerous , crabbed , peevish , cranky , surly , annoyed and irritable , petulant , testy , pettish , techy / tetchy , waspish , short-tempered , fractious (?) ;"], "english": "<td>ill-tempered , ill-natured , having bad temper , grumpy , cantankerous , crabbed , peevish , cranky , surly , annoyed and irritable , petulant , testy , pettish , techy / tetchy , waspish , short-tempered , fractious (?) ;</td>", "cf": ["<span class=\"wordlink\"><a href=\"dosearch.php?searchkey=939&amp;language=id\"><span class=\"eastsyriac\">\u0712\u0732\u0715</span></a></span>", "<span class=\"wordlink\"><a href=\"dosearch.php?searchkey=bij+kyAnA%27&amp;language=fullsyriac\"><span class=\"eastsyriac\">\u0712\u071d\u073c\u072b \u071f\u071d\u0735\u0722\u0735\u0710</span></a>, <a href=\"dosearch.php?searchkey=srE%27+%27apE%27&amp;language=fullsyriac\"><span class=\"eastsyriac\">\u0723\u072a\u0739\u0710 \u0710\u0732\u0726\u0739\u0710</span></a>, <a href=\"dosearch.php?searchkey=32943&amp;language=id\"><span class=\"eastsyriac\">\u0719\u0725\u071d\u073c\u0726\u0735\u0710</span></a>, <a href=\"dosearch.php?searchkey=marustAnA%27&amp;language=fullsyriac\"><span class=\"eastsyriac\">\u0721\u0732\u072a\u0718\u073c\u0723\u072c\u0735\u0722\u0735\u0710</span></a>, <a href=\"dosearch.php?searchkey=9704&amp;language=id\"><span class=\"eastsyriac\">\u0723\u0738\u071f\u072a\u0735\u0722\u0735\u0710</span></a>, <a href=\"dosearch.php?searchkey=10686&amp;language=id\"><span class=\"eastsyriac\">\u0726\u0718\u073c\u0719\u0735\u0722\u0735\u0710</span></a>, <a href=\"dosearch.php?searchkey=kArobA%27&amp;language=fullsyriac\"><span class=\"eastsyriac\">\u071f\u0735\u072a\u0718\u073f\u0712\u0735\u0710</span></a></span>"], "key": "957", "west": "\u0712\u0730\u0715\u071a\u073d\u0718\u071d", "phonetic": "<td>bad ' \u1e25u: yi</td>", "east": "\u0712\u0732\u0715\u071a\u0718\u073c\u071d"},
{"searchkey": "19863", "audio": [], "context": ["masculine : grammar", "feminine", "opposite", "Yoab Benjamin", "Lishani"], "webrank": 90, "text": [" : 1) ", " : intransitive ;\r\n", " : \u0715\u0732\u0712\u071d\u073c\u0729\u072c\u0735\u0710 ;\r\n", " : \u0721\u072b\u0732\u0722\u071d\u0735\u0722\u0735\u0710 : transitive ;\r\n2) ", " : contiguous , adjacent ;\r\n3) ", " : attached , connected , inherent / imbedded (?) / built-in (?) / included (?) ;"], "english": "<td>1) <span class=\"context\">masculine : grammar</span> : intransitive ;\r\n<span class=\"context\">feminine</span> : <a href=\"dosearch.php?searchkey=dabiqtA%27&amp;language=fullsyriac\"><span class=\"eastsyriac\">\u0715\u0732\u0712\u071d\u073c\u0729\u072c\u0735\u0710</span></a> ;\r\n<span class=\"context\">opposite</span> : <a href=\"dosearch.php?searchkey=mjanyAnA%27&amp;language=fullsyriac\"><span class=\"eastsyriac\">\u0721\u072b\u0732\u0722\u071d\u0735\u0722\u0735\u0710</span></a> : transitive ;\r\n2) <span class=\"context\">Yoab Benjamin</span> : contiguous , adjacent ;\r\n3) <span class=\"context\">Lishani</span> : attached , connected , inherent / imbedded (?) / built-in (?) / included (?) ;</td>", "cf": ["<span class=\"wordlink\"><a href=\"dosearch.php?searchkey=dbq&amp;language=fullsyriac\"><span class=\"eastsyriac\">\u0715\u0712\u0729</span></a>, <a href=\"dosearch.php?searchkey=19845&amp;language=id\"><span class=\"eastsyriac\">\u0715\u0735\u0712\u0742\u0738\u0729</span></a>, <a href=\"dosearch.php?searchkey=19864&amp;language=id\"><span class=\"eastsyriac\">\u0715\u0732\u0712\u071d\u073c\u0729\u072c\u0735\u0710</span></a>, <a href=\"dosearch.php?searchkey=19865&amp;language=id\"><span class=\"eastsyriac\">\u0721\u072b\u0732\u0722\u071d\u0735\u0722\u0735\u0710</span></a></span>", "<span class=\"wordlink\"><a href=\"dosearch.php?searchkey=30945&amp;language=id\"><span class=\"eastsyriac\">\u071b\u0726\u0735\u071d\u0735\u0710</span></a>, <a href=\"dosearch.php?searchkey=17707&amp;language=id\"><span class=\"eastsyriac\">\u0722\u0729\u0726</span></a>, <a href=\"dosearch.php?searchkey=9955&amp;language=id\"><span class=\"eastsyriac\">\u0723\u072a\u0735\u071f\u0742\u0735\u0710</span></a>, <a href=\"dosearch.php?searchkey=11654&amp;language=id\"><span class=\"eastsyriac\">\u072c\u0735\u0712\u0738\u0725</span></a>, <a href=\"dosearch.php?searchkey=naqipA%27&amp;language=fullsyriac\"><span class=\"eastsyriac\">\u0722\u0732\u0729\u071d\u073c\u0726\u0735\u0710</span></a>, <a href=\"dosearch.php?searchkey=30554&amp;language=id\"><span class=\"eastsyriac\">\u0723\u0712\u0742\u071d\u073c\u0723\u0735\u0710</span></a>, <a href=\"dosearch.php?searchkey=13151&amp;language=id\"><span class=\"eastsyriac\">\u0729\u0732\u072a\u071d\u073c\u0712\u0742\u0735\u0710</span></a>, <a href=\"dosearch.php?searchkey=13979&amp;language=id\"><span class=\"eastsyriac\">\u072b\u0712\u0742\u0735\u0712\u0742\u0735\u0710</span></a>, <a href=\"dosearch.php?searchkey=3131&amp;language=id\"><span class=\"eastsyriac\">\u0715\u0738\u0726\u0722\u0735\u0710</span></a></span>"], "key": "19863", "west": "\u0715\u0730\u0712\u073a\u071d\u0729\u0733\u0710", "phonetic": "<td>da ' bi: qa:</td>", "east": "\u0715\u0732\u0712\u071d\u073c\u0729\u0735\u0710"},
{"searchkey": "2437", "audio": [], "context": [], "webrank": 80, "text": [" : 1) couch , bed , bridal bed ;\r\n2) a bridal feast , a bridal abode ;"], "english": "<td>1) couch , bed , bridal bed ;\r\n2) a bridal feast , a bridal abode ;</td>", "cf": ["<span class=\"wordlink\"><a href=\"dosearch.php?searchkey=14289&amp;language=id\"><span class=\"eastsyriac\">\u072b\u0718\u071d\u073c\u072c\u0735\u0710</span></a>, <a href=\"dosearch.php?searchkey=2807&amp;language=id\"><span class=\"eastsyriac\">\u0715\u0718\u073c\u071f\u072c\u0735\u0710 \u0715\u0715\u0721\u0735\u071f\u0742\u0735\u0710</span></a></span>"], "key": "2437", "west": "\u0713\u0722\u073d\u0718\u0722\u0733\u0710", "phonetic": "<td>' gnu: na</td>", "east": "\u0713\u0722\u0718\u073c\u0722\u0735\u0710"},
{"searchkey": "31090", "audio": [], "context": ["adjective"], "webrank": 60, "text": [" : 1) a bedroom ;\r\n2) shelter , a haven , a safe place ;\r\n3) SOS ;\r\n4) mercy , compassion ;\r\n5) ", " : same , related / connected / akin (?) ;\r\n6) an eye ;\r\n7) une personne , un individu ;"], "english": "<td>1) a bedroom ;\r\n2) shelter , a haven , a safe place ;\r\n3) SOS ;\r\n4) mercy , compassion ;\r\n5) <span class=\"context\">adjective</span> : same , related / connected / akin (?) ;\r\n6) an eye ;\r\n7) une personne , un individu ;</td>", "cf": ["<span class=\"wordlink\"><a href=\"dosearch.php?searchkey=2398&amp;language=id\"><span class=\"eastsyriac\">\u0713\u0735\u0722\u0735\u0710</span></a></span>", "<span class=\"wordlink\"><a href=\"dosearch.php?searchkey=14289&amp;language=id\"><span class=\"eastsyriac\">\u072b\u0718\u071d\u073c\u072c\u0735\u0710</span></a>, <a href=\"dosearch.php?searchkey=2437&amp;language=id\"><span class=\"eastsyriac\">\u0713\u0722\u0718\u073c\u0722\u0735\u0710</span></a>, <a href=\"dosearch.php?searchkey=7100&amp;language=id\"><span class=\"eastsyriac\">\u0721\u0732\u0713\u0722\u071d\u0735\u0710</span></a>, <a href=\"dosearch.php?searchkey=18122&amp;language=id\"><span class=\"eastsyriac\">\u0721\u0719\u0732\u0718\u0732\u0713\u072c\u0735\u0710</span></a>, <a href=\"dosearch.php?searchkey=100&amp;language=id\"><span class=\"eastsyriac\">\u0710\u0738\u0715\u072a\u0718\u073f\u0722\u0735\u0710</span></a>, <a href=\"dosearch.php?searchkey=31089&amp;language=id\"><span class=\"eastsyriac\">\u0710\u0735\u0718\u0735\u0722\u0735\u0710</span></a>, <a href=\"dosearch.php?searchkey=31090&amp;language=id\"><span class=\"eastsyriac\">\u0713\u0735\u0722\u0735\u0710</span></a>, <a href=\"dosearch.php?searchkey=31091&amp;language=id\"><span class=\"eastsyriac\">\u0712\u071d\u0739\u072c\u0742 \u0721\u0732\u0723\u072c\u072a\u0735\u0710</span></a>, <a href=\"dosearch.php?searchkey=16513&amp;language=id\"><span class=\"eastsyriac\">\u072c\u0735\u0718\u0735\u0722\u0735\u0710</span></a>, <a href=\"dosearch.php?searchkey=qayTonA%27&amp;language=fullsyriac\"><span class=\"eastsyriac\">\u0729\u0732\u071d\u071b\u0718\u073f\u0722\u0735\u0710</span></a>, <a href=\"dosearch.php?searchkey=7191&amp;language=id\"><span class=\"eastsyriac\">\u0721\u0732\u0715\u0721\u071f\u0742\u0735\u0710</span></a></span>"], "key": "31090", "west": "\u0713\u0733\u0722\u0733\u0710", "phonetic": "<td>' ga: na:</td>", "east": "\u0713\u0735\u0722\u0735\u0710"},
{"searchkey": "2403", "audio": [], "context": [], "webrank": 70, "text": [" : 1) thief , stealer"], "english": "<td>1) thief , stealer ;\r\n<span class=\"locution\"><span class=\"eastsyriac\">\u0721\u0735\u071a\u0739\u0710 \u0713\u0739\u0722\u0735\u0712\u0742\u0735\u0710</span></span> : to steal , to burglarize ;\r\n<span class=\"context\">Rh\u00e9tor\u00e9 ; <span class=\"locution\"><span class=\"eastsyriac\">\u0713\u0732\u0722\u0735\u0712\u0308\u0742\u0739\u0710 \u0710\u0735\u0722\u0732\u071d \u0715\u0726\u071d\u073c\u072b \u0720\u071d\u073c \u0721\u0718\u073c\u072b\u0720\u071a\u0735\u0710 \u0721\u0738\u0722\u0732\u071d</span></span></span> : the thieves by whom I was robbed / stripped ;\r\n<span class=\"context\">Rh\u00e9tor\u00e9 ; <span class=\"locution\"><span class=\"eastsyriac\">\u0710\u0747\u072c\u0742\u0739\u0710\u0720\u0732\u071d \u0713\u0732\u0722\u0735\u0308\u0712\u0742\u0739\u0710 \u072b\u0729\u071d\u073c\u0720\u0738\u0722\u0732\u071d \u0718\u0722\u0718\u073c\u0712\u0720\u0738\u0722\u0732\u071d \u0720\u0710\u0735\u0720\u0729\u0718\u073f\u072b \u0718\u0721\u0718\u073c\u072b\u072c\u0738\u0722\u0732\u071d \u0723\u0735\u0721\u0735\u0710</span></span></span> : thieves came, they took me, brought me to Al Qosh and made me drink poison ;\r\n2) <span class=\"field\">constellation</span> : <span class=\"locution\"><span class=\"eastsyriac\">\u0710\u0718\u073c\u072a\u071a\u0735\u0710 \u0715 \u0713\u0739\u0722\u0735\u0712\u0742\u0308\u0739\u0710</span></span> / <span class=\"locution\"><span class=\"eastsyriac\">\u0710\u0718\u073c\u072a\u071a\u0735\u0710 \u0715\u072c\u0738\u0712\u0742\u0722\u0735\u0710</span></span> : the Milky Way , \"the road of thieves\" / \"the road of chopped straw\" ;</td>", "cf": ["<span class=\"wordlink\"><a href=\"dosearch.php?searchkey=gnb&amp;language=fullsyriac\"><span class=\"eastsyriac\">\u0713\u0722\u0712</span></a>, <a href=\"dosearch.php?searchkey=2091&amp;language=id\"><span class=\"eastsyriac\">\u0713\u0718\u073c\u0722\u0735\u0712\u0742\u0735\u0710</span></a>, <a href=\"dosearch.php?searchkey=2405&amp;language=id\"><span class=\"eastsyriac\">\u0713\u0739\u0722\u0735\u0712\u0742\u0735\u0710\u071d\u073c\u072c</span></a>, <a href=\"dosearch.php?searchkey=34336&amp;language=id\"><span class=\"eastsyriac\">\u0721\u0713\u0732\u0722\u0712\u0742\u0735\u0710\u071d\u072c</span></a>, <a href=\"dosearch.php?searchkey=mganbLA%27&amp;language=fullsyriac\"><span class=\"eastsyriac\">\u0721\u0713\u0732\u0722\u0712\u0742\u0735\u0710</span></a>, <a href=\"dosearch.php?searchkey=34937&amp;language=id\"><span class=\"eastsyriac\">\u0713\u0738\u0722\u0712\u0738\u072c</span></a>, <a href=\"dosearch.php?searchkey=34938&amp;language=id\"><span class=\"eastsyriac\">\u0713\u0732\u0722\u0735\u0712\u0742\u0735\u0710</span></a>, <a href=\"dosearch.php?searchkey=19538&amp;language=id\"><span class=\"eastsyriac\">\u0713\u0732\u0722\u0735\u0712\u0742\u0718\u073c\u072c\u0735\u0710</span></a>, <a href=\"dosearch.php?searchkey=2407&amp;language=id\"><span class=\"eastsyriac\">\u0713\u0739\u0722\u0735\u0712\u0742\u0718\u073c\u072c\u0735\u0710</span></a>, <a href=\"dosearch.php?searchkey=34935&amp;language=id\"><span class=\"eastsyriac\">\u0721\u0713\u0732\u0722\u0712\u0742\u0718\u073c\u072c\u0735\u0710</span></a>, <a href=\"dosearch.php?searchkey=19538&amp;language=id\"><span class=\"eastsyriac\">\u0713\u0732\u0722\u0735\u0712\u0742\u0718\u073c\u072c\u0735\u0710</span></a>, <a href=\"dosearch.php?searchkey=2435&amp;language=id\"><span class=\"eastsyriac\">\u0713\u0722\u0718\u073c\u0712\u0742\u072c\u0735\u0710</span></a>, <a href=\"dosearch.php?searchkey=19576&amp;language=id\"><span class=\"eastsyriac\">\u0713\u0330\u0735\u0722\u0738\u0718</span></a>, <a href=\"dosearch.php?searchkey=2402&amp;language=id\"><span class=\"eastsyriac\">\u0713\u0722\u0735\u0712\u0742\u0735\u0710</span></a>, <a href=\"dosearch.php?searchkey=19539&amp;language=id\"><span class=\"eastsyriac\">\u0713\u0735\u0722\u0738\u0712\u0742</span></a>, <a href=\"dosearch.php?searchkey=32407&amp;language=id\"><span class=\"eastsyriac\">\u0710\u0718\u073c\u072a\u071a\u0735\u0710 \u0715\u0713\u0738\u0722\u0735\u0308\u0712\u0742\u0739\u0710</span></a></span>", "<span class=\"wordlink\"><a href=\"dosearch.php?searchkey=32380&amp;language=id\"><span class=\"eastsyriac\">\u0713\u0720\u0735\u072b\u0735\u0710</span></a></span>"], "key": "2403", "west": "\u0713\u0736\u0722\u0733\u0712\u0742\u0733\u0710", "phonetic": "<td>gi: ' na: va:</td>", "east": "\u0713\u0739\u0722\u0735\u0712\u0742\u0735\u0710"},
{"searchkey": "19499", "audio": [], "context": ["feminine of \u0713\u0720\u0718\u073c\u0720\u0722\u0735\u071d\u0735\u0710"], "webrank": 50, "text": [" : ", " : round , roundis , orbed , globular , oval , elliptical (?) ;"], "english": "<td><span class=\"context\">feminine of <a href=\"dosearch.php?searchkey=glulnAyA%27&amp;language=fullsyriac\"><span class=\"eastsyriac\">\u0713\u0720\u0718\u073c\u0720\u0722\u0735\u071d\u0735\u0710</span></a></span> : round , roundis , orbed , globular , oval , elliptical (?) ;</td>", "cf": ["<span class=\"wordlink\"><a href=\"dosearch.php?searchkey=19498&amp;language=id\"><span class=\"eastsyriac\">\u0713\u0720\u0718\u073c\u0720\u0722\u0735\u071d\u0735\u0710</span></a></span>", "<span class=\"wordlink\"><a href=\"dosearch.php?searchkey=bEctAnA%27&amp;language=fullsyriac\"><span class=\"eastsyriac\">\u0712\u0739\u0725\u072c\u0735\u0722\u0735\u0710</span></a>, <a href=\"dosearch.php?searchkey=bEctAnAyA%27&amp;language=fullsyriac\"><span class=\"eastsyriac\">\u0712\u0739\u0725\u072c\u0735\u0722\u0735\u071d\u0735\u0710</span></a></span>"], "key": "19499", "west": "\u0713\u0720\u073d\u0718\u0720\u0722\u0733\u071d\u072c\u0733\u0710", "phonetic": "<td>glu:l ' n\u00e9 ta:</td>", "east": "\u0713\u0720\u0718\u073c\u0720\u0722\u0735\u071d\u072c\u0735\u0710"},
{"searchkey": "2087", "audio": [], "context": ["see : \u0713\u0718\u073c\u0721\u072c\u0735\u0710 ;"], "webrank": 40, "text": [" : 1) shed , den , a structure usually open in front ;\r\n2) a slough , a quagmire (?) , a bog (?) , a quagmire (?) , a marsh (?) , a fen (?) , a quag (?) , the cast-off skin of a snake (?) , a sore (?) / bedsore (?) , "], "english": "<td>1) shed , den , a structure usually open in front ;\r\n2) a slough , a quagmire (?) , a bog (?) , a quagmire (?) , a marsh (?) , a fen (?) , a quag (?) , the cast-off skin of a snake (?) , a sore (?) / bedsore (?) , <span class=\"context\">see : <a href=\"dosearch.php?searchkey=gumtA%27&amp;language=fullsyriac\"><span class=\"eastsyriac\">\u0713\u0718\u073c\u0721\u072c\u0735\u0710</span></a> ;</span></td>", "cf": ["<span class=\"wordlink\"><a href=\"dosearch.php?searchkey=18788&amp;language=id\"><span class=\"eastsyriac\">\u0710\u0738\u0713\u0721\u0735\u0710</span></a>, <a href=\"dosearch.php?searchkey=18789&amp;language=id\"><span class=\"eastsyriac\">\u0713\u0718\u073c\u0721\u072c\u0735\u0710</span></a>, <a href=\"dosearch.php?searchkey=19058&amp;language=id\"><span class=\"eastsyriac\">\u0713\u0718\u073c\u0721\u072c\u0735\u0710</span></a>, <a href=\"dosearch.php?searchkey=18787&amp;language=id\"><span class=\"eastsyriac\">\u0713\u0738\u0710\u0721\u0735\u0710</span></a></span>", "<span class=\"wordlink\"><a href=\"dosearch.php?searchkey=14741&amp;language=id\"><span class=\"eastsyriac\">\u072b\u0738\u0720\u0718\u073c\u071a\u072c\u0735\u0710 \u0715\u071a\u0718\u073c\u0718\u0735\u0710</span></a></span>"], "key": "2087", "west": "\u0713\u073d\u0718\u0721\u072c\u0733\u0710", "phonetic": "<td>' gum ta:</td>", "east": "\u0713\u0718\u073c\u0721\u072c\u0735\u0710"},
{"searchkey": "2070", "audio": [], "context": ["Al Qosh", "Classical Syriac"], "webrank": 30, "text": [" : 1) a fold , a sheep-fold , a stable , a pen / a building in which animals (especially horses and cattle) are lodged and fed ;\r\n2) a hovel , a hut , a shanty ;\r\n3) ", " = \u071f\u0738\u0721\u0735\u0710 / \u071f\u0718\u073c\u0721\u0735\u0710 : a mouth ; ", " :  4) a kind of measure ; 5) a bean 2 Samuel 17:28"], "english": "<td>1) a fold , a sheep-fold , a stable , a pen / a building in which animals (especially horses and cattle) are lodged and fed ;\r\n2) a hovel , a hut , a shanty ;\r\n3) <span class=\"context\">Al Qosh</span> = <a href=\"dosearch.php?searchkey=kemA%27&amp;language=fullsyriac\"><span class=\"eastsyriac\">\u071f\u0738\u0721\u0735\u0710</span></a> / <a href=\"dosearch.php?searchkey=kumA%27&amp;language=fullsyriac\"><span class=\"eastsyriac\">\u071f\u0718\u073c\u0721\u0735\u0710</span></a> : a mouth ; <span class=\"context\">Classical Syriac</span> :  4) a kind of measure ; 5) a bean 2 Samuel 17:28 <span class=\"locution\"><span class=\"eastsyriac\">\u0729\u072a\u0712\u0718 \u0725\u072a\u0308\u0723\u072c\u0710 \u0718\u072c\u072b\u0308\u0718\u071d\u072c\u0710 \u0718\u0721\u0710\u0308\u0722\u0710 \u0715\u0726\u071a\u072a\u0710 \u0718\u071a\u0308\u071b\u0710 \u0718\u0723\u0725\u072a\u0308\u0710 \u0718\u0729\u0308\u0720\u071d\u072c\u0710 \u0718\u0729\u0721\u071a\u0710 \u0718\u0713\u0718\u0308\u0721\u0710 \u0718\u071b\u0720\u0726\u071a\u0308\u0710\u0702\r\n</span></span> :   brought bedding, metal bowls, ceramic vessels, wheat, barley, flour, roasted grain, beans, lentils,</td>", "cf": ["<span class=\"wordlink\"><a href=\"dosearch.php?searchkey=5802&amp;language=id\"><span class=\"eastsyriac\">\u071f\u0718\u073c\u0720\u0718\u073c\u071a\u072c\u0735\u0710</span></a>, <a href=\"dosearch.php?searchkey=5891&amp;language=id\"><span class=\"eastsyriac\">\u071f\u0718\u073c\u072a\u071a\u0735\u0710</span></a>, <a href=\"dosearch.php?searchkey=6357&amp;language=id\"><span class=\"eastsyriac\">\u071f\u0330\u0735\u072a\u0715\u0735\u0729</span></a>, <a href=\"dosearch.php?searchkey=10504&amp;language=id\"><span class=\"eastsyriac\">\u0725\u0732\u072a\u0719\u0735\u0720\u0735\u0710</span></a>, <a href=\"dosearch.php?searchkey=10627&amp;language=id\"><span class=\"eastsyriac\">\u0726\u0735\u0713\u0735\u0710</span></a>, <a href=\"dosearch.php?searchkey=265&amp;language=id\"><span class=\"eastsyriac\">\u0710\u0718\u073c\u072a\u071d\u0735\u0710</span></a>, <a href=\"dosearch.php?searchkey=9616&amp;language=id\"><span class=\"eastsyriac\">\u0723\u071b\u0732\u0712\u0720\u0735\u072a\u0735\u0710</span></a>, <a href=\"dosearch.php?searchkey=12828&amp;language=id\"><span class=\"eastsyriac\">\u0729\u0735\u0720\u0735\u071d\u071f\u0330\u0735\u0710</span></a>, <a href=\"dosearch.php?searchkey=27908&amp;language=id\"><span class=\"eastsyriac\">\u0712\u0739\u071d\u072c\u0742 \u072a\u0308\u0732\u071f\u0742\u072b\u0739\u0710</span></a>, <a href=\"dosearch.php?searchkey=28235&amp;language=id\"><span class=\"eastsyriac\">\u071f\u0738\u0712\u0720\u0735\u0710</span></a>, <a href=\"dosearch.php?searchkey=2495&amp;language=id\"><span class=\"eastsyriac\">\u071f\u0738\u0722\u0726\u0735\u0710</span></a>, <a href=\"dosearch.php?searchkey=5104&amp;language=id\"><span class=\"eastsyriac\">\u071b\u071d\u0735\u072a\u0735\u0710</span></a></span>"], "key": "2070", "west": "\u0713\u073d\u0718\u0721\u0733\u0710", "phonetic": "<td>' gu: ma:</td>", "east": "\u0713\u0718\u073c\u0721\u0735\u0710"},
{"searchkey": "2066", "audio": [], "context": [], "webrank": 20, "text": [" : a rosary , a bed of roses , a garden of roses , a place where roses grow ;"], "english": "<td>a rosary , a bed of roses , a garden of roses , a place where roses grow ;</td>", "cf": ["<span class=\"wordlink\"><a href=\"dosearch.php?searchkey=2062&amp;language=id\"><span class=\"eastsyriac\">\u0713\u0718\u073c\u0720\u0739\u0723\u072c\u0735\u0722</span></a></span>", "<span class=\"wordlink\"><a href=\"dosearch.php?searchkey=15441&amp;language=id\"><span class=\"eastsyriac\">\u072c\u0732\u0719\u0712\u071d\u073c\u0739\u0710</span></a>, <a href=\"dosearch.php?searchkey=15442&amp;language=id\"><span class=\"eastsyriac\">\u072c\u0732\u0723\u0712\u071d\u073c\u0739\u0710</span></a>, <a href=\"dosearch.php?searchkey=3642&amp;language=id\"><span class=\"eastsyriac\">\u0718\u0732\u072a\u0715\u071d\u073c\u0735\u0710</span></a></span>"], "key": "2066", "west": "\u0713\u073d\u0718\u0720\u072b\u0733\u0722", "phonetic": "<td>' gul \u0161an</td>", "east": "\u0713\u0718\u073c\u0720\u072b\u0735\u0722"},
{"searchkey": "25378", "audio": [], "context": ["see \u0715\u0732\u072a\u0713\u0718\u073c\u072b\u072c\u0735\u0710"], "webrank": 100, "text": [" : 1) a sheet / bedsheet ;\r\n2) a child's cradle , ", " ;"], "english": "<td>1) a sheet / bedsheet ;\r\n2) a child's cradle , <span class=\"context\">see <a href=\"dosearch.php?searchkey=dargujtA%27&amp;language=fullsyriac\"><span class=\"eastsyriac\">\u0715\u0732\u072a\u0713\u0718\u073c\u072b\u072c\u0735\u0710</span></a></span> ;</td>", "cf": ["<span class=\"wordlink\"><a href=\"dosearch.php?searchkey=2059&amp;language=id\"><span class=\"eastsyriac\">\u0713\u0330\u0718\u073c\u0720\u0720\u0739\u0710</span></a>, <a href=\"dosearch.php?searchkey=5916&amp;language=id\"><span class=\"eastsyriac\">\u071f\u0718\u073c\u072b\u0726\u0735\u0710</span></a>, <a href=\"dosearch.php?searchkey=7910&amp;language=id\"><span class=\"eastsyriac\">\u0721\u0735\u0720\u0735\u0726\u0735\u0710</span></a>, <a href=\"dosearch.php?searchkey=25379&amp;language=id\"><span class=\"eastsyriac\">\u0710\u0735\u0721\u0738\u0720\u0735\u0710</span></a></span>"], "key": "25378", "west": "\u0715\u073d\u0718\u0712\u0720\u0733\u0710", "phonetic": "<td>' du bla:</td>", "east": "\u0715\u0718\u073f\u0712\u0720\u0735\u0710"},
{"searchkey": "2062", "audio": [], "context": ["Rh\u00e9tor\u00e9"], "webrank": 10, "text": [" : 1) a place of roses , a rosary , a bed of roses , a garden of roses ;\r\n2) ", " : a copse , a hurst , a grove ;"], "english": "<td>1) a place of roses , a rosary , a bed of roses , a garden of roses ;\r\n2) <span class=\"context\">Rh\u00e9tor\u00e9</span> : a copse , a hurst , a grove ;</td>", "cf": ["<span class=\"wordlink\"><a href=\"dosearch.php?searchkey=2066&amp;language=id\"><span class=\"eastsyriac\">\u0713\u0718\u073c\u0720\u072b\u0735\u0722</span></a></span>", "<span class=\"wordlink\"><a href=\"dosearch.php?searchkey=15441&amp;language=id\"><span class=\"eastsyriac\">\u072c\u0732\u0719\u0712\u071d\u073c\u0739\u0710</span></a>, <a href=\"dosearch.php?searchkey=15442&amp;language=id\"><span class=\"eastsyriac\">\u072c\u0732\u0723\u0712\u071d\u073c\u0739\u0710</span></a>, <a href=\"dosearch.php?searchkey=3642&amp;language=id\"><span class=\"eastsyriac\">\u0718\u0732\u072a\u0715\u071d\u073c\u0735\u0710</span></a>, <a href=\"dosearch.php?searchkey=31324&amp;language=id\"><span class=\"eastsyriac\">\u072b\u0732\u0721\u0722\u0735\u0710</span></a>, <a href=\"dosearch.php?searchkey=1050&amp;language=id\"><span class=\"eastsyriac\">\u0712\u0718\u073c\u071b\u072c\u0735\u0710</span></a></span>"], "key": "2062", "west": "\u0713\u073d\u0718\u0720\u0736\u0723\u072c\u0733\u0722", "phonetic": "<td>gu:l ' li sta:n</td>", "east": "\u0713\u0718\u073c\u0720\u0738\u0723\u072c\u0735\u0722"},
{"searchkey": "33509", "audio": [], "context": [], "webrank": 90, "text": [" : taboo , prohibited / banned / proscribed / unlawful / interdicted ;"], "english": "<td>taboo , prohibited / banned / proscribed / unlawful / interdicted ;</td>", "cf": ["<span class=\"wordlink\"><a href=\"dosearch.php?searchkey=zgr&amp;language=fullsyriac\"><span class=\"eastsyriac\">\u0719\u0713\u072a</span></a>, <a href=\"dosearch.php?searchkey=34355&amp;language=id\"><span class=\"eastsyriac\">\u0719\u0713\u0742\u071d\u073c\u072a\u0735\u0710\u071d\u073c\u072c</span></a></span>", "<span class=\"wordlink\"><a href=\"dosearch.php?searchkey=32200&amp;language=id\"><span class=\"eastsyriac\">\u0726\u0723\u071d\u073c\u0723\u0735\u0710</span></a>, <a href=\"dosearch.php?searchkey=33510&amp;language=id\"><span class=\"eastsyriac\">\u071f\u0732\u0720\u071d\u0735\u0710</span></a>, <a href=\"dosearch.php?searchkey=33511&amp;language=id\"><span class=\"eastsyriac\">\u0721\u0732\u071a\u072a\u0721\u0735\u0710</span></a>, <a href=\"dosearch.php?searchkey=7616&amp;language=id\"><span class=\"eastsyriac\">\u0721\u0732\u071a\u072a\u0732\u0721\u072c\u0735\u0710</span></a>, <a href=\"dosearch.php?searchkey=33512&amp;language=id\"><span class=\"eastsyriac\">\u0721\u0718\u073c\u071a\u072a\u0738\u0721\u0735\u0710</span></a></span>"], "key": "33509", "west": "\u0719\u0713\u0742\u073a\u071d\u072a\u0733\u0710", "phonetic": "<td>' zghi: ra:</td>", "east": "\u0719\u0713\u0742\u071d\u073c\u072a\u0735\u0710"},
{"searchkey": "21122", "audio": [], "context": ["Matthew : 4, 21"], "webrank": 70, "text": [" : ", " : Zebedee ;"], "english": "<td><span class=\"context\">Matthew : 4, 21</span> : Zebedee ;</td>", "cf": ["<span class=\"wordlink\"><a href=\"dosearch.php?searchkey=21121&amp;language=id\"><span class=\"eastsyriac\">\u0719\u0732\u0712\u0742\u0715\u071d\u073c</span></a></span>"], "key": "21122", "west": "\u0719\u0730\u0712\u0742\u0715\u0730\u071d", "phonetic": "<td>' zo: d\u00e9</td>", "east": "\u0719\u0732\u0712\u0742\u0715\u0732\u071d"},
{"searchkey": "3682", "audio": [], "context": [], "webrank": 80, "text": [" : to litter , to scatter (straw, hay ...) on the ground especially as a bedding for animals , to use fertilizing substance for enriching the soil , to pollute (?)"], "english": "<td>to litter , to scatter (straw, hay ...) on the ground especially as a bedding for animals , to use fertilizing substance for enriching the soil , to pollute (?)</td>", "cf": [], "key": "3682", "west": "\u0719\u0730\u0712\u0720\u073d\u0718\u0722\u0736\u0710", "phonetic": "<td>zab ' lu: ni</td>", "east": "\u0719\u0732\u0712\u0720\u0718\u073c\u0722\u0739\u0710"},
{"searchkey": "20271", "audio": [], "context": ["past participle masculine of \u0715\u0735\u0721\u0738\u071f\u0742", "feminine"], "webrank": 40, "text": [" : ", " : in bed , asleep , abed , sleeping ;\r\n", " : \u0715\u0721\u071d\u073c\u071f\u0742\u072c\u0735\u0710 ;"], "english": "<td><span class=\"context\">past participle masculine of <a href=\"dosearch.php?searchkey=dAmekL&amp;language=fullsyriac\"><span class=\"eastsyriac\">\u0715\u0735\u0721\u0738\u071f\u0742</span></a></span> : in bed , asleep , abed , sleeping ;\r\n<span class=\"context\">feminine</span> : <a href=\"dosearch.php?searchkey=dmikLtA%27&amp;language=fullsyriac\"><span class=\"eastsyriac\">\u0715\u0721\u071d\u073c\u071f\u0742\u072c\u0735\u0710</span></a> ;</td>", "cf": [], "key": "20271", "west": "\u0715\u0721\u073a\u071d\u071f\u0742\u0733\u0710", "phonetic": "<td>' dmi: \u1e25a:</td>", "east": "\u0715\u0721\u071d\u073c\u071f\u0742\u0735\u0710"},
{"searchkey": "20270", "audio": [], "context": ["Rh\u00e9tor\u00e9"], "webrank": 60, "text": [" : 1) to go to bed , to get into bed , to lie down , to lie , to fall asleep ;\r\n"], "english": "<td>1) to go to bed , to get into bed , to lie down , to lie , to fall asleep ;\r\n<span class=\"context\">Rh\u00e9tor\u00e9 ; <span class=\"locution\"><span class=\"eastsyriac\"> \u0712\u071a\u0732\u072a\u072c\u0735\u0710 \u0717\u0732\u0721 \u0710\u0735\u0717\u0718\u073c \u0715\u0721\u071d\u073c\u071f\u0742 \u0720\u0739\u0717 \u072c\u0735\u0721\u0735\u0710 \u0717\u0738\u0720 \u0715\u0721\u0732\u072a\u0710\u0738\u072b\u071d\u073c \u0720\u0739\u0717 \u0710\u0747\u0722\u0735\u072b\u0308\u0739\u0710 \u071a\u0735\u0715\u0742\u0718\u073f\u072a\u0308\u0739\u0710</span></span></span> : finally he too fell asleep there, until passers-by woke him up ;\r\n2) to sleep , to be asleep ;\r\n<span class=\"locution\"><span class=\"eastsyriac\">\u0715\u0721\u071d\u073c\u071f\u0742 \u0720\u0735\u0717\u073f</span></span> : she slept / she has slept ;\r\n3) <span class=\"context\">metaphor</span> : to die , to pass away , to breathe one's last , <span class=\"context\">see <a href=\"dosearch.php?searchkey=mA%27et&amp;language=fullsyriac\"><span class=\"eastsyriac\">\u0721\u0735\u0710\u0738\u072c</span></a></span> ;\r\n4) <span class=\"context\">clock , mechanism, machine ...</span> : to stop ;\r\n<span class=\"context\">past participle</span> : <a href=\"dosearch.php?searchkey=dmikLA%27&amp;language=fullsyriac\"><span class=\"eastsyriac\">\u0715\u0721\u071d\u073c\u071f\u0742\u0735\u0710</span></a> / <a href=\"dosearch.php?searchkey=dmikLtA%27&amp;language=fullsyriac\"><span class=\"eastsyriac\">\u0715\u0721\u071d\u073c\u071f\u0742\u072c\u0735\u0710</span></a> : in bed , asleep , abed ; </td>", "cf": ["<span class=\"wordlink\"><a href=\"dosearch.php?searchkey=8465&amp;language=id\"><span class=\"eastsyriac\">\u0721\u0732\u072a\u0715\u0718\u073c\u072a\u0739\u0710</span></a>, <a href=\"dosearch.php?searchkey=9888&amp;language=id\"><span class=\"eastsyriac\">\u0723\u0729\u0735\u071b\u0735\u0710</span></a>, <a href=\"dosearch.php?searchkey=10071&amp;language=id\"><span class=\"eastsyriac\">\u0725\u0712\u0742\u0735\u072a\u072c\u0735\u0710</span></a>, <a href=\"dosearch.php?searchkey=10393&amp;language=id\"><span class=\"eastsyriac\">\u0725\u0722\u0735\u0715\u0735\u0710</span></a>, <a href=\"dosearch.php?searchkey=10974&amp;language=id\"><span class=\"eastsyriac\">\u0726\u0732\u072b\u071f\u0718\u073c\u0722\u0739\u0710</span></a>, <a href=\"dosearch.php?searchkey=23767&amp;language=id\"><span class=\"eastsyriac\">\u0721\u0732\u0715\u0721\u0738\u071f\u0742</span></a>, <a href=\"dosearch.php?searchkey=7191&amp;language=id\"><span class=\"eastsyriac\">\u0721\u0732\u0715\u0721\u071f\u0742\u0735\u0710</span></a></span>"], "key": "20270", "west": "\u0715\u0733\u0721\u0736\u071f\u0742", "phonetic": "<td>' da: mi\u1e25</td>", "east": "\u0715\u0735\u0721\u0738\u071f\u0742"},
{"searchkey": "21343", "audio": [], "context": ["adjective masculine and feminine", "see \u0719\u0739\u071d\u0720", "metaphor", "noun", "used by boys at play", "see \u071a\u0732\u0722\u0712\u0742\u0735\u0710"], "webrank": 100, "text": [" : 1) ", " : rubbed smooth , smoothened , ", " ;\r\n2) ", " : crafty , tricky ;\r\n3) ", " : a smooth knuckle-bone ", " , ", " ;"], "english": "<td>1) <span class=\"context\">adjective masculine and feminine</span> : rubbed smooth , smoothened , <span class=\"context\">see <a href=\"dosearch.php?searchkey=zEyl&amp;language=fullsyriac\"><span class=\"eastsyriac\">\u0719\u0739\u071d\u0720</span></a></span> ;\r\n2) <span class=\"context\">metaphor</span> : crafty , tricky ;\r\n3) <span class=\"context\">noun</span> : a smooth knuckle-bone <span class=\"context\">used by boys at play</span> , <span class=\"context\">see <a href=\"dosearch.php?searchkey=xanbLA%27&amp;language=fullsyriac\"><span class=\"eastsyriac\">\u071a\u0732\u0722\u0712\u0742\u0735\u0710</span></a></span> ;</td>", "cf": ["<span class=\"wordlink\"><a href=\"dosearch.php?searchkey=19332&amp;language=id\"><span class=\"eastsyriac\">\u0713\u0330\u0738\u0719\u0738\u071a</span></a></span>"], "key": "21343", "west": "\u0719\u0736\u0720\u0733\u0722", "phonetic": "<td>' zi: la:n</td>", "east": "\u0719\u0739\u0720\u0735\u0722"},
{"searchkey": "35910", "audio": [], "context": [], "webrank": 30, "text": [" : to be portrayed , to be described , to portray ;"], "english": "<td>to be portrayed , to be described , to portray ;</td>", "cf": [], "key": "35910", "west": "\u0715\u0721\u0718\u072c", "phonetic": "<td>da:mwe:t</td>", "east": "\u0715\u0721\u0718\u072c"},
{"searchkey": "23768", "audio": [], "context": ["Yoab Benjamin"], "webrank": 20, "text": [" : 1) a bed , a mattress ;\r\n2) ", " : a bedstead ;"], "english": "<td>1) a bed , a mattress ;\r\n2) <span class=\"context\">Yoab Benjamin</span> : a bedstead ;</td>", "cf": ["<span class=\"wordlink\"><a href=\"dosearch.php?searchkey=9777&amp;language=id\"><span class=\"eastsyriac\">\u0723\u0732\u0722\u0715\u0718\u073c\u0729\u0735\u0710 \u0715\u0721\u071d\u073c\u072c\u0735\u0710</span></a>, <a href=\"dosearch.php?searchkey=11622&amp;language=id\"><span class=\"eastsyriac\">\u072c\u0735\u0712\u0718\u073f\u072c</span></a>, <a href=\"dosearch.php?searchkey=6885&amp;language=id\"><span class=\"eastsyriac\">\u0720\u0732\u0729\u071b\u071d\u073c\u0729\u071d\u073c\u0722</span></a>, <a href=\"dosearch.php?searchkey=2264&amp;language=id\"><span class=\"eastsyriac\">\u0713\u0742\u0735\u0720\u0712\u0735\u071b\u072a\u0735\u0710</span></a>, <a href=\"dosearch.php?searchkey=2437&amp;language=id\"><span class=\"eastsyriac\">\u0713\u0722\u0718\u073c\u0722\u0735\u0710</span></a>, <a href=\"dosearch.php?searchkey=7100&amp;language=id\"><span class=\"eastsyriac\">\u0721\u0732\u0713\u0722\u071d\u0735\u0710</span></a>, <a href=\"dosearch.php?searchkey=7191&amp;language=id\"><span class=\"eastsyriac\">\u0721\u0732\u0715\u0721\u071f\u0742\u0735\u0710</span></a>, <a href=\"dosearch.php?searchkey=8619&amp;language=id\"><span class=\"eastsyriac\">\u0721\u0732\u072b\u071f\u0712\u0742\u0735\u0710</span></a>, <a href=\"dosearch.php?searchkey=10517&amp;language=id\"><span class=\"eastsyriac\">\u0725\u0732\u072a\u0723\u0735\u0710</span></a>, <a href=\"dosearch.php?searchkey=23769&amp;language=id\"><span class=\"eastsyriac\">\u0712\u0739\u071d\u072c\u0742 \u0721\u0732\u072b\u071f\u0712\u0742\u0735\u0710</span></a>, <a href=\"dosearch.php?searchkey=2807&amp;language=id\"><span class=\"eastsyriac\">\u0715\u0718\u073c\u071f\u072c\u0735\u0710 \u0715\u0715\u0721\u0735\u071f\u0742\u0735\u0710</span></a>, <a href=\"dosearch.php?searchkey=14289&amp;language=id\"><span class=\"eastsyriac\">\u072b\u0718\u071d\u073c\u072c\u0742\u0735\u0710</span></a>, <a href=\"dosearch.php?searchkey=17798&amp;language=id\"><span class=\"eastsyriac\">\u072c\u0738\u072b\u0718\u071d\u073c\u072c\u0742\u0735\u0710</span></a>, <a href=\"dosearch.php?searchkey=29447&amp;language=id\"><span class=\"eastsyriac\">\u0721\u0732\u072b\u072a\u0732\u0721\u072c\u0735\u0710</span></a>, <a href=\"dosearch.php?searchkey=29446&amp;language=id\"><span class=\"eastsyriac\">\u0721\u0732\u0715\u0721\u0748\u071f\u0742\u0735\u0710</span></a></span>"], "key": "23768", "west": "\u0715\u0730\u071d\u0715\u072a\u0733\u0710", "phonetic": "<td>' d\u00e9 dra:</td>", "east": "\u0715\u0732\u071d\u0715\u072a\u0735\u0710"},
{"searchkey": "2807", "audio": [], "context": [], "webrank": 10, "text": [" : a bed , bedding , a couch , a bunk , a place to sleep ;"], "english": "<td>a bed , bedding , a couch , a bunk , a place to sleep ;</td>", "cf": ["<span class=\"wordlink\"><a href=\"dosearch.php?searchkey=2800&amp;language=id\"><span class=\"eastsyriac\">\u0715\u0718\u073c\u071f\u0735\u0710</span></a>, <a href=\"dosearch.php?searchkey=20270&amp;language=id\"><span class=\"eastsyriac\">\u0715\u0735\u0721\u0738\u071f\u0742</span></a>, <a href=\"dosearch.php?searchkey=7191&amp;language=id\"><span class=\"eastsyriac\">\u0721\u0732\u0715\u0721\u071f\u0742\u0735\u0710</span></a>, <a href=\"dosearch.php?searchkey=23767&amp;language=id\"><span class=\"eastsyriac\">\u0721\u0732\u0715\u0721\u0738\u071f\u0742</span></a></span>", "<span class=\"wordlink\"><a href=\"dosearch.php?searchkey=14289&amp;language=id\"><span class=\"eastsyriac\">\u072b\u0718\u071d\u073c\u072c\u0735\u0710</span></a>, <a href=\"dosearch.php?searchkey=2437&amp;language=id\"><span class=\"eastsyriac\">\u0713\u0722\u0718\u073c\u0722\u0735\u0710</span></a>, <a href=\"dosearch.php?searchkey=7100&amp;language=id\"><span class=\"eastsyriac\">\u0721\u0732\u0713\u0722\u071d\u0735\u0710</span></a>, <a href=\"dosearch.php?searchkey=7191&amp;language=id\"><span class=\"eastsyriac\">\u0721\u0732\u0715\u0721\u071f\u0742\u0735\u0710</span></a>, <a href=\"dosearch.php?searchkey=8619&amp;language=id\"><span class=\"eastsyriac\">\u0721\u0732\u072b\u071f\u0712\u0742\u0735\u0710</span></a>, <a href=\"dosearch.php?searchkey=carsA%27&amp;language=fullsyriac\"><span class=\"eastsyriac\">\u0725\u0732\u072a\u0723\u0735\u0710</span></a>, <a href=\"dosearch.php?searchkey=daydrA%27&amp;language=fullsyriac\"><span class=\"eastsyriac\">\u0715\u0732\u071d\u0715\u072a\u0735\u0710</span></a>, <a href=\"dosearch.php?searchkey=bEytL+majkbLA%27&amp;language=fullsyriac\"><span class=\"eastsyriac\">\u0712\u0739\u071d\u072c\u0742 \u0721\u0732\u072b\u071f\u0712\u0742\u0735\u0710</span></a>, <a href=\"dosearch.php?searchkey=2807&amp;language=id\"><span class=\"eastsyriac\">\u0715\u0718\u073c\u071f\u072c\u0735\u0710 \u0715\u0715\u0721\u0735\u071f\u0742\u0735\u0710</span></a></span>"], "key": "2807", "west": "\u0715\u073d\u0718\u071f\u072c\u0733\u0710 \u0715\u0715\u0721\u0733\u071f\u0742\u0733\u0710", "phonetic": "<td>' duk tad d' ma: \u1e25a:</td>", "east": "\u0715\u0718\u073c\u071f\u072c\u0735\u0710 \u0715\u0715\u0721\u0735\u071f\u0742\u0735\u0710"},
{"searchkey": "20272", "audio": [], "context": ["feminine of \u0715\u0721\u071d\u073c\u071f\u0742\u0735\u0710"], "webrank": 50, "text": [" : ", " : in bed , abed , asleep , sleeping ;"], "english": "<td><span class=\"context\">feminine of <a href=\"dosearch.php?searchkey=dmikLA%27&amp;language=fullsyriac\"><span class=\"eastsyriac\">\u0715\u0721\u071d\u073c\u071f\u0742\u0735\u0710</span></a></span> : in bed , abed , asleep , sleeping ;</td>", "cf": ["<span class=\"wordlink\"><a href=\"dosearch.php?searchkey=20270&amp;language=id\"><span class=\"eastsyriac\">\u0715\u0735\u0721\u0738\u071f\u0742</span></a></span>"], "key": "20272", "west": "\u0715\u0721\u073a\u071d\u071f\u0742\u072c\u0733\u0710", "phonetic": "<td>' dmi\u1e25 ta:</td>", "east": "\u0715\u0721\u071d\u073c\u071f\u0742\u072c\u0735\u0710"}
]