[
{"searchkey": "24661", "audio": [], "context": ["foreign", "on behalf of the Government"], "webrank": 6, "text": [" : one whose duty it is to see to the entertainment of a ", " guest ", " ;"], "english": "<td>one whose duty it is to see to the entertainment of a <span class=\"context\">foreign</span> guest <span class=\"context\">on behalf of the Government</span> ;</td>", "cf": [], "key": "24661", "west": "\u0721\u0736\u0717\u0721\u0730\u0722\u0715\u0733\u072a", "phonetic": "<td>m\u00e9h ' man da:r</td>", "east": "\u0721\u0738\u0717\u0721\u0732\u0722\u0715\u0735\u072a"},
{"searchkey": "35286", "audio": [], "context": [], "webrank": 8, "text": [" : "], "english": "<td><span class=\"locution\"><span class=\"eastsyriac\">\u0721\u0732\u0729\u071d\u0718\u073c\u0721\u0739\u0721 \u0712\u071a\u0738\u0720\u0726\u0735\u0710 \u0715</span></span> : to surrogate , to represent , to act on behalf of ;</td>", "cf": ["<span class=\"wordlink\"><a href=\"dosearch.php?searchkey=qm&amp;language=fullsyriac\"><span class=\"eastsyriac\">\u0729\u0721</span></a>, <a href=\"dosearch.php?searchkey=26112&amp;language=id\"><span class=\"eastsyriac\">\u0721\u0732\u0729\u071d\u0738\u0721</span></a></span>"], "key": "35286", "west": "\u0721\u0730\u0729\u071d\u073d\u0718\u0721\u0736\u0710", "phonetic": "<td>ma ' qiu: m\u00e9</td>", "east": "\u0721\u0732\u0729\u071d\u0718\u073c\u0721\u0739\u0710"},
{"searchkey": "4445", "audio": [], "context": [], "webrank": 4, "text": [" : 1) a substitute , one taking the place of another\r\n2) on behalf of , in place of , instead of"], "english": "<td>1) a substitute , one taking the place of another\r\n2) on behalf of , in place of , instead of</td>", "cf": [], "key": "4445", "west": "\u071a\u0720\u0733\u0710\u0726\u0733\u0710", "phonetic": "<td>' \u1e25la: pa:</td>", "east": "\u071a\u0720\u0735\u0710\u0726\u0735\u0710"},
{"searchkey": "26111", "audio": [], "context": ["causative of \u0729\u0735\u0710\u0738\u0721", "from the dead ...", "someone"], "webrank": 9, "text": [" : 1) ", " : to cause to stand up , to raise ", " / to call back to life , to wake ", " up"], "english": "<td>1) <span class=\"context\">causative of <a href=\"dosearch.php?searchkey=qA%27em&amp;language=fullsyriac\"><span class=\"eastsyriac\">\u0729\u0735\u0710\u0738\u0721</span></a></span> : to cause to stand up , to raise <span class=\"context\">from the dead ...</span> / to call back to life , to wake <span class=\"context\">someone</span> up ;\r\n<span class=\"locution\"><span class=\"eastsyriac\">\u0721\u0732\u0729\u071d\u0738\u0721 \u0712\u071a\u0738\u0720\u0726\u0735\u0710 \u0715</span></span> : to surrogate , to represent , to take the place of / to act in the stead of / to act on behalf of ;\r\n2) <span class=\"context\">figurative sense</span> : to establish , to appoint , to set up , to to constitute / to institute , to make firm ;\r\n<span class=\"context\">Rh\u00e9tor\u00e9 ; <span class=\"locution\"><span class=\"eastsyriac\">\u0721\u0732\u0722\u071d\u073c \u071f\u0738\u0721\u0735\u0729\u0738\u0721 \u0720\u0718\u073f\u071f\u0742 \u0725\u0738\u0720\u0732\u0722 \u072a\u0739\u072b\u0735\u0710 \u0718\u0715\u0732\u071d\u0735\u0722\u0735\u0710</span></span></span> : who established / appointed you chief or judge over us ? ;\r\n3) to perform / to fulfill / to accomplish <span class=\"context\">a promise</span> ;\r\n4) to found , to institute , to set up , to organize , to set on foot , to appoint , to make , to place , to erect , to set up <span class=\"context\">a computer, a camera, a machine</span> (?) ;\r\n5) <span class=\"locution\"><span class=\"eastsyriac\">\u0721\u0732\u0729\u0738\u0721 \u071a\u0735\u0728\u0735\u0710 \u0715</span></span> : to defend ;\r\n6) <span class=\"context\">Luc : 2, 22</span> : <span class=\"locution\"><span class=\"eastsyriac\">\u0721\u0732\u0729\u0738\u0721 \u0729\u0735\u0715\u0747\u0721</span></span> : to present / to introduce <span class=\"context\">a person to someone</span> ;\r\n7) <span class=\"context\">trees, cattle ...</span> : to rear , to raise , to tend / to breed / to keep , to farm / to grow <span class=\"context\">transitive</span> / to produce / to cultivate , <span class=\"context\">children ?</span> : to raise / to rear / to educate / to foster / to bring up ;\r\n<span class=\"locution\"><span class=\"eastsyriac\">! \u0710\u0732\u0720\u0735\u0717\u0735\u0710 \u0721\u0732\u0729\u0738\u0721 \u0720\u0732\u071d \u0725\u0738\u0721 \u0712\u0735\u0712\u0735\u0710 \u0718\u071d\u0738\u0721\u0735\u0710</span></span> : May God have them grow with their father and mother ;\r\n8) <span class=\"context\">a command</span> : to keep , to obey , to perform , to carry out / to comply with ;</td>", "cf": ["<span class=\"wordlink\"><a href=\"dosearch.php?searchkey=qm&amp;language=fullsyriac\"><span class=\"eastsyriac\">\u0729\u0721</span></a>, <a href=\"dosearch.php?searchkey=8395&amp;language=id\"><span class=\"eastsyriac\">\u0721\u0732\u0729\u0718\u073c\u0721\u0739\u0710</span></a>, <a href=\"dosearch.php?searchkey=33701&amp;language=id\"><span class=\"eastsyriac\">\u0721\u0729\u0732\u071d\u0721\u0735\u0710</span></a>, <a href=\"dosearch.php?searchkey=maqyumE%27&amp;language=fullsyriac\"><span class=\"eastsyriac\">\u0721\u0732\u0729\u071d\u0718\u073c\u0721\u0739\u0710</span></a></span>", "<span class=\"wordlink\"><a href=\"dosearch.php?searchkey=25019&amp;language=id\"><span class=\"eastsyriac\">\u0721\u0722\u0732\u071a\u0738\u0721</span></a>, <a href=\"dosearch.php?searchkey=7535&amp;language=id\"><span class=\"eastsyriac\">\u0721\u0732\u071a\u0718\u073c\u071d\u0739\u0710</span></a>, <a href=\"dosearch.php?searchkey=15952&amp;language=id\"><span class=\"eastsyriac\">\u072c\u0732\u072a\u0723\u0718\u073c\u071d\u0739\u0710</span></a>, <a href=\"dosearch.php?searchkey=33843&amp;language=id\"><span class=\"eastsyriac\">\u0721\u0732\u072c\u0729\u0738\u0722</span></a>, <a href=\"dosearch.php?searchkey=33842&amp;language=id\"><span class=\"eastsyriac\">\u0715\u0735\u0721\u0739\u0723</span></a>, <a href=\"dosearch.php?searchkey=15277&amp;language=id\"><span class=\"eastsyriac\">\u072b\u0732\u072c\u0710\u0718\u073c\u0723\u0739\u0710</span></a></span>"], "key": "26111", "west": "\u0721\u0730\u0729\u0736\u0721", "phonetic": "<td>' ma qim</td>", "east": "\u0721\u0732\u0729\u0738\u0721"},
{"searchkey": "4512", "audio": [], "context": ["government, administration"], "webrank": 5, "text": [" : 1) instead , for , on behalf of , instead of , in the stead of , rather than (?) , in preference to (?) ;\r\n2) ", " : a future successor ;"], "english": "<td>1) instead , for , on behalf of , instead of , in the stead of , rather than (?) , in preference to (?) ;\r\n2) <span class=\"context\">government, administration</span> : a future successor ;</td>", "cf": ["<span class=\"wordlink\"><a href=\"dosearch.php?searchkey=17415&amp;language=id\"><span class=\"eastsyriac\">\u071a\u0720\u0726</span></a>, <a href=\"dosearch.php?searchkey=14523&amp;language=id\"><span class=\"eastsyriac\">\u072b\u0732\u071a\u0720\u0735\u0726\u072c\u0735\u0710</span></a>, <a href=\"dosearch.php?searchkey=14522&amp;language=id\"><span class=\"eastsyriac\">\u072b\u0732\u071a\u0720\u0718\u073c\u0726\u0739\u0710</span></a>, <a href=\"dosearch.php?searchkey=4515&amp;language=id\"><span class=\"eastsyriac\">\u071a\u0720\u0735\u0726\u0735\u0710</span></a>, <a href=\"dosearch.php?searchkey=14246&amp;language=id\"><span class=\"eastsyriac\">\u072b\u0718\u073c\u071a\u0720\u0735\u0726\u0735\u0710</span></a>, <a href=\"dosearch.php?searchkey=22078&amp;language=id\"><span class=\"eastsyriac\">\u0721\u0732\u071a\u0720\u0738\u0726</span></a>, <a href=\"dosearch.php?searchkey=22079&amp;language=id\"><span class=\"eastsyriac\">\u0721\u072b\u0732\u071a\u0720\u0738\u0726</span></a>, <a href=\"dosearch.php?searchkey=22077&amp;language=id\"><span class=\"eastsyriac\">\u071a\u0735\u0720\u0738\u0726</span></a>, <a href=\"dosearch.php?searchkey=33186&amp;language=id\"><span class=\"eastsyriac\">\u071a\u0720\u0735\u0726 \u072b\u0721\u0735\u0710 \u0725\u0735\u071b\u0718\u073f\u0726\u0735\u071d\u0735\u0710</span></a></span>", "<span class=\"wordlink\"><a href=\"dosearch.php?searchkey=14803&amp;language=id\"><span class=\"eastsyriac\">\u072b\u0735\u0720\u0735\u072b\u0735\u0710</span></a>, <a href=\"dosearch.php?searchkey=6978&amp;language=id\"><span class=\"eastsyriac\">\u0721\u0712\u0735\u0715\u0735\u0720</span></a>, <a href=\"dosearch.php?searchkey=21777&amp;language=id\"><span class=\"eastsyriac\">\u0721\u0738\u0722 \u0713\u0739\u0712\u0735\u0710 \u0715</span></a>, <a href=\"dosearch.php?searchkey=7034&amp;language=id\"><span class=\"eastsyriac\">\u0721\u0713\u0739\u0712</span></a>, <a href=\"dosearch.php?searchkey=31417&amp;language=id\"><span class=\"eastsyriac\">\u0721\u0712\u0732\u0715\u0732\u0720</span></a>, <a href=\"dosearch.php?searchkey=949&amp;language=id\"><span class=\"eastsyriac\">\u0712\u0715\u0718\u073c\u071f\u0735\u072c</span></a>, <a href=\"dosearch.php?searchkey=29463&amp;language=id\"><span class=\"eastsyriac\">\u0712\u072b\u0735\u0718\u0726</span></a></span>"], "key": "4512", "west": "\u071a\u0720\u0733\u0726", "phonetic": "<td>' \u1e25lap</td>", "east": "\u071a\u0720\u0735\u0726"},
{"searchkey": "31418", "audio": [], "context": [], "webrank": 7, "text": [" : in the stead of , instead of , on behalf of ;"], "english": "<td>in the stead of , instead of , on behalf of ;</td>", "cf": ["<span class=\"wordlink\"><a href=\"dosearch.php?searchkey=7034&amp;language=id\"><span class=\"eastsyriac\">\u0721\u0713\u0739\u0712</span></a>, <a href=\"dosearch.php?searchkey=mn+gEb&amp;language=fullsyriac\"><span class=\"eastsyriac\">\u0721\u0722 \u0713\u0739\u0712</span></a></span>", "<span class=\"wordlink\"><a href=\"dosearch.php?searchkey=949&amp;language=id\"><span class=\"eastsyriac\">\u0712\u0715\u0718\u073c\u071f\u0735\u072c</span></a>, <a href=\"dosearch.php?searchkey=29463&amp;language=id\"><span class=\"eastsyriac\">\u0712\u072b\u0735\u0718\u0726</span></a>, <a href=\"dosearch.php?searchkey=4512&amp;language=id\"><span class=\"eastsyriac\">\u071a\u0720\u0735\u0726</span></a>, <a href=\"dosearch.php?searchkey=31417&amp;language=id\"><span class=\"eastsyriac\">\u0721\u0712\u0732\u0715\u0732\u0720</span></a></span>"], "key": "31418", "west": "\u0721\u0736\u0722 \u0713\u0730\u0712\u0733\u0710", "phonetic": "<td>min ' ga ba:</td>", "east": "\u0721\u0738\u0722 \u0713\u0732\u0712\u0735\u0710"},
{"searchkey": "8898", "audio": [], "context": [], "webrank": 10, "text": [" : a deputy , one appointed as the substitute of another and empowered to act for him / in his name / on his behalf , a delegate , an agent ;"], "english": "<td>a deputy , one appointed as the substitute of another and empowered to act for him / in his name / on his behalf , a delegate , an agent ;</td>", "cf": ["<span class=\"wordlink\"><a href=\"dosearch.php?searchkey=pika%27ryA%27&amp;language=fullsyriac\"><span class=\"eastsyriac\">\u0726\u071d\u073c\u071f\u0732\u0710\u072a\u071d\u0735\u0710</span></a>, <a href=\"dosearch.php?searchkey=kadxudA%27&amp;language=fullsyriac\"><span class=\"eastsyriac\">\u071f\u0732\u0715\u071a\u0718\u073c\u0715\u0735\u0710</span></a>, <a href=\"dosearch.php?searchkey=kArozA%27&amp;language=fullsyriac\"><span class=\"eastsyriac\">\u071f\u0735\u072a\u0718\u073f\u0719\u0735\u0710</span></a></span>"], "key": "8898", "west": "\u0722\u0733\u0710\u071d\u0736\u0712", "phonetic": "<td>' na: yib</td>", "east": "\u0722\u0735\u0710\u071d\u0739\u0712"},
{"searchkey": "1789", "audio": [], "context": ["Oraham"], "webrank": 3, "text": [" : ", " : instead of , in the place of , in behalf of , at the behest of (?)"], "english": "<td><span class=\"context\">Oraham</span> : instead of , in the place of , in behalf of , at the behest of (?)</td>", "cf": ["<span class=\"wordlink\"><a href=\"dosearch.php?searchkey=29462&amp;language=id\"><span class=\"eastsyriac\">\u072b\u0735\u0718\u0726</span></a>, <a href=\"dosearch.php?searchkey=29463&amp;language=id\"><span class=\"eastsyriac\">\u0712\u072b\u0735\u0718\u0726</span></a></span>"], "key": "1789", "west": "\u0712\u072b\u0733\u0718\u0726\u0733\u0710\u0715", "phonetic": "<td>' b\u0161o: pa:d</td>", "east": "\u0712\u072b\u0735\u0718\u0726\u0735\u0710\u0715"},
{"searchkey": "158", "audio": ["./audio/entry158.mp3"], "context": [], "webrank": 1, "text": [" : 1) a good-augury , a good portent / omen , luck"], "english": "<td>1) a good-augury , a good portent / omen , luck ;\r\n<span class=\"locution\"><span class=\"eastsyriac\">\u0712\u0739\u0710 \u0710\u0735\u0718\u0713\u0742\u0718\u073c\u072a</span></span> : unfortunate , unlucky ; \r\n2) <span class=\"context\">preposition</span> : in the place of , instead of, in behalf of ;</td>", "cf": ["<span class=\"wordlink\"><a href=\"dosearch.php?searchkey=159&amp;language=id\"><span class=\"eastsyriac\">\u071a\u0718\u073f\u0720\u0735\u0726\u0735\u0710</span></a></span>"], "key": "158", "west": "\u0710\u0733\u0718\u0713\u0742\u073d\u0718\u072a", "phonetic": "<td>'o ghu:r</td>", "east": "\u0710\u0735\u0718\u0713\u0742\u0718\u073c\u072a"},
{"searchkey": "14879", "audio": [], "context": ["transitive verb : especially as a deacon ; see \u0721\u072b\u0735\u0721\u0738\u072b"], "webrank": 10, "text": [" : ", " : to serve , to work for , to labour in behalf of , to service for , to minister to , to wait upon , to attend to , to nurse -a sick person- (?) ;"], "english": "<td><span class=\"context\">transitive verb : especially as a deacon ; see <a href=\"dosearch.php?searchkey=mjAmej&amp;language=fullsyriac\"><span class=\"eastsyriac\">\u0721\u072b\u0735\u0721\u0738\u072b</span></a></span> : to serve , to work for , to labour in behalf of , to service for , to minister to , to wait upon , to attend to , to nurse -a sick person- (?) ;</td>", "cf": ["<span class=\"wordlink\"><a href=\"dosearch.php?searchkey=32012&amp;language=id\"><span class=\"eastsyriac\">\u072b\u0721\u072b</span></a>, <a href=\"dosearch.php?searchkey=14829&amp;language=id\"><span class=\"eastsyriac\">\u072b\u0735\u0721\u0718\u073f\u072b\u0739\u0710</span></a>, <a href=\"dosearch.php?searchkey=14880&amp;language=id\"><span class=\"eastsyriac\">\u072b\u0732\u0721\u0735\u072b\u0735\u0710</span></a>, <a href=\"dosearch.php?searchkey=13649&amp;language=id\"><span class=\"eastsyriac\">\u072a\u071d\u073c\u072b \u0721\u072b\u0732\u0721\u072b\u0735\u0722\u0308\u0739\u0710</span></a>, <a href=\"dosearch.php?searchkey=mjAmej&amp;language=fullsyriac\"><span class=\"eastsyriac\">\u0721\u072b\u0735\u0721\u0738\u072b</span></a>, <a href=\"dosearch.php?searchkey=15998&amp;language=id\"><span class=\"eastsyriac\">\u072c\u0738\u072b\u0721\u0738\u072b\u072c\u0735\u0710</span></a></span>"], "key": "14879", "west": "\u072b\u0721\u0733\u072b\u0733\u0710", "phonetic": "<td>' \u0161ma: \u0161a:</td>", "east": "\u072b\u0721\u0735\u072b\u0735\u0710"},
{"searchkey": "966", "audio": [], "context": [], "webrank": 2, "text": [" : instead , instead of , for the sake of , in behalf of , in the place of , on account of , because of ;"], "english": "<td>instead , instead of , for the sake of , in behalf of , in the place of , on account of , because of ;</td>", "cf": ["<span class=\"wordlink\"><a href=\"dosearch.php?searchkey=17519&amp;language=id\"><span class=\"eastsyriac\">\u0721\u0712\u0735\u0715\u0735\u0720 \u0715</span></a>, <a href=\"dosearch.php?searchkey=17537&amp;language=id\"><span class=\"eastsyriac\">\u0712\u0735\u0715\u0738\u0720</span></a>, <a href=\"dosearch.php?searchkey=17231&amp;language=id\"><span class=\"eastsyriac\">\u0712\u0715\u0735\u0720</span></a>, <a href=\"dosearch.php?searchkey=17538&amp;language=id\"><span class=\"eastsyriac\">\u0721\u0712\u0735\u0715\u0738\u0720</span></a>, <a href=\"dosearch.php?searchkey=31417&amp;language=id\"><span class=\"eastsyriac\">\u0721\u0712\u0732\u0715\u0732\u0720</span></a></span>", "<span class=\"wordlink\"><a href=\"dosearch.php?searchkey=17519&amp;language=id\"><span class=\"eastsyriac\">\u0721\u0712\u0735\u0715\u0735\u0720 \u0715</span></a></span>", "<span class=\"wordlink\"><a href=\"dosearch.php?searchkey=1018&amp;language=id\"><span class=\"eastsyriac\">\u0712\u0718\u073c\u0715</span></a>, <a href=\"dosearch.php?searchkey=21778&amp;language=id\"><span class=\"eastsyriac\">\u0721\u0738\u0722 \u071d\u0732\u0715\u0742</span></a>, <a href=\"dosearch.php?searchkey=20230&amp;language=id\"><span class=\"eastsyriac\">\u0721\u0729\u0735\u0715\u0747\u0721</span></a>, <a href=\"dosearch.php?searchkey=21779&amp;language=id\"><span class=\"eastsyriac\">\u0712\u0729\u0738\u0728\u0732\u072c\u0742</span></a>, <a href=\"dosearch.php?searchkey=24372&amp;language=id\"><span class=\"eastsyriac\">\u0729\u0738\u0728\u0732\u072c\u0742</span></a>, <a href=\"dosearch.php?searchkey=21780&amp;language=id\"><span class=\"eastsyriac\">\u0721\u0738\u0722 \u0729\u0738\u0728\u0732\u072c\u0742</span></a>, <a href=\"dosearch.php?searchkey=badam&amp;language=fullsyriac\"><span class=\"eastsyriac\">\u0712\u0732\u0715\u0732\u0721</span></a>, <a href=\"dosearch.php?searchkey=21782&amp;language=id\"><span class=\"eastsyriac\">\u0712\u0717\u0735\u071d\u073f \u0715</span></a>, <a href=\"dosearch.php?searchkey=24373&amp;language=id\"><span class=\"eastsyriac\">\u0725\u0732\u0720 \u0717\u0735\u071d\u073f \u0715</span></a>, <a href=\"dosearch.php?searchkey=21784&amp;language=id\"><span class=\"eastsyriac\">\u0712\u071d\u0732\u0715\u0742 \u0715</span></a>, <a href=\"dosearch.php?searchkey=21785&amp;language=id\"><span class=\"eastsyriac\">\u0725\u0732\u0720 \u0715</span></a>, <a href=\"dosearch.php?searchkey=949&amp;language=id\"><span class=\"eastsyriac\">\u0712\u0715\u0718\u073c\u071f\u0735\u072c</span></a>, <a href=\"dosearch.php?searchkey=29463&amp;language=id\"><span class=\"eastsyriac\">\u0712\u072b\u0735\u0718\u0726</span></a>, <a href=\"dosearch.php?searchkey=4512&amp;language=id\"><span class=\"eastsyriac\">\u071a\u0720\u0735\u0726</span></a></span>"], "key": "966", "west": "\u0712\u0733\u0715\u0733\u0720", "phonetic": "<td>ba: ' da:l</td>", "east": "\u0712\u0735\u0715\u0735\u0720"}
]