[
{"searchkey": "107", "audio": ["./audio/entry107.mp3"], "context": [], "webrank": 7, "text": [" : 1) a specific property , a sort / a quality , a kind , being of particular species ;\r\n2) a fashion , a mode , a style ;"], "english": "<td>1) a specific property , a sort / a quality , a kind , being of particular species ;\r\n2) a fashion , a mode , a style ;</td>", "cf": ["<span class=\"wordlink\"><a href=\"dosearch.php?searchkey=%27dj&amp;language=fullsyriac\"><span class=\"eastsyriac\">\u0710\u0715\u072b</span></a>, <a href=\"dosearch.php?searchkey=107&amp;language=id\"><span class=\"eastsyriac\">\u0710\u0735\u0715\u072b\u0735\u0722\u0735\u071d\u0718\u073c\u072c\u0735\u0710</span></a>, <a href=\"dosearch.php?searchkey=105&amp;language=id\"><span class=\"eastsyriac\">\u0710\u0735\u0715\u072b\u0735\u0710</span></a></span>", "<span class=\"wordlink\"><a href=\"dosearch.php?searchkey=15364&amp;language=id\"><span class=\"eastsyriac\">\u072c\u0735\u0717\u0735\u072a</span></a>, <a href=\"dosearch.php?searchkey=2151&amp;language=id\"><span class=\"eastsyriac\">\u0713\u0330\u0718\u073c\u072a\u072a\u0735\u0710</span></a>, <a href=\"dosearch.php?searchkey=15259&amp;language=id\"><span class=\"eastsyriac\">\u0710\u0735\u0728\u0720\u0735\u0710</span></a>, <a href=\"dosearch.php?searchkey=13387&amp;language=id\"><span class=\"eastsyriac\">\u072c\u0718\u073c\u071a\u0721\u0735\u0710</span></a>, <a href=\"dosearch.php?searchkey=105&amp;language=id\"><span class=\"eastsyriac\">\u0710\u0735\u0715\u072b\u0735\u0710</span></a>, <a href=\"dosearch.php?searchkey=2456&amp;language=id\"><span class=\"eastsyriac\">\u0713\u0330\u0739\u0722\u0723\u0735\u0710</span></a>, <a href=\"dosearch.php?searchkey=3885&amp;language=id\"><span class=\"eastsyriac\">\u0719\u0722\u0735\u0710</span></a>, <a href=\"dosearch.php?searchkey=2456&amp;language=id\"><span class=\"eastsyriac\">\u0713\u0738\u0722\u0723\u0735\u0710</span></a>, <a href=\"dosearch.php?searchkey=313&amp;language=id\"><span class=\"eastsyriac\">\u0710\u0732\u071d\u071f\u0732\u0722\u0735\u071d\u0718\u073c\u072c\u0735\u0710</span></a>, <a href=\"dosearch.php?searchkey=337&amp;language=id\"><span class=\"eastsyriac\">\u0710\u0732\u071d\u0722\u0735\u071d\u0718\u073c\u072c\u0735\u0710</span></a></span>"], "key": "107", "west": "\u0710\u0733\u0715\u072b\u0733\u0722\u0733\u071d\u073d\u0718\u072c\u0733\u0710", "phonetic": "<td>ad \u0161a: na: ' iu: ta:</td>", "east": "\u0710\u0735\u0715\u072b\u0735\u0722\u0735\u071d\u0718\u073c\u072c\u0735\u0710"},
{"searchkey": "104", "audio": [], "context": [], "webrank": 6, "text": [" : negligence , indifference , carelessness ; being unconcerned"], "english": "<td>negligence , indifference , carelessness ; being unconcerned</td>", "cf": ["<span class=\"wordlink\"><a href=\"dosearch.php?searchkey=%27dj&amp;language=fullsyriac\"><span class=\"eastsyriac\">\u0710\u0715\u072b</span></a>, <a href=\"dosearch.php?searchkey=34513&amp;language=id\"><span class=\"eastsyriac\">\u0721\u0732\u0715\u072b\u0735\u0722\u0735\u0710</span></a>, <a href=\"dosearch.php?searchkey=34505&amp;language=id\"><span class=\"eastsyriac\">\u0721\u0732\u0715\u072b\u0735\u0722\u0718\u073c\u072c\u0735\u0710</span></a></span>", "<span class=\"wordlink\"><a href=\"dosearch.php?searchkey=1495&amp;language=id\"><span class=\"eastsyriac\">\u0712\u0732\u0723\u071d\u0718\u073c\u072c\u0735\u0710</span></a>, <a href=\"dosearch.php?searchkey=34507&amp;language=id\"><span class=\"eastsyriac\">\u072c\u0718\u073c\u072a\u0735\u071f\u0742\u0735\u0710</span></a>, <a href=\"dosearch.php?searchkey=13825&amp;language=id\"><span class=\"eastsyriac\">\u072a\u0732\u0726\u071d\u0718\u073c\u072c\u0735\u0710</span></a>, <a href=\"dosearch.php?searchkey=34506&amp;language=id\"><span class=\"eastsyriac\">\u0712\u0739\u0710\u071a\u0732\u0721\u0718\u073c\u072c\u0735\u0710</span></a></span>"], "key": "104", "west": "\u0710\u0730\u0715\u072b\u0733\u0710", "phonetic": "<td>' ad \u0161a:</td>", "east": "\u0710\u0732\u0715\u072b\u0735\u0710"},
{"searchkey": "16020", "audio": [], "context": [], "webrank": 4, "text": [" : justice , fairness , justness , righteousness , impartiality , uprightness , the principle of rectitude and fair / just dealing of men with each other , the quality of being unbiased ;"], "english": "<td>justice , fairness , justness , righteousness , impartiality , uprightness , the principle of rectitude and fair / just dealing of men with each other , the quality of being unbiased ;</td>", "cf": ["<span class=\"wordlink\"><a href=\"dosearch.php?searchkey=10092&amp;language=id\"><span class=\"eastsyriac\">\u0725\u0735\u0715\u0735\u0710\u0720\u0732\u072c</span></a></span>", "<span class=\"wordlink\"><a href=\"dosearch.php?searchkey=12618&amp;language=id\"><span class=\"eastsyriac\">\u0729\u0718\u073c\u072b\u072c\u0735\u0710</span></a>, <a href=\"dosearch.php?searchkey=538&amp;language=id\"><span class=\"eastsyriac\">\u0710\u0738\u0722\u0728\u0735\u0726</span></a>, <a href=\"dosearch.php?searchkey=4673&amp;language=id\"><span class=\"eastsyriac\">\u071a\u0732\u0723\u071d\u0718\u073c\u072c\u0735\u0710</span></a>, <a href=\"dosearch.php?searchkey=5651&amp;language=id\"><span class=\"eastsyriac\">\u071f\u0739\u0710\u0722\u0718\u073c\u072c\u0735\u0710</span></a>, <a href=\"dosearch.php?searchkey=6207&amp;language=id\"><span class=\"eastsyriac\">\u071f\u0739\u0719\u0718\u073c\u072c\u0735\u0710</span></a></span>"], "key": "16020", "west": "\u0710\u0733\u0715\u0733\u0720\u0730\u072c", "phonetic": "<td>a: ' da: lat</td>", "east": "\u0710\u0735\u0715\u0735\u0720\u0732\u072c"},
{"searchkey": "101", "audio": ["./audio/entry101.mp3"], "context": [], "webrank": 5, "text": [" : 1) a statue , a full form of a living being sculptured out of a solid material ;\r\n2) a likeness ;"], "english": "<td>1) a statue , a full form of a living being sculptured out of a solid material ;\r\n2) a likeness ;</td>", "cf": ["<span class=\"wordlink\"><a href=\"dosearch.php?searchkey=11848&amp;language=id\"><span class=\"eastsyriac\">\u0728\u0718\u073c\u072a\u072c\u0735\u0710</span></a>, <a href=\"dosearch.php?searchkey=4909&amp;language=id\"><span class=\"eastsyriac\">\u071a\u0738\u072b\u0720\u072c\u0735\u0710</span></a>, <a href=\"dosearch.php?searchkey=5414&amp;language=id\"><span class=\"eastsyriac\">\u071d\u0718\u073c\u0729\u0722\u0735\u0710</span></a>, <a href=\"dosearch.php?searchkey=8752&amp;language=id\"><span class=\"eastsyriac\">\u0721\u0738\u072c\u071b\u0732\u0712\u0725\u0735\u0722\u0718\u073c\u072c\u0735\u0710</span></a>, <a href=\"dosearch.php?searchkey=11994&amp;language=id\"><span class=\"eastsyriac\">\u0728\u0732\u0720\u0721\u0735\u0710 \u0713\u0720\u071d\u073c\u0726\u0735\u0710</span></a>, <a href=\"dosearch.php?searchkey=12743&amp;language=id\"><span class=\"eastsyriac\">\u0729\u0735\u071d\u0738\u0721\u072c\u0735\u0710</span></a></span>"], "key": "101", "west": "\u0710\u0730\u0715\u072a\u071d\u0730\u0722\u071b\u0733\u0710", "phonetic": "<td>adr  ' ian ta</td>", "east": "\u0710\u0732\u0715\u072a\u071d\u0732\u0722\u071b\u0735\u0710"},
{"searchkey": "147", "audio": ["./audio/entry147.mp3"], "context": [], "webrank": 9, "text": [" : idiocy, foolishness, the state of being an idiot"], "english": "<td>idiocy, foolishness, the state of being an idiot</td>", "cf": [], "key": "147", "west": "\u0710\u0730\u0717\u0721\u0733\u0729\u073d\u0718\u072c\u0733\u0710", "phonetic": "<td>a: ma 'qu: ta</td>", "east": "\u0710\u0732\u0717\u0721\u0735\u0729\u0718\u073c\u072c\u0735\u0710"},
{"searchkey": "16011", "audio": [], "context": [], "webrank": 3, "text": [" : populous , not deserted , inhabited , being lived in , occupied , peopled ;"], "english": "<td>populous , not deserted , inhabited , being lived in , occupied , peopled ;</td>", "cf": ["<span class=\"wordlink\"><a href=\"dosearch.php?searchkey=10152&amp;language=id\"><span class=\"eastsyriac\">\u0710\u0735\u0712\u0742\u0735\u0710\u0715\u0747\u071d\u073c</span></a>, <a href=\"dosearch.php?searchkey=14&amp;language=id\"><span class=\"eastsyriac\">\u0710\u0735\u0712\u0735\u0710\u0715</span></a>, <a href=\"dosearch.php?searchkey=10153&amp;language=id\"><span class=\"eastsyriac\">\u0725\u0735\u0718\u0735\u071d</span></a></span>"], "key": "16011", "west": "\u0710\u0733\u0712\u0742\u0733\u071d", "phonetic": "<td>' a vai</td>", "east": "\u0710\u0735\u0712\u0742\u0735\u071d"},
{"searchkey": "10152", "audio": [], "context": [], "webrank": 1, "text": [" : populous , not deserted , inhabited , being lived in , occupied , peopled ;"], "english": "<td>populous , not deserted , inhabited , being lived in , occupied , peopled ;</td>", "cf": ["<span class=\"wordlink\"><a href=\"dosearch.php?searchkey=14&amp;language=id\"><span class=\"eastsyriac\">\u0710\u0735\u0712\u0735\u0710\u0715</span></a>, <a href=\"dosearch.php?searchkey=10153&amp;language=id\"><span class=\"eastsyriac\">\u0725\u0735\u0718\u0735\u071d</span></a>, <a href=\"dosearch.php?searchkey=16011&amp;language=id\"><span class=\"eastsyriac\">\u0710\u0735\u0712\u0742\u0735\u071d</span></a></span>"], "key": "10152", "west": "\u0710\u0733\u0712\u0742\u0733\u0710\u0715\u0747\u073a\u071d", "phonetic": "<td>a: ' va: i</td>", "east": "\u0710\u0735\u0712\u0742\u0735\u0710\u0715\u0747\u071d\u073c"},
{"searchkey": "21", "audio": ["./audio/entry21.mp3"], "context": [], "webrank": 2, "text": [" : eternality, state of being eternal, everlastingness"], "english": "<td>eternality, state of being eternal, everlastingness</td>", "cf": [], "key": "21", "west": "\u0710\u0733\u0712\u0733\u0715\u073a\u071d\u0722\u0733\u071d\u073d\u0718\u072c\u0733\u0710", "phonetic": "<td>A BA DI NA 'JU: TA</td>", "east": "\u0710\u0735\u0712\u0735\u0715\u071d\u073c\u0722\u0735\u071d\u0718\u073c\u072c\u0735\u0710"},
{"searchkey": "140", "audio": ["./audio/entry140.mp3"], "context": [], "webrank": 8, "text": [" : condition, state, circumstances, state or mode of being"], "english": "<td>condition, state, circumstances, state or mode of being ;\r\n<span class=\"locution\"><span class=\"eastsyriac\">\u0710\u0732\u0717\u0718\u0735\u0720 \u0715\u0729\u0735\u0710\u0739\u0721</span></span> : status quo ;</td>", "cf": ["<span class=\"wordlink\"><a href=\"dosearch.php?searchkey=21661&amp;language=id\"><span class=\"eastsyriac\">\u0710\u0732\u0717\u0718\u0735\u0720\u0732\u072c</span></a></span>", "<span class=\"wordlink\"><a href=\"dosearch.php?searchkey=21643&amp;language=id\"><span class=\"eastsyriac\">\u071a\u0718\u0732\u0719\u071d\u073c \u0715</span></a>, <a href=\"dosearch.php?searchkey=313&amp;language=id\"><span class=\"eastsyriac\">\u0710\u0732\u071d\u071f\u0732\u0722\u0735\u071d\u0718\u073c\u072c\u0735\u0710</span></a>, <a href=\"dosearch.php?searchkey=3418&amp;language=id\"><span class=\"eastsyriac\">\u0717\u071d\u0735\u071d\u0718\u073c\u072c\u0735\u0710</span></a>, <a href=\"dosearch.php?searchkey=23127&amp;language=id\"><span class=\"eastsyriac\">\u071f\u0735\u0717\u0732\u072a</span></a>, <a href=\"dosearch.php?searchkey=21660&amp;language=id\"><span class=\"eastsyriac\">\u071a\u0735\u0718\u0735\u0720</span></a>, <a href=\"dosearch.php?searchkey=8582&amp;language=id\"><span class=\"eastsyriac\">\u0721\u072b\u0718\u073c\u071a\u072c\u0735\u0710</span></a></span>"], "key": "140", "west": "\u0710\u0730\u0717\u0718\u0733\u0720", "phonetic": "<td>' a: wa:l</td>", "east": "\u0710\u0732\u0717\u0718\u0735\u0720"},
{"searchkey": "11976", "audio": [], "context": ["Oraham", "Rh\u00e9tor\u00e9"], "webrank": 100, "text": [" : 1) last , being after all the others , the latter , coming the last / final , ultimate , latter , ", " : coming later (?) / subsequent (?) ;\r\n"], "english": "<td>1) last , being after all the others , the latter , coming the last / final , ultimate , latter , <span class=\"context\">Oraham</span> : coming later (?) / subsequent (?) ;\r\n<span class=\"context\">Rh\u00e9tor\u00e9 ; <span class=\"locution\"><span class=\"eastsyriac\">\u071a\u0719\u0735\u0718 \u071d\u0735\u0710 \u0713\u0732\u0720\u0732\u0713 \u0723\u0718\u073c\u072a\u0308\u0735\u071d\u0735\u0710 \u0721\u0735\u0710 \u0712\u072a\u0739\u0710 \u0720\u0739\u0717 \u0721\u0726\u071d\u0308\u073c\u0718\u073f\u0719\u0722\u0735\u071d\u0739\u0710 \u0712\u0710\u0735\u0722\u071d\u073c \u0719\u0732\u0712\u0742\u0722\u0308\u0739\u0710 \u071a\u0732\u072a\u0308\u0735\u071d\u0739\u0710</span></span></span> : consider, all of you Assyrians, what happened to the people of Pioz in those latter times / look, all of you Assyrians, at what befell the people of Pioz in those latter times ;\r\n2) <span class=\"context\">feminine</span> : <a href=\"dosearch.php?searchkey=%27MxArAytA%27&amp;language=fullsyriac\"><span class=\"eastsyriac\">\u0710\u0747\u071a\u0735\u072a\u0735\u071d\u072c\u0735\u0710</span></a> : <span class=\"context\">adverb</span> : finally , in the end , <span class=\"context\">noun</span> : the end / the rear ;</td>", "cf": ["<span class=\"wordlink\"><a href=\"dosearch.php?searchkey=17135&amp;language=id\"><span class=\"eastsyriac\">\u0710\u0747\u071a\u0735\u072a\u0735\u071d\u072c\u0735\u0710</span></a>, <a href=\"dosearch.php?searchkey=20020&amp;language=id\"><span class=\"eastsyriac\">\u0710\u0747\u071a\u072a\u0735\u071d\u0732\u072c</span></a>, <a href=\"dosearch.php?searchkey=16575&amp;language=id\"><span class=\"eastsyriac\">\u0710\u0735\u071a\u0732\u072a</span></a>, <a href=\"dosearch.php?searchkey=20027&amp;language=id\"><span class=\"eastsyriac\">\u071a\u0732\u072a\u0735\u071d\u0718\u073c\u072c\u0742\u0735\u0710</span></a>, <a href=\"dosearch.php?searchkey=20028&amp;language=id\"><span class=\"eastsyriac\">\u0712\u071a\u0732\u072a\u0735\u071d\u0718\u073c\u072c\u0742\u0735\u0710</span></a>, <a href=\"dosearch.php?searchkey=22358&amp;language=id\"><span class=\"eastsyriac\">\u071a\u0732\u072a\u072c\u0742\u0735\u0710</span></a>, <a href=\"dosearch.php?searchkey=11977&amp;language=id\"><span class=\"eastsyriac\">\u0710\u0747\u071a\u0735\u072a\u0735\u071d\u0718\u073c\u072c\u0735\u0710</span></a>, <a href=\"dosearch.php?searchkey=31573&amp;language=id\"><span class=\"eastsyriac\">\u0712\u071a\u072a\u0735\u071d\u072c\u0742\u0735\u0710</span></a>, <a href=\"dosearch.php?searchkey=4874&amp;language=id\"><span class=\"eastsyriac\">\u071a\u0732\u072a\u072c\u0735\u0710</span></a>, <a href=\"dosearch.php?searchkey=22318&amp;language=id\"><span class=\"eastsyriac\">\u071a\u0735\u072a\u0735\u071d\u072c\u0735\u0710</span></a></span>", "<span class=\"wordlink\"><a href=\"dosearch.php?searchkey=17135&amp;language=id\"><span class=\"eastsyriac\">\u0710\u0747\u071a\u0735\u072a\u0735\u071d\u072c\u0735\u0710</span></a></span>", "<span class=\"wordlink\"><a href=\"dosearch.php?searchkey=22317&amp;language=id\"><span class=\"eastsyriac\">\u071a\u0735\u072a\u0735\u071d\u0735\u0710</span></a></span>", "<span class=\"wordlink\"><a href=\"dosearch.php?searchkey=22319&amp;language=id\"><span class=\"eastsyriac\">\u071a\u072a\u0735\u071d\u0739\u0720</span></a></span>", "<span class=\"wordlink\"><a href=\"dosearch.php?searchkey=15199&amp;language=id\"><span class=\"eastsyriac\">\u072c\u0718\u073c\u0712\u0742</span></a>, <a href=\"dosearch.php?searchkey=33517&amp;language=id\"><span class=\"eastsyriac\">\u071a\u0735\u072c\u0721\u0735\u0722\u072c\u0735\u0710</span></a>, <a href=\"dosearch.php?searchkey=33516&amp;language=id\"><span class=\"eastsyriac\">\u071a\u0735\u072c\u0721\u0735\u0722\u0735\u0710</span></a>, <a href=\"dosearch.php?searchkey=9701&amp;language=id\"><span class=\"eastsyriac\">\u0723\u0735\u071f\u0735\u0722\u0735\u071d\u0735\u0710</span></a></span>"], "key": "11976", "west": "\u0710\u0747\u071a\u0733\u072a\u0733\u071d\u0733\u0710", "phonetic": "<td>\u1e25a: ' ra: ia:</td>", "east": "\u0710\u0747\u071a\u0735\u072a\u0735\u071d\u0735\u0710"},
{"searchkey": "183", "audio": ["./audio/entry183.mp3"], "context": ["Yoab Benjamin", "Bailis Shamun", "see also \u0721\u0723\u0732\u0729\u0721\u0718\u073c\u072c\u0735\u0710"], "webrank": 90, "text": [" : 1) kinship , relationship , affinity , the state of being related , consanguinity / propinquity , a family face (?) / a family trait (?) / an air of family (?) ;\r\n2) ", " : uniformity ;\r\n3) ", " : ) a resemblance , likeness , a similarity , b) ", " : a ratio , a proportion , c) a reference ;"], "english": "<td>1) kinship , relationship , affinity , the state of being related , consanguinity / propinquity , a family face (?) / a family trait (?) / an air of family (?) ;\r\n2) <span class=\"context\">Yoab Benjamin</span> : uniformity ;\r\n3) <span class=\"context\">Bailis Shamun</span> : ) a resemblance , likeness , a similarity , b) <span class=\"context\">see also <a href=\"dosearch.php?searchkey=msaqmutA%27&amp;language=fullsyriac\"><span class=\"eastsyriac\">\u0721\u0723\u0732\u0729\u0721\u0718\u073c\u072c\u0735\u0710</span></a></span> : a ratio , a proportion , c) a reference ;</td>", "cf": ["<span class=\"wordlink\"><a href=\"dosearch.php?searchkey=%27x&amp;language=fullsyriac\"><span class=\"eastsyriac\">\u0710\u071a</span></a>, <a href=\"dosearch.php?searchkey=182&amp;language=id\"><span class=\"eastsyriac\">\u0710\u0747\u071a\u071d\u0735\u0722\u0735\u0710</span></a></span>", "<span class=\"wordlink\"><a href=\"dosearch.php?searchkey=21835&amp;language=id\"><span class=\"eastsyriac\">\u071a\u0738\u0719\u0721\u0718\u073c\u072c\u0742\u0735\u0710</span></a></span>", "<span class=\"wordlink\"><a href=\"dosearch.php?searchkey=21834&amp;language=id\"><span class=\"eastsyriac\">\u071a\u0738\u0719\u0721\u0735\u071d\u0718\u073c\u072c\u0735\u0710</span></a></span>", "<span class=\"wordlink\"><a href=\"dosearch.php?searchkey=21836&amp;language=id\"><span class=\"eastsyriac\">\u071a\u0738\u0719\u0721\u0735\u071d\u071d\u073c</span></a></span>", "<span class=\"wordlink\"><a href=\"dosearch.php?searchkey=21837&amp;language=id\"><span class=\"eastsyriac\">\u071a\u0738\u0719\u0721\u0732\u071d\u071d\u0735\u072c</span></a></span>", "<span class=\"wordlink\"><a href=\"dosearch.php?searchkey=3069&amp;language=id\"><span class=\"eastsyriac\">\u0715\u0735\u0721\u071d\u0718\u073c\u072c\u0735\u0710</span></a>, <a href=\"dosearch.php?searchkey=7189&amp;language=id\"><span class=\"eastsyriac\">\u0721\u0715\u0732\u0721\u071d\u0735\u0722\u0718\u073c\u072c\u0735\u0710</span></a>, <a href=\"dosearch.php?searchkey=2826&amp;language=id\"><span class=\"eastsyriac\">\u0715\u0718\u073c\u0721\u071d\u0735\u0710</span></a>, <a href=\"dosearch.php?searchkey=10691&amp;language=id\"><span class=\"eastsyriac\">\u0726\u0718\u073c\u071a\u0735\u0721\u0735\u0710</span></a>, <a href=\"dosearch.php?searchkey=3063&amp;language=id\"><span class=\"eastsyriac\">\u0715\u0721\u0718\u073c\u072c\u0735\u0710</span></a>, <a href=\"dosearch.php?searchkey=9387&amp;language=id\"><span class=\"eastsyriac\">\u0723\u0738\u0712\u0742\u0717\u0735\u0710</span></a>, <a href=\"dosearch.php?searchkey=20016&amp;language=id\"><span class=\"eastsyriac\">\u0723\u0732\u0712\u0742\u0717\u0718\u073c\u072c\u0735\u0710</span></a>, <a href=\"dosearch.php?searchkey=21585&amp;language=id\"><span class=\"eastsyriac\">\u0721\u071a\u0735\u071d\u0722\u0718\u073c\u072c\u0735\u0710</span></a>, <a href=\"dosearch.php?searchkey=21584&amp;language=id\"><span class=\"eastsyriac\">\u0715\u0732\u072a\u072b\u0718\u073c\u072c\u0735\u0710</span></a></span>"], "key": "183", "west": "\u0710\u0747\u071a\u071d\u0733\u0722\u073d\u0718\u072c\u0733\u0710", "phonetic": "<td>\u1e25ia ' nu: ta:</td>", "east": "\u0710\u0747\u071a\u071d\u0735\u0722\u0718\u073c\u072c\u0735\u0710"},
{"searchkey": "128", "audio": ["./audio/entry128.mp3"], "context": [], "webrank": 70, "text": [" : 1) an annoyance , the act of giving trouble / causing vexation or discomfort ;\r\n2) the state of being annoyed ; \r\n3) a disturbance , a molestation ;"], "english": "<td>1) an annoyance , the act of giving trouble / causing vexation or discomfort ;\r\n2) the state of being annoyed ; \r\n3) a disturbance , a molestation ;</td>", "cf": ["<span class=\"wordlink\"><a href=\"dosearch.php?searchkey=17472&amp;language=id\"><span class=\"eastsyriac\">\u071d\u0717\u0712</span></a>, <a href=\"dosearch.php?searchkey=5364&amp;language=id\"><span class=\"eastsyriac\">\u071d\u0717\u0735\u0712\u0742\u0735\u0710</span></a>, <a href=\"dosearch.php?searchkey=14703&amp;language=id\"><span class=\"eastsyriac\">\u071d\u0732\u0717\u0712\u0742\u0735\u0710</span></a>, <a href=\"dosearch.php?searchkey=5365&amp;language=id\"><span class=\"eastsyriac\">\u071d\u0732\u0717\u0712\u0742\u0735\u0710 \u072b\u0729\u0735\u0720\u0735\u0710</span></a>, <a href=\"dosearch.php?searchkey=5368&amp;language=id\"><span class=\"eastsyriac\">\u071d\u0732\u0717\u0712\u0742\u0735\u0720\u072c\u0735\u0710</span></a>, <a href=\"dosearch.php?searchkey=5369&amp;language=id\"><span class=\"eastsyriac\">\u071d\u0732\u0717\u0712\u0742\u0720\u072c\u0735\u0710 \u0715\u0720\u0738\u0712\u0735\u0710</span></a>, <a href=\"dosearch.php?searchkey=5370&amp;language=id\"><span class=\"eastsyriac\">\u071d\u0732\u0717\u0712\u0742\u0735\u0720\u072c\u0735\u0710 \u0715\u0726\u0735\u072c\u0735\u0710</span></a>, <a href=\"dosearch.php?searchkey=5366&amp;language=id\"><span class=\"eastsyriac\">\u071d\u0732\u0717\u0712\u0742\u0735\u0722\u0735\u0710</span></a>, <a href=\"dosearch.php?searchkey=5367&amp;language=id\"><span class=\"eastsyriac\">\u071d\u0732\u0717\u0712\u0742\u0735\u0722\u0735\u0710 \u0715\u0715\u0732\u071d\u0722\u0735\u0710</span></a>, <a href=\"dosearch.php?searchkey=5371&amp;language=id\"><span class=\"eastsyriac\">\u071d\u0732\u0717\u0712\u0742\u072b\u0718\u0718\u073c\u0715\u0735\u0725\u0735\u0710</span></a>, <a href=\"dosearch.php?searchkey=5372&amp;language=id\"><span class=\"eastsyriac\">\u071d\u0732\u0717\u0712\u0742\u072b\u0720\u0735\u0721\u0735\u0710</span></a></span>", "<span class=\"wordlink\"><a href=\"dosearch.php?searchkey=14100&amp;language=id\"><span class=\"eastsyriac\">\u072b\u0713\u0742\u071d\u073c\u072b\u0718\u073c\u072c\u0735\u0710</span></a>, <a href=\"dosearch.php?searchkey=15554&amp;language=id\"><span class=\"eastsyriac\">\u072c\u071f\u0742\u071d\u073c\u072b\u0718\u073c\u072c\u0735\u0710</span></a>, <a href=\"dosearch.php?searchkey=1028&amp;language=id\"><span class=\"eastsyriac\">\u0712\u0718\u073c\u0717\u0735\u0712\u0742\u0735\u0710</span></a>, <a href=\"dosearch.php?searchkey=6527&amp;language=id\"><span class=\"eastsyriac\">\u071f\u072c\u071d\u073c\u072b\u0718\u073c\u072c\u0735\u0710</span></a>, <a href=\"dosearch.php?searchkey=6977&amp;language=id\"><span class=\"eastsyriac\">\u0721\u0712\u0732\u0715\u0712\u0715\u0735\u0722\u0718\u073c\u072c\u0735\u0710</span></a>, <a href=\"dosearch.php?searchkey=7685&amp;language=id\"><span class=\"eastsyriac\">\u0721\u071b\u0732\u072a\u0726\u0718\u073c\u072c\u0735\u0710</span></a>, <a href=\"dosearch.php?searchkey=13452&amp;language=id\"><span class=\"eastsyriac\">\u072a\u0717\u071d\u073c\u0712\u0742\u0718\u073c\u072c\u0735\u0710</span></a></span>"], "key": "128", "west": "\u0710\u0733\u0719\u071d\u0733\u072c \u071d\u0733\u0717\u0712\u0742\u0733\u0720\u072c\u0733\u0710", "phonetic": "<td>az ' iat  ia ' val  ta</td>", "east": "\u0710\u0735\u0719\u071d\u0735\u072c \u071d\u0735\u0717\u0712\u0742\u0735\u0720\u072c\u0735\u0710"},
{"searchkey": "17118", "audio": [], "context": [], "webrank": 60, "text": [" : masculinity , manhood , being a stallion ;"], "english": "<td>masculinity , manhood , being a stallion ;</td>", "cf": ["<span class=\"wordlink\"><a href=\"dosearch.php?searchkey=261&amp;language=id\"><span class=\"eastsyriac\">\u0710\u0718\u073c\u072a\u0719\u0735\u0710</span></a></span>", "<span class=\"wordlink\"><a href=\"dosearch.php?searchkey=12730&amp;language=id\"><span class=\"eastsyriac\">\u0729\u071d\u073c\u0720\u0718\u073f\u0722\u0735\u0710</span></a>, <a href=\"dosearch.php?searchkey=1753&amp;language=id\"><span class=\"eastsyriac\">\u0712\u0739\u072a\u0721\u0735\u0710</span></a>, <a href=\"dosearch.php?searchkey=9537&amp;language=id\"><span class=\"eastsyriac\">\u0723\u0718\u073c\u0723\u0735\u0710</span></a>, <a href=\"dosearch.php?searchkey=9542&amp;language=id\"><span class=\"eastsyriac\">\u0717\u0718\u073c\u0723\u072c\u0735\u0710</span></a>, <a href=\"dosearch.php?searchkey=13703&amp;language=id\"><span class=\"eastsyriac\">\u072a\u0732\u071f\u072b\u0735\u0710</span></a>, <a href=\"dosearch.php?searchkey=13704&amp;language=id\"><span class=\"eastsyriac\">\u072a\u0732\u071f\u072b\u072c\u0735\u0710</span></a>, <a href=\"dosearch.php?searchkey=5321&amp;language=id\"><span class=\"eastsyriac\">\u071d\u0735\u0710\u0712\u071d\u073c</span></a>, <a href=\"dosearch.php?searchkey=paxlA%27&amp;language=fullsyriac\"><span class=\"eastsyriac\">\u0726\u0732\u071a\u0720\u0735\u0710</span></a>, <a href=\"dosearch.php?searchkey=109&amp;language=id\"><span class=\"eastsyriac\">\u0710\u0718\u073f\u072b\u0722\u0735\u0710</span></a></span>"], "key": "17118", "west": "\u0710\u073d\u0718\u072a\u0719\u0733\u071d\u073d\u0718\u072c\u0733\u0710", "phonetic": "<td>ur za: ' iu: ta:</td>", "east": "\u0710\u0718\u073c\u072a\u0719\u0735\u071d\u0718\u073c\u072c\u0735\u0710"},
{"searchkey": "221", "audio": ["./audio/entry221.mp3"], "context": [], "webrank": 50, "text": [" : 1) nationalism , the state of being national or united as a people"], "english": "<td>1) nationalism , the state of being national or united as a people ;\r\n<span class=\"locution\"><span class=\"eastsyriac\">\u072a\u0735\u0712\u0735\u0710 \u0710\u0718\u073c\u0721\u072c\u0735\u0722\u0735\u071d\u0718\u073c\u072c\u0735\u0710</span></span> / <a href=\"dosearch.php?searchkey=melAtAyA%27&amp;language=fullsyriac\"><span class=\"eastsyriac\">\u0721\u0738\u0720\u0735\u072c\u0735\u071d\u0735\u0710</span></a> : ultra-nationalism / national chauvinism ;\r\n2) unity of a nation ;</td>", "cf": ["<span class=\"wordlink\"><a href=\"dosearch.php?searchkey=%27m%27&amp;language=fullsyriac\"><span class=\"eastsyriac\">\u0710\u0721\u0710</span></a>, <a href=\"dosearch.php?searchkey=219&amp;language=id\"><span class=\"eastsyriac\">\u0710\u0718\u073c\u0721\u072c\u0742\u0735\u0710</span></a></span>", "<span class=\"wordlink\"><a href=\"dosearch.php?searchkey=34897&amp;language=id\"><span class=\"eastsyriac\">\u0710\u0732\u072c\u072a\u0735\u0722\u0735\u071d\u0718\u073c\u072c\u0735\u0710</span></a></span>"], "key": "221", "west": "\u0710\u073d\u0718\u0721\u072c\u0733\u0722\u0733\u071d\u073d\u0718\u072c\u0733\u0710", "phonetic": "<td>u:m ta: na: ' iu: ta:</td>", "east": "\u0710\u0718\u073c\u0721\u072c\u0735\u0722\u0735\u071d\u0718\u073c\u072c\u0735\u0710"},
{"searchkey": "13910", "audio": [], "context": [], "webrank": 40, "text": [" : 1) topsy-turvy , upside down , being in an inverted position ;\r\n2) endways , endwise ; = \u072b\u0718\u073c\u072c\u072c\u0735\u0710 ;\r\n3) the top of the hip-bone , the haunch ;"], "english": "<td>1) topsy-turvy , upside down , being in an inverted position ;\r\n2) endways , endwise ; = <a href=\"dosearch.php?searchkey=juttA%27&amp;language=fullsyriac\"><span class=\"eastsyriac\">\u072b\u0718\u073c\u072c\u072c\u0735\u0710</span></a> ;\r\n3) the top of the hip-bone , the haunch ;</td>", "cf": ["<span class=\"wordlink\"><a href=\"dosearch.php?searchkey=10349&amp;language=id\"><span class=\"eastsyriac\">\u0725\u0732\u0721\u0712\u0735\u0710</span></a>, <a href=\"dosearch.php?searchkey=204&amp;language=id\"><span class=\"eastsyriac\">\u0725\u0732\u0721\u0712\u0735\u0710</span></a></span>", "<span class=\"wordlink\"><a href=\"dosearch.php?searchkey=27689&amp;language=id\"><span class=\"eastsyriac\">\u0725\u0718\u073c\u0722\u0712\u0735\u0710</span></a></span>", "<span class=\"wordlink\"><a href=\"dosearch.php?searchkey=13907&amp;language=id\"><span class=\"eastsyriac\">\u072a\u0739\u072b\u0735\u0710 \u071a\u072c\u0735\u071d\u0735\u0710</span></a>, <a href=\"dosearch.php?searchkey=13908&amp;language=id\"><span class=\"eastsyriac\">\u072a\u0739\u072b\u0735\u0710 \u072a\u0739\u072b\u0732\u071a\u072c\u0735\u0710</span></a>, <a href=\"dosearch.php?searchkey=13659&amp;language=id\"><span class=\"eastsyriac\">\u072a\u071d\u073c\u072b\u0735\u0710 \u071a\u072c\u0735\u0710</span></a>, <a href=\"dosearch.php?searchkey=10321&amp;language=id\"><span class=\"eastsyriac\">\u0725\u0738\u0720\u0739\u0720 \u0710\u0738\u0720\u072c\u0739\u071a\u072c</span></a>, <a href=\"dosearch.php?searchkey=1439&amp;language=id\"><span class=\"eastsyriac\">\u0712\u0732\u0720\u0729\u0718\u073c\u0712\u0720</span></a>, <a href=\"dosearch.php?searchkey=1759&amp;language=id\"><span class=\"eastsyriac\">\u0712\u0735\u072a\u0725\u0732\u071f\u0723</span></a>, <a href=\"dosearch.php?searchkey=10322&amp;language=id\"><span class=\"eastsyriac\">\u072c\u0732\u071a\u072c</span></a>, <a href=\"dosearch.php?searchkey=13908&amp;language=id\"><span class=\"eastsyriac\">\u072a\u0739\u072b\u0735\u0710 \u072a\u0739\u072b\u0732\u071a\u072c\u0735\u0710</span></a>, <a href=\"dosearch.php?searchkey=15951&amp;language=id\"><span class=\"eastsyriac\">\u072c\u0732\u072a\u0723\u0735\u0710</span></a>, <a href=\"dosearch.php?searchkey=13659&amp;language=id\"><span class=\"eastsyriac\">\u072a\u071d\u073c\u072b\u0735\u0710 \u071a\u072c\u0735\u0710</span></a>, <a href=\"dosearch.php?searchkey=10296&amp;language=id\"><span class=\"eastsyriac\">\u0725\u0732\u071f\u0723\u071d\u073c\u0710</span></a>, <a href=\"dosearch.php?searchkey=12407&amp;language=id\"><span class=\"eastsyriac\">\u0720\u0729\u0718\u073c\u0712\u0742\u0720\u0735\u071d\u0735\u0710</span></a>, <a href=\"dosearch.php?searchkey=14500&amp;language=id\"><span class=\"eastsyriac\">\u072b\u0718\u073c\u072c\u072c\u0735\u0710</span></a></span>"], "key": "13910", "west": "\u0710\u073d\u0718\u0721\u0712\u0733\u0710", "phonetic": "<td>' um ba:</td>", "east": "\u0710\u0718\u073c\u0721\u0712\u0735\u0710"},
{"searchkey": "32659", "audio": [], "context": ["Eastern Syriac Vernacular / Sureth"], "webrank": 30, "text": [" : 1) ", " : a Federation , federation"], "english": "<td>1) <span class=\"context\">Eastern Syriac Vernacular / Sureth</span> : a Federation , federation ;\r\n<span class=\"locution\"><span class=\"eastsyriac\">\u072b\u0718\u073c\u0720\u071b\u0735\u0722\u0735\u0710 \u0715\u0710\u0735\u0718\u071d\u0718\u073c\u072c\u0735\u0710</span></span> : \u073bthe Federal government ;\r\n2) <span class=\"context\">Classical Syriac</span> : harmony , agreement , community , fellowship / comradeship / camaraderie , unity , union , togetherness , solidarity (?) ;\r\n<span class=\"locution\"><span class=\"eastsyriac\">\u0710\u0735\u0718\u071d\u0718\u073c\u072c\u0735\u0710 \u072c\u0732\u0713\u0735\u072a\u0718\u073c\u072c\u0742\u0735\u0710 \u071a\u0739\u0710\u072a\u072c\u0735\u0710</span></span> / <span class=\"locution\"><span class=\"eastsyriac\">\u0710\u0735\u0718\u071d\u0718\u073c\u072c\u0735\u0710 \u072c\u0738\u0710\u0713\u0742\u0718\u072a\u072c\u0742\u0735\u0710 \u071a\u0739\u0710\u072a\u072c\u0735\u0710</span></span> : Free Trade Agreement ;\r\n<span class=\"locution\"><span class=\"eastsyriac\">\u0710\u0735\u0718\u071d\u0718\u073c\u072c\u0735\u0710 \u0721\u0738\u0722\u0715\u072a\u0739\u072b</span></span> : a reunion , being reunited , une reconciliation ;</td>", "cf": ["<span class=\"wordlink\"><a href=\"dosearch.php?searchkey=%27w%27&amp;language=fullsyriac\"><span class=\"eastsyriac\">\u0710\u0718\u0710</span></a></span>", "<span class=\"wordlink\"><a href=\"dosearch.php?searchkey=5302&amp;language=id\"><span class=\"eastsyriac\">\u071b\u072a\u0735\u0729\u071b\u0732\u071b\u0735\u0710</span></a>, <a href=\"dosearch.php?searchkey=13071&amp;language=id\"><span class=\"eastsyriac\">\u0729\u0728\u0735\u0728\u0735\u0710</span></a>, <a href=\"dosearch.php?searchkey=12519&amp;language=id\"><span class=\"eastsyriac\">\u0729\u0718\u073c\u0722\u0729\u0735\u071d\u0735\u0710</span></a>, <a href=\"dosearch.php?searchkey=10036&amp;language=id\"><span class=\"eastsyriac\">\u0725\u0712\u0742\u0732\u0715 \u072b\u0732\u0720\u0721\u0718\u073c\u072c\u0735\u0710</span></a>, <a href=\"dosearch.php?searchkey=9511&amp;language=id\"><span class=\"eastsyriac\">\u0723\u0718\u073f\u0722\u0715\u0718\u073f\u0729\u071b\u071d\u073c\u0729\u0718\u073f\u0722</span></a>, <a href=\"dosearch.php?searchkey=9591&amp;language=id\"><span class=\"eastsyriac\">\u0723\u0732\u0719\u0713\u0735\u072a\u0718\u073c\u072c\u0735\u0710</span></a>, <a href=\"dosearch.php?searchkey=12446&amp;language=id\"><span class=\"eastsyriac\">\u0729\u0735\u0718\u0720\u0735\u0710</span></a>, <a href=\"dosearch.php?searchkey=13060&amp;language=id\"><span class=\"eastsyriac\">\u0729\u0728\u0718\u073f\u0728\u0735\u0710</span></a>, <a href=\"dosearch.php?searchkey=13091&amp;language=id\"><span class=\"eastsyriac\">\u0729\u0735\u072a\u0735\u0710\u072a</span></a>, <a href=\"dosearch.php?searchkey=15721&amp;language=id\"><span class=\"eastsyriac\">\u072c\u0732\u0722\u0718\u0732\u071d</span></a>, <a href=\"dosearch.php?searchkey=4197&amp;language=id\"><span class=\"eastsyriac\">\u071a\u0718\u073c\u071d\u0735\u0715\u0735\u0710</span></a>, <a href=\"dosearch.php?searchkey=8745&amp;language=id\"><span class=\"eastsyriac\">\u0721\u0738\u072c\u071a\u0732\u071d\u0715\u0735\u0722\u0718\u073c\u072c\u0735\u0710</span></a></span>"], "key": "32659", "west": "\u0710\u0733\u0718\u071d\u073d\u0718\u072c\u0733\u0710", "phonetic": "<td>aw: ' iu: ta:</td>", "east": "\u0710\u0735\u0718\u071d\u0718\u073c\u072c\u0735\u0710"},
{"searchkey": "173", "audio": ["./audio/entry173.mp3"], "context": [], "webrank": 20, "text": [" : unanimously, in a unanimous manner, being of a single opinion"], "english": "<td>unanimously, in a unanimous manner, being of a single opinion</td>", "cf": [], "key": "173", "west": "\u0710\u0730\u0718\u071d\u0733\u0710\u073a\u071d\u072c", "phonetic": "<td>iu 'ia it</td>", "east": "\u0710\u0732\u0718\u071d\u0735\u0710\u071d\u073c\u072c"},
{"searchkey": "172", "audio": ["./audio/entry172.mp3"], "context": [], "webrank": 10, "text": [" : unanimous , being of one mind , agreeing in opinion or design\r\nharmonious"], "english": "<td>unanimous , being of one mind , agreeing in opinion or design\r\nharmonious</td>", "cf": [], "key": "172", "west": "\u0710\u0730\u0718\u071d\u0733\u0710", "phonetic": "<td>'aw ia</td>", "east": "\u0710\u0732\u0718\u071d\u0735\u0710"},
{"searchkey": "177", "audio": ["./audio/entry177.mp3"], "context": [], "webrank": 80, "text": [" : brotherhood, the state of being  (a) brother(s) , a body of men associated together by a common bond of interest, as of the same profession ;"], "english": "<td>brotherhood, the state of being  (a) brother(s) , a body of men associated together by a common bond of interest, as of the same profession ;</td>", "cf": ["<span class=\"wordlink\"><a href=\"dosearch.php?searchkey=178&amp;language=id\"><span class=\"eastsyriac\">\u0710\u0732\u071a\u0718\u073f\u0722\u0735\u071d\u0735\u0710</span></a>, <a href=\"dosearch.php?searchkey=16045&amp;language=id\"><span class=\"eastsyriac\">\u0710\u0732\u071a\u0718\u073c\u0722\u0735\u071d\u0735\u0710</span></a>, <a href=\"dosearch.php?searchkey=176&amp;language=id\"><span class=\"eastsyriac\">\u0710\u0735\u071a\u0718\u073f\u0722\u0735\u0710</span></a>, <a href=\"dosearch.php?searchkey=11971&amp;language=id\"><span class=\"eastsyriac\">\u0710\u0732\u071a\u0735\u0710</span></a>, <a href=\"dosearch.php?searchkey=16043&amp;language=id\"><span class=\"eastsyriac\">\u0710\u0732\u071a\u0718\u073f\u0722\u0735\u0710</span></a>, <a href=\"dosearch.php?searchkey=16044&amp;language=id\"><span class=\"eastsyriac\">\u0710\u0732\u071a\u0718\u073c\u0722\u0718\u073c\u072c\u0735\u0710</span></a>, <a href=\"dosearch.php?searchkey=179&amp;language=id\"><span class=\"eastsyriac\">\u0710\u0732\u071a\u0718\u073c\u072c\u0735\u0710</span></a>, <a href=\"dosearch.php?searchkey=30836&amp;language=id\"><span class=\"eastsyriac\">\u0710\u0732\u071a\u0718\u073c\u072c\u0735\u0722\u0718\u073c\u072c\u0735\u0710</span></a></span>"], "key": "177", "west": "\u0710\u0730\u071a\u073d\u0718\u0722\u073d\u0718\u072c\u0742\u0733\u0710", "phonetic": "<td>a \u1e25u ' nu: tha:</td>", "east": "\u0710\u0732\u071a\u0718\u073f\u0722\u0718\u073c\u072c\u0742\u0735\u0710"},
{"searchkey": "413", "audio": ["./audio/entry413.mp3"], "context": ["Rh\u00e9thor\u00e9 ; in Ashita :"], "webrank": 100, "text": [" : 1) God , the Supreme Being , the eternal and infinite spirit , creator of the universe , Allah ;\r\n"], "english": "<td>1) God , the Supreme Being , the eternal and infinite spirit , creator of the universe , Allah ;\r\n<span class=\"context\">Rh\u00e9thor\u00e9 ; in Ashita : <span class=\"locution\"><span class=\"eastsyriac\">\u0721\u0732\u0722\u071d\u073c \u0712\u072a\u0739\u071d\u072c \u0720\u0739\u0717</span></span></span> : who created you ? , <span class=\"locution\"><span class=\"eastsyriac\">\u0720\u0710\u0732\u0720\u0735\u0717\u0710 \u0712\u072a\u0739\u071d\u0722\u0722\u0739\u0717</span></span> / <span class=\"locution\"><span class=\"eastsyriac\">\u0720\u0710\u0732\u0720\u0735\u0717\u0735\u0710 \u0712\u072a\u0739\u071d\u0722</span></span> : it was God who created me / God is the One who created me ;\r\n<span class=\"locution\"><span class=\"eastsyriac\">\u0712\u0732\u072a \u0710\u0732\u0720\u0735\u0717\u0735\u0710</span></span> : son of God ;\r\n<span class=\"locution\"><span class=\"eastsyriac\">\u0712\u0732\u0710\u0720\u0735\u0717\u0735\u0710</span></span> : in God ;\r\n<span class=\"context\">Rh\u00e9tor\u00e9 ; <span class=\"locution\"><span class=\"eastsyriac\">\u072b\u071f\u071d\u073c\u072a\u0735\u0710 \u0710\u0732\u0720\u0735\u0717\u0735\u0710</span></span></span> : thanks to God / thank God ;\r\n<span class=\"context\">Rh\u00e9tor\u00e9 ; <span class=\"locution\"><span class=\"eastsyriac\">\u0710\u0732\u0720\u0735\u0717\u0735\u0710\u0747\u071d\u0720\u0739\u0717 \u0712\u0735\u072a\u071d\u0735\u0710 \u0715\u0725\u0735\u0720\u0721\u0735\u0710 \u0718\u0715\u071f\u0735\u0720 \u0721\u0738\u0722\u0715\u071d\u073c \u0715\u0710\u071d\u073c\u072c\u0742 \u0712\u0713\u0735\u0718\u0739\u0717</span></span></span> : God is the creator of the world and of all that is in it ;\r\n<span class=\"context\">Rh\u00e9tor\u00e9 ; <span class=\"locution\"><span class=\"eastsyriac\">\u0712\u0710\u0735\u0722\u071d\u073c \u071f\u0720\u0732\u071d \u0710\u0732\u071d\u071f\u0735\u0710\u0747\u071d\u0720\u0735\u0717\u073f \u0710\u071d\u073c\u0715\u0742\u0735\u0710 \u0715\u0710\u0732\u0720\u0735\u0717\u0735\u0710</span></span></span> : in all these things where is the hand of God ? ;\r\n<span class=\"locution\"><span class=\"eastsyriac\">\u0715\u0739\u071d\u071f\u0742 \u0710\u071d\u073c\u072c \u0712\u0732\u071d \u0715\u0713\u0330\u0735\u0718\u0713\u0330\u071d\u073c \u0721\u0715\u0718\u073c\u071f\u072c\u0742\u0732\u071d \u0710\u0738\u0722 \u0720\u0735\u0710 \u0726\u0735\u071d\u072b\u071d\u073c \u0719\u0725\u071d\u073c\u0726\u0308\u0739\u0710 \u0720\u071a\u0735\u0715\u0747 \u0713\u0732\u0722\u0747\u0712\u0735\u072a\u0735\u0710 \u0718\u071a\u0732\u071d\u0720\u0735\u0722\u0735\u0710 \u0715\u071f\u0720 \u0715\u0739\u071d\u071f\u0742 \u0715\u071d\u073c\u0720\u0739\u0717 \u0721\u0735\u072a\u071d\u0735\u0710 \u0710\u0732\u0720\u0735\u0717\u0735\u0710</span></span> : how could they move were they not pushed by a giant and all-powerful one like our Lord God ? / how could they move from their place if they were not pushed by a gigantic and all-mighty / almighty like our Lord God ? ;\r\n<span class=\"context\">Psalm 68 ; <span class=\"locution\"><span class=\"eastsyriac\">\u0722\u0729\u0718\u073c\u0721 \u0710\u0732\u0720\u0735\u0717\u0735\u0710 \u0718\u0722\u0738\u072c\u0742\u0712\u0732\u0715\u072a\u0718\u073c\u0722 \u071f\u0720\u0717\u0718\u073f\u0722 \u0712\u0725\u0738\u0720\u0715\u0712\u0742\u0735\u0712\u0742\u0735\u0718\u0308\u0717\u071d</span></span></span> : let God arise and let all his enemies be scattered / disappear such as smoke (?) / be turned into thin air (?) , let God stand up and let all his enemies evaporate (?) ;\r\n2) a god  , <span class=\"context\">plural : <span class=\"locution\"><span class=\"eastsyriac\">\u0710\u0732\u0720\u0735\u0308\u0717\u0739\u0710</span></span></span> : gods ;\r\n<span class=\"locution\"><span class=\"eastsyriac\">\u0721\u0732\u072b\u072c\u071d\u0735\u0710 \u0715\u0710\u0732\u0720\u0735\u0717\u0308\u0739\u0710</span></span> : the drink of gods / a nectar ;\r\n3) <span class=\"context\">feminine</span> : <a href=\"dosearch.php?searchkey=%27alAhitA%27&amp;language=fullsyriac\"><span class=\"eastsyriac\">\u0710\u0732\u0720\u0735\u0717\u071d\u073c\u072c\u0735\u0710</span></a> : a goddess ;\r\n<span class=\"context\">Tiari</span> : <span class=\"locution\"><span class=\"eastsyriac\">\u0717\u0739\u0710 \u0712\u0710\u0732\u0720\u0735\u0717</span></span> : indeed ;\r\n<span class=\"context\">Urmiah</span> : <span class=\"locution\"><span class=\"eastsyriac\">\u0720\u0735\u0710 \u0712\u0710\u0732\u0720\u0739\u0717 \u0720\u0739\u0710</span></span> : indeed not ;\r\n<span class=\"context\">Tiari</span> : <span class=\"locution\"><span class=\"eastsyriac\">\u0720\u0735\u0710 \u0712\u0710\u0732\u0720\u0720\u0739\u0710</span></span> : indeed not ;\r\n<span class=\"context\">Tkhuma</span> : <span class=\"locution\"><span class=\"eastsyriac\">\u0720\u0735\u0710 \u0712\u0710\u0732\u0720\u0747\u0717 \u0720\u0739\u0717</span></span> : indeed not ;\r\n<span class=\"locution\"><span class=\"eastsyriac\">\u0710\u0732\u0720\u0735\u0717\u0735\u0710 \u0720\u0735\u0710 \u0725\u0735\u0712\u0738\u0715</span></span> : God forbid !\r\n<span class=\"locution\"><span class=\"eastsyriac\">\u0710\u0732\u0720\u0735\u0717\u0735\u0710 \u071d\u0735\u0717\u0712\u0738\u0720\u0739\u0717 \u0721\u0732\u0722\u071d\u0732\u071a\u072c\u0735\u0710</span></span> : requiescat in pace , let him rest in peace ;\r\n<span class=\"locution\"><span class=\"eastsyriac\">\u0710\u0732\u0720\u0735\u0717\u0735\u0710 \u0721\u0738\u0722\u0718\u073c\u071f</span></span> : Goodbye / God be with you (singular masculine) / <span class=\"locution\"><span class=\"eastsyriac\">\u0710\u0732\u0720\u0735\u0717\u0735\u0710 \u0721\u0738\u0722\u0735\u0718\u071f\u0742\u0718\u073f\u0722</span></span> : Goodbye / God be with you (plural) ;\r\n<span class=\"context\"><span class=\"locution\"><span class=\"eastsyriac\">\u0710\u0732\u0720\u0735\u0717\u0735\u0710 \u0722\u0735\u071b\u0739\u072a\u0718\u073f\u071f\u0742</span></span></span> : may God keep you ! ;\r\n<span class=\"context\">Rh\u00e9tor\u00e9 (modified); <span class=\"locution\"><span class=\"eastsyriac\">\u0710\u0732\u0720\u0735\u0717\u0735\u0710 \u0722\u0735\u071b\u0739\u072a\u0720\u0718\u073f\u071f\u0742 \u072b\u0732\u0721\u0735\u072b\u0735\u0710</span></span></span> : may God keep thee / you , (may) God spare thee Shamasha / (deacon / school teacher / school master) ;</td>", "cf": ["<span class=\"wordlink\"><a href=\"dosearch.php?searchkey=315&amp;language=id\"><span class=\"eastsyriac\">\u0710\u071d\u073c\u0720</span></a>, <a href=\"dosearch.php?searchkey=10314&amp;language=id\"><span class=\"eastsyriac\">\u0725\u0738\u0720\u0735\u071d\u0718\u073c\u072c\u0735\u0710</span></a>, <a href=\"dosearch.php?searchkey=10320&amp;language=id\"><span class=\"eastsyriac\">\u0725\u0738\u0720\u0739\u0720</span></a>, <a href=\"dosearch.php?searchkey=10322&amp;language=id\"><span class=\"eastsyriac\">\u0725\u0738\u0720\u0738\u0720 \u0713\u0739\u0712</span></a>, <a href=\"dosearch.php?searchkey=10324&amp;language=id\"><span class=\"eastsyriac\">\u0725\u0732\u0720\u0720\u0735\u0722\u0735\u0710</span></a>, <a href=\"dosearch.php?searchkey=10319&amp;language=id\"><span class=\"eastsyriac\">\u0725\u0738\u0720\u071d\u073c\u072c\u0735\u0710</span></a>, <a href=\"dosearch.php?searchkey=10313&amp;language=id\"><span class=\"eastsyriac\">\u0725\u0738\u0720\u0735\u071d\u0735\u0710</span></a>, <a href=\"dosearch.php?searchkey=10321&amp;language=id\"><span class=\"eastsyriac\">\u0725\u0738\u0720\u0739\u0720 \u0710\u0738\u0720\u072c\u0739\u071a\u072c</span></a>, <a href=\"dosearch.php?searchkey=414&amp;language=id\"><span class=\"eastsyriac\">\u0710\u0732\u0720\u0735\u0717\u0718\u073c\u072c\u0735\u0710</span></a>, <a href=\"dosearch.php?searchkey=415&amp;language=id\"><span class=\"eastsyriac\">\u0710\u0732\u0720\u0735\u0717\u0735\u071d\u0735\u0710</span></a>, <a href=\"dosearch.php?searchkey=416&amp;language=id\"><span class=\"eastsyriac\">\u0710\u0732\u0720\u0735\u0717\u0735\u071d\u0718\u073c\u072c\u0735\u0710</span></a>, <a href=\"dosearch.php?searchkey=417&amp;language=id\"><span class=\"eastsyriac\">\u0710\u0732\u0720\u0735\u0717\u072c\u0735\u0710</span></a>, <a href=\"dosearch.php?searchkey=433&amp;language=id\"><span class=\"eastsyriac\">\u0710\u0738\u0720\u071d\u073c\u072c\u0735\u0710</span></a>, <a href=\"dosearch.php?searchkey=17173&amp;language=id\"><span class=\"eastsyriac\">\u0710\u0732\u0720\u0735\u0717\u0735\u0710\u071d\u073c\u072c\u0742</span></a>, <a href=\"dosearch.php?searchkey=21639&amp;language=id\"><span class=\"eastsyriac\">\u071d\u0732\u0717\u0712\u0742\u0710\u0720\u0735\u0717\u0735\u0710</span></a>, <a href=\"dosearch.php?searchkey=30434&amp;language=id\"><span class=\"eastsyriac\">\u0710\u0732\u0720\u0735\u0717\u0735\u0722\u0735\u0710</span></a>, <a href=\"dosearch.php?searchkey=31131&amp;language=id\"><span class=\"eastsyriac\">\u0715\u0720\u0735\u0710 \u0710\u0732\u0720\u0735\u0717\u0735\u0710</span></a></span>", "<span class=\"wordlink\"><a href=\"dosearch.php?searchkey=719&amp;language=id\"><span class=\"eastsyriac\">\u0710\u0735\u072a\u0712\u0735\u0712</span></a>, <a href=\"dosearch.php?searchkey=5362&amp;language=id\"><span class=\"eastsyriac\">\u071d\u0732\u0717</span></a>, <a href=\"dosearch.php?searchkey=5375&amp;language=id\"><span class=\"eastsyriac\">\u071d\u0739\u0717\u0718\u073c\u0712\u0742\u0735\u0710</span></a>, <a href=\"dosearch.php?searchkey=8533&amp;language=id\"><span class=\"eastsyriac\">\u0721\u0735\u072a\u0735\u0722\u0735\u071d\u0718\u073c\u072c\u0735\u0710</span></a>, <a href=\"dosearch.php?searchkey=18360&amp;language=id\"><span class=\"eastsyriac\">\u0712\u0735\u0720\u071d\u073c</span></a></span>"], "key": "413", "west": "\u0710\u0730\u0720\u0733\u0717\u0733\u0710", "phonetic": "<td>' a la: ha: / a ' la: ha:</td>", "east": "\u0710\u0732\u0720\u0735\u0717\u0735\u0710"},
{"searchkey": "359", "audio": ["./audio/entry359.mp3"], "context": [], "webrank": 90, "text": [" : like a being , essentially , eternally , perpetually"], "english": "<td>like a being , essentially , eternally , perpetually</td>", "cf": [], "key": "359", "west": "\u0710\u073a\u071d\u072c\u071d\u0733\u0710\u073a\u071d\u072c", "phonetic": "<td>' it ia it</td>", "east": "\u0710\u071d\u073c\u072c\u071d\u0735\u0710\u071d\u073c\u072c"},
{"searchkey": "358", "audio": ["./audio/entry358.mp3"], "context": ["Lishani", "Bailis Shamun"], "webrank": 80, "text": [" : 1) Divine being ;\r\n2) a being , a self-existing entity , anything which continues to exist , an entity ;\r\n3) ", " : present , uncreated ;\r\n4) ", " : potential / prospective (?) ;"], "english": "<td>1) Divine being ;\r\n2) a being , a self-existing entity , anything which continues to exist , an entity ;\r\n3) <span class=\"context\">Lishani</span> : present , uncreated ;\r\n4) <span class=\"context\">Bailis Shamun</span> : potential / prospective (?) ;</td>", "cf": ["<span class=\"wordlink\"><a href=\"dosearch.php?searchkey=%27it&amp;language=fullsyriac\"><span class=\"eastsyriac\">\u0710\u071d\u073c\u072c</span></a>, <a href=\"dosearch.php?searchkey=356&amp;language=id\"><span class=\"eastsyriac\">\u0710\u071d\u073c\u072c\u0718\u073c\u072c\u0735\u0710</span></a>, <a href=\"dosearch.php?searchkey=16653&amp;language=id\"><span class=\"eastsyriac\">\u0710\u071d\u073c\u072c\u0742\u071d\u073c\u0710\u0739\u071d\u0720</span></a>, <a href=\"dosearch.php?searchkey=31352&amp;language=id\"><span class=\"eastsyriac\">\u0712\u0732\u072a \u0710\u071d\u073c\u072c\u0742\u0718\u073c\u072c\u0742\u0735\u0710</span></a></span>", "<span class=\"wordlink\"><a href=\"dosearch.php?searchkey=413&amp;language=id\"><span class=\"eastsyriac\">\u0710\u0732\u0720\u0735\u0717\u0735\u0710</span></a>, <a href=\"dosearch.php?searchkey=315&amp;language=id\"><span class=\"eastsyriac\">\u0710\u0739\u071d\u0720</span></a>, <a href=\"dosearch.php?searchkey=8498&amp;language=id\"><span class=\"eastsyriac\">\u0721\u0735\u072a\u071d\u0735\u0710</span></a>, <a href=\"dosearch.php?searchkey=8790&amp;language=id\"><span class=\"eastsyriac\">\u0721\u0738\u072c\u0721\u0732\u0728\u071d\u0735\u0722\u0735\u0710</span></a>, <a href=\"dosearch.php?searchkey=33989&amp;language=id\"><span class=\"eastsyriac\">\u0721\u0732\u0717\u0718\u071d\u0735\u0710</span></a>, <a href=\"dosearch.php?searchkey=33987&amp;language=id\"><span class=\"eastsyriac\">\u0721\u0738\u072c\u0717\u0735\u0718\u071d\u0735\u0722\u0735\u0710</span></a>, <a href=\"dosearch.php?searchkey=33986&amp;language=id\"><span class=\"eastsyriac\">\u0723\u0712\u0742\u071d\u073c\u072a\u0735\u0710</span></a>, <a href=\"dosearch.php?searchkey=10557&amp;language=id\"><span class=\"eastsyriac\">\u0725\u072c\u071d\u073c\u0715\u0735\u0710</span></a>, <a href=\"dosearch.php?searchkey=33988&amp;language=id\"><span class=\"eastsyriac\">\u0710\u0735\u072c\u071d\u0735\u0722\u0735\u0710</span></a></span>"], "key": "358", "west": "\u0710\u073a\u071d\u072c\u071d\u0733\u0710", "phonetic": "<td>' i:t ia:</td>", "east": "\u0710\u071d\u073c\u072c\u071d\u0735\u0710"},
{"searchkey": "356", "audio": ["./audio/entry356.mp3"], "context": [], "webrank": 60, "text": [" : existence / existing , being / a being , an essence , nature , an essential import , a substance , a personality"], "english": "<td>existence / existing , being / a being , an essence , nature , an essential import , a substance , a personality ;\r\n<span class=\"locution\"><span class=\"eastsyriac\">\u0721\u0738\u071b\u0720 \u0710\u071d\u073c\u072c\u0718\u073c\u072c\u0710 \u0718\u071a\u0739\u0710\u072a\u0718\u073c\u072c\u0735\u0710</span></span> : for existence and freedom ;</td>", "cf": ["<span class=\"wordlink\"><a href=\"dosearch.php?searchkey=358&amp;language=id\"><span class=\"eastsyriac\">\u0710\u071d\u073c\u072c\u071d\u0735\u0710</span></a>, <a href=\"dosearch.php?searchkey=31352&amp;language=id\"><span class=\"eastsyriac\">\u0712\u0732\u072a \u0710\u071d\u073c\u072c\u0742\u0718\u073c\u072c\u0742\u0735\u0710</span></a>, <a href=\"dosearch.php?searchkey=30278&amp;language=id\"><span class=\"eastsyriac\">\u071d\u0735\u072c\u0742\u0735\u0710</span></a></span>", "<span class=\"wordlink\"><a href=\"dosearch.php?searchkey=5977&amp;language=id\"><span class=\"eastsyriac\">\u071f\u071d\u0735\u0722\u0735\u0710</span></a>, <a href=\"dosearch.php?searchkey=227&amp;language=id\"><span class=\"eastsyriac\">\u0710\u0718\u073c\u0723\u071d\u073c\u0735\u0710</span></a></span>"], "key": "356", "west": "\u0710\u073a\u071d\u072c\u073d\u0718\u072c\u0733\u0710", "phonetic": "<td>i: ' tu: ta:</td>", "east": "\u0710\u071d\u073c\u072c\u0718\u073c\u072c\u0735\u0710"},
{"searchkey": "16070", "audio": [], "context": [], "webrank": 50, "text": [" : an assay , a trial by danger (affliction, experience ...) / temptation , an adventure , hardship , the state of being tried ;"], "english": "<td>an assay , a trial by danger (affliction, experience ...) / temptation , an adventure , hardship , the state of being tried ;</td>", "cf": ["<span class=\"wordlink\"><a href=\"dosearch.php?searchkey=10263&amp;language=id\"><span class=\"eastsyriac\">\u0725\u0732\u071d\u0735\u0710\u072a</span></a>, <a href=\"dosearch.php?searchkey=10295&amp;language=id\"><span class=\"eastsyriac\">\u0725\u0732\u071d\u0735\u072a</span></a></span>", "<span class=\"wordlink\"><a href=\"dosearch.php?searchkey=27518&amp;language=id\"><span class=\"eastsyriac\">\u0712\u0738\u0723\u072c\u0735\u0710</span></a>, <a href=\"dosearch.php?searchkey=2530&amp;language=id\"><span class=\"eastsyriac\">\u0713\u0330\u0735\u072a\u0732\u0712\u072c\u0735\u0710</span></a>, <a href=\"dosearch.php?searchkey=3980&amp;language=id\"><span class=\"eastsyriac\">\u0719\u072a\u0718\u073c\u0712\u071d\u0735\u0710</span></a>, <a href=\"dosearch.php?searchkey=5898&amp;language=id\"><span class=\"eastsyriac\">\u071f\u0735\u0718\u072a\u0720\u0718\u073c\u0713</span></a></span>"], "key": "16070", "west": "\u0710\u0730\u071d\u0730\u072a", "phonetic": "<td>' a: iar (?) </td>", "east": "\u0710\u0732\u071d\u0732\u072a"},
{"searchkey": "338", "audio": ["./audio/entry338.mp3"], "context": [], "webrank": 40, "text": [" : humanity , the human race , the state of being human ;"], "english": "<td>humanity , the human race , the state of being human ;</td>", "cf": ["<span class=\"wordlink\"><a href=\"dosearch.php?searchkey=17227&amp;language=id\"><span class=\"eastsyriac\">\u0710\u0738\u0722\u0723\u0735\u0722</span></a>, <a href=\"dosearch.php?searchkey=16774&amp;language=id\"><span class=\"eastsyriac\">\u0710\u0722\u0735\u072b\u0735\u0710</span></a>, <a href=\"dosearch.php?searchkey=17228&amp;language=id\"><span class=\"eastsyriac\">\u0710\u0738\u0722\u0735\u0722\u0718\u073c\u072c\u0742\u0735\u0710</span></a>, <a href=\"dosearch.php?searchkey=17229&amp;language=id\"><span class=\"eastsyriac\">\u0710\u0738\u0722\u0723\u0735\u0722\u071d\u073c\u0735\u072c\u0718\u073c\u072c\u0742\u0735\u0710</span></a></span>", "<span class=\"wordlink\"><a href=\"dosearch.php?searchkey=16067&amp;language=id\"><span class=\"eastsyriac\">\u0712\u0732\u072a\u0710\u0747\u0722\u0735\u072b\u0718\u073c\u072c\u0735\u0710</span></a>, <a href=\"dosearch.php?searchkey=1635&amp;language=id\"><span class=\"eastsyriac\">\u0712\u0732\u072a\u0710\u0747\u0722\u0735\u072b\u0735\u0710</span></a>, <a href=\"dosearch.php?searchkey=16768&amp;language=id\"><span class=\"eastsyriac\">\u0710\u0738\u0723\u0735\u0722\u0718\u073c\u072c\u0742\u0735\u0710</span></a></span>"], "key": "338", "west": "\u0710\u073a\u071d\u0722\u0723\u0733\u0722", "phonetic": "<td>in ' sa:n</td>", "east": "\u0710\u071d\u073c\u0722\u0723\u0735\u0722"},
{"searchkey": "315", "audio": ["./audio/entry315.mp3"], "context": [], "webrank": 30, "text": [" : God , the supreme deity , the supernatural being , the creator of the universe"], "english": "<td>God , the supreme deity , the supernatural being , the creator of the universe ;\r\n<span class=\"locution\"><span class=\"eastsyriac\">\u0710\u0739\u071d\u0720 \u0710\u0732\u0720\u0735\u0717\u0735\u0710</span></span> : the Lord God / Allah ;\r\n<span class=\"locution\"><span class=\"eastsyriac\">\u0710\u0739\u071d\u0720\u072b\u0732\u0715\u0732\u071d</span></span> : the God of the Covenant , El Shaddai ;</td>", "cf": ["<span class=\"wordlink\"><a href=\"dosearch.php?searchkey=413&amp;language=id\"><span class=\"eastsyriac\">\u0710\u0732\u0720\u0735\u0717\u0735\u0710</span></a>, <a href=\"dosearch.php?searchkey=10320&amp;language=id\"><span class=\"eastsyriac\">\u0725\u0738\u0720\u0739\u0720</span></a>, <a href=\"dosearch.php?searchkey=10323&amp;language=id\"><span class=\"eastsyriac\">\u0725\u0738\u0720\u0738\u0720 \u0713\u0739\u0712</span></a>, <a href=\"dosearch.php?searchkey=10324&amp;language=id\"><span class=\"eastsyriac\">\u0725\u0732\u0720\u0720\u0735\u0722\u0735\u0710</span></a>, <a href=\"dosearch.php?searchkey=10314&amp;language=id\"><span class=\"eastsyriac\">\u0725\u0738\u0720\u0735\u071d\u0718\u073c\u072c\u0735\u0710</span></a>, <a href=\"dosearch.php?searchkey=16061&amp;language=id\"><span class=\"eastsyriac\">\u0710\u0739\u071d\u0720</span></a>, <a href=\"dosearch.php?searchkey=16064&amp;language=id\"><span class=\"eastsyriac\">\u0710\u0738\u071d\u0720\u072b\u0732\u0715\u0732\u071d</span></a>, <a href=\"dosearch.php?searchkey=324&amp;language=id\"><span class=\"eastsyriac\">\u0710\u0738\u0720\u072b\u0732\u0715\u0732\u071d</span></a>, <a href=\"dosearch.php?searchkey=433&amp;language=id\"><span class=\"eastsyriac\">\u0710\u0738\u0720\u071d\u073c\u072c\u0735\u0710</span></a>, <a href=\"dosearch.php?searchkey=17821&amp;language=id\"><span class=\"eastsyriac\">\u0725\u0720\u0710</span></a>, <a href=\"dosearch.php?searchkey=10299&amp;language=id\"><span class=\"eastsyriac\">\u0725\u0720\u0735\u0710</span></a>, <a href=\"dosearch.php?searchkey=10165&amp;language=id\"><span class=\"eastsyriac\">\u0725\u0718\u073c\u0720\u0735\u071d\u0735\u0710</span></a>, <a href=\"dosearch.php?searchkey=21843&amp;language=id\"><span class=\"eastsyriac\">\u071a\u0732\u0719\u0729\u071d\u073c\u0710\u0739\u071d\u0720</span></a>, <a href=\"dosearch.php?searchkey=315&amp;language=id\"><span class=\"eastsyriac\">\u0710\u071d\u073c\u0720</span></a>, <a href=\"dosearch.php?searchkey=413&amp;language=id\"><span class=\"eastsyriac\">\u0710\u0732\u0720\u0735\u0717\u0735\u0710</span></a>, <a href=\"dosearch.php?searchkey=10314&amp;language=id\"><span class=\"eastsyriac\">\u0725\u0738\u0720\u0735\u071d\u0718\u073c\u072c\u0735\u0710</span></a>, <a href=\"dosearch.php?searchkey=10320&amp;language=id\"><span class=\"eastsyriac\">\u0725\u0738\u0720\u0739\u0720</span></a>, <a href=\"dosearch.php?searchkey=10323&amp;language=id\"><span class=\"eastsyriac\">\u0725\u0738\u0720\u0738\u0720 \u0713\u0739\u0712</span></a>, <a href=\"dosearch.php?searchkey=10324&amp;language=id\"><span class=\"eastsyriac\">\u0725\u0732\u0720\u0720\u0735\u0722\u0735\u0710</span></a>, <a href=\"dosearch.php?searchkey=10319&amp;language=id\"><span class=\"eastsyriac\">\u0725\u0738\u0720\u071d\u073c\u072c\u0735\u0710</span></a>, <a href=\"dosearch.php?searchkey=10313&amp;language=id\"><span class=\"eastsyriac\">\u0725\u0738\u0720\u0735\u071d\u0735\u0710</span></a>, <a href=\"dosearch.php?searchkey=10321&amp;language=id\"><span class=\"eastsyriac\">\u0725\u0738\u0720\u0739\u0720 \u0710\u0738\u0720\u072c\u0739\u071a\u072c</span></a>, <a href=\"dosearch.php?searchkey=433&amp;language=id\"><span class=\"eastsyriac\">\u0710\u0738\u0720\u071d\u073c\u072c\u0735\u0710</span></a>, <a href=\"dosearch.php?searchkey=16859&amp;language=id\"><span class=\"eastsyriac\">\u0717\u0732\u072a\u0710\u0739\u071d\u0720</span></a>, <a href=\"dosearch.php?searchkey=20289&amp;language=id\"><span class=\"eastsyriac\">\u0715\u0735\u0710\u0722\u071d\u073c\u0710\u0739\u071d\u0720</span></a>, <a href=\"dosearch.php?searchkey=24657&amp;language=id\"><span class=\"eastsyriac\">\u0721\u0732\u0717\u0720\u0735\u0720\u0735\u0710\u0739\u071d\u0720</span></a></span>", "<span class=\"wordlink\"><a href=\"dosearch.php?searchkey=5362&amp;language=id\"><span class=\"eastsyriac\">\u071d\u0732\u0717</span></a>, <a href=\"dosearch.php?searchkey=5375&amp;language=id\"><span class=\"eastsyriac\">\u071d\u0739\u0717\u0718\u073c\u0712\u0742\u0735\u0710</span></a>, <a href=\"dosearch.php?searchkey=8533&amp;language=id\"><span class=\"eastsyriac\">\u0721\u0735\u072a\u0735\u0722\u0735\u071d\u0718\u073c\u072c\u0735\u0710</span></a>, <a href=\"dosearch.php?searchkey=21842&amp;language=id\"><span class=\"eastsyriac\">\u071a\u0739\u0719\u0732\u0729\u071d\u0735\u0710</span></a>, <a href=\"dosearch.php?searchkey=27754&amp;language=id\"><span class=\"eastsyriac\">\u0725\u0732\u071d\u0735\u0720</span></a>, <a href=\"dosearch.php?searchkey=314&amp;language=id\"><span class=\"eastsyriac\">\u0710\u0732\u071d\u0720</span></a>, <a href=\"dosearch.php?searchkey=27757&amp;language=id\"><span class=\"eastsyriac\">\u0725\u0732\u071d\u0720\u0732\u072c</span></a></span>"], "key": "315", "west": "\u0710\u0736\u071d\u0720", "phonetic": "<td>' il</td>", "east": "\u0710\u0739\u071d\u0720"},
{"searchkey": "16600", "audio": [], "context": ["relationship between a wife and her husband's brother"], "webrank": 20, "text": [" : ", " : being  sister-in-law and brother-in-law ;"], "english": "<td><span class=\"context\">relationship between a wife and her husband's brother</span> : being  sister-in-law and brother-in-law ;</td>", "cf": ["<span class=\"wordlink\"><a href=\"dosearch.php?searchkey=16597&amp;language=id\"><span class=\"eastsyriac\">\u0710\u071d\u073c\u0715\u0721\u0735\u0710</span></a>, <a href=\"dosearch.php?searchkey=16598&amp;language=id\"><span class=\"eastsyriac\">\u071d\u0732\u0712\u0742\u0721\u0735\u0710</span></a>, <a href=\"dosearch.php?searchkey=16599&amp;language=id\"><span class=\"eastsyriac\">\u0712\u0732\u072a\u0738\u071a\u0721\u0735\u071d\u0735\u0710</span></a>, <a href=\"dosearch.php?searchkey=87&amp;language=id\"><span class=\"eastsyriac\">\u0710\u0738\u0715\u0721\u0735\u0710</span></a>, <a href=\"dosearch.php?searchkey=16601&amp;language=id\"><span class=\"eastsyriac\">\u0710\u071d\u073c\u0715\u0732\u0721\u072c\u0735\u0710</span></a></span>", "<span class=\"wordlink\"><a href=\"dosearch.php?searchkey=22869&amp;language=id\"><span class=\"eastsyriac\">\u071d\u0735\u071d\u0723\u0735\u0710</span></a></span>"], "key": "16600", "west": "\u0710\u073a\u071d\u0715\u0721\u0733\u071d\u073d\u0718\u072c\u0733\u0710", "phonetic": "<td>id ma: ' iu: ta:</td>", "east": "\u0710\u071d\u073c\u0715\u0721\u0735\u071d\u0718\u073c\u072c\u0735\u0710"},
{"searchkey": "357", "audio": ["./audio/entry357.mp3"], "context": ["Oraham", "Bailis Shamun ; see also \u0722\u0728\u071d\u073c\u0712\u0742\u0735\u0710"], "webrank": 70, "text": [" : 1) ", " : actual , essential , pertaining to being , existing , valuable ;\r\n2) ", " : natural , innate (?) / inborn (?) / inbred (?) , intrinsic (?) , instinctual (?) ;"], "english": "<td>1) <span class=\"context\">Oraham</span> : actual , essential , pertaining to being , existing , valuable ;\r\n2) <span class=\"context\">Bailis Shamun ; see also <a href=\"dosearch.php?searchkey=nSibLA%27&amp;language=fullsyriac\"><span class=\"eastsyriac\">\u0722\u0728\u071d\u073c\u0712\u0742\u0735\u0710</span></a></span> : natural , innate (?) / inborn (?) / inbred (?) , intrinsic (?) , instinctual (?) ;</td>", "cf": ["<span class=\"wordlink\"><a href=\"dosearch.php?searchkey=%27yt&amp;language=fullsyriac\"><span class=\"eastsyriac\">\u0710\u071d\u072c</span></a></span>", "<span class=\"wordlink\"><a href=\"dosearch.php?searchkey=35779&amp;language=id\"><span class=\"eastsyriac\">\u072a\u0729\u0735\u0725\u0735\u071d\u0735\u0710</span></a>, <a href=\"dosearch.php?searchkey=23389&amp;language=id\"><span class=\"eastsyriac\">\u071f\u071d\u0735\u0722\u0735\u071d\u0735\u0710</span></a>, <a href=\"dosearch.php?searchkey=35847&amp;language=id\"><span class=\"eastsyriac\">\u0722\u0732\u0726\u032e\u072b\u0735\u0722\u0735\u071d\u0735\u0710</span></a>, <a href=\"dosearch.php?searchkey=35777&amp;language=id\"><span class=\"eastsyriac\">\u0722\u0728\u071d\u073c\u0712\u0742\u0735\u0710</span></a>, <a href=\"dosearch.php?searchkey=35846&amp;language=id\"><span class=\"eastsyriac\">\u071d\u0735\u072c\u0735\u0722\u0735\u071d\u0735\u0710</span></a></span>"], "key": "357", "west": "\u0710\u073a\u071d\u072c\u073d\u0718\u072c\u0733\u0722\u0733\u071d\u0733\u0710", "phonetic": "<td>i tu: ta: ' na: ia:</td>", "east": "\u0710\u071d\u073c\u072c\u0718\u073c\u072c\u0735\u0722\u0735\u071d\u0735\u0710"},
{"searchkey": "11977", "audio": [], "context": [], "webrank": 10, "text": [" : state of being the last , coming after all others ;"], "english": "<td>state of being the last , coming after all others ;</td>", "cf": ["<span class=\"wordlink\"><a href=\"dosearch.php?searchkey=11976&amp;language=id\"><span class=\"eastsyriac\">\u0710\u0747\u071a\u0735\u072a\u0735\u071d\u0735\u0710</span></a>, <a href=\"dosearch.php?searchkey=17135&amp;language=id\"><span class=\"eastsyriac\">\u0710\u0747\u071a\u0735\u072a\u0735\u071d\u072c\u0735\u0710</span></a>, <a href=\"dosearch.php?searchkey=20020&amp;language=id\"><span class=\"eastsyriac\">\u0710\u0747\u071a\u072a\u0735\u071d\u0732\u072c</span></a>, <a href=\"dosearch.php?searchkey=16575&amp;language=id\"><span class=\"eastsyriac\">\u0710\u0735\u071a\u0732\u072a</span></a>, <a href=\"dosearch.php?searchkey=20027&amp;language=id\"><span class=\"eastsyriac\">\u071a\u0732\u072a\u0735\u071d\u0718\u073c\u072c\u0742\u0735\u0710</span></a>, <a href=\"dosearch.php?searchkey=20028&amp;language=id\"><span class=\"eastsyriac\">\u0712\u071a\u0732\u072a\u0735\u071d\u0718\u073c\u072c\u0742\u0735\u0710</span></a>, <a href=\"dosearch.php?searchkey=11976&amp;language=id\"><span class=\"eastsyriac\">\u0710\u0747\u071a\u0735\u072a\u0735\u071d\u0735\u0710</span></a>, <a href=\"dosearch.php?searchkey=22358&amp;language=id\"><span class=\"eastsyriac\">\u071a\u0732\u072a\u072c\u0742\u0735\u0710</span></a></span>"], "key": "11977", "west": "\u0710\u0747\u071a\u0733\u072a\u0733\u071d\u073d\u0718\u072c\u0733\u0710", "phonetic": "<td>\u1e25a: ra: ' iu: ta:</td>", "east": "\u0710\u0747\u071a\u0735\u072a\u0735\u071d\u0718\u073c\u072c\u0735\u0710"},
{"searchkey": "555", "audio": [], "context": ["masculine", "2 Chronicles : 14, 1", "Tergawar", "adverb", "Oraham"], "webrank": 90, "text": [" : 1) ", " : myrtle ;\r\n2) ", " : Asa (King of Juda) ;\r\n3) ", " : ", " : certainly, truly , assuredly , definitely , absolutely , undoubtedly , doubtless , without fail ;\r\n4) ", " : a carcass , a dead body , a corpse , the dead body of a human being ;"], "english": "<td>1) <span class=\"context\">masculine</span> : myrtle ;\r\n2) <span class=\"context\">2 Chronicles : 14, 1</span> : Asa (King of Juda) ;\r\n3) <span class=\"context\">Tergawar</span> : <span class=\"context\">adverb</span> : certainly, truly , assuredly , definitely , absolutely , undoubtedly , doubtless , without fail ;\r\n4) <span class=\"context\">Oraham</span> : a carcass , a dead body , a corpse , the dead body of a human being ;</td>", "cf": ["<span class=\"wordlink\"><a href=\"dosearch.php?searchkey=11628&amp;language=id\"><span class=\"eastsyriac\">\u072c\u0712\u0742\u071d\u073c\u072a\u072c\u0735\u0710</span></a>, <a href=\"dosearch.php?searchkey=23541&amp;language=id\"><span class=\"eastsyriac\">\u072c\u0732\u072a\u0721\u0735\u0710</span></a>, <a href=\"dosearch.php?searchkey=14733&amp;language=id\"><span class=\"eastsyriac\">\u072b\u0720\u0732\u0715\u0735\u0710</span></a></span>"], "key": "555", "west": "\u0710\u0733\u0723\u0733\u0710", "phonetic": "<td>' a: sa:</td>", "east": "\u0710\u0735\u0723\u0735\u0710"},
{"searchkey": "550", "audio": [], "context": [], "webrank": 80, "text": [" : antiquity , ancientness , being of great age , extreme oldness ;"], "english": "<td>antiquity , ancientness , being of great age , extreme oldness ;</td>", "cf": ["<span class=\"wordlink\"><a href=\"dosearch.php?searchkey=10219&amp;language=id\"><span class=\"eastsyriac\">\u0725\u0718\u073c\u072c\u0729\u0738\u0722\u0735\u0710</span></a>, <a href=\"dosearch.php?searchkey=10220&amp;language=id\"><span class=\"eastsyriac\">\u0725\u0718\u073c\u072c\u0729\u0735\u0710</span></a>, <a href=\"dosearch.php?searchkey=10218&amp;language=id\"><span class=\"eastsyriac\">\u0725\u0718\u073c\u072c\u0735\u0729\u0735\u0710</span></a>, <a href=\"dosearch.php?searchkey=549&amp;language=id\"><span class=\"eastsyriac\">\u0710\u0732\u0722\u072c\u071d\u073c\u071f\u0735\u0710</span></a></span>", "<span class=\"wordlink\"><a href=\"dosearch.php?searchkey=898&amp;language=id\"><span class=\"eastsyriac\">\u0712\u0735\u0710\u071d\u0735\u072c</span></a>, <a href=\"dosearch.php?searchkey=1224&amp;language=id\"><span class=\"eastsyriac\">\u0712\u0735\u071d\u0735\u072c</span></a>, <a href=\"dosearch.php?searchkey=9383&amp;language=id\"><span class=\"eastsyriac\">\u0723\u0735\u0712\u0742\u0735\u0710</span></a>, <a href=\"dosearch.php?searchkey=9638&amp;language=id\"><span class=\"eastsyriac\">\u0723\u071d\u073c\u0712\u0742\u0735\u0710</span></a>, <a href=\"dosearch.php?searchkey=6153&amp;language=id\"><span class=\"eastsyriac\">\u071f\u0721\u0735\u0720\u0735\u0710</span></a>, <a href=\"dosearch.php?searchkey=14672&amp;language=id\"><span class=\"eastsyriac\">\u072b\u071d\u073c\u072c\u0735\u0722\u0735\u071d\u0718\u073c\u072c\u0735\u0710</span></a>, <a href=\"dosearch.php?searchkey=550&amp;language=id\"><span class=\"eastsyriac\">\u0710\u0732\u0722\u072c\u071d\u073c\u071f\u0718\u073c\u072c\u0735\u0710</span></a></span>"], "key": "550", "west": "\u0710\u0730\u0722\u072c\u073a\u071d\u071f\u073d\u0718\u072c\u0733\u0710", "phonetic": "<td>an ti ' ku: ta</td>", "east": "\u0710\u0732\u0722\u072c\u071d\u073c\u071f\u0718\u073c\u072c\u0735\u0710"},
{"searchkey": "544", "audio": [], "context": ["Bailis Shamun"], "webrank": 70, "text": [" : 1) manhood , manliness , the quality of being a man , human nature , human condition , mankind ;\r\n2) generosity / human qualities ;\r\n3) ", " : the world / mankind ; "], "english": "<td>1) manhood , manliness , the quality of being a man , human nature , human condition , mankind ;\r\n2) generosity / human qualities ;\r\n3) <span class=\"context\">Bailis Shamun</span> : the world / mankind ; </td>", "cf": ["<span class=\"wordlink\"><a href=\"dosearch.php?searchkey=16668&amp;language=id\"><span class=\"eastsyriac\">\u0710\u0747\u0722\u0735\u072b\u0735\u071d\u0718\u073c\u072c\u0735\u0710</span></a>, <a href=\"dosearch.php?searchkey=16669&amp;language=id\"><span class=\"eastsyriac\">\u0713\u0738\u0722\u0723\u0735\u0710 \u0710\u0747\u0722\u0735\u072b\u0735\u071d\u0735\u0710</span></a>, <a href=\"dosearch.php?searchkey=16670&amp;language=id\"><span class=\"eastsyriac\">\u0713\u0738\u0722\u0723\u0735 \u0712\u0732\u072a\u0722\u0735\u072b\u0735\u071d\u0735\u0710</span></a>, <a href=\"dosearch.php?searchkey=16667&amp;language=id\"><span class=\"eastsyriac\">\u0710\u0747\u0722\u0735\u072b\u0308\u0739\u0710</span></a>, <a href=\"dosearch.php?searchkey=16067&amp;language=id\"><span class=\"eastsyriac\">\u0712\u0732\u072a\u0710\u0747\u0722\u0735\u072b\u0718\u073c\u072c\u0735\u0710</span></a>, <a href=\"dosearch.php?searchkey=1635&amp;language=id\"><span class=\"eastsyriac\">\u0712\u0732\u072a\u0710\u0747\u0722\u0735\u072b\u0735\u0710</span></a>, <a href=\"dosearch.php?searchkey=17768&amp;language=id\"><span class=\"eastsyriac\">\u0710\u0738\u0723\u0735\u0722\u0718\u073c\u072c\u0735\u0710</span></a>, <a href=\"dosearch.php?searchkey=338&amp;language=id\"><span class=\"eastsyriac\">\u0710\u071d\u073c\u0722\u0723\u0735\u0722</span></a>, <a href=\"dosearch.php?searchkey=1474&amp;language=id\"><span class=\"eastsyriac\">\u0712\u0722\u0735\u071d\u0722\u0735\u072b\u0735\u0710</span></a>, <a href=\"dosearch.php?searchkey=16772&amp;language=id\"><span class=\"eastsyriac\">\u0710\u0738\u0722\u072b\u0739\u0710</span></a>, <a href=\"dosearch.php?searchkey=16774&amp;language=id\"><span class=\"eastsyriac\">\u0710\u0722\u0735\u072b\u0735\u0710</span></a>, <a href=\"dosearch.php?searchkey=16773&amp;language=id\"><span class=\"eastsyriac\">\u0722\u0738\u072b\u0308\u0739\u0710</span></a>, <a href=\"dosearch.php?searchkey=16775&amp;language=id\"><span class=\"eastsyriac\">\u0712\u0732\u072a\u0722\u0735\u072b\u0735\u0710</span></a>, <a href=\"dosearch.php?searchkey=33963&amp;language=id\"><span class=\"eastsyriac\">\u0712\u0722\u0732\u071d\u0722\u0735\u072b\u0735\u0710</span></a>, <a href=\"dosearch.php?searchkey=33964&amp;language=id\"><span class=\"eastsyriac\">\u0712\u0732\u072a\u0722\u0735\u072b\u0718\u073c\u072c\u0735\u0710</span></a></span>", "<span class=\"wordlink\"><a href=\"dosearch.php?searchkey=4963&amp;language=id\"><span class=\"eastsyriac\">\u071b\u0735\u0712\u0742\u0718\u073c\u072c\u0735\u0710</span></a>, <a href=\"dosearch.php?searchkey=15023&amp;language=id\"><span class=\"eastsyriac\">\u072b\u0726\u071d\u073c\u0725\u0718\u073c\u072c\u0735\u0710</span></a>, <a href=\"dosearch.php?searchkey=16342&amp;language=id\"><span class=\"eastsyriac\">\u0720\u0712\u0742\u071d\u073c\u0712\u0742\u0718\u073c\u072c\u0735\u0710</span></a>, <a href=\"dosearch.php?searchkey=33963&amp;language=id\"><span class=\"eastsyriac\">\u0712\u0722\u0732\u071d\u0722\u0735\u072b\u0735\u0710</span></a>, <a href=\"dosearch.php?searchkey=33964&amp;language=id\"><span class=\"eastsyriac\">\u0712\u0732\u072a\u0722\u0735\u072b\u0718\u073c\u072c\u0735\u0710</span></a>, <a href=\"dosearch.php?searchkey=18708&amp;language=id\"><span class=\"eastsyriac\">\u0712\u072a\u071d\u073c\u072c\u0735\u0710</span></a>, <a href=\"dosearch.php?searchkey=10328&amp;language=id\"><span class=\"eastsyriac\">\u0725\u0735\u0720\u0721\u0735\u0710</span></a>, <a href=\"dosearch.php?searchkey=33960&amp;language=id\"><span class=\"eastsyriac\">\u071d\u0735\u072c\u0738\u0712\u0742\u072c\u0735\u0710</span></a></span>"], "key": "544", "west": "\u0710\u0747\u0722\u0733\u072b\u073d\u0718\u072c\u0733\u0710", "phonetic": "<td>na: ' \u0161u: ta:</td>", "east": "\u0710\u0747\u0722\u0735\u072b\u0718\u073c\u072c\u0735\u0710"},
{"searchkey": "16774", "audio": [], "context": [], "webrank": 60, "text": [" : a man, a human being"], "english": "<td>a man, a human being ;\r\n<span class=\"locution\"><span class=\"eastsyriac\">\u0710\u0722\u0735\u072b\u0735\u0710 \u0721\u0738\u0722\u0732\u071d\u0717\u071d</span></span> / <span class=\"locution\"><span class=\"eastsyriac\">\u0710\u0722\u0735\u072b\u0735\u0710 \u0713\u0735\u0718\u0732\u071d\u0717\u071d</span></span> : one of them ;\r\n<span class=\"locution\"><span class=\"eastsyriac\">\u0710\u0722\u0735\u072b\u0308\u0739\u0710 \u0721\u0738\u0722\u0732\u071d\u0717\u071d</span></span> / <span class=\"locution\"><span class=\"eastsyriac\">\u0721\u0738\u0722\u0732\u071d\u0717\u071d</span></span> <span class=\"context\">the noun is omitted here</span> : some of them ;\r\n2) each man , every one ;\r\n3) <span class=\"context\">plural</span> : people , folks ;\r\n<span class=\"locution\"><span class=\"eastsyriac\">\u0710\u0722\u0735\u072b\u0308\u0739\u0710 \u0715\u071d\u073c\u071d\u073c</span></span> : my relations , my kin / folks , my friends , my people , my mesnie ;</td>", "cf": ["<span class=\"wordlink\"><a href=\"dosearch.php?searchkey=16772&amp;language=id\"><span class=\"eastsyriac\">\u0710\u0738\u0722\u072b\u0739\u0710</span></a>, <a href=\"dosearch.php?searchkey=16774&amp;language=id\"><span class=\"eastsyriac\">\u0710\u0722\u0735\u072b\u0735\u0710</span></a>, <a href=\"dosearch.php?searchkey=16773&amp;language=id\"><span class=\"eastsyriac\">\u0722\u0738\u072b\u0308\u0739\u0710</span></a>, <a href=\"dosearch.php?searchkey=16067&amp;language=id\"><span class=\"eastsyriac\">\u0712\u0732\u072a\u0710\u0747\u0722\u0735\u072b\u0718\u073c\u072c\u0735\u0710</span></a>, <a href=\"dosearch.php?searchkey=1474&amp;language=id\"><span class=\"eastsyriac\">\u0712\u0722\u0735\u071d\u0722\u0735\u072b\u0735\u0710</span></a>, <a href=\"dosearch.php?searchkey=16774&amp;language=id\"><span class=\"eastsyriac\">\u0710\u0722\u0735\u072b\u0735\u0710</span></a>, <a href=\"dosearch.php?searchkey=16775&amp;language=id\"><span class=\"eastsyriac\">\u0712\u0732\u072a\u0722\u0735\u072b\u0735\u0710</span></a>, <a href=\"dosearch.php?searchkey=544&amp;language=id\"><span class=\"eastsyriac\">\u0710\u0747\u0722\u0735\u072b\u0718\u073c\u072c\u0735\u0710</span></a>, <a href=\"dosearch.php?searchkey=1635&amp;language=id\"><span class=\"eastsyriac\">\u0712\u0732\u072a\u0710\u0747\u0722\u0735\u072b\u0735\u0710</span></a>, <a href=\"dosearch.php?searchkey=16780&amp;language=id\"><span class=\"eastsyriac\">\u0710\u0722\u0735\u072b\u0718\u073f\u0722\u0735\u0710</span></a>, <a href=\"dosearch.php?searchkey=16781&amp;language=id\"><span class=\"eastsyriac\">\u0710\u0722\u0735\u072b\u0735\u071d\u0735\u0710</span></a>, <a href=\"dosearch.php?searchkey=16782&amp;language=id\"><span class=\"eastsyriac\">\u0710\u0722\u0735\u072b\u071d\u072c\u0735\u0710</span></a>, <a href=\"dosearch.php?searchkey=17228&amp;language=id\"><span class=\"eastsyriac\">\u0710\u0738\u0722\u0723\u0722</span></a>, <a href=\"dosearch.php?searchkey=33904&amp;language=id\"><span class=\"eastsyriac\">\u0722\u0738\u072b\u0735\u071d\u0735\u0710</span></a></span>"], "key": "16774", "west": "\u0710\u0722\u0733\u072b\u0733\u0710", "phonetic": "<td>' na: \u0161a:</td>", "east": "\u0710\u0722\u0735\u072b\u0735\u0710"},
{"searchkey": "542", "audio": [], "context": ["Rh\u00e9tor\u00e9"], "webrank": 50, "text": [" : 1) a man , an adult male of the human species , one possessed of manly attributes , a human being ;\r\n"], "english": "<td>1) a man , an adult male of the human species , one possessed of manly attributes , a human being ;\r\n<span class=\"context\">Rh\u00e9tor\u00e9 ; <span class=\"locution\"><span class=\"eastsyriac\"> \u0712\u071a\u0732\u072a\u072c\u0735\u0710 \u0717\u0732\u0721 \u0710\u0735\u0717\u0718\u073c \u0715\u0721\u071d\u073c\u071f\u0742 \u0720\u0739\u0717 \u072c\u0735\u0721\u0735\u0710 \u0717\u0738\u0720 \u0715\u0721\u0732\u072a\u0710\u0738\u072b\u071d\u073c \u0720\u0739\u0717 \u0710\u0747\u0722\u0735\u072b\u0308\u0739\u0710 \u071a\u0735\u0715\u0742\u0718\u073f\u072a\u0308\u0739\u0710</span></span></span> : finally he too fell asleep there, until passers-by woke him up ;\r\n<span class=\"locution\"><span class=\"eastsyriac\">\u0710\u0747\u0722\u0735\u072b\u0735\u0710 \u0715\u0721\u0735\u072c\u0742\u0735\u0710</span></span> : a peasant / a man of the countryside / a country-man / a villager , ;\r\n2) a husband ;</td>", "cf": [], "key": "542", "west": "\u0710\u0747\u0722\u0733\u072b\u0733\u0710", "phonetic": "<td>' na: \u0161a</td>", "east": "\u0710\u0747\u0722\u0735\u072b\u0735\u0710"},
{"searchkey": "562", "audio": [], "context": [], "webrank": 100, "text": [" : prodigality , the state of being prodigal or wasteful , extravagance in expenditure"], "english": "<td>prodigality , the state of being prodigal or wasteful , extravagance in expenditure</td>", "cf": [], "key": "562", "west": "\u0710\u0733\u0723\u073d\u0718\u071b\u073d\u0718\u072c\u0733\u0710", "phonetic": "<td>a su ' \u1e6du ta</td>", "east": "\u0710\u0735\u0723\u0718\u073c\u071b\u0718\u073c\u072c\u0735\u0710"},
{"searchkey": "17227", "audio": [], "context": ["NENA", "Ourmia"], "webrank": 40, "text": [" : 1) ", " : a human being ;\r\n2) ", " : a woman ;"], "english": "<td>1) <span class=\"context\">NENA</span> : a human being ;\r\n2) <span class=\"context\">Ourmia</span> : a woman ;</td>", "cf": ["<span class=\"wordlink\"><a href=\"dosearch.php?searchkey=16774&amp;language=id\"><span class=\"eastsyriac\">\u0710\u0722\u0735\u072b\u0735\u0710</span></a>, <a href=\"dosearch.php?searchkey=17228&amp;language=id\"><span class=\"eastsyriac\">\u0710\u0738\u0722\u0735\u0722\u0718\u073c\u072c\u0742\u0735\u0710</span></a>, <a href=\"dosearch.php?searchkey=17229&amp;language=id\"><span class=\"eastsyriac\">\u0710\u0738\u0722\u0723\u0735\u0722\u071d\u073c\u0735\u072c\u0718\u073c\u072c\u0742\u0735\u0710</span></a></span>"], "key": "17227", "west": "\u0710\u0736\u0722\u0723\u0733\u0722", "phonetic": "<td>' in sa:n</td>", "east": "\u0710\u0738\u0722\u0723\u0735\u0722"},
{"searchkey": "16099", "audio": [], "context": [], "webrank": 30, "text": [" : need , necessity , the state of being absolutely needed , requirement / the state of being required ;"], "english": "<td>need , necessity , the state of being absolutely needed , requirement / the state of being required ;</td>", "cf": ["<span class=\"wordlink\"><a href=\"dosearch.php?searchkey=535&amp;language=id\"><span class=\"eastsyriac\">\u0710\u0735\u0722\u0732\u0722\u0729\u0735\u071d\u0718\u073c\u072c\u0735\u0710</span></a>, <a href=\"dosearch.php?searchkey=534&amp;language=id\"><span class=\"eastsyriac\">\u0710\u0735\u0722\u0732\u0722\u0729\u0735\u071d\u0735\u0710</span></a>, <a href=\"dosearch.php?searchkey=533&amp;language=id\"><span class=\"eastsyriac\">\u0710\u0735\u0722\u0732\u0722\u0729\u0735\u0710\u071d\u073c\u072c</span></a>, <a href=\"dosearch.php?searchkey=16766&amp;language=id\"><span class=\"eastsyriac\">\u0710\u0735\u0722\u0732\u0722\u0729\u0308\u0739\u0710</span></a></span>", "<span class=\"wordlink\"><a href=\"dosearch.php?searchkey=535&amp;language=id\"><span class=\"eastsyriac\">\u0725\u0738\u0720\u072c\u0735\u0710</span></a></span>", "<span class=\"wordlink\"><a href=\"dosearch.php?searchkey=10513&amp;language=id\"><span class=\"eastsyriac\">\u0725\u072a\u071d\u073c\u0728\u0718\u073c\u072c\u0735\u0710</span></a>, <a href=\"dosearch.php?searchkey=9791&amp;language=id\"><span class=\"eastsyriac\">\u0723\u0722\u071d\u073c\u0729\u0718\u073c\u072c\u0735\u0710</span></a>, <a href=\"dosearch.php?searchkey=9530&amp;language=id\"><span class=\"eastsyriac\">\u0723\u0718\u073c\u0722\u0729\u0735\u0722\u0735\u0710</span></a>, <a href=\"dosearch.php?searchkey=32690&amp;language=id\"><span class=\"eastsyriac\">\u0710\u0735\u0720\u0728\u0735\u071d\u0718\u073c\u072c\u0735\u0710</span></a>, <a href=\"dosearch.php?searchkey=10513&amp;language=id\"><span class=\"eastsyriac\">\u0725\u072a\u071d\u073c\u0728\u0718\u073c\u072c\u0735\u0710</span></a>, <a href=\"dosearch.php?searchkey=32357&amp;language=id\"><span class=\"eastsyriac\">\u071a\u072b\u0732\u071a\u072c\u0742\u0735\u0710</span></a></span>"], "key": "16099", "west": "\u0710\u0733\u0722\u0730\u0722\u0729\u0733\u071d\u073d\u0718\u072c\u0733\u0710", "phonetic": "<td>a: nan qa: ' iu: ta:</td>", "east": "\u0710\u0735\u0722\u0732\u0722\u0729\u0735\u071d\u0718\u073c\u072c\u0735\u0710"},
{"searchkey": "510", "audio": [], "context": [], "webrank": 20, "text": [" : 1) comeliness , beauty , prettiness ,  the state of being pleasing to the sight , sight to behold ;\r\n2) form , shape ;"], "english": "<td>1) comeliness , beauty , prettiness ,  the state of being pleasing to the sight , sight to behold ;\r\n2) form , shape ;</td>", "cf": ["<span class=\"wordlink\"><a href=\"dosearch.php?searchkey=21749&amp;language=id\"><span class=\"eastsyriac\">\u0710\u0732\u0722\u0715\u0735\u0721\u0718\u073c\u072c\u0742\u0735\u0710</span></a></span>", "<span class=\"wordlink\"><a href=\"dosearch.php?searchkey=2375&amp;language=id\"><span class=\"eastsyriac\">\u0713\u0330\u0735\u0721\u0735\u0720</span></a>, <a href=\"dosearch.php?searchkey=3320&amp;language=id\"><span class=\"eastsyriac\">\u0717\u0715\u071d\u073c\u072a\u0718\u073c\u072c\u0735\u0710</span></a>, <a href=\"dosearch.php?searchkey=5327&amp;language=id\"><span class=\"eastsyriac\">\u071d\u0735\u0710\u071d\u0718\u073c\u072c\u0735\u0710</span></a>, <a href=\"dosearch.php?searchkey=15034&amp;language=id\"><span class=\"eastsyriac\">\u072b\u0732\u0726\u071d\u073c\u072a\u0718\u073c\u072c\u0735\u0710</span></a>, <a href=\"dosearch.php?searchkey=21750&amp;language=id\"><span class=\"eastsyriac\">\u0726\u0732\u0710\u071d\u0718\u073c\u072c\u0742\u0735\u0710</span></a></span>"], "key": "510", "west": "\u0710\u0730\u0722\u0715\u0733\u0721", "phonetic": "<td>' an da:m</td>", "east": "\u0710\u0732\u0722\u0715\u0735\u0721"},
{"searchkey": "429", "audio": ["./audio/entry429.mp3"], "context": [], "webrank": 10, "text": [" : feebleness , weakness , the state of being physically or mentally low , an indisposition , the blues (?) , burn-out (?) ;"], "english": "<td>feebleness , weakness , the state of being physically or mentally low , an indisposition , the blues (?) , burn-out (?) ;</td>", "cf": ["<span class=\"wordlink\"><a href=\"dosearch.php?searchkey=%27ll&amp;language=fullsyriac\"><span class=\"eastsyriac\">\u0710\u0720\u0720</span></a></span>", "<span class=\"wordlink\"><a href=\"dosearch.php?searchkey=17679&amp;language=id\"><span class=\"eastsyriac\">\u0721\u072a\u0725</span></a>, <a href=\"dosearch.php?searchkey=8535&amp;language=id\"><span class=\"eastsyriac\">\u0721\u072a\u0735\u0725</span></a>, <a href=\"dosearch.php?searchkey=7963&amp;language=id\"><span class=\"eastsyriac\">\u0721\u0732\u0721\u072a\u0725\u0718\u073c\u071d\u0739\u0710</span></a>, <a href=\"dosearch.php?searchkey=8544&amp;language=id\"><span class=\"eastsyriac\">\u0721\u072a\u0735\u0725\u071d\u072c\u0735\u0710</span></a>, <a href=\"dosearch.php?searchkey=5886&amp;language=id\"><span class=\"eastsyriac\">\u071f\u0718\u073c\u072a\u0717\u0735\u0722\u0735\u0710</span></a>, <a href=\"dosearch.php?searchkey=6408&amp;language=id\"><span class=\"eastsyriac\">\u071f\u072a\u071d\u073c\u0717\u0718\u073c\u072c\u0735\u0710</span></a>, <a href=\"dosearch.php?searchkey=8536&amp;language=id\"><span class=\"eastsyriac\">\u0721\u0732\u072a\u0725\u0735\u0710</span></a>, <a href=\"dosearch.php?searchkey=31229&amp;language=id\"><span class=\"eastsyriac\">\u0721\u0722\u0735\u0718\u0720\u0718\u073c\u072c\u0735\u0710</span></a>, <a href=\"dosearch.php?searchkey=31230&amp;language=id\"><span class=\"eastsyriac\">\u0722\u0732\u0723\u071d\u073c\u0723\u0718\u073c\u072c\u0735\u0710</span></a>, <a href=\"dosearch.php?searchkey=5886&amp;language=id\"><span class=\"eastsyriac\">\u071f\u0718\u073c\u072a\u0717\u0735\u0722\u0735\u0710</span></a>, <a href=\"dosearch.php?searchkey=4531&amp;language=id\"><span class=\"eastsyriac\">\u071a\u0732\u0720\u0735\u072b\u0718\u073c\u072c\u0735\u0710</span></a>, <a href=\"dosearch.php?searchkey=9347&amp;language=id\"><span class=\"eastsyriac\">\u0722\u0732\u072b\u071d\u073c\u072b\u0718\u073c\u072c\u0735\u0710</span></a>, <a href=\"dosearch.php?searchkey=7552&amp;language=id\"><span class=\"eastsyriac\">\u0721\u071a\u071d\u073c\u0720\u0718\u073c\u072c\u0735\u0710</span></a>, <a href=\"dosearch.php?searchkey=3676&amp;language=id\"><span class=\"eastsyriac\">\u0719\u0732\u0712\u0718\u073c\u0722\u0718\u073c\u072c\u0735\u0710</span></a></span>"], "key": "429", "west": "\u0710\u0730\u0720\u073a\u071d\u0720\u073d\u0718\u072c\u0733\u0710", "phonetic": "<td>a li: ' lu: ta:</td>", "east": "\u0710\u0732\u0720\u071d\u073c\u0720\u0718\u073c\u072c\u0735\u0710"}
]