[
{"searchkey": "9900", "audio": [], "context": [], "webrank": 10, "text": [" : a bench , a long seat , a seat / a terrace -in an arena- ;"], "english": "<td>a bench , a long seat , a seat / a terrace -in an arena- ;</td>", "cf": ["<span class=\"wordlink\"><a href=\"dosearch.php?searchkey=9686&amp;language=id\"><span class=\"eastsyriac\">\u0723\u0732\u071f\u0718\u073c</span></a>, <a href=\"dosearch.php?searchkey=13973&amp;language=id\"><span class=\"eastsyriac\">\u0723\u0732\u071f\u0718\u073c\u0722</span></a></span>", "<span class=\"wordlink\"><a href=\"dosearch.php?searchkey=26266&amp;language=id\"><span class=\"eastsyriac\">\u0721\u0732\u072a\u0715\u0735\u0713</span></a>, <a href=\"dosearch.php?searchkey=8104&amp;language=id\"><span class=\"eastsyriac\">\u0721\u0732\u0723\u071b\u0732\u0712\u0742\u072c\u0735\u0710</span></a>, <a href=\"dosearch.php?searchkey=23309&amp;language=id\"><span class=\"eastsyriac\">\u0721\u0735\u0718\u072c\u0712\u0742\u0735\u0710</span></a>, <a href=\"dosearch.php?searchkey=20323&amp;language=id\"><span class=\"eastsyriac\">\u0715\u0735\u0726\u0735\u0710</span></a>, <a href=\"dosearch.php?searchkey=29925&amp;language=id\"><span class=\"eastsyriac\">\u072c\u0732\u071a\u072c\u0735\u0710</span></a></span>"], "key": "9900", "west": "\u0723\u0729\u0730\u0721\u0722\u073a\u071d\u0722", "phonetic": "<td>' sqam ni:n </td>", "east": "\u0723\u0729\u0732\u0721\u0722\u071d\u073c\u0722"},
{"searchkey": "23309", "audio": [], "context": ["also \u0721\u0735\u072c\u0712\u0742\u0735\u0710", "Yoab Benjamin", "Lishani"], "webrank": 7, "text": [" : 1) ", " : a congress , a parliament , a council , a Board ;\r\n2) ", " : a bench ;\r\n3) ", " : a) a center / a centre , a base , a complex , b) a seat , a throne , a chair , c) an association ;"], "english": "<td>1) <span class=\"context\">also <a href=\"dosearch.php?searchkey=mAtbLA%27&amp;language=fullsyriac\"><span class=\"eastsyriac\">\u0721\u0735\u072c\u0712\u0742\u0735\u0710</span></a></span> : a congress , a parliament , a council , a Board ;\r\n2) <span class=\"context\">Yoab Benjamin</span> : a bench ;\r\n3) <span class=\"context\">Lishani</span> : a) a center / a centre , a base , a complex , b) a seat , a throne , a chair , c) an association ;</td>", "cf": ["<span class=\"wordlink\"><a href=\"dosearch.php?searchkey=17487&amp;language=id\"><span class=\"eastsyriac\">\u071d\u072c\u0712</span></a>, <a href=\"dosearch.php?searchkey=11718&amp;language=id\"><span class=\"eastsyriac\">\u072c\u0718\u073c\u0712\u0742</span></a>, <a href=\"dosearch.php?searchkey=5605&amp;language=id\"><span class=\"eastsyriac\">\u071d\u072c\u0735\u0712\u0742\u072c\u0735\u0710</span></a>, <a href=\"dosearch.php?searchkey=5604&amp;language=id\"><span class=\"eastsyriac\">\u071d\u0732\u072c\u0712\u0742\u0718\u073c\u072c\u0735\u0710</span></a>, <a href=\"dosearch.php?searchkey=5602&amp;language=id\"><span class=\"eastsyriac\">\u071d\u0747\u072c\u0735\u0712\u0742\u0735\u0710</span></a>, <a href=\"dosearch.php?searchkey=5603&amp;language=id\"><span class=\"eastsyriac\">\u071d\u0732\u072c\u0735\u0712\u0742\u0735\u0710</span></a>, <a href=\"dosearch.php?searchkey=15014&amp;language=id\"><span class=\"eastsyriac\">\u072c\u0732\u0718\u072c\u0735\u0712\u0742\u0735\u0710</span></a>, <a href=\"dosearch.php?searchkey=15431&amp;language=id\"><span class=\"eastsyriac\">\u072c\u0732\u0718\u072c\u0735\u0712\u0742\u0718\u073c\u072c\u0735\u0710</span></a>, <a href=\"dosearch.php?searchkey=16996&amp;language=id\"><span class=\"eastsyriac\">\u0710\u0735\u072c\u0712\u0742</span></a>, <a href=\"dosearch.php?searchkey=11719&amp;language=id\"><span class=\"eastsyriac\">\u071d\u0747\u072c\u0738\u0712\u0742</span></a>, <a href=\"dosearch.php?searchkey=16995&amp;language=id\"><span class=\"eastsyriac\">\u071d\u0735\u072c\u0738\u0712\u0742</span></a>, <a href=\"dosearch.php?searchkey=15495&amp;language=id\"><span class=\"eastsyriac\">\u072c\u071d\u0735\u0712\u0742\u0735\u0710</span></a>, <a href=\"dosearch.php?searchkey=5605&amp;language=id\"><span class=\"eastsyriac\">\u071d\u072c\u0735\u0712\u0742\u072c\u0735\u0710</span></a>, <a href=\"dosearch.php?searchkey=7432&amp;language=id\"><span class=\"eastsyriac\">\u0721\u0735\u0718\u072c\u0712\u0742\u0735\u0710</span></a>, <a href=\"dosearch.php?searchkey=32992&amp;language=id\"><span class=\"eastsyriac\">\u0721\u0735\u0718\u072c\u0742\u0712\u0742\u0735\u0710 \u0725\u0738\u0720\u0735\u071d\u0735\u0710</span></a></span>", "<span class=\"wordlink\"><a href=\"dosearch.php?searchkey=23310&amp;language=id\"><span class=\"eastsyriac\">\u0721\u0735\u072c\u0712\u0742\u0735\u0710</span></a></span>", "<span class=\"wordlink\"><a href=\"dosearch.php?searchkey=9686&amp;language=id\"><span class=\"eastsyriac\">\u0723\u0732\u071f\u0718\u073c</span></a>, <a href=\"dosearch.php?searchkey=13973&amp;language=id\"><span class=\"eastsyriac\">\u0723\u0732\u071f\u0718\u073c\u0722</span></a>, <a href=\"dosearch.php?searchkey=8104&amp;language=id\"><span class=\"eastsyriac\">\u0721\u0732\u0723\u071b\u0732\u0712\u0742\u072c\u0735\u0710</span></a>, <a href=\"dosearch.php?searchkey=9900&amp;language=id\"><span class=\"eastsyriac\">\u0723\u0729\u0732\u0721\u0722\u071d\u073c\u0722</span></a>, <a href=\"dosearch.php?searchkey=18911&amp;language=id\"><span class=\"eastsyriac\">\u072b\u0735\u0718\u072c\u0735\u0726\u0718\u073c\u072c\u0735\u0710</span></a>, <a href=\"dosearch.php?searchkey=20578&amp;language=id\"><span class=\"eastsyriac\">\u071f\u0726\u0735\u072b\u072c\u0735\u0710</span></a></span>"], "key": "23309", "west": "\u0721\u0733\u0718\u072c\u0742\u0712\u0742\u0733\u0710", "phonetic": "<td>' mo:th wa:</td>", "east": "\u0721\u0735\u0718\u072c\u0742\u0712\u0742\u0735\u0710"},
{"searchkey": "20109", "audio": [], "context": ["metaphor"], "webrank": 3, "text": [" : 1) a carpenter's bench , a factory bench ;\r\n2) ", " : possessions , property , goods and chattel ;"], "english": "<td>1) a carpenter's bench , a factory bench ;\r\n2) <span class=\"context\">metaphor</span> : possessions , property , goods and chattel ;</td>", "cf": ["<span class=\"wordlink\"><a href=\"dosearch.php?searchkey=2882&amp;language=id\"><span class=\"eastsyriac\">\u0715\u0732\u0719\u0713\u0735\u0710</span></a></span>"], "key": "20109", "west": "\u0715\u0730\u0723\u072c\u0747\u0713\u0733\u0710", "phonetic": "<td>' daz ga:</td>", "east": "\u0715\u0732\u0723\u072c\u0747\u0713\u0735\u0710"},
{"searchkey": "26266", "audio": [], "context": ["see \u072a\u0735\u0726\u0735\u0710", "see \u0721\u0735\u0718\u072c\u0742\u0712\u0742\u0735\u0710"], "webrank": 9, "text": [" : 1) a shelf , ", " ;\r\n2) a bench , ", " ;"], "english": "<td>1) a shelf , <span class=\"context\">see <a href=\"dosearch.php?searchkey=rApA%27&amp;language=fullsyriac\"><span class=\"eastsyriac\">\u072a\u0735\u0726\u0735\u0710</span></a></span> ;\r\n2) a bench , <span class=\"context\">see <a href=\"dosearch.php?searchkey=mAwtLbLA%27&amp;language=fullsyriac\"><span class=\"eastsyriac\">\u0721\u0735\u0718\u072c\u0742\u0712\u0742\u0735\u0710</span></a></span> ;</td>", "cf": ["<span class=\"wordlink\"><a href=\"dosearch.php?searchkey=13809&amp;language=id\"><span class=\"eastsyriac\">\u072a\u0735\u0726\u0735\u0710</span></a>, <a href=\"dosearch.php?searchkey=8104&amp;language=id\"><span class=\"eastsyriac\">\u0721\u0732\u0723\u071b\u0732\u0712\u0742\u072c\u0735\u0710</span></a>, <a href=\"dosearch.php?searchkey=9900&amp;language=id\"><span class=\"eastsyriac\">\u0723\u0729\u0732\u0721\u0722\u071d\u073c\u0722</span></a></span>"], "key": "26266", "west": "\u0721\u0730\u072a\u0715\u0733\u0713", "phonetic": "<td>' mer dag</td>", "east": "\u0721\u0732\u072a\u0715\u0735\u0713"},
{"searchkey": "20323", "audio": [], "context": ["for tightening threads", "Lishani"], "webrank": 4, "text": [" : 1) a weaver's beam ;\r\n2) a weaver's comb ", " ;\r\n3) ", " : a wooden bench ;"], "english": "<td>1) a weaver's beam ;\r\n2) a weaver's comb <span class=\"context\">for tightening threads</span> ;\r\n3) <span class=\"context\">Lishani</span> : a wooden bench ;</td>", "cf": ["<span class=\"wordlink\"><a href=\"dosearch.php?searchkey=26266&amp;language=id\"><span class=\"eastsyriac\">\u0721\u0732\u072a\u0715\u0735\u0713</span></a>, <a href=\"dosearch.php?searchkey=8104&amp;language=id\"><span class=\"eastsyriac\">\u0721\u0732\u0723\u071b\u0732\u0712\u0742\u072c\u0735\u0710</span></a>, <a href=\"dosearch.php?searchkey=23309&amp;language=id\"><span class=\"eastsyriac\">\u0721\u0735\u0718\u072c\u0712\u0742\u0735\u0710</span></a>, <a href=\"dosearch.php?searchkey=29925&amp;language=id\"><span class=\"eastsyriac\">\u072c\u0732\u071a\u072c\u0735\u0710</span></a>, <a href=\"dosearch.php?searchkey=9900&amp;language=id\"><span class=\"eastsyriac\">\u0723\u0729\u0732\u0721\u0722\u071d\u073c\u0722</span></a></span>"], "key": "20323", "west": "\u0715\u0733\u0726\u0733\u0710", "phonetic": "<td>' da: pa:</td>", "east": "\u0715\u0735\u0726\u0735\u0710"},
{"searchkey": "8104", "audio": [], "context": [], "webrank": 8, "text": [" : a stone-bench , a terrace or raised place in front of the altar ;"], "english": "<td>a stone-bench , a terrace or raised place in front of the altar ;</td>", "cf": ["<span class=\"wordlink\"><a href=\"dosearch.php?searchkey=8333&amp;language=id\"><span class=\"eastsyriac\">\u0721\u0732\u0728\u071b\u0732\u0712\u072c\u0742\u0735\u0710</span></a></span>", "<span class=\"wordlink\"><a href=\"dosearch.php?searchkey=9686&amp;language=id\"><span class=\"eastsyriac\">\u0723\u0732\u071f\u0718\u073f</span></a>, <a href=\"dosearch.php?searchkey=13973&amp;language=id\"><span class=\"eastsyriac\">\u0723\u0732\u071f\u0718\u073c\u0722</span></a>, <a href=\"dosearch.php?searchkey=9900&amp;language=id\"><span class=\"eastsyriac\">\u0723\u0729\u0732\u0721\u0722\u071d\u073c\u0722</span></a>, <a href=\"dosearch.php?searchkey=23309&amp;language=id\"><span class=\"eastsyriac\">\u0721\u0735\u0718\u072c\u0712\u0742\u0735\u0710</span></a>, <a href=\"dosearch.php?searchkey=25433&amp;language=id\"><span class=\"eastsyriac\">\u0710\u0732\u0721\u0712\u0718\u073f\u0722\u0735\u0710</span></a>, <a href=\"dosearch.php?searchkey=27359&amp;language=id\"><span class=\"eastsyriac\">\u0729\u0735\u072c\u0742\u0715\u0735\u072a\u0735\u0710</span></a>, <a href=\"dosearch.php?searchkey=27360&amp;language=id\"><span class=\"eastsyriac\">\u072a\u0712\u0732\u0729\u072c\u0735\u0710</span></a></span>"], "key": "8104", "west": "\u0721\u0730\u0723\u071b\u0730\u0712\u0742\u072c\u0733\u0710", "phonetic": "<td>mas ' \u1e6do: ta:</td>", "east": "\u0721\u0732\u0723\u071b\u0732\u0712\u0742\u072c\u0735\u0710"},
{"searchkey": "7432", "audio": [], "context": ["a part of \"Nocturns\" said", "a division of", "in the burial service ...", "NENA , \u0721\u0735\u0718\u072c\u0742\u0712\u0742\u0735\u0710 also \u0721\u0735\u072c\u0742\u0712\u0742\u0735\u0710", "Lishani"], "webrank": 6, "text": [" : 1) ", " sitting ; \r\n2) ", " anthems ", " ;\r\n3) ", " : a place where people sit , a sitting , the actual presence or meeting of any body of persons in their seats with authority to transact business , a session , a congress , a parliament , a council ;\r\n4) a seat , a bench , ", " : a throne"], "english": "<td>1) <span class=\"context\">a part of \"Nocturns\" said</span> sitting ; \r\n2) <span class=\"context\">a division of</span> anthems <span class=\"context\">in the burial service ...</span> ;\r\n3) <span class=\"context\">NENA , <a href=\"dosearch.php?searchkey=mAwtLbLA%27&amp;language=fullsyriac\"><span class=\"eastsyriac\">\u0721\u0735\u0718\u072c\u0742\u0712\u0742\u0735\u0710</span></a> also <a href=\"dosearch.php?searchkey=mAtLbLA%27&amp;language=fullsyriac\"><span class=\"eastsyriac\">\u0721\u0735\u072c\u0742\u0712\u0742\u0735\u0710</span></a></span> : a place where people sit , a sitting , the actual presence or meeting of any body of persons in their seats with authority to transact business , a session , a congress , a parliament , a council ;\r\n4) a seat , a bench , <span class=\"context\">Lishani</span> : a throne ;\r\n<span class=\"locution\"><span class=\"eastsyriac\">\u072a\u0739\u072b \u0721\u0735\u0718\u072c\u0712\u0308\u0742\u0739\u0710</span></span> : the main seats ;\r\n5) a situation , circumstances / context / state of affairs / ball game ;\r\n6) a settlement , a habitation , a colony (?) ,  a residence (?) , a dwelling (?) ;\r\n7) <span class=\"context\">Bailis Shamun, see also <a href=\"dosearch.php?searchkey=knujtA%27&amp;language=fullsyriac\"><span class=\"eastsyriac\">\u071f\u0722\u0718\u073c\u072b\u072c\u0735\u0710</span></a></span> : a society <span class=\"context\">scientific ...</span> / a club (?) ;</td>", "cf": ["<span class=\"wordlink\"><a href=\"dosearch.php?searchkey=17487&amp;language=id\"><span class=\"eastsyriac\">\u071d\u072c\u0712</span></a>, <a href=\"dosearch.php?searchkey=11718&amp;language=id\"><span class=\"eastsyriac\">\u072c\u0718\u073c\u0712\u0742</span></a>, <a href=\"dosearch.php?searchkey=5605&amp;language=id\"><span class=\"eastsyriac\">\u071d\u072c\u0735\u0712\u0742\u072c\u0735\u0710</span></a>, <a href=\"dosearch.php?searchkey=11719&amp;language=id\"><span class=\"eastsyriac\">\u071d\u0747\u072c\u0738\u0712\u0742</span></a>, <a href=\"dosearch.php?searchkey=5604&amp;language=id\"><span class=\"eastsyriac\">\u071d\u0732\u072c\u0712\u0742\u0718\u073c\u072c\u0735\u0710</span></a>, <a href=\"dosearch.php?searchkey=5603&amp;language=id\"><span class=\"eastsyriac\">\u071d\u0732\u072c\u0735\u0712\u0742\u0735\u0710</span></a>, <a href=\"dosearch.php?searchkey=15014&amp;language=id\"><span class=\"eastsyriac\">\u072c\u0732\u0718\u072c\u0735\u0712\u0742\u0735\u0710</span></a>, <a href=\"dosearch.php?searchkey=15431&amp;language=id\"><span class=\"eastsyriac\">\u072c\u0732\u0718\u072c\u0735\u0712\u0742\u0718\u073c\u072c\u0735\u0710</span></a>, <a href=\"dosearch.php?searchkey=16996&amp;language=id\"><span class=\"eastsyriac\">\u0710\u0735\u072c\u0712\u0742</span></a>, <a href=\"dosearch.php?searchkey=16995&amp;language=id\"><span class=\"eastsyriac\">\u071d\u0735\u072c\u0738\u0712\u0742</span></a>, <a href=\"dosearch.php?searchkey=30791&amp;language=id\"><span class=\"eastsyriac\">\u0721\u0732\u072c\u0718\u073f\u0712\u0742\u0739\u0710</span></a>, <a href=\"dosearch.php?searchkey=5602&amp;language=id\"><span class=\"eastsyriac\">\u071d\u0747\u072c\u0735\u0712\u0742\u0735\u0710</span></a>, <a href=\"dosearch.php?searchkey=13647&amp;language=id\"><span class=\"eastsyriac\">\u072a\u071d\u073c\u072b \u0721\u0732\u0718\u072c\u0712\u0742\u0735\u0710</span></a></span>", "<span class=\"wordlink\"><a href=\"dosearch.php?searchkey=26267&amp;language=id\"><span class=\"eastsyriac\">\u0721\u0735\u072c\u0742\u0712\u0742\u0735\u0710</span></a></span>", "<span class=\"wordlink\"><a href=\"dosearch.php?searchkey=17050&amp;language=id\"><span class=\"eastsyriac\">\u0710\u0735\u0712\u0742\u0735\u071d\u071d\u073c</span></a>, <a href=\"dosearch.php?searchkey=12460&amp;language=id\"><span class=\"eastsyriac\">\u0729\u0718\u073c\u0720\u0718\u073c\u0722\u071d\u073c\u0735\u0710</span></a>, <a href=\"dosearch.php?searchkey=15482&amp;language=id\"><span class=\"eastsyriac\">\u072c\u072a\u0718\u073f\u0722\u0718\u073f\u0723</span></a>, <a href=\"dosearch.php?searchkey=10517&amp;language=id\"><span class=\"eastsyriac\">\u0725\u0732\u072a\u0747\u0723\u0735\u0710</span></a>, <a href=\"dosearch.php?searchkey=25434&amp;language=id\"><span class=\"eastsyriac\">\u0712\u0739\u0710\u0721\u0735\u0710</span></a>, <a href=\"dosearch.php?searchkey=29923&amp;language=id\"><span class=\"eastsyriac\">\u071f\u0718\u073c\u072a\u0723\u0735\u0710</span></a>, <a href=\"dosearch.php?searchkey=29924&amp;language=id\"><span class=\"eastsyriac\">\u0721\u0732\u0723\u0721\u071f\u0742\u0735\u0710</span></a>, <a href=\"dosearch.php?searchkey=14690&amp;language=id\"><span class=\"eastsyriac\">\u072b\u071f\u0742\u071d\u073c\u0722\u072c\u0735\u0710</span></a>, <a href=\"dosearch.php?searchkey=12251&amp;language=id\"><span class=\"eastsyriac\">\u072c\u0732\u071a\u072c</span></a>, <a href=\"dosearch.php?searchkey=11945&amp;language=id\"><span class=\"eastsyriac\">\u0729\u072c\u071d\u073c\u0723\u0721\u0735\u0710</span></a>, <a href=\"dosearch.php?searchkey=60&amp;language=id\"><span class=\"eastsyriac\">\u0710\u0742\u0713\u0330\u0720\u0735\u0723</span></a>, <a href=\"dosearch.php?searchkey=6202&amp;language=id\"><span class=\"eastsyriac\">\u071f\u0722\u0718\u073c\u072b\u071d\u0735\u0710</span></a></span>"], "key": "7432", "west": "\u0721\u0733\u0718\u072c\u0712\u0742\u0733\u0710", "phonetic": "<td>' mo:t wa:</td>", "east": "\u0721\u0735\u0718\u072c\u0712\u0742\u0735\u0710"},
{"searchkey": "5044", "audio": ["./audio/entry5044.mp3"], "context": ["Maclean", "arithmetic", "Oraham", "Bailis Shamun ; see also \u072b\u0718\u073c\u0718\u0715\u0735\u0725\u0735\u0710 / \u0722\u071d\u073c\u072b\u0732\u0722\u0729\u0735\u0710"], "webrank": 5, "text": [" : 1) ", " : a type , a pattern , a template , an example , a benchmark , a criterion / a yardstick / a par / a gauge / a standard measure (?) / a canon , a form , a figure (?) / a likeness (?) , a mode (?) ;\r\n2) ", " : a sum , an example ;\r\n3) a figure of speech , a metaphor , a symbol (?) ;\r\n4) ", " : a problem , a question proposed for solution , a matter stated for examination or proof ;\r\n5) a type , a figure , a likeness , a mode , an example , a metaphor , a symbol ;\r\n6) ", " : a sign ;"], "english": "<td>1) <span class=\"context\">Maclean</span> : a type , a pattern , a template , an example , a benchmark , a criterion / a yardstick / a par / a gauge / a standard measure (?) / a canon , a form , a figure (?) / a likeness (?) , a mode (?) ;\r\n2) <span class=\"context\">arithmetic</span> : a sum , an example ;\r\n3) a figure of speech , a metaphor , a symbol (?) ;\r\n4) <span class=\"context\">Oraham</span> : a problem , a question proposed for solution , a matter stated for examination or proof ;\r\n5) a type , a figure , a likeness , a mode , an example , a metaphor , a symbol ;\r\n6) <span class=\"context\">Bailis Shamun ; see also <a href=\"dosearch.php?searchkey=juwdAcA%27&amp;language=fullsyriac\"><span class=\"eastsyriac\">\u072b\u0718\u073c\u0718\u0715\u0735\u0725\u0735\u0710</span></a> / <a href=\"dosearch.php?searchkey=nijanqA%27&amp;language=fullsyriac\"><span class=\"eastsyriac\">\u0722\u071d\u073c\u072b\u0732\u0722\u0729\u0735\u0710</span></a></span> : a sign ;</td>", "cf": ["<span class=\"wordlink\"><a href=\"dosearch.php?searchkey=Tps&amp;language=fullsyriac\"><span class=\"eastsyriac\">\u071b\u0726\u0723</span></a>, <a href=\"dosearch.php?searchkey=13643&amp;language=id\"><span class=\"eastsyriac\">\u072a\u071d\u073c\u072b \u071b\u0718\u073c\u0726\u032e\u0723\u0735\u0710</span></a>, <a href=\"dosearch.php?searchkey=22519&amp;language=id\"><span class=\"eastsyriac\">\u071b\u0718\u073c\u0726\u032e\u0723\u0735\u071d\u0735\u0710</span></a>, <a href=\"dosearch.php?searchkey=22520&amp;language=id\"><span class=\"eastsyriac\">\u071b\u0718\u073c\u0726\u032e\u0723\u0735\u071d\u072c\u0735\u0710</span></a>, <a href=\"dosearch.php?searchkey=5046&amp;language=id\"><span class=\"eastsyriac\">\u071b\u0718\u073c\u0726\u032e\u0723\u0735\u0722\u0735\u071d\u0735\u0710</span></a>, <a href=\"dosearch.php?searchkey=22521&amp;language=id\"><span class=\"eastsyriac\">\u071b\u0718\u073c\u0726\u032e\u0723\u0735\u0722\u0735\u071d\u072c\u0735\u0710</span></a>, <a href=\"dosearch.php?searchkey=13718&amp;language=id\"><span class=\"eastsyriac\">\u072a\u0738\u0721\u0719\u0735\u0722\u0735\u071d\u0735\u0710</span></a>, <a href=\"dosearch.php?searchkey=5046&amp;language=id\"><span class=\"eastsyriac\">\u071b\u0718\u073c\u0726\u032e\u0723\u0735\u0722\u0735\u071d\u0735\u0710</span></a>, <a href=\"dosearch.php?searchkey=33679&amp;language=id\"><span class=\"eastsyriac\">\u071b\u0732\u0726\u0738\u0723</span></a></span>", "<span class=\"wordlink\"><a href=\"dosearch.php?searchkey=31746&amp;language=id\"><span class=\"eastsyriac\">\u072b\u0718\u073c\u0718\u0715\u0735\u0725\u0735\u0710</span></a>, <a href=\"dosearch.php?searchkey=13715&amp;language=id\"><span class=\"eastsyriac\">\u072a\u0738\u0721\u0719\u0735\u0710</span></a>, <a href=\"dosearch.php?searchkey=9151&amp;language=id\"><span class=\"eastsyriac\">\u0722\u071d\u073c\u072b\u0735\u0710</span></a>, <a href=\"dosearch.php?searchkey=9152&amp;language=id\"><span class=\"eastsyriac\">\u0722\u071d\u073c\u072b\u0732\u0722\u0729\u0735\u0710</span></a>, <a href=\"dosearch.php?searchkey=27563&amp;language=id\"><span class=\"eastsyriac\">\u0710\u0747\u072a\u0735\u0719\u0735\u0710</span></a>, <a href=\"dosearch.php?searchkey=33675&amp;language=id\"><span class=\"eastsyriac\">\u0710\u0735\u072c\u0718\u0735\u072c\u0738\u0710</span></a>, <a href=\"dosearch.php?searchkey=11637&amp;language=id\"><span class=\"eastsyriac\">\u0710\u0735\u072c\u0742\u0735\u0710</span></a>, <a href=\"dosearch.php?searchkey=27563&amp;language=id\"><span class=\"eastsyriac\">\u0710\u0747\u072a\u0735\u0719\u0735\u0710</span></a>, <a href=\"dosearch.php?searchkey=31782&amp;language=id\"><span class=\"eastsyriac\">\u0722\u0735\u0718\u0726\u0735\u0710</span></a>, <a href=\"dosearch.php?searchkey=13537&amp;language=id\"><span class=\"eastsyriac\">\u072a\u0718\u073c\u072b\u0721\u0735\u0710</span></a>, <a href=\"dosearch.php?searchkey=4927&amp;language=id\"><span class=\"eastsyriac\">\u071a\u0735\u072c\u0742\u0721\u0735\u0710</span></a></span>"], "key": "5044", "west": "\u071b\u073d\u0718\u0726\u032e\u0723\u0733\u0710", "phonetic": "<td>' \u1e6du sa:</td>", "east": "\u071b\u0718\u073c\u0726\u032e\u0723\u0735\u0710"},
{"searchkey": "20231", "audio": [], "context": ["metaphor : life, story ..."], "webrank": 2, "text": [" : 1) a woof , a weft , the thread / a hank ;\r\n\r\n2) -?- ", " : reference points (?) , markers (?) , benchmarks (?) , landmarks (?) ;"], "english": "<td>1) a woof , a weft , the thread / a hank ;\r\n\r\n2) -?- <span class=\"context\">metaphor : life, story ...</span> : reference points (?) , markers (?) , benchmarks (?) , landmarks (?) ;</td>", "cf": ["<span class=\"wordlink\"><a href=\"dosearch.php?searchkey=2813&amp;language=id\"><span class=\"eastsyriac\">\u0715\u0718\u073c\u0720\u0735\u0710</span></a>, <a href=\"dosearch.php?searchkey=24607&amp;language=id\"><span class=\"eastsyriac\">\u0721\u0732\u0715\u0738\u0720</span></a></span>"], "key": "20231", "west": "\u0715\u0736\u0720\u0733\u0710", "phonetic": "<td>' di la:</td>", "east": "\u0715\u0738\u0720\u0735\u0710"},
{"searchkey": "1250", "audio": [], "context": ["rarely", "Nehemiah : 8, 4", "Maclean", "Nehemiah : 9,4"], "webrank": 1, "text": [" : 1) the bema (a raised space between the sanctuary wall of a church and the nave) ;\r\n2) ", " : the sanctuary of a church ;\r\n3) ", " : a pulpit , an elevated bench in a church from which a sermon is delivered ;\r\n4) ", " : a judgement seat , a throne ;\r\n5) ", " : a platform , stairs ;"], "english": "<td>1) the bema (a raised space between the sanctuary wall of a church and the nave) ;\r\n2) <span class=\"context\">rarely</span> : the sanctuary of a church ;\r\n3) <span class=\"context\">Nehemiah : 8, 4</span> : a pulpit , an elevated bench in a church from which a sermon is delivered ;\r\n4) <span class=\"context\">Maclean</span> : a judgement seat , a throne ;\r\n5) <span class=\"context\">Nehemiah : 9,4</span> : a platform , stairs ;</td>", "cf": ["<span class=\"wordlink\"><a href=\"dosearch.php?searchkey=25432&amp;language=id\"><span class=\"eastsyriac\">\u0712\u0739\u071d\u0721\u0735\u0710</span></a></span>", "<span class=\"wordlink\"><a href=\"dosearch.php?searchkey=7977&amp;language=id\"><span class=\"eastsyriac\">\u0721\u0732\u0722\u0712\u0735\u072a</span></a>, <a href=\"dosearch.php?searchkey=25433&amp;language=id\"><span class=\"eastsyriac\">\u0710\u0732\u0721\u0712\u0718\u073f\u0722\u0735\u0710</span></a></span>"], "key": "1250", "west": "\u0712\u0736\u071d\u0721", "phonetic": "<td>' bi:m</td>", "east": "\u0712\u0739\u071d\u0721"},
{"searchkey": "29925", "audio": [], "context": ["NENA ; = \u072c\u0732\u071a\u072c"], "webrank": 10, "text": [" : 1) a board , a plank ;\r\n2) a slate , a roofing-board , a lauze / a roofing-stone ;\r\n3) a wooden bedstead , a couch ;\r\n4) ", " : a chair , a seat , a throne ;\r\n5) a hearthstone , a sacrificial firestone (?) ;\r\n6)"], "english": "<td>1) a board , a plank ;\r\n2) a slate , a roofing-board , a lauze / a roofing-stone ;\r\n3) a wooden bedstead , a couch ;\r\n4) <span class=\"context\">NENA ; = <a href=\"dosearch.php?searchkey=taxt&amp;language=fullsyriac\"><span class=\"eastsyriac\">\u072c\u0732\u071a\u072c</span></a></span> : a chair , a seat , a throne ;\r\n5) a hearthstone , a sacrificial firestone (?) ;\r\n6) <span class=\"locution\"><span class=\"eastsyriac\">\u072c\u0732\u071a\u072c\u0735\u0710 \u0715\u0713\u0715\u0735\u0720\u0735\u0710</span></span> : a cotton spool ;\r\n7) <span class=\"context\">Lishani</span> : a wooden bench ;</td>", "cf": ["<span class=\"wordlink\"><a href=\"dosearch.php?searchkey=15484&amp;language=id\"><span class=\"eastsyriac\">\u072c\u0732\u071a\u072c\u0735\u0710 \u071f\u0718\u073c\u0721\u072c\u0735\u0710</span></a>, <a href=\"dosearch.php?searchkey=9335&amp;language=id\"><span class=\"eastsyriac\">\u0722\u0735\u072a\u0715\u0747\u072c\u0732\u071a\u072c\u0735\u0710</span></a></span>", "<span class=\"wordlink\"><a href=\"dosearch.php?searchkey=26266&amp;language=id\"><span class=\"eastsyriac\">\u0721\u0732\u072a\u0715\u0735\u0713</span></a>, <a href=\"dosearch.php?searchkey=8104&amp;language=id\"><span class=\"eastsyriac\">\u0721\u0732\u0723\u071b\u0732\u0712\u0742\u072c\u0735\u0710</span></a>, <a href=\"dosearch.php?searchkey=23309&amp;language=id\"><span class=\"eastsyriac\">\u0721\u0735\u0718\u072c\u0712\u0742\u0735\u0710</span></a>, <a href=\"dosearch.php?searchkey=20323&amp;language=id\"><span class=\"eastsyriac\">\u0715\u0735\u0726\u0735\u0710</span></a>, <a href=\"dosearch.php?searchkey=9900&amp;language=id\"><span class=\"eastsyriac\">\u0723\u0729\u0732\u0721\u0722\u071d\u073c\u0722</span></a>, <a href=\"dosearch.php?searchkey=13163&amp;language=id\"><span class=\"eastsyriac\">\u0729\u0735\u072a\u071d\u073c\u072c\u0735\u0710</span></a>, <a href=\"dosearch.php?searchkey=3130&amp;language=id\"><span class=\"eastsyriac\">\u0715\u0735\u0726\u0735\u0710</span></a>, <a href=\"dosearch.php?searchkey=6490&amp;language=id\"><span class=\"eastsyriac\">\u071f\u0735\u072b\u0718\u073f\u072a\u0735\u0710</span></a></span>"], "key": "29925", "west": "\u072c\u0730\u071a\u072c\u0733\u0710", "phonetic": "<td>' ta\u1e25 ta:</td>", "east": "\u072c\u0732\u071a\u072c\u0735\u0710"}
]