[
{"searchkey": "7709", "audio": [], "context": [], "webrank": 2, "text": [" : a millard , a billion , a thousand millions"], "english": "<td>a millard , a billion , a thousand millions</td>", "cf": [], "key": "7709", "west": "\u0721\u073a\u071d\u0720\u071d\u0730\u072a\u0715", "phonetic": "<td>' mil yard</td>", "east": "\u0721\u071d\u073c\u0720\u071d\u0732\u072a\u0715"},
{"searchkey": "1247", "audio": [], "context": [], "webrank": 1, "text": [" : a billion , one thousand millions in the USA , one million millions in Europe"], "english": "<td>a billion , one thousand millions in the USA , one million millions in Europe</td>", "cf": [], "key": "1247", "west": "\u0712\u073a\u071d\u0720\u071d\u073d\u0718\u0722", "phonetic": "<td>' bi liun</td>", "east": "\u0712\u071d\u073c\u0720\u071d\u0718\u073f\u0722"}
]