[
{"searchkey": "11360", "audio": [], "context": ["Lishani"], "webrank": 3, "text": [" : 1) a deed , an act , an action , what is done or affected , a thing done , an exploit (?) / a feat (?) ;\r\n2) the Acts of the Apostles ;\r\n3) ", " : a) a story , b) a work , c) a biography ;"], "english": "<td>1) a deed , an act , an action , what is done or affected , a thing done , an exploit (?) / a feat (?) ;\r\n2) the Acts of the Apostles ;\r\n3) <span class=\"context\">Lishani</span> : a) a story , b) a work , c) a biography ;</td>", "cf": ["<span class=\"wordlink\"><a href=\"dosearch.php?searchkey=8778&amp;language=id\"><span class=\"eastsyriac\">\u0721\u0738\u072c\u0738\u0720\u072c\u0735\u0710</span></a>, <a href=\"dosearch.php?searchkey=14398&amp;language=id\"><span class=\"eastsyriac\">\u072b\u0718\u073f\u0725\u071d\u073c\u072c\u0742\u0735\u0710</span></a>, <a href=\"dosearch.php?searchkey=27004&amp;language=id\"><span class=\"eastsyriac\">\u072c\u0718\u073c\u0722\u0735\u071d\u0735\u0710</span></a></span>"], "key": "11360", "west": "\u0726\u072a\u0730\u071f\u0723\u073a\u071d\u0723", "phonetic": "<td>' prak si:s</td>", "east": "\u0726\u072a\u0732\u071f\u0723\u071d\u073c\u0723"},
{"searchkey": "10173", "audio": [], "context": ["Classical Syriac, Al Qosh", "especially", "figurative sense : zoology ?", "Urmiah, NENA : building"], "webrank": 2, "text": [" : 1) ", " : a habitation , a dwelling place , house , a residence , an inhabitation , ", " : a monastery , ", " : an environment (?) / a niche (?) ;\r\n2) ", " : a church / place of Christian worship"], "english": "<td>1) <span class=\"context\">Classical Syriac, Al Qosh</span> : a habitation , a dwelling place , house , a residence , an inhabitation , <span class=\"context\">especially</span> : a monastery , <span class=\"context\">figurative sense : zoology ?</span> : an environment (?) / a niche (?) ;\r\n2) <span class=\"context\">Urmiah, NENA : building</span> : a church / place of Christian worship ;\r\n<span class=\"locution\"><span class=\"eastsyriac\">\u0723\u0735\u0721\u0735\u0710 \u0725\u0738\u0720\u0735\u071d\u0735\u0710 \u0715\u0721\u0732\u0713\u0742\u0715\u0720\u0735\u0710 \u0715\u0725\u0718\u073c\u0721\u072a\u0735\u0710</span></span> : the upper part of a church-tower ;\r\n3)  <span class=\"context\">Al Qosh : see <a href=\"dosearch.php?searchkey=comr&amp;language=fullsyriac\"><span class=\"eastsyriac\">\u0725\u0718\u073f\u0721\u072a</span></a></span> : age ;\r\n<span class=\"locution\"><span class=\"eastsyriac\">\u0721\u0738\u0722 \u0725\u0718\u073c\u0721\u072a\u0739\u0710 \u0729\u0732\u0715\u0747\u0721\u0735\u071d\u0735\u0710</span></span> : from his earliest years ;\r\n<span class=\"context\">Rh\u00e9tor\u00e9 ; <span class=\"locution\"><span class=\"eastsyriac\">\u0710\u0738\u0720\u0735\u0710 \u0712\u0710\u0735\u0715\u0742 \u0725\u0718\u073c\u0721\u072a\u071d\u073c \u0720\u0735\u0710 \u0726\u071d\u073c\u072b \u071b\u0735\u0726\u0738\u0722\u0739\u0717</span></span></span> : but at my age / this age of mine I no longer can catch up with it ;\r\n4) <span class=\"context\">Oraham</span> : life / manner of living ;\r\n5) <span class=\"context\">Lishani</span> : a) a home , b) a monastery , a church , c) age , d) life , biography , experience (?) ;</td>", "cf": ["<span class=\"wordlink\"><a href=\"dosearch.php?searchkey=17827&amp;language=id\"><span class=\"eastsyriac\">\u0725\u0721\u072a</span></a>, <a href=\"dosearch.php?searchkey=10380&amp;language=id\"><span class=\"eastsyriac\">\u0725\u0721\u0735\u072a\u0735\u0710</span></a>, <a href=\"dosearch.php?searchkey=8217&amp;language=id\"><span class=\"eastsyriac\">\u0721\u0732\u0725\u0721\u0718\u073c\u072a\u0739\u0710</span></a>, <a href=\"dosearch.php?searchkey=15114&amp;language=id\"><span class=\"eastsyriac\">\u0725\u0721\u0735\u072a\u072c\u0735\u0710</span></a>, <a href=\"dosearch.php?searchkey=10385&amp;language=id\"><span class=\"eastsyriac\">\u0725\u0735\u0721\u0735\u072a\u0735\u072c</span></a>, <a href=\"dosearch.php?searchkey=10384&amp;language=id\"><span class=\"eastsyriac\">\u0725\u0732\u0721\u072a\u0735\u0722\u0735\u0710</span></a>, <a href=\"dosearch.php?searchkey=10363&amp;language=id\"><span class=\"eastsyriac\">\u0725\u0735\u0721\u0718\u073f\u072a\u0735\u0710</span></a>, <a href=\"dosearch.php?searchkey=10172&amp;language=id\"><span class=\"eastsyriac\">\u0725\u0735\u0718\u0721\u072a</span></a>, <a href=\"dosearch.php?searchkey=10379&amp;language=id\"><span class=\"eastsyriac\">\u0725\u0732\u0721\u072a</span></a>, <a href=\"dosearch.php?searchkey=1308&amp;language=id\"><span class=\"eastsyriac\">\u0712\u0739\u071d\u072c\u0721\u0732\u0725\u0721\u072a\u0735\u0710</span></a>, <a href=\"dosearch.php?searchkey=8818&amp;language=id\"><span class=\"eastsyriac\">\u0721\u0738\u072c\u0725\u0732\u0721\u072a\u0735\u0722\u0735\u0710</span></a>, <a href=\"dosearch.php?searchkey=8220&amp;language=id\"><span class=\"eastsyriac\">\u0721\u0732\u0725\u0721\u072a\u0735\u0710</span></a>, <a href=\"dosearch.php?searchkey=10379&amp;language=id\"><span class=\"eastsyriac\">\u0725\u0732\u0721\u072a</span></a>, <a href=\"dosearch.php?searchkey=10380&amp;language=id\"><span class=\"eastsyriac\">\u0725\u0721\u0735\u072a\u0735\u0710</span></a>, <a href=\"dosearch.php?searchkey=25750&amp;language=id\"><span class=\"eastsyriac\">\u0721\u0725\u0732\u0721\u0738\u072a</span></a>, <a href=\"dosearch.php?searchkey=25751&amp;language=id\"><span class=\"eastsyriac\">\u0725\u0735\u0721\u0738\u072a</span></a>, <a href=\"dosearch.php?searchkey=10172&amp;language=id\"><span class=\"eastsyriac\">\u0725\u0718\u073f\u0721\u072a</span></a></span>", "<span class=\"wordlink\"><a href=\"dosearch.php?searchkey=2763&amp;language=id\"><span class=\"eastsyriac\">\u0715\u0718\u073c\u0712\u0735\u072a\u0735\u0710</span></a></span>"], "key": "10173", "west": "\u0725\u073d\u0718\u0721\u072a\u0733\u0710", "phonetic": "<td>' u:m ra:</td>", "east": "\u0725\u0718\u073c\u0721\u072a\u0735\u0710"},
{"searchkey": "32511", "audio": [], "context": [], "webrank": 1, "text": [" : Biography"], "english": "<td>Biography</td>", "cf": [], "key": "32511", "west": "\u0723\u0726\u0730\u072a \u071a\u0730\u071d\u073d\u0718\u072c\u0733\u0710", "phonetic": "<td>spar \u1e25ayoota</td>", "east": "\u0723\u0726\u0732\u072a \u071a\u0732\u071d\u0718\u073c\u072c\u0735\u0710"}
]