[
{"searchkey": "1261", "audio": [], "context": ["Yoab Bejamin"], "webrank": 7, "text": [" : 1) a palace , the residence of a bishop , a magnificient building ;\r\n", " : a fortress ;"], "english": "<td>1) a palace , the residence of a bishop , a magnificient building ;\r\n<span class=\"context\">Yoab Bejamin</span> : a fortress ;</td>", "cf": ["<span class=\"wordlink\"><a href=\"dosearch.php?searchkey=652&amp;language=id\"><span class=\"eastsyriac\">\u0710\u0735\u0726\u0732\u0715\u0722\u0735\u0710</span></a>, <a href=\"dosearch.php?searchkey=11326&amp;language=id\"><span class=\"eastsyriac\">\u0726\u072a\u0732\u071b\u0718\u073f\u072a\u071d\u073c\u0722</span></a>, <a href=\"dosearch.php?searchkey=7043&amp;language=id\"><span class=\"eastsyriac\">\u0721\u0732\u0713\u0715\u0720\u0735\u0710</span></a>, <a href=\"dosearch.php?searchkey=4686&amp;language=id\"><span class=\"eastsyriac\">\u071a\u0738\u0723\u0722\u0735\u0710</span></a>, <a href=\"dosearch.php?searchkey=7686&amp;language=id\"><span class=\"eastsyriac\">\u0721\u0732\u071b\u0732\u072a\u072c\u0735\u0710</span></a>, <a href=\"dosearch.php?searchkey=12867&amp;language=id\"><span class=\"eastsyriac\">\u0729\u0732\u0720\u0725\u0735\u0710</span></a>, <a href=\"dosearch.php?searchkey=12868&amp;language=id\"><span class=\"eastsyriac\">\u0729\u0732\u0720\u0725\u0735\u0712\u0732\u0722\u0715\u0718\u073c\u072c\u0735\u0710</span></a>, <a href=\"dosearch.php?searchkey=27544&amp;language=id\"><span class=\"eastsyriac\">\u071f\u0732\u072a\u071d\u0718\u073c\u072c\u0742\u0735\u0710</span></a>, <a href=\"dosearch.php?searchkey=9611&amp;language=id\"><span class=\"eastsyriac\">\u0723\u0735\u071a\u0732\u072a\u072c\u0735\u0710</span></a>, <a href=\"dosearch.php?searchkey=13073&amp;language=id\"><span class=\"eastsyriac\">\u0729\u0732\u0728\u072a\u0735\u0710</span></a>, <a href=\"dosearch.php?searchkey=7043&amp;language=id\"><span class=\"eastsyriac\">\u0721\u0732\u0713\u0715\u0720\u0735\u0710</span></a>, <a href=\"dosearch.php?searchkey=3422&amp;language=id\"><span class=\"eastsyriac\">\u0717\u0732\u071d\u071f\u0720\u0735\u0710</span></a>, <a href=\"dosearch.php?searchkey=27543&amp;language=id\"><span class=\"eastsyriac\">\u0723\u0735\u072a\u0735\u071d\u071d\u073c</span></a></span>"], "key": "1261", "west": "\u0712\u073a\u071d\u072a\u072c\u0733\u0710", "phonetic": "<td>' bi:r ta:</td>", "east": "\u0712\u071d\u073c\u072a\u072c\u0735\u0710"},
{"searchkey": "4494", "audio": [], "context": ["especially Armenian"], "webrank": 9, "text": [" : 1) a Caliph ;\r\n2) a bishop ", " ;"], "english": "<td>1) a Caliph ;\r\n2) a bishop <span class=\"context\">especially Armenian</span> ;</td>", "cf": [], "key": "4494", "west": "\u071a\u0733\u0720\u073a\u071d\u0726\u0733\u0710", "phonetic": "<td>\u1e25a: ' li: pa:</td>", "east": "\u071a\u0735\u0720\u071d\u073c\u0726\u0735\u0710"},
{"searchkey": "664", "audio": [], "context": [], "webrank": 4, "text": [" : bishophood , the office of a bishop , bishopric ;"], "english": "<td>bishophood , the office of a bishop , bishopric ;</td>", "cf": [], "key": "664", "west": "\u0710\u0733\u0726\u073a\u071d\u0723\u0729\u073d\u0718\u0726\u073d\u0718\u072c\u0733\u0710", "phonetic": "<td>a pis qu ' pu: ta</td>", "east": "\u0710\u0735\u0726\u071d\u073c\u0723\u0729\u0718\u073c\u0726\u0718\u073c\u072c\u0735\u0710"},
{"searchkey": "11827", "audio": [], "context": [], "webrank": 5, "text": [" : a bishop , one ordained to the highest order of ministry , a spiritual overseer ;"], "english": "<td>a bishop , one ordained to the highest order of ministry , a spiritual overseer ;</td>", "cf": ["<span class=\"wordlink\"><a href=\"dosearch.php?searchkey=664&amp;language=id\"><span class=\"eastsyriac\">\u0710\u0735\u0726\u071d\u073c\u0723\u0729\u0718\u073c\u0726\u0718\u073c\u072c\u0735\u0710</span></a>, <a href=\"dosearch.php?searchkey=663&amp;language=id\"><span class=\"eastsyriac\">\u0710\u0735\u0726\u071d\u073c\u0723\u0729\u0718\u073c\u0726\u0735\u0710</span></a></span>", "<span class=\"wordlink\"><a href=\"dosearch.php?searchkey=28&amp;language=id\"><span class=\"eastsyriac\">\u0710\u0732\u0712\u0718\u073f\u0722\u0735\u0710</span></a>, <a href=\"dosearch.php?searchkey=11828&amp;language=id\"><span class=\"eastsyriac\">\u0710\u0732\u0712\u0718\u073c\u0722\u0718\u073c\u072c\u0735\u0710</span></a></span>"], "key": "11827", "west": "\u0710\u0730\u0726\u0736\u0723\u0729\u073d\u0718\u0726\u0733\u0710", "phonetic": "<td>a pis ' qu: pa:</td>", "east": "\u0710\u0732\u0726\u0738\u0723\u0729\u0718\u073f\u0726\u0735\u0710"},
{"searchkey": "17446", "audio": [], "context": ["Lishani", "Yoab Benjamin", "Bailis Shamun ; see also \u072c\u0732\u0721\u071d\u073c\u0721\u0735\u0710", "Bailis Shamun", "archaic"], "webrank": 10, "text": [" : 1) happy ;\r\n2) late (?) / deceased (?) ;\r\n3) ", " : pure , chaste , St / Saint , Bishop , well above , ", " : devout ;\r\n4) ", " : pure , straightforward / honest ;\r\n5) ", " : sheer , utter , in every respect , simple , absolute / downright / out and out , rank , complet , total , thorough , consummate , unmitigated , unqualified , palpable , patent / obvious (?) , ", " : arrant ;\r\n"], "english": "<td>1) happy ;\r\n2) late (?) / deceased (?) ;\r\n3) <span class=\"context\">Lishani</span> : pure , chaste , St / Saint , Bishop , well above , <span class=\"context\">Yoab Benjamin</span> : devout ;\r\n4) <span class=\"context\">Bailis Shamun ; see also <a href=\"dosearch.php?searchkey=tamimA%27&amp;language=fullsyriac\"><span class=\"eastsyriac\">\u072c\u0732\u0721\u071d\u073c\u0721\u0735\u0710</span></a></span> : pure , straightforward / honest ;\r\n5) <span class=\"context\">Bailis Shamun</span> : sheer , utter , in every respect , simple , absolute / downright / out and out , rank , complet , total , thorough , consummate , unmitigated , unqualified , palpable , patent / obvious (?) , <span class=\"context\">archaic</span> : arrant ;\r\n</td>", "cf": ["<span class=\"wordlink\"><a href=\"dosearch.php?searchkey=xs%27&amp;language=fullsyriac\"><span class=\"eastsyriac\">\u071a\u0723\u0710</span></a></span>", "<span class=\"wordlink\"><a href=\"dosearch.php?searchkey=415&amp;language=id\"><span class=\"eastsyriac\">\u0710\u0732\u0720\u0735\u0717\u0735\u071d\u0735\u0710</span></a>, <a href=\"dosearch.php?searchkey=17445&amp;language=id\"><span class=\"eastsyriac\">\u0713\u0732\u072a\u0735\u0722\u0735\u0710</span></a>, <a href=\"dosearch.php?searchkey=5001&amp;language=id\"><span class=\"eastsyriac\">\u071b\u0718\u073c\u0712\u0742\u0735\u0722\u0735\u0710</span></a>, <a href=\"dosearch.php?searchkey=5004&amp;language=id\"><span class=\"eastsyriac\">\u071b\u0718\u073c\u0712\u0742\u072c\u0735\u0722\u0735\u0710</span></a>, <a href=\"dosearch.php?searchkey=11182&amp;language=id\"><span class=\"eastsyriac\">\u0726\u0728\u071d\u073c\u071a\u0735\u0710</span></a>, <a href=\"dosearch.php?searchkey=17444&amp;language=id\"><span class=\"eastsyriac\">\u071a\u0732\u0715\u071d\u0735\u0710</span></a>, <a href=\"dosearch.php?searchkey=25484&amp;language=id\"><span class=\"eastsyriac\">\u0722\u0732\u071f\u0742\u0726\u0735\u0710</span></a>, <a href=\"dosearch.php?searchkey=26959&amp;language=id\"><span class=\"eastsyriac\">\u0715\u0732\u071f\u0742\u071d\u0735\u0710</span></a>, <a href=\"dosearch.php?searchkey=3005&amp;language=id\"><span class=\"eastsyriac\">\u0715\u0738\u071f\u0742\u071d\u0735\u0710</span></a>, <a href=\"dosearch.php?searchkey=11504&amp;language=id\"><span class=\"eastsyriac\">\u0726\u072b\u071d\u073c\u071b\u0735\u0710</span></a>, <a href=\"dosearch.php?searchkey=15656&amp;language=id\"><span class=\"eastsyriac\">\u072c\u0732\u0721\u071d\u073c\u0721\u0735\u0710</span></a></span>"], "key": "17446", "west": "\u071a\u0730\u0723\u071d\u0733\u0710", "phonetic": "<td>' \u1e25a sia:</td>", "east": "\u071a\u0732\u0723\u071d\u0735\u0710"},
{"searchkey": "20339", "audio": [], "context": ["Classical Syriac", "see \u0723\u0735\u0710\u0739\u0721"], "webrank": 8, "text": [" : 1) ", " : to pour , to scatter ;\r\n2) to put , to place , to set , to give , to risk / to put at jeopardy / to jeopardize , "], "english": "<td>1) <span class=\"context\">Classical Syriac</span> : to pour , to scatter ;\r\n2) to put , to place , to set , to give , to risk / to put at jeopardy / to jeopardize , <span class=\"context\">see <a href=\"dosearch.php?searchkey=sA%27Em&amp;language=fullsyriac\"><span class=\"eastsyriac\">\u0723\u0735\u0710\u0739\u0721</span></a></span> ;\r\n<span class=\"locution\"><span class=\"eastsyriac\">\u0715\u072a\u0735\u071d\u0735 \u0712\u0732\u072c\u0747\u072a \u0710\u0738\u0715\u0722\u0735\u0710</span></span> / <span class=\"locution\"><span class=\"eastsyriac\">\u0715\u072a\u0735\u071d\u0735\u0710 \u0712\u0732\u072c\u0747\u072a \u0722\u0735\u072c\u0735\u0710</span></span> : to omit , to forget / to overlook : to neglect / to disregard , <span class=\"context\">literally : \"to put behind the ear\"</span> ;\r\n<span class=\"context\">past participle with or without <span class=\"locution\"><span class=\"eastsyriac\">\u0712\u072b\u0718\u071d\u073c\u072c\u0735\u0710</span></span></span> : <a href=\"dosearch.php?searchkey=dErA%27&amp;language=fullsyriac\"><span class=\"eastsyriac\">\u0715\u0739\u072a\u0735\u0710</span></a> : lying sick , down with an illness ;\r\n3) <span class=\"context\">to a bishop's firstfruits</span> : to contribute , to subscribe to pay money <span class=\"context\">with the purpose of a contribution with <a href=\"dosearch.php?searchkey=cal&amp;language=fullsyriac\"><span class=\"eastsyriac\">\u0725\u0732\u0720</span></a></span> ;\r\n4) to bring forth prematurely , to give birth prematurely ;\r\n5) <span class=\"context\">especially Al Qosh</span> : to send , to dispatch ;\r\n6) to cast , to cast forth , to emit , to broadcast , to cast a sweeping glance / <span class=\"context\">see <a href=\"dosearch.php?searchkey=drAyA%27&amp;language=fullsyriac\"><span class=\"eastsyriac\">\u0715\u072a\u0735\u071d\u0735\u0710</span></a></span> ;\r\n<span class=\"context\">Al Qosh : metaphor</span> : <span class=\"locution\"><span class=\"eastsyriac\">\u0715\u0735\u072a\u0739\u0710 \u0710\u0732\u0729\u0720\u0735\u0710 \u0726\u0720\u071d\u073c\u0721\u072c\u0735\u0710</span></span> : to make a false step , to go wrong , to go astray ;\r\n<span class=\"context\">\u0715\u0735\u072a\u0739 \u0712\u0718\u073c\u071a\u072c\u0735\u0722</span> : to slander , , to smear , to backbite , to libel (?) ;\r\n<span class=\"context\">with <a href=\"dosearch.php?searchkey=l&amp;language=fullsyriac\"><span class=\"eastsyriac\">\u0720</span></a> or <a href=\"dosearch.php?searchkey=b&amp;language=fullsyriac\"><span class=\"eastsyriac\">\u0712</span></a> and a verbal noun or a noun</span> : to begin , to take to , to undertake , to take upon oneself ;\r\n<span class=\"locution\"><span class=\"eastsyriac\">\u0715\u0735\u072a\u0739 \u0712\u0735\u072c\u0747\u072a \u0710\u0732\u0729\u0720\u0735\u0710</span></span> : to lay by the heels ;\r\n<span class=\"locution\"><span class=\"eastsyriac\">\u0715\u0735\u072a\u0739 \u0712\u0735\u072c\u0747\u072a \u0722\u0735\u072c\u0735\u0710</span></span> : to delay , to adjourn , to postpone , to procrastinate , to connive at / to be part of / to take part in , to be an accomplice of ;\r\n<span class=\"context\">or with <span class=\"locution\"><span class=\"eastsyriac\">\u0717\u0732\u0712\u0732\u0723</span></span></span> : <span class=\"locution\"><span class=\"eastsyriac\">\u0715\u0735\u072a\u0739 \u0713\u0735\u0718 \u0715\u0718\u073c\u0723\u0735\u071a\u0735\u0722\u0735\u0710</span></span> : to imprison , to put to jail ;\r\n<span class=\"locution\"><span class=\"eastsyriac\">\u0715\u0735\u072a\u0739 \u0713\u0330\u0735\u072a</span></span> : to proclaim ;\r\n<span class=\"locution\"><span class=\"eastsyriac\">\u0715\u0735\u072a\u0739 \u0713\u0732\u072a\u0715\u0735\u0710</span></span> : to cast a net , to shoot a net ;\r\n<span class=\"locution\"><span class=\"eastsyriac\">\u0715\u0735\u072a\u0739 \u0717\u0739\u0712\u071d\u073c \u0725\u0732\u0720</span></span> : to trust in , to put one's trust in ;\r\n<span class=\"locution\"><span class=\"eastsyriac\">\u0715\u0735\u072a\u0739 \u0717\u0735\u0718\u0735\u072a</span></span> : to cry for help ;\r\n<span class=\"context\">horse</span> : <span class=\"locution\"><span class=\"eastsyriac\">\u0715\u0735\u072a\u0739 \u0719\u0738\u0722\u0308\u071f\u0330\u0739\u0710</span></span> : to plunge ;\r\n<span class=\"locution\"><span class=\"eastsyriac\">\u0715\u0735\u072a\u0739 \u071a\u0738\u0722\u0308\u0713\u0739\u0710</span></span> : to startle ;\r\n<span class=\"locution\"><span class=\"eastsyriac\">\u0715\u0735\u072a\u0739 \u071a\u0732\u0722\u0715\u0735\u0729</span></span> : to make a moat ;\r\n<span class=\"locution\"><span class=\"eastsyriac\">\u0715\u0735\u072a\u0739 \u0720\u0710\u0718\u073c\u072a\u071a\u0735\u0710</span></span> : to start , to set out on the road , <span class=\"context\">or</span> : to see somebody off on the road , to say goodbye / farewell to <span class=\"context\">somebody leaving</span> ;\r\n<span class=\"locution\"><span class=\"eastsyriac\">\u0715\u0735\u072a\u0739 \u0720\u0726\u0732\u0710\u072c\u0742\u0735\u0710 \u0715</span></span> : to importune , to bother , to hound / harass ;\r\n<span class=\"locution\"><span class=\"eastsyriac\">\u0715\u0735\u072a\u0739 \u0722\u0738\u072b\u0712\u0742\u0735\u0710</span></span> : to lay a snare ;\r\n<span class=\"locution\"><span class=\"eastsyriac\">\u0715\u0735\u072a\u0739 \u0726\u0720\u0735\u072b\u0735\u0710</span></span> : to give battle ;\r\n<span class=\"locution\"><span class=\"eastsyriac\">\u0715\u0735\u072a\u0739 \u0729\u0735\u0720\u0735\u0710</span></span> : to cry out ;\r\n<span class=\"context\">Al Qosh</span> : <span class=\"locution\"><span class=\"eastsyriac\">\u0715\u0735\u072a\u0739 \u072a\u0735\u071d\u071d\u073c</span></span> : to advise ;\r\n<span class=\"context\">NENA</span> : <span class=\"locution\"><span class=\"eastsyriac\">\u0715\u0735\u072a\u0739 \u072a\u0739\u072b \u071a\u0732\u0712\u072a\u0735\u0710 \u0715</span></span> : to gainsay , to deny , to controvert , to rebut ;\r\n<span class=\"locution\"><span class=\"eastsyriac\">\u0715\u0735\u072a\u0739 \u072b\u0738\u071b\u072a\u0308\u0739\u0710</span></span> : to mock ;\r\n<span class=\"locution\"><span class=\"eastsyriac\">\u0715\u0735\u072a\u0739 \u072b\u0720\u0735\u0721\u0739\u0710 \u0729\u0735</span></span> / <span class=\"locution\"><span class=\"eastsyriac\">\u0715\u0735\u072a\u0739 \u072b\u0720\u0735\u0721\u0735\u0710 \u0729\u0735\u0710</span></span> : to send greetings to ;\r\n<span class=\"locution\"><span class=\"eastsyriac\">\u0715\u0735\u072a\u0739 \u071a\u0738\u072a\u072b\u0735\u0710</span></span> : to take root ; \r\n<span class=\"context\">firearm</span> : <span class=\"locution\"><span class=\"eastsyriac\">\u0715\u0735\u072a\u0739 \u072c\u0718\u073c\u0726\u0732\u0722\u0713</span></span> : to shoot , to fire ;\r\n<span class=\"context\">2 Kings, 23, 35</span> : <span class=\"locution\"><span class=\"eastsyriac\">\u0715\u0735\u072a\u0739\u0710 \u0720\u0739\u0717 \u0720\u0710\u0732\u072a\u0725\u0735\u0710 \u0720\u071d\u073c\u0735\u0717\u0712\u0742\u0735\u0710 \u0719\u0718\u073c\u0719\u0735\u0710</span></span> : he taxed the land to give / provide the money ;\r\n<span class=\"context\">Titus : 1, 14</span> : <span class=\"locution\"><span class=\"eastsyriac\">\u0715\u0735\u072a\u0739\u0710 \u0713\u0735\u0722\u0739\u0717 \u0720</span></span> : to take heed to , <span class=\"context\">see <a href=\"dosearch.php?searchkey=dAbLeq+nAtA%27&amp;language=fullsyriac\"><span class=\"eastsyriac\">\u0715\u0735\u0712\u0742\u0738\u0729 \u0722\u0735\u072c\u0735\u0710</span></a></span> ;</td>", "cf": ["<span class=\"wordlink\"><a href=\"dosearch.php?searchkey=20340&amp;language=id\"><span class=\"eastsyriac\">\u0721\u0715\u0735\u072a\u0739\u0710</span></a>, <a href=\"dosearch.php?searchkey=30938&amp;language=id\"><span class=\"eastsyriac\">\u0715\u072a\u0735\u071d\u0735\u0710</span></a></span>", "<span class=\"wordlink\"><a href=\"dosearch.php?searchkey=19894&amp;language=id\"><span class=\"eastsyriac\">\u0715\u0735\u0712\u0742\u0738\u0729 \u0722\u0735\u072c\u0735\u0710</span></a>, <a href=\"dosearch.php?searchkey=33924&amp;language=id\"><span class=\"eastsyriac\">\u0721\u0735\u072a\u0739\u071a</span></a>, <a href=\"dosearch.php?searchkey=29252&amp;language=id\"><span class=\"eastsyriac\">\u072a\u0735\u0721\u0739\u0710</span></a></span>"], "key": "20339", "west": "\u0715\u0733\u072a\u0736\u0710", "phonetic": "<td>' da: ri:</td>", "east": "\u0715\u0735\u072a\u0739\u0710"},
{"searchkey": "769", "audio": [], "context": [], "webrank": 6, "text": [" : Archdeacon , an ecclesiastical dignitary next in rank below a bishop whom he assists ;"], "english": "<td>Archdeacon , an ecclesiastical dignitary next in rank below a bishop whom he assists ;</td>", "cf": ["<span class=\"wordlink\"><a href=\"dosearch.php?searchkey=16917&amp;language=id\"><span class=\"eastsyriac\">\u0710\u0732\u072a\u071f\u0738\u0715\u071d\u071d\u0735\u0729\u0718\u073f\u0722</span></a>, <a href=\"dosearch.php?searchkey=16918&amp;language=id\"><span class=\"eastsyriac\">\u0710\u0732\u072a\u071f\u0738\u0715\u071d\u071d\u0735\u0729\u0718\u073f\u0722\u0735\u0710</span></a>, <a href=\"dosearch.php?searchkey=16919&amp;language=id\"><span class=\"eastsyriac\">\u0710\u0732\u072a\u071f\u0735\u0722</span></a></span>", "<span class=\"wordlink\"><a href=\"dosearch.php?searchkey=16917&amp;language=id\"><span class=\"eastsyriac\">\u0710\u0732\u072a\u071f\u0738\u0715\u071d\u071d\u0735\u0729\u0718\u073f\u0722</span></a></span>", "<span class=\"wordlink\"><a href=\"dosearch.php?searchkey=16918&amp;language=id\"><span class=\"eastsyriac\">\u0710\u0732\u072a\u071f\u0738\u0715\u071d\u071d\u0735\u0729\u0718\u073f\u0722\u0735\u0710</span></a></span>", "<span class=\"wordlink\"><a href=\"dosearch.php?searchkey=13311&amp;language=id\"><span class=\"eastsyriac\">\u072a\u0732\u0712 \u0721\u072b\u0732\u0721\u072b\u0735\u0722\u0739\u0710</span></a></span>"], "key": "769", "west": "\u0710\u0730\u072a\u071f\u073a\u071d\u0715\u073a\u071d\u0733\u0729\u073d\u0718\u0722", "phonetic": "<td>ar ki ' dia: qu:n</td>", "east": "\u0710\u0732\u072a\u071f\u071d\u073c\u0715\u071d\u073c\u0735\u0729\u0718\u073f\u0722"},
{"searchkey": "663", "audio": [], "context": [], "webrank": 3, "text": [" : a bishop , an overseer ;"], "english": "<td>a bishop , an overseer ;</td>", "cf": ["<span class=\"wordlink\"><a href=\"dosearch.php?searchkey=664&amp;language=id\"><span class=\"eastsyriac\">\u0710\u0735\u0726\u071d\u073c\u0723\u0729\u0718\u073c\u0726\u0718\u073c\u072c\u0735\u0710</span></a></span>"], "key": "663", "west": "\u0710\u0733\u0726\u073a\u071d\u0723\u0729\u073d\u0718\u0726\u0733\u0710", "phonetic": "<td>a pis ' qu: pa</td>", "east": "\u0710\u0735\u0726\u071d\u073c\u0723\u0729\u0718\u073c\u0726\u0735\u0710"},
{"searchkey": "11828", "audio": [], "context": [], "webrank": 2, "text": [" : bishophood ; the office of a bishop ; bishopdom ;"], "english": "<td>bishophood ; the office of a bishop ; bishopdom ;</td>", "cf": ["<span class=\"wordlink\"><a href=\"dosearch.php?searchkey=%27abAL%27&amp;language=fullsyriac\"><span class=\"eastsyriac\">\u0710\u0732\u0712\u0735\u0742\u0710</span></a>, <a href=\"dosearch.php?searchkey=28&amp;language=id\"><span class=\"eastsyriac\">\u0710\u0732\u0712\u0718\u073f\u0722\u0735\u0710</span></a></span>", "<span class=\"wordlink\"><a href=\"dosearch.php?searchkey=11827&amp;language=id\"><span class=\"eastsyriac\">\u0710\u0732\u0726\u0738\u0723\u0729\u0718\u073f\u0726\u0735\u0710</span></a></span>"], "key": "11828", "west": "\u0710\u0730\u0712\u073d\u0718\u0722\u073d\u0718\u072c\u0733\u0710", "phonetic": "<td>ab bu: ' nu: ta</td>", "east": "\u0710\u0732\u0712\u0718\u073c\u0722\u0718\u073c\u072c\u0735\u0710"},
{"searchkey": "28", "audio": ["./audio/entry28.mp3"], "context": [], "webrank": 1, "text": [" : bishop, one ordained to the highest order of ministry, a spiritual overseer ;"], "english": "<td>bishop, one ordained to the highest order of ministry, a spiritual overseer ;</td>", "cf": ["<span class=\"wordlink\"><a href=\"dosearch.php?searchkey=12&amp;language=id\"><span class=\"eastsyriac\">\u0710\u0732\u0712\u0742\u0735\u0710</span></a>, <a href=\"dosearch.php?searchkey=24&amp;language=id\"><span class=\"eastsyriac\">\u0710\u0732\u0712\u0742\u0735\u0717\u0735\u0710</span></a>, <a href=\"dosearch.php?searchkey=25&amp;language=id\"><span class=\"eastsyriac\">\u0710\u0732\u0712\u0742\u0735\u0717\u0718\u073c\u072c\u0735\u0710</span></a>, <a href=\"dosearch.php?searchkey=26&amp;language=id\"><span class=\"eastsyriac\">\u0710\u0732\u0712\u0742\u0735\u0717\u0735\u071d\u0735\u0710</span></a>, <a href=\"dosearch.php?searchkey=11828&amp;language=id\"><span class=\"eastsyriac\">\u0710\u0732\u0712\u0718\u073c\u0722\u0718\u073c\u072c\u0735\u0710</span></a></span>", "<span class=\"wordlink\"><a href=\"dosearch.php?searchkey=28056&amp;language=id\"><span class=\"eastsyriac\">\u0726\u032e\u071d\u073c\u0720</span></a>, <a href=\"dosearch.php?searchkey=13636&amp;language=id\"><span class=\"eastsyriac\">\u072a\u071d\u073c\u072b \u0710\u0732\u0712\u0742\u0735\u0717\u0735\u072c\u0738\u0710</span></a>, <a href=\"dosearch.php?searchkey=11827&amp;language=id\"><span class=\"eastsyriac\">\u0710\u0732\u0726\u0738\u0723\u0729\u0718\u073f\u0726\u0735\u0710</span></a></span>"], "key": "28", "west": "\u0710\u0730\u0712\u073d\u0718\u0722\u0733\u0710", "phonetic": "<td>ab ' bu: na:</td>", "east": "\u0710\u0732\u0712\u0718\u073c\u0722\u0735\u0710"},
{"searchkey": "25469", "audio": [], "context": ["causative of \u0722\u0735\u0719\u0738\u072a", "from meat ..."], "webrank": 50, "text": [" : 1) ", " : to cause to separate oneself , to cause to become a monk  , to cause to abstain ", " ;\r\n2) to train up as a bishop-elect , to be a trainee as a bishop-elect (?) ;"], "english": "<td>1) <span class=\"context\">causative of <a href=\"dosearch.php?searchkey=nAzer&amp;language=fullsyriac\"><span class=\"eastsyriac\">\u0722\u0735\u0719\u0738\u072a</span></a></span> : to cause to separate oneself , to cause to become a monk  , to cause to abstain <span class=\"context\">from meat ...</span> ;\r\n2) to train up as a bishop-elect , to be a trainee as a bishop-elect (?) ;</td>", "cf": ["<span class=\"wordlink\"><a href=\"dosearch.php?searchkey=9081&amp;language=id\"><span class=\"eastsyriac\">\u0722\u0719\u0735\u072a\u0735\u0710</span></a>, <a href=\"dosearch.php?searchkey=26932&amp;language=id\"><span class=\"eastsyriac\">\u0722\u0738\u0719\u0735\u072a\u0735\u0710</span></a></span>"], "key": "25469", "west": "\u0721\u0730\u0722\u0719\u0736\u072a", "phonetic": "<td>' man zir</td>", "east": "\u0721\u0732\u0722\u0719\u0738\u072a"},
{"searchkey": "7684", "audio": [], "context": [], "webrank": 40, "text": [" : a metropolitan (in the Eastern Church a metropolitan has oversight over the bishops of a province or a country and ranks below the Patriarch and above an archbishop)"], "english": "<td>a metropolitan (in the Eastern Church a metropolitan has oversight over the bishops of a province or a country and ranks below the Patriarch and above an archbishop)</td>", "cf": [], "key": "7684", "west": "\u0721\u0736\u071b\u072a\u0733\u0726\u073d\u0718\u0720\u073a\u071d\u072c\u0733\u0710", "phonetic": "<td>mi\u1e6d ra po: ' li: ta</td>", "east": "\u0721\u0738\u071b\u072a\u0735\u0726\u0718\u073f\u0720\u071d\u073c\u072c\u0735\u0710"},
{"searchkey": "7682", "audio": [], "context": ["= \u0721\u071d\u073c\u071b\u072a\u0726\u0718\u073f\u0720\u071d\u073c\u071b\u0735\u0710"], "webrank": 30, "text": [" : ", " : a metropolitan , a bishop who has oversight of the bishops of a province , an archbishop"], "english": "<td><span class=\"context\">= <a href=\"dosearch.php?searchkey=miTrpoliTA%27&amp;language=fullsyriac\"><span class=\"eastsyriac\">\u0721\u071d\u073c\u071b\u072a\u0726\u0718\u073f\u0720\u071d\u073c\u071b\u0735\u0710</span></a></span> : a metropolitan , a bishop who has oversight of the bishops of a province , an archbishop</td>", "cf": ["<span class=\"wordlink\"><a href=\"dosearch.php?searchkey=25086&amp;language=id\"><span class=\"eastsyriac\">\u0721\u071d\u073c\u071b\u072a\u0735\u0710</span></a></span>"], "key": "7682", "west": "\u0721\u0730\u071b\u072a\u0733\u0722", "phonetic": "<td>' mat \u1e6dran</td>", "east": "\u0721\u0732\u071b\u072a\u0735\u0722"},
{"searchkey": "25600", "audio": [], "context": ["causative of \u0723\u0735\u0710\u0738\u0721", "churches, bishops ...", "transitive", "see \u0712\u0735\u0720\u0735\u0710"], "webrank": 60, "text": [" : 1)  ", " : to cause to ordain , to cause to consecrate ", " , to cause to dedicate ;\r\n2) ", " : to set , ", " , to put , to place"], "english": "<td>1)  <span class=\"context\">causative of <a href=\"dosearch.php?searchkey=sA%27em&amp;language=fullsyriac\"><span class=\"eastsyriac\">\u0723\u0735\u0710\u0738\u0721</span></a></span> : to cause to ordain , to cause to consecrate <span class=\"context\">churches, bishops ...</span> , to cause to dedicate ;\r\n2) <span class=\"context\">transitive</span> : to set , <span class=\"context\">see <a href=\"dosearch.php?searchkey=bAlA%27&amp;language=fullsyriac\"><span class=\"eastsyriac\">\u0712\u0735\u0720\u0735\u0710</span></a></span> , to put , to place ;\r\n<span class=\"locution\"><span class=\"eastsyriac\">\u0721\u0732\u0723\u0738\u0721 \u0712\u0735\u0720\u0735\u0710</span></span> : to consider , to take into consideration / to take into account , to take care (of) / to look after / to tend ;\r\n<span class=\"context\">Rh\u00e9tor\u00e9 ; <span class=\"locution\"><span class=\"eastsyriac\">\u0718\u0721\u0732\u0723\u071d\u073c\u0721\u0718\u073c \u0712\u0735\u0720\u0710 \u0720\u071a\u0735\u0720\u072c\u0735\u0722 \u0723\u0735\u0712\u0742\u072c\u0735\u0710 \u0722\u0732\u0722\u071d\u073c\u071f\u0739\u0710</span></span></span> : and take care of our old aunt Nanike , and look after our elderly aunt Nanike ;\r\n3) to present for ordination ;</td>", "cf": ["<span class=\"wordlink\"><a href=\"dosearch.php?searchkey=17720&amp;language=id\"><span class=\"eastsyriac\">\u0723\u0718\u0721</span></a>, <a href=\"dosearch.php?searchkey=18301&amp;language=id\"><span class=\"eastsyriac\">\u0723\u0735\u0710\u0738\u0721</span></a>, <a href=\"dosearch.php?searchkey=18302&amp;language=id\"><span class=\"eastsyriac\">\u0723\u0735\u071d\u0738\u0721</span></a>, <a href=\"dosearch.php?searchkey=25600&amp;language=id\"><span class=\"eastsyriac\">\u0721\u0732\u0723\u0738\u0721</span></a>, <a href=\"dosearch.php?searchkey=9667&amp;language=id\"><span class=\"eastsyriac\">\u0723\u071d\u0735\u0721\u0735\u0710</span></a>, <a href=\"dosearch.php?searchkey=35138&amp;language=id\"><span class=\"eastsyriac\">\u0721\u0732\u0723\u0738\u0721\u0735\u0722\u0735\u0710</span></a></span>", "<span class=\"wordlink\"><a href=\"dosearch.php?searchkey=25601&amp;language=id\"><span class=\"eastsyriac\">\u0721\u0732\u0723\u071d\u0738\u0721</span></a></span>", "<span class=\"wordlink\"><a href=\"dosearch.php?searchkey=1366&amp;language=id\"><span class=\"eastsyriac\">\u0712\u0735\u0720\u0735\u0710</span></a></span>"], "key": "25600", "west": "\u0721\u0730\u0723\u0736\u0721", "phonetic": "<td>' ma sim</td>", "east": "\u0721\u0732\u0723\u0738\u0721"},
{"searchkey": "24108", "audio": [], "context": ["the name of a flower, literally : \"bishop-bread\""], "webrank": 20, "text": [" : "], "english": "<td><span class=\"context\">the name of a flower, literally : \"bishop-bread\"</span></td>", "cf": ["<span class=\"wordlink\"><a href=\"dosearch.php?searchkey=24106&amp;language=id\"><span class=\"eastsyriac\">\u0720\u0732\u071a\u0721\u0735\u0710 \u0715\u0726\u0735\u072c\u0718\u073f\u072a\u0308\u0739\u0710</span></a>, <a href=\"dosearch.php?searchkey=16829&amp;language=id\"><span class=\"eastsyriac\">\u0720\u071a\u0738\u0721 \u0710\u0732\u0726\u0308\u0739\u0710</span></a>, <a href=\"dosearch.php?searchkey=24107&amp;language=id\"><span class=\"eastsyriac\">\u0720\u0732\u071a\u0721\u0735\u071a\u0735\u0722\u0735\u0710</span></a>, <a href=\"dosearch.php?searchkey=24109&amp;language=id\"><span class=\"eastsyriac\">\u0720\u0732\u071a\u0721\u0735\u0722\u0735\u0710</span></a>, <a href=\"dosearch.php?searchkey=24110&amp;language=id\"><span class=\"eastsyriac\">\u0720\u0732\u071a\u0721\u0735\u0722\u072c\u0735\u0710</span></a>, <a href=\"dosearch.php?searchkey=6753&amp;language=id\"><span class=\"eastsyriac\">\u0720\u0732\u071a\u0721\u0735\u0710</span></a></span>"], "key": "24108", "west": "\u0720\u0730\u071a\u0721\u073a\u071d \u0710\u0730\u0712\u073d\u0718\u0722\u0733\u0710", "phonetic": "<td>' la\u1e25 mi: a ' bu: na:</td>", "east": "\u0720\u0732\u071a\u0721\u071d\u073c \u0710\u0732\u0712\u0718\u073c\u0722\u0735\u0710"},
{"searchkey": "5401", "audio": [], "context": [], "webrank": 10, "text": [" : A Julianist, a follower of Julian (a Monophysite bishop of Halicarnassus in the VIth centure who was the leader of the Aphthartodocetae and taught that the body of Christ was incorruptible)"], "english": "<td>A Julianist, a follower of Julian (a Monophysite bishop of Halicarnassus in the VIth centure who was the leader of the Aphthartodocetae and taught that the body of Christ was incorruptible)</td>", "cf": [], "key": "5401", "west": "\u071d\u073d\u0718\u0720\u071d\u0733\u0722\u073a\u071d\u0723\u071b\u0733\u0710", "phonetic": "<td>iu lia ' nis ta:</td>", "east": "\u071d\u0718\u073c\u0720\u071d\u0735\u0722\u071d\u073c\u0723\u071b\u0735\u0710"},
{"searchkey": "25468", "audio": [], "context": ["bishop, monk"], "webrank": 100, "text": [" : 1) to separate oneself , to seclude oneself , to cut oneself off the world ;\r\n2) to be a Nazirite ;\r\n3) ", " : to abstain from meat and marriage , to be a monk"], "english": "<td>1) to separate oneself , to seclude oneself , to cut oneself off the world ;\r\n2) to be a Nazirite ;\r\n3) <span class=\"context\">bishop, monk</span> : to abstain from meat and marriage , to be a monk ;\r\n<span class=\"locution\"><span class=\"eastsyriac\">\u0722\u0735\u0719\u0738\u072a \u0713\u0735\u0722\u0739\u0717</span></span> : to be a monk ;\r\n4) <span class=\"context\">with <a href=\"dosearch.php?searchkey=men&amp;language=fullsyriac\"><span class=\"eastsyriac\">\u0721\u0738\u0722</span></a></span> : to abstain from , to refrain from , not to indulge in / to forgo ;\r\n5) <span class=\"context\">past participle : <a href=\"dosearch.php?searchkey=nzirA%27&amp;language=fullsyriac\"><span class=\"eastsyriac\">\u0722\u0719\u071d\u073c\u072a\u0735\u0710</span></a></span> : a) a Nazirite , b) <span class=\"context\">especially NENA</span> : a bishop's successor <span class=\"context\">designated as such from infancy</span> , <span class=\"context\">= <span class=\"locution\"><span class=\"eastsyriac\">\u0722\u0735\u071b\u0738\u072a \u071f\u0718\u073c\u072a\u0723\u071d\u073c</span></span></span> ;</td>", "cf": ["<span class=\"wordlink\"><a href=\"dosearch.php?searchkey=25469&amp;language=id\"><span class=\"eastsyriac\">\u0721\u0732\u0722\u0719\u0738\u072a</span></a>, <a href=\"dosearch.php?searchkey=9081&amp;language=id\"><span class=\"eastsyriac\">\u0722\u0719\u0735\u072a\u0735\u0710</span></a>, <a href=\"dosearch.php?searchkey=26932&amp;language=id\"><span class=\"eastsyriac\">\u0722\u0738\u0719\u0735\u072a\u0735\u0710</span></a>, <a href=\"dosearch.php?searchkey=32088&amp;language=id\"><span class=\"eastsyriac\">\u0722\u0719\u071d\u073c\u072a\u0735\u0710\u071d\u073c\u072c</span></a></span>", "<span class=\"wordlink\"><a href=\"dosearch.php?searchkey=22235&amp;language=id\"><span class=\"eastsyriac\">\u0721\u0732\u071a\u0726\u0738\u0720</span></a></span>"], "key": "25468", "west": "\u0722\u0733\u0719\u0736\u072a", "phonetic": "<td>' na: zir</td>", "east": "\u0722\u0735\u0719\u0738\u072a"},
{"searchkey": "8881", "audio": [], "context": [], "webrank": 90, "text": [" : the designation , the appointment , the consecration , the selection , the nomination , an ordination -bishop- (?) , an accolade -admission into knighthood- (?) , recognition -author ...- (?) ;"], "english": "<td>the designation , the appointment , the consecration , the selection , the nomination , an ordination -bishop- (?) , an accolade -admission into knighthood- (?) , recognition -author ...- (?) ;</td>", "cf": ["<span class=\"wordlink\"><a href=\"dosearch.php?searchkey=14383&amp;language=id\"><span class=\"eastsyriac\">\u072b\u0718\u073c\u0721\u0720\u0735\u071d\u0735\u0710</span></a>, <a href=\"dosearch.php?searchkey=2701&amp;language=id\"><span class=\"eastsyriac\">\u0715\u0712\u0742\u071d\u073c\u071a\u0718\u073c\u072c\u0735\u0710</span></a>, <a href=\"dosearch.php?searchkey=5991&amp;language=id\"><span class=\"eastsyriac\">\u071f\u071d\u073c\u072a\u0718\u073f\u071b\u0718\u073f\u0722\u071d\u073c\u0735\u0710</span></a>, <a href=\"dosearch.php?searchkey=8840&amp;language=id\"><span class=\"eastsyriac\">\u0721\u072c\u0729\u0732\u0715\u072b\u0735\u0722\u0718\u073c\u072c\u0735\u0710</span></a>, <a href=\"dosearch.php?searchkey=27341&amp;language=id\"><span class=\"eastsyriac\">\u0723\u071d\u0735\u0721\u071d\u073c\u0715\u0735\u0710</span></a></span>"], "key": "8881", "west": "\u0721\u0736\u072c\u072c\u0730\u0723\u072a\u071a\u0733\u0722\u073d\u0718\u072c\u0733\u0710", "phonetic": "<td>mit tasr \u1e25a ' nu: ta</td>", "east": "\u0721\u0738\u072c\u072c\u0732\u0723\u072a\u071a\u0735\u0722\u0718\u073c\u072c\u0735\u0710"},
{"searchkey": "26194", "audio": [], "context": ["literally", "a title preceding the names of bishops and saints, and so to names of churches. Not used vocatively ; see \u0721\u0735\u072a"], "webrank": 70, "text": [" : 1) ", " : \"My Lord\" ;\r\n2) ", " : My Lord , Monsignor"], "english": "<td>1) <span class=\"context\">literally</span> : \"My Lord\" ;\r\n2) <span class=\"context\">a title preceding the names of bishops and saints, and so to names of churches. Not used vocatively ; see <a href=\"dosearch.php?searchkey=mAr&amp;language=fullsyriac\"><span class=\"eastsyriac\">\u0721\u0735\u072a</span></a></span> : My Lord , Monsignor ;\r\n<span class=\"locution\"><span class=\"eastsyriac\">\u0721\u0735\u072a\u071d \u071d\u0732\u0725\u0729\u0718\u073f\u0712\u0742 \u0715\u0725\u0735\u0721\u0738\u0715</span></span> : Monsignor James of Amid / Diarbakir ;\r\n<span class=\"locution\"><span class=\"eastsyriac\">\u071a\u0718\u073c\u0726\u0735\u071c\u0735\u0710 \u0720\u0735\u0710 \u0721\u0738\u072c\u0722\u0732\u072b\u071d\u0735\u0722\u0735\u0710 \u0715\u0723\u0735\u0717\u0715\u0735\u0710 \u0715\u0710\u0718\u073c\u0721\u072c\u0732\u0722 \u0721\u0735\u072a\u071d \u072c\u0710\u0718\u073f\u0721\u0735\u0710 \u0710\u0718\u073f\u0715\u0718</span></span> : the unforgettable effort of our nation's martyr Mar Toma Odo ;</td>", "cf": ["<span class=\"wordlink\"><a href=\"dosearch.php?searchkey=8443&amp;language=id\"><span class=\"eastsyriac\">\u0721\u0735\u072a\u0735\u0710</span></a>, <a href=\"dosearch.php?searchkey=8559&amp;language=id\"><span class=\"eastsyriac\">\u0721\u0735\u072a\u072c\u0742\u0735\u0710</span></a>, <a href=\"dosearch.php?searchkey=8531&amp;language=id\"><span class=\"eastsyriac\">\u0721\u0735\u072a\u0732\u0722</span></a>, <a href=\"dosearch.php?searchkey=8443&amp;language=id\"><span class=\"eastsyriac\">\u0721\u0735\u072a\u0735\u0710</span></a>, <a href=\"dosearch.php?searchkey=8480&amp;language=id\"><span class=\"eastsyriac\">\u0721\u0735\u072a\u0718\u073c\u072c\u0742\u0735\u0710</span></a>, <a href=\"dosearch.php?searchkey=26195&amp;language=id\"><span class=\"eastsyriac\">\u0721\u0735\u072a\u072c\u071d\u073c</span></a>, <a href=\"dosearch.php?searchkey=8498&amp;language=id\"><span class=\"eastsyriac\">\u0721\u0735\u072a\u071d\u0735\u0710</span></a>, <a href=\"dosearch.php?searchkey=26315&amp;language=id\"><span class=\"eastsyriac\">\u0721\u0735\u072a\u071d \u0712\u0717\u0747\u071d\u073c\u072b\u0718\u073f\u0725</span></a>, <a href=\"dosearch.php?searchkey=30270&amp;language=id\"><span class=\"eastsyriac\">\u0721\u0735\u072a\u0308\u0739\u0710 \u072b\u0738\u0721\u0735\u0710</span></a></span>"], "key": "26194", "west": "\u0721\u0733\u072a\u071d", "phonetic": "<td>' ma:r</td>", "east": "\u0721\u0735\u072a\u071d"},
{"searchkey": "8497", "audio": [], "context": [], "webrank": 80, "text": [" : Lord , one who has power and authority especially in the Church (as a bishop) , my lord , my master ;"], "english": "<td>Lord , one who has power and authority especially in the Church (as a bishop) , my lord , my master ;</td>", "cf": ["<span class=\"wordlink\"><a href=\"dosearch.php?searchkey=11595&amp;language=id\"><span class=\"eastsyriac\">\u0728\u0735\u0710\u0717\u0738\u0712\u0721\u0732\u0722\u0723\u0735\u0712</span></a>, <a href=\"dosearch.php?searchkey=113&amp;language=id\"><span class=\"eastsyriac\">\u0710\u0718\u073f\u072c\u0738\u0722\u071b\u071d\u073c\u0735\u0710</span></a>, <a href=\"dosearch.php?searchkey=1338&amp;language=id\"><span class=\"eastsyriac\">\u0712\u0739\u071d\u072c\u072b\u0718\u073c\u0720\u071b\u0735\u0722\u0735\u0710</span></a>, <a href=\"dosearch.php?searchkey=2719&amp;language=id\"><span class=\"eastsyriac\">\u0715\u0735\u0712\u072a\u0735\u0722\u0735\u0710</span></a>, <a href=\"dosearch.php?searchkey=2801&amp;language=id\"><span class=\"eastsyriac\">\u0715\u0718\u073f\u071f\u0718\u073f\u0723</span></a>, <a href=\"dosearch.php?searchkey=3314&amp;language=id\"><span class=\"eastsyriac\">\u0717\u0732\u0715\u0735\u071d\u0735\u0710</span></a>, <a href=\"dosearch.php?searchkey=3361&amp;language=id\"><span class=\"eastsyriac\">\u0717\u0718\u073c\u071f\u0721\u0735\u0710</span></a>, <a href=\"dosearch.php?searchkey=3349&amp;language=id\"><span class=\"eastsyriac\">\u0717\u0735\u071f\u0721\u0735\u0722\u0735\u0710</span></a>, <a href=\"dosearch.php?searchkey=5718&amp;language=id\"><span class=\"eastsyriac\">\u071f\u0742\u0718\u0735\u0713\u0748\u0735\u0710</span></a>, <a href=\"dosearch.php?searchkey=7134&amp;language=id\"><span class=\"eastsyriac\">\u0721\u0715\u0732\u0712\u072a\u0735\u0722\u0735\u0710</span></a>, <a href=\"dosearch.php?searchkey=8487&amp;language=id\"><span class=\"eastsyriac\">\u0721\u0732\u072a\u071a\u0732\u071d\u0720\u0735\u0710</span></a>, <a href=\"dosearch.php?searchkey=8533&amp;language=id\"><span class=\"eastsyriac\">\u0721\u0735\u072a\u0735\u0722\u0735\u071d\u0718\u073c\u072c\u0735\u0710</span></a>, <a href=\"dosearch.php?searchkey=12771&amp;language=id\"><span class=\"eastsyriac\">\u0729\u071d\u073c\u072a</span></a>, <a href=\"dosearch.php?searchkey=42&amp;language=id\"><span class=\"eastsyriac\">\u0710\u0735\u0713\u0735\u0742\u0710</span></a></span>"], "key": "8497", "west": "\u0721\u0733\u072a\u071d\u0747", "phonetic": "<td>' mar </td>", "east": "\u0721\u0735\u072a\u071d\u0747"},
{"searchkey": "9527", "audio": [], "context": [], "webrank": 40, "text": [" : a syncellus , a cell-mate (especially a bishop or patriarch) ;"], "english": "<td>a syncellus , a cell-mate (especially a bishop or patriarch) ;</td>", "cf": [], "key": "9527", "west": "\u0723\u073d\u0718\u0722\u0729\u0733\u0720\u0733\u0710", "phonetic": "<td>sun ' qa la</td>", "east": "\u0723\u0718\u073c\u0722\u0729\u0735\u0720\u0735\u0710"},
{"searchkey": "7396", "audio": [], "context": ["Persian origin"], "webrank": 100, "text": [" : 1) an elephant ;\r\n"], "english": "<td>1) an elephant ;\r\n<span class=\"context\">Persian origin ; <span class=\"locution\"><span class=\"eastsyriac\">\u0726\u0732\u0722\u0715 \u0726\u071d\u073c\u0720\u0308\u0739\u0710</span></span></span> : cunning , craftiness , guile ;\r\n2) <span class=\"context\">NENA : also <a href=\"dosearch.php?searchkey=pFil&amp;language=fullsyriac\"><span class=\"eastsyriac\">\u0726\u032e\u071d\u073c\u0720</span></a> ; chess game</span> : a bishop ;\r\n</td>", "cf": ["<span class=\"wordlink\"><a href=\"dosearch.php?searchkey=10915&amp;language=id\"><span class=\"eastsyriac\">\u0726\u071d\u0720\u0735\u071d\u0735\u0710</span></a>, <a href=\"dosearch.php?searchkey=2605&amp;language=id\"><span class=\"eastsyriac\">\u0713\u072a\u0732\u0721 \u0726\u071d\u073c\u0720\u0735\u0710</span></a></span>"], "key": "7396", "west": "\u0726\u073a\u071d\u0720\u0733\u0710", "phonetic": "<td>' pi: la:</td>", "east": "\u0726\u071d\u073c\u0720\u0735\u0710"},
{"searchkey": "10588", "audio": [], "context": [], "webrank": 70, "text": [" : 1) a Patriarch , a bishop who has oversight of the bishops of a country ;\r\nnote : In the Assyrian Church of the East: a bishop who has oversight of all the bishops of the Church, also any of the four ancient sees of Constantinople, Alexandria , Antioch and Jerusalem ;\r\n2) the father or ruler of a family or tribe , one ruling his family or descendants by paternal right ;"], "english": "<td>1) a Patriarch , a bishop who has oversight of the bishops of a country ;\r\nnote : In the Assyrian Church of the East: a bishop who has oversight of all the bishops of the Church, also any of the four ancient sees of Constantinople, Alexandria , Antioch and Jerusalem ;\r\n2) the father or ruler of a family or tribe , one ruling his family or descendants by paternal right ;</td>", "cf": ["<span class=\"wordlink\"><a href=\"dosearch.php?searchkey=bEt%27AbLhAtE%27&amp;language=fullsyriac\"><span class=\"eastsyriac\">\u0712\u0739\u072c\u0710\u0735\u0712\u0742\u0717\u0735\u072c\u0739\u0710</span></a>, <a href=\"dosearch.php?searchkey=13636&amp;language=id\"><span class=\"eastsyriac\">\u072a\u071d\u073c\u072b \u0710\u0732\u0712\u0742\u0735\u0717\u0735\u072c\u0738\u0710</span></a></span>"], "key": "10588", "west": "\u0726\u0730\u0710\u071b\u072a\u071d\u0730\u072a\u071f\u0733\u0710", "phonetic": "<td>pa:\u1e6dr ' iar ka</td>", "east": "\u0726\u0732\u0710\u071b\u072a\u071d\u0732\u072a\u071f\u0735\u0710"},
{"searchkey": "10877", "audio": [], "context": [], "webrank": 80, "text": [" : Patriarch , a bishop who has oversight of the bishops of a Church) , the highest ecclesiastical dignity ;"], "english": "<td>Patriarch , a bishop who has oversight of the bishops of a Church) , the highest ecclesiastical dignity ;</td>", "cf": ["<span class=\"wordlink\"><a href=\"dosearch.php?searchkey=10878&amp;language=id\"><span class=\"eastsyriac\">\u0726\u0732\u071b\u072a\u071d\u0732\u072a\u071f\u0718\u073c\u072c\u0735\u0710</span></a>, <a href=\"dosearch.php?searchkey=28028&amp;language=id\"><span class=\"eastsyriac\">\u0726\u0735\u071b\u0732\u072a\u071d\u0735\u072a\u071f\u071a\u0735\u0722\u0735\u0710</span></a></span>", "<span class=\"wordlink\"><a href=\"dosearch.php?searchkey=28027&amp;language=id\"><span class=\"eastsyriac\">\u0726\u0732\u071b\u072a\u0738\u071f</span></a></span>", "<span class=\"wordlink\"><a href=\"dosearch.php?searchkey=13636&amp;language=id\"><span class=\"eastsyriac\">\u072a\u071d\u073c\u072b \u0710\u0732\u0712\u0742\u0735\u0717\u0735\u072c\u0738\u0710</span></a></span>"], "key": "10877", "west": "\u0726\u0730\u071b\u072a\u071d\u0730\u072a\u071f\u0733\u0710", "phonetic": "<td>pa \u1e6dri: ' iar ka:</td>", "east": "\u0726\u0732\u071b\u072a\u071d\u0732\u072a\u071f\u0735\u0710"},
{"searchkey": "9538", "audio": [], "context": [], "webrank": 50, "text": [" : a commendatory , a letter of commendation / credentials , letters of election of a patriarch subscribed by the electing bishops ;"], "english": "<td>a commendatory , a letter of commendation / credentials , letters of election of a patriarch subscribed by the electing bishops ;</td>", "cf": [], "key": "9538", "west": "\u0723\u073d\u0718\u0723\u071b\u0730\u0710 \u071b\u073a\u071d\u0729\u0733\u0710", "phonetic": "<td>' sus \u1e6da i ' \u1e6di: qa</td>", "east": "\u0723\u0718\u073c\u0723\u071b\u0732\u0710 \u071b\u071d\u073c\u0729\u0735\u0710"},
{"searchkey": "28056", "audio": [], "context": ["game of chess"], "webrank": 90, "text": [" : ", " : a bishop ;"], "english": "<td><span class=\"context\">game of chess</span> : a bishop ;</td>", "cf": ["<span class=\"wordlink\"><a href=\"dosearch.php?searchkey=7396&amp;language=id\"><span class=\"eastsyriac\">\u0726\u071d\u073c\u0720\u0735\u0710</span></a></span>", "<span class=\"wordlink\"><a href=\"dosearch.php?searchkey=28&amp;language=id\"><span class=\"eastsyriac\">\u0710\u0732\u0712\u0718\u073c\u0722\u0735\u0710</span></a>, <a href=\"dosearch.php?searchkey=28269&amp;language=id\"><span class=\"eastsyriac\">\u0726\u0735\u072a\u0732\u0719</span></a>, <a href=\"dosearch.php?searchkey=28268&amp;language=id\"><span class=\"eastsyriac\">\u0726\u0732\u072a\u0719\u071d\u073c\u0722</span></a>, <a href=\"dosearch.php?searchkey=7895&amp;language=id\"><span class=\"eastsyriac\">\u0721\u0732\u0720\u071f\u0735\u0710</span></a>, <a href=\"dosearch.php?searchkey=25363&amp;language=id\"><span class=\"eastsyriac\">\u0721\u0732\u0720\u071f\u072c\u0742\u0735\u0710</span></a>, <a href=\"dosearch.php?searchkey=10905&amp;language=id\"><span class=\"eastsyriac\">\u0726\u071d\u0735\u071f\u0735\u0710</span></a></span>"], "key": "28056", "west": "\u0726\u032e\u073a\u071d\u0720", "phonetic": "<td>' fi:l</td>", "east": "\u0726\u032e\u071d\u073c\u0720"},
{"searchkey": "18301", "audio": [], "context": ["churches, bishops ...", "cost, price", "auction", "see also \u071d\u0735\u0717\u0739\u0712\u0742"], "webrank": 30, "text": [" : 1) to ordain , to invest with ministerial or sacerdotal functions, to introduce into the office of Christian ministry by the laying on of hands ;\r\n2) to consecrate ", " , to dedicate ;\r\n3) to place / to put / to set , to install , ", " : to quote / to estimate / to price / to set the price , ", " : to bid (?) , "], "english": "<td>1) to ordain , to invest with ministerial or sacerdotal functions, to introduce into the office of Christian ministry by the laying on of hands ;\r\n2) to consecrate <span class=\"context\">churches, bishops ...</span> , to dedicate ;\r\n3) to place / to put / to set , to install , <span class=\"context\">cost, price</span> : to quote / to estimate / to price / to set the price , <span class=\"context\">auction</span> : to bid (?) , <span class=\"context\">see also <a href=\"dosearch.php?searchkey=yAhEbL&amp;language=fullsyriac\"><span class=\"eastsyriac\">\u071d\u0735\u0717\u0739\u0712\u0742</span></a></span> ;\r\n<span class=\"locution\"><span class=\"eastsyriac\">\u0723\u0735\u0710\u0738\u0721 \u0712\u0735\u0720\u0735\u0710</span></span> : to consider / to plan (?) / to study (?) , to take into consideration (?) / to take into account (?) , to take care (of) / to look after , <span class=\"context\">literally : \"to put one's mind / attention\"</span> ;\r\n<span class=\"locution\"><span class=\"eastsyriac\">\u0723\u0735\u0710\u0739\u0721 \u0712\u072a\u0739\u072b\u0735\u0710</span></span> : to penalize / to punish / to sanction ;\r\n4)  <span class=\"context\">Bailis Shamun ; transitive verb ; see also <a href=\"dosearch.php?searchkey=sAbEr&amp;language=fullsyriac\"><span class=\"eastsyriac\">\u0723\u0735\u0712\u0739\u072a</span></a></span> : to presume , to suppose , to surmise ;\r\n5) <span class=\"context\">Bailis Shamun ; <a href=\"dosearch.php?searchkey=mE%27mrA%27&amp;language=fullsyriac\"><span class=\"eastsyriac\">\u0721\u0739\u0710\u0721\u072a\u0735\u0710</span></a> / <a href=\"dosearch.php?searchkey=petgLAmA%27&amp;language=fullsyriac\"><span class=\"eastsyriac\">\u0726\u0738\u072c\u0713\u0742\u0735\u0721\u0735\u0710</span></a></span> : to quote , to cite / to mention / to adduce (?) ;\r\n6) <span class=\"context\">Bailis Shamun ; transitive ; see also <a href=\"dosearch.php?searchkey=nAsEbL&amp;language=fullsyriac\"><span class=\"eastsyriac\">\u0722\u0735\u0723\u0739\u0712\u0742</span></a></span> : to start , to start out , to cause to happen , to begin / to kick off , to cause to begin / to establish / to get going ;</td>", "cf": ["<span class=\"wordlink\"><a href=\"dosearch.php?searchkey=17720&amp;language=id\"><span class=\"eastsyriac\">\u0723\u0718\u0721</span></a>, <a href=\"dosearch.php?searchkey=9667&amp;language=id\"><span class=\"eastsyriac\">\u0723\u071d\u0735\u0721\u0735\u0710</span></a>, <a href=\"dosearch.php?searchkey=25601&amp;language=id\"><span class=\"eastsyriac\">\u0721\u0732\u0723\u071d\u0738\u0721</span></a>, <a href=\"dosearch.php?searchkey=25600&amp;language=id\"><span class=\"eastsyriac\">\u0721\u0732\u0723\u0738\u0721</span></a>, <a href=\"dosearch.php?searchkey=27341&amp;language=id\"><span class=\"eastsyriac\">\u0723\u071d\u0735\u0721\u071d\u073c\u0715\u0735\u0710</span></a>, <a href=\"dosearch.php?searchkey=msAm+brEjA%27&amp;language=fullsyriac\"><span class=\"eastsyriac\">\u0721\u0723\u0735\u0721 \u0712\u072a\u0739\u072b\u0735\u0710</span></a></span>", "<span class=\"wordlink\"><a href=\"dosearch.php?searchkey=1366&amp;language=id\"><span class=\"eastsyriac\">\u0712\u0735\u0720\u0735\u0710</span></a>, <a href=\"dosearch.php?searchkey=2695&amp;language=id\"><span class=\"eastsyriac\">\u0715\u0712\u0742\u0735\u071a\u0735\u0710</span></a>, <a href=\"dosearch.php?searchkey=26071&amp;language=id\"><span class=\"eastsyriac\">\u0721\u0729\u0735\u0715\u0738\u072b</span></a>, <a href=\"dosearch.php?searchkey=30632&amp;language=id\"><span class=\"eastsyriac\">\u0721\u0729\u0732\u0715\u0742\u0718\u073f\u072b\u0739\u0710</span></a>, <a href=\"dosearch.php?searchkey=17522&amp;language=id\"><span class=\"eastsyriac\">\u071f\u0717\u0722</span></a>, <a href=\"dosearch.php?searchkey=33648&amp;language=id\"><span class=\"eastsyriac\">\u0726\u0735\u072a\u0739\u0725</span></a>, <a href=\"dosearch.php?searchkey=28838&amp;language=id\"><span class=\"eastsyriac\">\u0715\u0732\u0721\u071d\u0735\u0710</span></a>, <a href=\"dosearch.php?searchkey=5092&amp;language=id\"><span class=\"eastsyriac\">\u071b\u071d\u073c\u0721\u0735\u0710</span></a>, <a href=\"dosearch.php?searchkey=13765&amp;language=id\"><span class=\"eastsyriac\">\u072a\u0735\u0725\u0739\u0710</span></a>, <a href=\"dosearch.php?searchkey=22363&amp;language=id\"><span class=\"eastsyriac\">\u071a\u0735\u072b\u0738\u0712\u0742</span></a>, <a href=\"dosearch.php?searchkey=34150&amp;language=id\"><span class=\"eastsyriac\">\u0729\u0732\u0712\u0738\u0720</span></a>, <a href=\"dosearch.php?searchkey=27163&amp;language=id\"><span class=\"eastsyriac\">\u0723\u0735\u0712\u0738\u072a</span></a>, <a href=\"dosearch.php?searchkey=25940&amp;language=id\"><span class=\"eastsyriac\">\u0726\u0735\u072b\u0739\u071b</span></a>, <a href=\"dosearch.php?searchkey=18073&amp;language=id\"><span class=\"eastsyriac\">\u0722\u0735\u0723\u0739\u0712\u0742</span></a>, <a href=\"dosearch.php?searchkey=35567&amp;language=id\"><span class=\"eastsyriac\">\u072b\u0732\u072a\u0739\u0710</span></a>, <a href=\"dosearch.php?searchkey=25940&amp;language=id\"><span class=\"eastsyriac\">\u0726\u0735\u072b\u0738\u071b</span></a>, <a href=\"dosearch.php?searchkey=15144&amp;language=id\"><span class=\"eastsyriac\">\u072b\u0732\u072a\u0718\u073c\u071d\u0739\u0710</span></a>, <a href=\"dosearch.php?searchkey=11498&amp;language=id\"><span class=\"eastsyriac\">\u0726\u072b\u0735\u071b\u0735\u0710</span></a>, <a href=\"dosearch.php?searchkey=9193&amp;language=id\"><span class=\"eastsyriac\">\u0722\u0723\u0735\u0712\u0742\u0735\u0710</span></a>, <a href=\"dosearch.php?searchkey=15144&amp;language=id\"><span class=\"eastsyriac\">\u072b\u0732\u072a\u0718\u073c\u071d\u0739\u0710</span></a></span>"], "key": "18301", "west": "\u0723\u0733\u0710\u0736\u0721", "phonetic": "<td>' sa: im</td>", "east": "\u0723\u0735\u0710\u0739\u0721"},
{"searchkey": "9116", "audio": [], "context": ["Rh\u00e9tor\u00e9 : \u0722\u0735\u071b\u0718\u073f\u072a \u071f\u0718\u073c\u072a\u0723\u071d\u073c"], "webrank": 20, "text": [" : 1) (the guard of the seat / throne) , the heir apparent , the successor ;\r\n2) a bishop's successor ;\r\n3) ", " : reserved to succeed to a Patriarch or a bishop ;"], "english": "<td>1) (the guard of the seat / throne) , the heir apparent , the successor ;\r\n2) a bishop's successor ;\r\n3) <span class=\"context\">Rh\u00e9tor\u00e9 : <a href=\"dosearch.php?searchkey=nATor+kursi&amp;language=fullsyriac\"><span class=\"eastsyriac\">\u0722\u0735\u071b\u0718\u073f\u072a \u071f\u0718\u073c\u072a\u0723\u071d\u073c</span></a></span> : reserved to succeed to a Patriarch or a bishop ;</td>", "cf": ["<span class=\"wordlink\"><a href=\"dosearch.php?searchkey=17696&amp;language=id\"><span class=\"eastsyriac\">\u0722\u071b\u072a</span></a>, <a href=\"dosearch.php?searchkey=9114&amp;language=id\"><span class=\"eastsyriac\">\u0722\u071b\u0735\u072a\u0735\u0710 </span></a>, <a href=\"dosearch.php?searchkey=9117&amp;language=id\"><span class=\"eastsyriac\">\u0722\u071b\u0732\u072a \u0726\u0732\u0713\u072a\u0735\u0710 </span></a>, <a href=\"dosearch.php?searchkey=9004&amp;language=id\"><span class=\"eastsyriac\">\u0722\u0718\u073c\u071b\u0735\u072a\u0735\u0710</span></a>, <a href=\"dosearch.php?searchkey=9103&amp;language=id\"><span class=\"eastsyriac\">\u0722\u0735\u071b\u0718\u073f\u072a\u0735\u0710</span></a>, <a href=\"dosearch.php?searchkey=17539&amp;language=id\"><span class=\"eastsyriac\">\u0722\u071b\u0718\u073c\u072a\u0718\u073c\u072c\u0735\u0710</span></a>, <a href=\"dosearch.php?searchkey=7686&amp;language=id\"><span class=\"eastsyriac\">\u0721\u0732\u071b\u0732\u072a\u072c\u0735\u0710</span></a></span>", "<span class=\"wordlink\"><a href=\"dosearch.php?searchkey=31394&amp;language=id\"><span class=\"eastsyriac\">\u0722\u0735\u071b\u0718\u073f\u072a \u071f\u0718\u073c\u072a\u0723\u071d\u073c</span></a></span>"], "key": "9116", "west": "\u0722\u0733\u071b\u0730\u072a \u071f\u073d\u0718\u072a\u0723\u071d\u0733\u0710", "phonetic": "<td>' na: \u1e6dar ' ku:rs ia:</td>", "east": "\u0722\u0735\u071b\u0732\u072a \u071f\u0718\u073c\u072a\u0723\u071d\u0735\u0710"},
{"searchkey": "26833", "audio": [], "context": ["designated as such from infancy"], "webrank": 10, "text": [" : a bishop's successor ", " ;"], "english": "<td>a bishop's successor <span class=\"context\">designated as such from infancy</span> ;</td>", "cf": ["<span class=\"wordlink\"><a href=\"dosearch.php?searchkey=17696&amp;language=id\"><span class=\"eastsyriac\">\u0722\u071b\u072a</span></a>, <a href=\"dosearch.php?searchkey=9114&amp;language=id\"><span class=\"eastsyriac\">\u0722\u071b\u0735\u072a\u0735\u0710 </span></a>, <a href=\"dosearch.php?searchkey=9117&amp;language=id\"><span class=\"eastsyriac\">\u0722\u071b\u0732\u072a \u0726\u0732\u0713\u072a\u0735\u0710 </span></a>, <a href=\"dosearch.php?searchkey=9116&amp;language=id\"><span class=\"eastsyriac\">\u0722\u0735\u071b\u0732\u072a \u071f\u0718\u073c\u072a\u0723\u071d\u0735\u0710 </span></a>, <a href=\"dosearch.php?searchkey=9004&amp;language=id\"><span class=\"eastsyriac\">\u0722\u0718\u073c\u071b\u0735\u072a\u0735\u0710</span></a>, <a href=\"dosearch.php?searchkey=17539&amp;language=id\"><span class=\"eastsyriac\">\u0722\u071b\u0718\u073c\u072a\u0718\u073c\u072c\u0735\u0710</span></a>, <a href=\"dosearch.php?searchkey=7686&amp;language=id\"><span class=\"eastsyriac\">\u0721\u0732\u071b\u0732\u072a\u072c\u0735\u0710</span></a>, <a href=\"dosearch.php?searchkey=26827&amp;language=id\"><span class=\"eastsyriac\">\u0722\u071b\u0718\u073c\u072a\u072c\u0735\u0710</span></a>, <a href=\"dosearch.php?searchkey=9103&amp;language=id\"><span class=\"eastsyriac\">\u0722\u0735\u071b\u0718\u073f\u072a\u0735\u0710</span></a>, <a href=\"dosearch.php?searchkey=26828&amp;language=id\"><span class=\"eastsyriac\">\u0722\u0735\u071b\u0718\u072a\u072c\u0735\u0710</span></a>, <a href=\"dosearch.php?searchkey=26829&amp;language=id\"><span class=\"eastsyriac\">\u0722\u0735\u071b\u0738\u072a</span></a>, <a href=\"dosearch.php?searchkey=26831&amp;language=id\"><span class=\"eastsyriac\">\u0722\u071b\u0735\u072a\u072c\u0735\u0710</span></a>, <a href=\"dosearch.php?searchkey=26832&amp;language=id\"><span class=\"eastsyriac\">\u0722\u0735\u071b\u0732\u072a \u072c\u0732\u072a\u0725\u0735\u0710</span></a>, <a href=\"dosearch.php?searchkey=26830&amp;language=id\"><span class=\"eastsyriac\">\u0722\u0735\u071b\u0732\u072a \u0713\u0732\u0722\u072c\u0735\u0710</span></a>, <a href=\"dosearch.php?searchkey=26834&amp;language=id\"><span class=\"eastsyriac\">\u0722\u071b\u071d\u073c\u072a\u0735\u0710 \u071f\u0718\u073c\u072a\u0723\u071d\u073c</span></a></span>", "<span class=\"wordlink\"><a href=\"dosearch.php?searchkey=26834&amp;language=id\"><span class=\"eastsyriac\">\u0722\u071b\u071d\u073c\u072a\u0735\u0710 \u071f\u0718\u073c\u072a\u0723\u071d\u073c</span></a></span>"], "key": "26833", "west": "\u0722\u0733\u071b\u0730\u072a \u071f\u073d\u0718\u072a\u0723\u073a\u071d", "phonetic": "<td>' na: \u1e6dar ' kur si:</td>", "east": "\u0722\u0735\u071b\u0732\u072a \u071f\u0718\u073c\u072a\u0723\u071d\u073c"},
{"searchkey": "13765", "audio": [], "context": ["intransitive verb", "cattle", "transitive", "Ecclesiastes : 1, 14"], "webrank": 90, "text": [" : ", " : 1) , to eat , ", " : to graze , to eat growing grass / herbage , to pasture , ", " : to feed on ;\r\n", " :"], "english": "<td><span class=\"context\">intransitive verb</span> : 1) , to eat , <span class=\"context\">cattle</span> : to graze , to eat growing grass / herbage , to pasture , <span class=\"context\">transitive</span> : to feed on ;\r\n<span class=\"context\">Ecclesiastes : 1, 14</span> : <span class=\"locution\"><span class=\"eastsyriac\">\u072a\u0735\u0725\u071d\u072c\u0735\u0710 \u0715\u0726\u0735\u0718\u071a\u0735\u0710</span></span> : feeding on wind , vexation of the spirit ;\r\n2) <span class=\"context\">Oraham : bishops, pastors, rulers ...: see <a href=\"dosearch.php?searchkey=marcE%27&amp;language=fullsyriac\"><span class=\"eastsyriac\">\u0721\u0732\u072a\u0725\u0739\u0710</span></a></span> : to herd ( a herd ...) , to rule (over people, flock / church congregation) , to govern / reign ;\r\n3) <span class=\"context\">Bailis Shamun</span> : to presumer , to suppose , to assume , <span class=\"context\">a hypothesis ...</span> : to presume , to assume / to guess / to suppose , to surmise ; \r\n</td>", "cf": ["<span class=\"wordlink\"><a href=\"dosearch.php?searchkey=31980&amp;language=id\"><span class=\"eastsyriac\">\u072a\u0725\u0710</span></a>, <a href=\"dosearch.php?searchkey=13778&amp;language=id\"><span class=\"eastsyriac\">\u072a\u0725\u0735\u071d\u0735\u0710</span></a>, <a href=\"dosearch.php?searchkey=13780&amp;language=id\"><span class=\"eastsyriac\">\u072a\u0738\u0725\u071d\u0735\u0710</span></a>, <a href=\"dosearch.php?searchkey=13781&amp;language=id\"><span class=\"eastsyriac\">\u072a\u0735\u0725\u071d\u0735\u0710</span></a>, <a href=\"dosearch.php?searchkey=13782&amp;language=id\"><span class=\"eastsyriac\">\u072a\u0735\u0725\u071d\u0718\u073c\u072c\u0735\u0710</span></a>, <a href=\"dosearch.php?searchkey=13783&amp;language=id\"><span class=\"eastsyriac\">\u072a\u0735\u0725\u071d\u0735\u071d\u0735\u0710</span></a>, <a href=\"dosearch.php?searchkey=8542&amp;language=id\"><span class=\"eastsyriac\">\u0721\u0732\u072a\u0725\u0718\u073c\u071d\u0739\u0710</span></a>, <a href=\"dosearch.php?searchkey=26365&amp;language=id\"><span class=\"eastsyriac\">\u0721\u0732\u072a\u0725\u0739\u0710</span></a>, <a href=\"dosearch.php?searchkey=8545&amp;language=id\"><span class=\"eastsyriac\">\u0721\u0732\u072a\u0725\u071d\u073c\u072c\u0735\u0710</span></a>, <a href=\"dosearch.php?searchkey=29289&amp;language=id\"><span class=\"eastsyriac\">\u072a\u0735\u0725\u071d\u073c\u072c\u0742\u0735\u0710</span></a></span>", "<span class=\"wordlink\"><a href=\"dosearch.php?searchkey=18301&amp;language=id\"><span class=\"eastsyriac\">\u0723\u0735\u0710\u0739\u0721</span></a>, <a href=\"dosearch.php?searchkey=22363&amp;language=id\"><span class=\"eastsyriac\">\u071a\u0735\u072b\u0738\u0712\u0742</span></a>, <a href=\"dosearch.php?searchkey=34150&amp;language=id\"><span class=\"eastsyriac\">\u0729\u0732\u0712\u0738\u0720</span></a>, <a href=\"dosearch.php?searchkey=27163&amp;language=id\"><span class=\"eastsyriac\">\u0723\u0735\u0712\u0738\u072a</span></a></span>"], "key": "13765", "west": "\u072a\u0733\u0725\u0736\u0710", "phonetic": "<td>' ra: \u00e9</td>", "east": "\u072a\u0735\u0725\u0739\u0710"},
{"searchkey": "13636", "audio": [], "context": [], "webrank": 80, "text": [" : the Patriarch , the Pope , a bishop "], "english": "<td>the Patriarch , the Pope , a bishop </td>", "cf": ["<span class=\"wordlink\"><a href=\"dosearch.php?searchkey=13364&amp;language=id\"><span class=\"eastsyriac\">\u072a\u071d\u073c\u072b</span></a>, <a href=\"dosearch.php?searchkey=24&amp;language=id\"><span class=\"eastsyriac\">\u0710\u0732\u0712\u0742\u0735\u0717\u0735\u0710</span></a>, <a href=\"dosearch.php?searchkey=25&amp;language=id\"><span class=\"eastsyriac\">\u0710\u0732\u0712\u0742\u0735\u0717\u0718\u073c\u072c\u0735\u0710</span></a>, <a href=\"dosearch.php?searchkey=127&amp;language=id\"><span class=\"eastsyriac\">\u0712\u0739\u072c\u0710\u0735\u0712\u0742\u0717\u0735\u072c\u0739\u0710</span></a></span>", "<span class=\"wordlink\"><a href=\"dosearch.php?searchkey=28&amp;language=id\"><span class=\"eastsyriac\">\u0710\u0732\u0712\u0718\u073f\u0722\u0735\u0710</span></a>, <a href=\"dosearch.php?searchkey=10588&amp;language=id\"><span class=\"eastsyriac\">\u0726\u0732\u0710\u071b\u072a\u071d\u0732\u072a\u071f\u0735\u0710</span></a></span>"], "key": "13636", "west": "\u072a\u073a\u071d\u072b \u0710\u0730\u0712\u0742\u0733\u0717\u0733\u072c\u0736\u0710", "phonetic": "<td>' ri\u0161 a va ' ha ti</td>", "east": "\u072a\u071d\u073c\u072b \u0710\u0732\u0712\u0742\u0735\u0717\u0735\u072c\u0738\u0710"},
{"searchkey": "12840", "audio": [], "context": ["NENA", "especially"], "webrank": 60, "text": [" : 1) an alcove , a recess , a cubicle , a recessed portion of a room , a small room opening into a larger one , a chamber , a bedroom ;\r\n2) a cell , a cot , a monk's cell , a monastery ;\r\n3) ", " : a bishop's house , ", " : the designation of the Patriarch's residence ;"], "english": "<td>1) an alcove , a recess , a cubicle , a recessed portion of a room , a small room opening into a larger one , a chamber , a bedroom ;\r\n2) a cell , a cot , a monk's cell , a monastery ;\r\n3) <span class=\"context\">NENA</span> : a bishop's house , <span class=\"context\">especially</span> : the designation of the Patriarch's residence ;</td>", "cf": ["<span class=\"wordlink\"><a href=\"dosearch.php?searchkey=14289&amp;language=id\"><span class=\"eastsyriac\">\u072b\u0718\u071d\u073c\u072c\u0735\u0710</span></a>, <a href=\"dosearch.php?searchkey=2437&amp;language=id\"><span class=\"eastsyriac\">\u0713\u0722\u0718\u073c\u0722\u0735\u0710</span></a>, <a href=\"dosearch.php?searchkey=7100&amp;language=id\"><span class=\"eastsyriac\">\u0721\u0732\u0713\u0722\u071d\u0735\u0710</span></a>, <a href=\"dosearch.php?searchkey=18122&amp;language=id\"><span class=\"eastsyriac\">\u0721\u0719\u0732\u0718\u0732\u0713\u072c\u0735\u0710</span></a>, <a href=\"dosearch.php?searchkey=100&amp;language=id\"><span class=\"eastsyriac\">\u0710\u0738\u0715\u072a\u0718\u073f\u0722\u0735\u0710</span></a>, <a href=\"dosearch.php?searchkey=31089&amp;language=id\"><span class=\"eastsyriac\">\u0710\u0735\u0718\u0735\u0722\u0735\u0710</span></a>, <a href=\"dosearch.php?searchkey=31090&amp;language=id\"><span class=\"eastsyriac\">\u0713\u0735\u0722\u0735\u0710</span></a>, <a href=\"dosearch.php?searchkey=31091&amp;language=id\"><span class=\"eastsyriac\">\u0712\u071d\u0739\u072c\u0742 \u0721\u0732\u0723\u072c\u072a\u0735\u0710</span></a>, <a href=\"dosearch.php?searchkey=16513&amp;language=id\"><span class=\"eastsyriac\">\u072c\u0735\u0718\u0735\u0722\u0735\u0710</span></a>, <a href=\"dosearch.php?searchkey=31092&amp;language=id\"><span class=\"eastsyriac\">\u0729\u0732\u071d\u071b\u0718\u073f\u0722\u0735\u0710</span></a>, <a href=\"dosearch.php?searchkey=7191&amp;language=id\"><span class=\"eastsyriac\">\u0721\u0732\u0715\u0721\u071f\u0742\u0735\u0710</span></a></span>"], "key": "12840", "west": "\u0729\u0736\u0720\u0733\u071d\u072c\u0733\u0710", "phonetic": "<td>qil ' l\u00e9 ta:</td>", "east": "\u0729\u0738\u0720\u0735\u071d\u072c\u0735\u0710"},
{"searchkey": "28705", "audio": [], "context": ["bishop of Carthage"], "webrank": 50, "text": [" : Cyprian ", " ;"], "english": "<td>Cyprian <span class=\"context\">bishop of Carthage</span> ;</td>", "cf": ["<span class=\"wordlink\"><a href=\"dosearch.php?searchkey=12539&amp;language=id\"><span class=\"eastsyriac\">\u0729\u0738\u0718\u0726\u072a\u0735\u071d\u0735\u0710</span></a>, <a href=\"dosearch.php?searchkey=12538&amp;language=id\"><span class=\"eastsyriac\">\u0729\u0738\u0718\u0726\u072a\u0718\u073f\u0723</span></a></span>"], "key": "28705", "west": "\u0729\u0736\u0718\u0726\u072a\u073a\u071d\u0733\u0722\u073d\u0718\u0723", "phonetic": "<td>qu pri: ' ia: nu:s</td>", "east": "\u0729\u0738\u0718\u0726\u072a\u071d\u073c\u0735\u0722\u0718\u073f\u0723"},
{"searchkey": "12015", "audio": [], "context": ["Maclean : stative of \u072a\u0732\u0712\u0735\u0710 ; plural : \u072a\u0732\u0308\u0712\u0732\u071d"], "webrank": 70, "text": [" : 1) "], "english": "<td>1) <span class=\"context\">Maclean : stative of <a href=\"dosearch.php?searchkey=rabA%27&amp;language=fullsyriac\"><span class=\"eastsyriac\">\u072a\u0732\u0712\u0735\u0710</span></a> ; plural : <a href=\"dosearch.php?searchkey=raCbay&amp;language=fullsyriac\"><span class=\"eastsyriac\">\u072a\u0732\u0308\u0712\u0732\u071d</span></a></span> ;\r\n<span class=\"locution\"><span class=\"eastsyriac\">\u072a\u0732\u0712 \u0721\u0732\u0720\u0732\u0710\u071f\u0742\u0739\u0308\u0710</span></span> : an archangel ;\r\n<span class=\"locution\"><span class=\"eastsyriac\">\u072a\u0732\u0712 \u0712\u0732\u071d\u072c\u0735\u0710</span></span> : a steward / a custodian ;\r\n<span class=\"locution\"><span class=\"eastsyriac\">\u072a\u0732\u0712 \u071f\u0735\u0717\u0722\u0739\u0308\u0710</span></span> / <span class=\"locution\"><span class=\"eastsyriac\">\u072a\u0732\u0712 \u071f\u0718\u073c\u072a\u0739\u0308\u0710</span></span> : a high priest , a bishop ;\r\n<span class=\"locution\"><span class=\"eastsyriac\">\u072a\u0732\u0712 \u071a\u0732\u071d\u0720\u0735\u0710</span></span> : a captain of the host / <span class=\"context\">Daniel : 6, 2</span> : <span class=\"locution\"><span class=\"eastsyriac\">\u072a\u0732\u0712 \u071a\u0732\u071d\u0308\u0720\u0735\u0718\u0735\u072c\u0742\u0735\u0710</span></span> : a chief of hosts ;\r\n<span class=\"locution\"><span class=\"eastsyriac\">\u072a\u0732\u0712 \u0721\u0717\u0732\u071d\u0721\u0308\u0722\u0739\u0710</span></span> : a head eunuch ;\r\n2) <span class=\"context\">Oraham</span> : \"Mr.\" , a title of courtesy prefixed to the name of a man or young man ( whether married or unmarried ) ;\r\n3) <span class=\"context\">Oraham ; adjective</span> : great , distinguished by rank / power / moral character , mighty , superior ;\r\n4) <span class=\"context\">Oraham</span> : much , more ;\r\n5) <span class=\"context\">Rh\u00e9tor\u00e9 : a contracted particle of <span class=\"locution\"><span class=\"eastsyriac\">\u072a\u0732\u0712\u0735\u0710</span></span> (Classical) / <span class=\"locution\"><span class=\"eastsyriac\">\u072a\u0735\u0712\u0735\u0710</span></span> (Sureth)</span> : great / high , a form of nouns of superiority ;\r\n6) <span class=\"context\">Rh\u00e9tor\u00e9 ; also used in superiority comparative : <span class=\"locution\"><span class=\"eastsyriac\">\u072a\u0732\u0712 \u0721\u0738\u0722\u0739\u0717</span></span></span> : taller than he is / taller than him , <span class=\"context\">see <a href=\"dosearch.php?searchkey=lcaynAtL&amp;language=fullsyriac\"><span class=\"eastsyriac\">\u0720\u0725\u0732\u071d\u0722\u0735\u072c\u0742</span></a></span> ;</td>", "cf": ["<span class=\"wordlink\"><a href=\"dosearch.php?searchkey=13354&amp;language=id\"><span class=\"eastsyriac\">\u072a\u0732\u0712\u072c\u0735\u0710</span></a>, <a href=\"dosearch.php?searchkey=13334&amp;language=id\"><span class=\"eastsyriac\">\u072a\u0732\u0712\u071d\u073c</span></a>, <a href=\"dosearch.php?searchkey=13350&amp;language=id\"><span class=\"eastsyriac\">\u072a\u0732\u0712\u0735\u0722\u072c\u0735\u0710</span></a>, <a href=\"dosearch.php?searchkey=20179&amp;language=id\"><span class=\"eastsyriac\">\u072a\u0732\u0712\u0735\u0722\u0718\u073c\u072c\u0742\u0735\u0710</span></a>, <a href=\"dosearch.php?searchkey=13349&amp;language=id\"><span class=\"eastsyriac\">\u072a\u0732\u0712\u0735\u0722</span></a>, <a href=\"dosearch.php?searchkey=29140&amp;language=id\"><span class=\"eastsyriac\">\u071d\u0735\u0710\u072a\u0732\u0712</span></a></span>", "<span class=\"wordlink\"><a href=\"dosearch.php?searchkey=29141&amp;language=id\"><span class=\"eastsyriac\">\u072a\u0732\u0308\u0712\u0732\u071d</span></a></span>", "<span class=\"wordlink\"><a href=\"dosearch.php?searchkey=7727&amp;language=id\"><span class=\"eastsyriac\">\u0721\u071d\u0732\u0729\u072a\u0735\u0710</span></a>, <a href=\"dosearch.php?searchkey=474&amp;language=id\"><span class=\"eastsyriac\">\u0710\u0721\u071d\u073c\u072a</span></a></span>"], "key": "12015", "west": "\u072a\u0730\u0712", "phonetic": "<td>' rab</td>", "east": "\u072a\u0732\u0712"},
{"searchkey": "27965", "audio": [], "context": [], "webrank": 100, "text": [" : 1) poll-tax ;\r\n2) first-fruits ;\r\n3) a bishop's / patriarch's dues ;"], "english": "<td>1) poll-tax ;\r\n2) first-fruits ;\r\n3) a bishop's / patriarch's dues ;</td>", "cf": ["<span class=\"wordlink\"><a href=\"dosearch.php?searchkey=13897&amp;language=id\"><span class=\"eastsyriac\">\u072a\u0739\u072b\u0735\u0710</span></a>, <a href=\"dosearch.php?searchkey=13947&amp;language=id\"><span class=\"eastsyriac\">\u072a\u0738\u072b\u072c\u0735\u0710</span></a></span>"], "key": "27965", "west": "\u072a\u0736\u072b\u073a\u071d\u072c\u0742\u0733\u0710", "phonetic": "<td>ri: ' \u0161i: tha:</td>", "east": "\u072a\u0739\u072b\u071d\u073c\u072c\u0742\u0735\u0710"},
{"searchkey": "11507", "audio": [], "context": ["feminine past participle of \u0726\u0735\u072b\u0738\u071b", "masculin : \u0726\u072b\u071d\u073c\u071b\u0735\u0710"], "webrank": 40, "text": [" : ", " : 1) the Peshitta - the (As)Syriac version of the Holy Scriptures commonly used in the Assyrian Church of the East since early in the Vth century, apparently the New Testament was translated by bishop Rab Kula before the year 411, when he required it to replace the other Assyriac versions - ;\r\n2) simple / straight (?) / plain / clear / straightforward , easy , innocent , generous ;\r\n", " ;"], "english": "<td><span class=\"context\">feminine past participle of <a href=\"dosearch.php?searchkey=pAjeT&amp;language=fullsyriac\"><span class=\"eastsyriac\">\u0726\u0735\u072b\u0738\u071b</span></a></span> : 1) the Peshitta - the (As)Syriac version of the Holy Scriptures commonly used in the Assyrian Church of the East since early in the Vth century, apparently the New Testament was translated by bishop Rab Kula before the year 411, when he required it to replace the other Assyriac versions - ;\r\n2) simple / straight (?) / plain / clear / straightforward , easy , innocent , generous ;\r\n<span class=\"context\">masculin : <a href=\"dosearch.php?searchkey=pjiTA%27&amp;language=fullsyriac\"><span class=\"eastsyriac\">\u0726\u072b\u071d\u073c\u071b\u0735\u0710</span></a></span> ;</td>", "cf": ["<span class=\"wordlink\"><a href=\"dosearch.php?searchkey=17486&amp;language=id\"><span class=\"eastsyriac\">\u071d\u072b\u071b</span></a>, <a href=\"dosearch.php?searchkey=11505&amp;language=id\"><span class=\"eastsyriac\">\u0726\u072b\u071d\u073c\u071b\u0735\u0710\u071d\u073c\u072c</span></a>, <a href=\"dosearch.php?searchkey=11506&amp;language=id\"><span class=\"eastsyriac\">\u0726\u072b\u071d\u073c\u071b\u0718\u073c\u072c\u0735\u0710</span></a>, <a href=\"dosearch.php?searchkey=11500&amp;language=id\"><span class=\"eastsyriac\">\u0726\u0735\u072b\u0732\u071b\u072c\u0735\u0710</span></a>, <a href=\"dosearch.php?searchkey=11499&amp;language=id\"><span class=\"eastsyriac\">\u0726\u0738\u072b\u071b\u0735\u0722\u0735\u0710</span></a>, <a href=\"dosearch.php?searchkey=11489&amp;language=id\"><span class=\"eastsyriac\">\u0726\u0735\u072b\u0718\u073f\u071b\u0739\u0710</span></a>, <a href=\"dosearch.php?searchkey=5599&amp;language=id\"><span class=\"eastsyriac\">\u071d\u0732\u072b\u071b\u0735\u0710</span></a>, <a href=\"dosearch.php?searchkey=13658&amp;language=id\"><span class=\"eastsyriac\">\u072a\u071d\u073c\u072b\u0710 \u0715\u071d\u0732\u072b\u071b\u0735\u0710</span></a>, <a href=\"dosearch.php?searchkey=25939&amp;language=id\"><span class=\"eastsyriac\">\u0721\u0726\u0735\u072b\u0738\u071b</span></a>, <a href=\"dosearch.php?searchkey=25941&amp;language=id\"><span class=\"eastsyriac\">\u0721\u0732\u0726\u072b\u0738\u071b</span></a>, <a href=\"dosearch.php?searchkey=11498&amp;language=id\"><span class=\"eastsyriac\">\u0726\u072b\u0735\u071b\u0735\u0710</span></a></span>", "<span class=\"wordlink\"><a href=\"dosearch.php?searchkey=30627&amp;language=id\"><span class=\"eastsyriac\">\u0721\u0738\u0720\u072c\u0735\u0710 \u0726\u072b\u071d\u073c\u071b\u072c\u0735\u0710</span></a>, <a href=\"dosearch.php?searchkey=32331&amp;language=id\"><span class=\"eastsyriac\">\u071b\u0738\u071b\u071d\u0735\u0722\u0735\u0710</span></a></span>"], "key": "11507", "west": "\u0726\u072b\u073a\u071d\u071b\u072c\u0733\u0710", "phonetic": "<td>' p\u0161it \u1e6da:</td>", "east": "\u0726\u072b\u071d\u073c\u071b\u072c\u0735\u0710"},
{"searchkey": "11215", "audio": [], "context": [], "webrank": 10, "text": [" : a cope (especially one worn by Assyrian Eastern Church bishops)  ;"], "english": "<td>a cope (especially one worn by Assyrian Eastern Church bishops)  ;</td>", "cf": [], "key": "11215", "west": "\u0726\u0730\u0729\u073a\u071d\u0720\u0733\u0710", "phonetic": "<td>paq ' qi: la</td>", "east": "\u0726\u0732\u0729\u071d\u073c\u0720\u0735\u0710"},
{"searchkey": "25940", "audio": [], "context": ["transitive and intransitive", "intransitive", "Al Qosh", "in ennemy lines", "with \u0725\u0732\u0720", "storm, misfortune ...?", "Al Qosh", "on a journey", "to do a thing", "NENA : = \u0726\u0735\u072b\u0738\u0729", "NENA", "masculine past participle : \u0726\u072b\u071d\u073c\u071b\u0735\u0710", "multiplication and division", "bishop", "feminine past participle : \u0726\u072b\u071d\u073c\u071b\u072c\u0735\u0710", "Biblical version"], "webrank": 30, "text": [" : 1) ", " : to stretch out , to do some stretching exercises (?) ;\r\n2) to push forward , ", " : to stretch forward ;\r\n3) ", " : to give ;\r\n4) to go a long distance , to go forth , to travel ;\r\n5) to make a raid , to swoop , to make a foray , to make a sortie ", " (?) , ", " : to rush upon , to swoop down on , ", " : to hit (?) ;\r\n6) ", " : to start ", " , to be ready to start , to begin ", " ;\r\n7) ", " : to stand upright , to stand straight ;\r\n8) ", " : to bring out , to produce ;\r\n", " : a) simple , single-hearted , easy , innocent-minded , generous , b) ", " : short , ", " : diocesan , suffragan ;\r\n", " : the ", " Peshitta"], "english": "<td>1) <span class=\"context\">transitive and intransitive</span> : to stretch out , to do some stretching exercises (?) ;\r\n2) to push forward , <span class=\"context\">intransitive</span> : to stretch forward ;\r\n3) <span class=\"context\">Al Qosh</span> : to give ;\r\n4) to go a long distance , to go forth , to travel ;\r\n5) to make a raid , to swoop , to make a foray , to make a sortie <span class=\"context\">in ennemy lines</span> (?) , <span class=\"context\">with <a href=\"dosearch.php?searchkey=cal&amp;language=fullsyriac\"><span class=\"eastsyriac\">\u0725\u0732\u0720</span></a></span> : to rush upon , to swoop down on , <span class=\"context\">storm, misfortune ...?</span> : to hit (?) ;\r\n6) <span class=\"context\">Al Qosh</span> : to start <span class=\"context\">on a journey</span> , to be ready to start , to begin <span class=\"context\">to do a thing</span> ;\r\n7) <span class=\"context\">NENA : = <a href=\"dosearch.php?searchkey=pAjeq&amp;language=fullsyriac\"><span class=\"eastsyriac\">\u0726\u0735\u072b\u0738\u0729</span></a></span> : to stand upright , to stand straight ;\r\n8) <span class=\"context\">NENA</span> : to bring out , to produce ;\r\n<span class=\"context\">masculine past participle : <a href=\"dosearch.php?searchkey=pjiTA%27&amp;language=fullsyriac\"><span class=\"eastsyriac\">\u0726\u072b\u071d\u073c\u071b\u0735\u0710</span></a></span> : a) simple , single-hearted , easy , innocent-minded , generous , b) <span class=\"context\">multiplication and division</span> : short , <span class=\"context\">bishop</span> : diocesan , suffragan ;\r\n<span class=\"context\">feminine past participle : <a href=\"dosearch.php?searchkey=pjiTtA%27&amp;language=fullsyriac\"><span class=\"eastsyriac\">\u0726\u072b\u071d\u073c\u071b\u072c\u0735\u0710</span></a></span> : the <span class=\"context\">Biblical version</span> Peshitta ;\r\n<span class=\"locution\"><span class=\"eastsyriac\">\u0726\u072b\u071d\u073c\u071b\u072c\u0735\u0710 \u0725\u0735\u0712\u0742\u0718\u073f\u0715\u0742\u072c\u0735\u0710</span></span> : the P'al conjugation ;\r\n<span class=\"locution\"><span class=\"eastsyriac\">\u0726\u072b\u071d\u073c\u071b\u072c\u0735\u0710 \u071a\u0735\u072b\u0718\u073f\u072b\u072c\u0735\u0710</span></span> : the Ethp'el conjugation ;\r\n9) <span class=\"context\">Bailis Shamun ; transitive ; see also <a href=\"dosearch.php?searchkey=nAsEbL&amp;language=fullsyriac\"><span class=\"eastsyriac\">\u0722\u0735\u0723\u0739\u0712\u0742</span></a></span> : to start , to start out , to cause to happen , to begin / to kick off , to cause to begin / to establish / to get going ;</td>", "cf": ["<span class=\"wordlink\"><a href=\"dosearch.php?searchkey=17486&amp;language=id\"><span class=\"eastsyriac\">\u071d\u072b\u071b</span></a>, <a href=\"dosearch.php?searchkey=11505&amp;language=id\"><span class=\"eastsyriac\">\u0726\u072b\u071d\u073c\u071b\u0735\u0710\u071d\u073c\u072c</span></a>, <a href=\"dosearch.php?searchkey=11506&amp;language=id\"><span class=\"eastsyriac\">\u0726\u072b\u071d\u073c\u071b\u0718\u073c\u072c\u0735\u0710</span></a>, <a href=\"dosearch.php?searchkey=11504&amp;language=id\"><span class=\"eastsyriac\">\u0726\u072b\u071d\u073c\u071b\u0735\u0710</span></a>, <a href=\"dosearch.php?searchkey=11500&amp;language=id\"><span class=\"eastsyriac\">\u0726\u0735\u072b\u0732\u071b\u072c\u0735\u0710</span></a>, <a href=\"dosearch.php?searchkey=11499&amp;language=id\"><span class=\"eastsyriac\">\u0726\u0738\u072b\u071b\u0735\u0722\u0735\u0710</span></a>, <a href=\"dosearch.php?searchkey=11489&amp;language=id\"><span class=\"eastsyriac\">\u0726\u0735\u072b\u0718\u073f\u071b\u0739\u0710</span></a>, <a href=\"dosearch.php?searchkey=5599&amp;language=id\"><span class=\"eastsyriac\">\u071d\u0732\u072b\u071b\u0735\u0710</span></a>, <a href=\"dosearch.php?searchkey=13658&amp;language=id\"><span class=\"eastsyriac\">\u072a\u071d\u073c\u072b\u0710 \u0715\u071d\u0732\u072b\u071b\u0735\u0710</span></a>, <a href=\"dosearch.php?searchkey=25939&amp;language=id\"><span class=\"eastsyriac\">\u0721\u0726\u0735\u072b\u0738\u071b</span></a>, <a href=\"dosearch.php?searchkey=25941&amp;language=id\"><span class=\"eastsyriac\">\u0721\u0732\u0726\u072b\u0738\u071b</span></a>, <a href=\"dosearch.php?searchkey=11498&amp;language=id\"><span class=\"eastsyriac\">\u0726\u072b\u0735\u071b\u0735\u0710</span></a>, <a href=\"dosearch.php?searchkey=11507&amp;language=id\"><span class=\"eastsyriac\">\u0726\u072b\u071d\u073c\u071b\u072c\u0735\u0710</span></a>, <a href=\"dosearch.php?searchkey=11498&amp;language=id\"><span class=\"eastsyriac\">\u0726\u072b\u0735\u071b\u0735\u0710</span></a>, <a href=\"dosearch.php?searchkey=28342&amp;language=id\"><span class=\"eastsyriac\">\u0726\u072b\u0718\u073c\u071b\u0735\u0710</span></a>, <a href=\"dosearch.php?searchkey=28343&amp;language=id\"><span class=\"eastsyriac\">\u0726\u072b\u0718\u073c\u071b\u072c\u0735\u0710</span></a>, <a href=\"dosearch.php?searchkey=35663&amp;language=id\"><span class=\"eastsyriac\">\u0721\u0738\u072c\u0726\u0732\u072b\u071b\u0735\u0722\u0718\u073c\u072c\u0735\u0710</span></a></span>", "<span class=\"wordlink\"><a href=\"dosearch.php?searchkey=25947&amp;language=id\"><span class=\"eastsyriac\">\u0726\u0735\u072b\u0738\u0729</span></a>, <a href=\"dosearch.php?searchkey=18073&amp;language=id\"><span class=\"eastsyriac\">\u0722\u0735\u0723\u0739\u0712\u0742</span></a>, <a href=\"dosearch.php?searchkey=18301&amp;language=id\"><span class=\"eastsyriac\">\u0723\u0735\u0710\u0739\u0721</span></a>, <a href=\"dosearch.php?searchkey=35567&amp;language=id\"><span class=\"eastsyriac\">\u072b\u0732\u072a\u0739\u0710</span></a>, <a href=\"dosearch.php?searchkey=25940&amp;language=id\"><span class=\"eastsyriac\">\u0726\u0735\u072b\u0738\u071b</span></a></span>"], "key": "25940", "west": "\u0726\u0733\u072b\u0736\u071b", "phonetic": "<td>' pa: \u0161i\u1e6d</td>", "east": "\u0726\u0735\u072b\u0739\u071b"},
{"searchkey": "11333", "audio": [], "context": [], "webrank": 20, "text": [" : a visiting priest (especially one representing a bishop) ;"], "english": "<td>a visiting priest (especially one representing a bishop) ;</td>", "cf": [], "key": "11333", "west": "\u0726\u0736\u072a\u071d\u0733\u0715\u073d\u0718\u071b\u0733\u0710", "phonetic": "<td>per ia ' do: \u1e6da:</td>", "east": "\u0726\u0738\u072a\u071d\u0735\u0715\u0718\u073c\u071b\u0735\u0710"},
{"searchkey": "27341", "audio": [], "context": ["of a bishop, a church", "especially with"], "webrank": 60, "text": [" : 1) laying on of hands ;\r\n2) ordination ;\r\n3) consecration / dedication ", " ;\r\n4) a benediction , a blessing ;\r\n5) an ordinal ;\r\n6) "], "english": "<td>1) laying on of hands ;\r\n2) ordination ;\r\n3) consecration / dedication <span class=\"context\">of a bishop, a church</span> ;\r\n4) a benediction , a blessing ;\r\n5) an ordinal ;\r\n6) <span class=\"context\">especially with <span class=\"locution\"><span class=\"eastsyriac\">\u0715\u0721\u0732\u0725\u0721\u0718\u073f\u0715\u071d\u073c\u072c\u0742\u0735\u0710</span></span> : of baptism</span> : a confirmation ;</td>", "cf": ["<span class=\"wordlink\"><a href=\"dosearch.php?searchkey=17720&amp;language=id\"><span class=\"eastsyriac\">\u0723\u0718\u0721</span></a>, <a href=\"dosearch.php?searchkey=9667&amp;language=id\"><span class=\"eastsyriac\">\u0723\u071d\u0735\u0721\u0735\u0710</span></a>, <a href=\"dosearch.php?searchkey=25601&amp;language=id\"><span class=\"eastsyriac\">\u0721\u0732\u0723\u071d\u0738\u0721</span></a>, <a href=\"dosearch.php?searchkey=25600&amp;language=id\"><span class=\"eastsyriac\">\u0721\u0732\u0723\u0738\u0721</span></a>, <a href=\"dosearch.php?searchkey=18301&amp;language=id\"><span class=\"eastsyriac\">\u0723\u0735\u0710\u0738\u0721</span></a>, <a href=\"dosearch.php?searchkey=8085&amp;language=id\"><span class=\"eastsyriac\">\u0721\u0732\u0723\u0718\u073c\u0721\u0739\u0710</span></a></span>", "<span class=\"wordlink\"><a href=\"dosearch.php?searchkey=9666&amp;language=id\"><span class=\"eastsyriac\">\u0723\u071d\u0735\u0721 \u0710\u071d\u073c\u0715\u0735\u0710</span></a></span>", "<span class=\"wordlink\"><a href=\"dosearch.php?searchkey=8214&amp;language=id\"><span class=\"eastsyriac\">\u0721\u0732\u0725\u0721\u0718\u073c\u0715\u071d\u073c\u072c\u0742\u0735\u0710</span></a>, <a href=\"dosearch.php?searchkey=14383&amp;language=id\"><span class=\"eastsyriac\">\u072b\u0718\u073c\u0721\u0720\u0735\u071d\u0735\u0710</span></a>, <a href=\"dosearch.php?searchkey=2701&amp;language=id\"><span class=\"eastsyriac\">\u0715\u0712\u0742\u071d\u073c\u071a\u0718\u073c\u072c\u0735\u0710</span></a>, <a href=\"dosearch.php?searchkey=5991&amp;language=id\"><span class=\"eastsyriac\">\u071f\u071d\u073c\u072a\u0718\u073f\u071b\u0718\u073f\u0722\u071d\u073c\u0735\u0710</span></a>, <a href=\"dosearch.php?searchkey=8840&amp;language=id\"><span class=\"eastsyriac\">\u0721\u072c\u0729\u0732\u0715\u072b\u0735\u0722\u0718\u073c\u072c\u0735\u0710</span></a>, <a href=\"dosearch.php?searchkey=8881&amp;language=id\"><span class=\"eastsyriac\">\u0721\u0738\u072c\u072c\u0732\u0723\u072a\u071a\u0735\u0722\u0718\u073c\u072c\u0735\u0710</span></a>, <a href=\"dosearch.php?searchkey=8963&amp;language=id\"><span class=\"eastsyriac\">\u0722\u0715\u072a\u072c\u0735\u0710</span></a></span>"], "key": "27341", "west": "\u0723\u071d\u0733\u0721\u073a\u071d\u0715\u0733\u0710", "phonetic": "<td>sia:m ' i: da:</td>", "east": "\u0723\u071d\u0735\u0721\u071d\u073c\u0715\u0735\u0710"}
]