[
{"searchkey": "24326", "audio": [], "context": ["Rh\u00e9tor\u00e9"], "webrank": 8, "text": [" : 1) to be red ;\r\n"], "english": "<td>1) to be red ;\r\n<span class=\"context\">Rh\u00e9tor\u00e9 ; <span class=\"locution\"><span class=\"eastsyriac\">\u072c\u0732\u072a\u0308\u0725\u0739\u0710 \u0715\u071f\u0720\u0732\u071d\u0717\u071d\u073c \u0713\u0742\u0720\u071d\u073c\u0729 \u0720\u0739\u0717 \u0718\u0723\u0732\u071d\u0726\u0739\u0717 \u0721\u0729\u0735\u0715\u0747\u0721 \u0715\u0738\u0721\u0735\u0710 \u0723\u0721\u071d\u073c\u0729 \u0720\u0739\u0717</span></span></span> : it / <span class=\"context\">the plague</span> shut the doors of all its victims, its sword was reddened / red with blood , its sword was bloody ;\r\n2) to be ashamed , to blush ;</td>", "cf": ["<span class=\"wordlink\"><a href=\"dosearch.php?searchkey=8139&amp;language=id\"><span class=\"eastsyriac\">\u0721\u0732\u0723\u0721\u0718\u073c\u0729\u0739\u0710</span></a>, <a href=\"dosearch.php?searchkey=9738&amp;language=id\"><span class=\"eastsyriac\">\u0723\u0721\u0718\u073c\u0729\u0735\u0710</span></a>, <a href=\"dosearch.php?searchkey=9761&amp;language=id\"><span class=\"eastsyriac\">\u0723\u0721\u0735\u0729\u0735\u0710</span></a>, <a href=\"dosearch.php?searchkey=9762&amp;language=id\"><span class=\"eastsyriac\">\u0723\u0721\u0735\u0729\u072c\u0735\u0710</span></a>, <a href=\"dosearch.php?searchkey=9759&amp;language=id\"><span class=\"eastsyriac\">\u0723\u0732\u0721\u0723\u0718\u073c\u0729\u0739\u0710</span></a>, <a href=\"dosearch.php?searchkey=9740&amp;language=id\"><span class=\"eastsyriac\">\u0723\u0721\u0718\u073c\u0729\u0722\u0735\u071d\u0735\u0710</span></a>, <a href=\"dosearch.php?searchkey=27415&amp;language=id\"><span class=\"eastsyriac\">\u0723\u0721\u0718\u073c\u0729\u0722\u0735\u071d\u072c\u0735\u0710</span></a>, <a href=\"dosearch.php?searchkey=24330&amp;language=id\"><span class=\"eastsyriac\">\u0721\u0732\u0723\u0721\u0738\u0729</span></a>, <a href=\"dosearch.php?searchkey=27416&amp;language=id\"><span class=\"eastsyriac\">\u0723\u0738\u0721\u0729\u0735\u0710</span></a>, <a href=\"dosearch.php?searchkey=27417&amp;language=id\"><span class=\"eastsyriac\">\u0723\u0738\u0721\u0729\u0735\u0722\u0718\u073c\u072c\u0735\u0710</span></a>, <a href=\"dosearch.php?searchkey=9738&amp;language=id\"><span class=\"eastsyriac\">\u0723\u0721\u0718\u073c\u0729\u0735\u0710</span></a></span>", "<span class=\"wordlink\"><a href=\"dosearch.php?searchkey=18331&amp;language=id\"><span class=\"eastsyriac\">\u071f\u0735\u0718\u0739\u0719</span></a>, <a href=\"dosearch.php?searchkey=24327&amp;language=id\"><span class=\"eastsyriac\">\u071a\u0735\u0713\u0739\u0720</span></a>, <a href=\"dosearch.php?searchkey=24323&amp;language=id\"><span class=\"eastsyriac\">\u0721\u0710\u0732\u0722\u0738\u0726</span></a>, <a href=\"dosearch.php?searchkey=24324&amp;language=id\"><span class=\"eastsyriac\">\u0722\u0735\u071f\u0739\u0726</span></a></span>"], "key": "24326", "west": "\u0723\u0733\u0721\u0736\u0729", "phonetic": "<td>' sa: miq</td>", "east": "\u0723\u0735\u0721\u0738\u0729"},
{"searchkey": "33027", "audio": [], "context": [], "webrank": 7, "text": [" : bloody ;"], "english": "<td>bloody ;</td>", "cf": ["<span class=\"wordlink\"><a href=\"dosearch.php?searchkey=33028&amp;language=id\"><span class=\"eastsyriac\">\u0715\u0721\u0721</span></a>, <a href=\"dosearch.php?searchkey=3067&amp;language=id\"><span class=\"eastsyriac\">\u0721\u0732\u071d\u0735\u0710</span></a>, <a href=\"dosearch.php?searchkey=3058&amp;language=id\"><span class=\"eastsyriac\">\u0715\u0735\u0721\u0715\u0718\u073c\u0721\u0738\u0710</span></a>, <a href=\"dosearch.php?searchkey=3060&amp;language=id\"><span class=\"eastsyriac\">\u0715\u0732\u0721\u0715\u0732\u0721\u072c\u0735\u0710</span></a>, <a href=\"dosearch.php?searchkey=3082&amp;language=id\"><span class=\"eastsyriac\">\u0715\u0732\u0721\u0735\u0722\u072c\u0735\u0710</span></a>, <a href=\"dosearch.php?searchkey=88&amp;language=id\"><span class=\"eastsyriac\">\u0710\u0715\u0735\u0721\u0735\u0710</span></a>, <a href=\"dosearch.php?searchkey=15001&amp;language=id\"><span class=\"eastsyriac\">\u072b\u0726\u0735\u071a\u072c\u0735\u0710 \u0715\u0715\u0738\u0721\u0735\u0710</span></a>, <a href=\"dosearch.php?searchkey=15002&amp;language=id\"><span class=\"eastsyriac\">\u072b\u0726\u0735\u071f\u0742\u072c\u0735\u0710 \u0715\u0715\u0738\u0721\u0735\u0710</span></a>, <a href=\"dosearch.php?searchkey=15927&amp;language=id\"><span class=\"eastsyriac\">\u072c\u072a\u071d\u073c\u0725\u0718\u073c\u072c \u0715\u0721\u0735\u0710</span></a>, <a href=\"dosearch.php?searchkey=17931&amp;language=id\"><span class=\"eastsyriac\">\u0715\u0721\u0735\u0710</span></a>, <a href=\"dosearch.php?searchkey=3080&amp;language=id\"><span class=\"eastsyriac\">\u0715\u0738\u0721\u0735\u0722\u0735\u0710</span></a>, <a href=\"dosearch.php?searchkey=20274&amp;language=id\"><span class=\"eastsyriac\">\u0715\u0738\u0721\u0735\u0722\u072c\u0735\u0710</span></a>, <a href=\"dosearch.php?searchkey=22258&amp;language=id\"><span class=\"eastsyriac\">\u071a\u0729\u0732\u0720\u0715\u0721\u0735\u0710</span></a>, <a href=\"dosearch.php?searchkey=24612&amp;language=id\"><span class=\"eastsyriac\">\u0721\u0715\u0732\u0721\u0715\u0738\u0721</span></a>, <a href=\"dosearch.php?searchkey=33027&amp;language=id\"><span class=\"eastsyriac\">\u0721\u0715\u0732\u0721\u0715\u0721\u0735\u0710</span></a>, <a href=\"dosearch.php?searchkey=3067&amp;language=id\"><span class=\"eastsyriac\">\u0715\u0721\u0732\u071d\u0735\u0710</span></a>, <a href=\"dosearch.php?searchkey=3058&amp;language=id\"><span class=\"eastsyriac\">\u0715\u0735\u0721\u0715\u0718\u073c\u0721\u0738\u0710</span></a>, <a href=\"dosearch.php?searchkey=3060&amp;language=id\"><span class=\"eastsyriac\">\u0715\u0732\u0721\u0715\u0732\u0721\u072c\u0735\u0710</span></a>, <a href=\"dosearch.php?searchkey=3082&amp;language=id\"><span class=\"eastsyriac\">\u0715\u0732\u0721\u0735\u0722\u072c\u0735\u0710</span></a>, <a href=\"dosearch.php?searchkey=88&amp;language=id\"><span class=\"eastsyriac\">\u0710\u0715\u0735\u0721\u0735\u0710</span></a>, <a href=\"dosearch.php?searchkey=15001&amp;language=id\"><span class=\"eastsyriac\">\u072b\u0726\u0735\u071a\u072c\u0735\u0710 \u0715\u0715\u0738\u0721\u0735\u0710</span></a>, <a href=\"dosearch.php?searchkey=15002&amp;language=id\"><span class=\"eastsyriac\">\u072b\u0726\u0735\u071f\u0742\u072c\u0735\u0710 \u0715\u0715\u0738\u0721\u0735\u0710</span></a>, <a href=\"dosearch.php?searchkey=15927&amp;language=id\"><span class=\"eastsyriac\">\u072c\u072a\u071d\u073c\u0725\u0718\u073c\u072c \u0715\u0721\u0735\u0710</span></a>, <a href=\"dosearch.php?searchkey=17931&amp;language=id\"><span class=\"eastsyriac\">\u0715\u0721\u0735\u0710</span></a>, <a href=\"dosearch.php?searchkey=3080&amp;language=id\"><span class=\"eastsyriac\">\u0715\u0738\u0721\u0735\u0722\u0735\u0710</span></a>, <a href=\"dosearch.php?searchkey=20274&amp;language=id\"><span class=\"eastsyriac\">\u0715\u0738\u0721\u0735\u0722\u072c\u0735\u0710</span></a>, <a href=\"dosearch.php?searchkey=22258&amp;language=id\"><span class=\"eastsyriac\">\u071a\u0729\u0732\u0720\u0715\u0721\u0735\u0710</span></a>, <a href=\"dosearch.php?searchkey=24612&amp;language=id\"><span class=\"eastsyriac\">\u0721\u0715\u0732\u0721\u0715\u0738\u0721</span></a>, <a href=\"dosearch.php?searchkey=3054&amp;language=id\"><span class=\"eastsyriac\">\u0715\u0738\u0721\u0735\u0710</span></a></span>"], "key": "33027", "west": "\u0721\u0715\u0730\u0721\u0715\u0721\u0733\u0710", "phonetic": "<td>m' dam dma:</td>", "east": "\u0721\u0715\u0732\u0721\u0715\u0721\u0735\u0710"},
{"searchkey": "3080", "audio": [], "context": ["masculine", "feminine"], "webrank": 4, "text": [" : ", " : bloody , gory , stained or smeared with blood , given to shedding blood , haemophiliac (?) ;\r\n", " : \u0715\u0738\u0721\u0735\u0722\u072c\u0735\u0710 ;"], "english": "<td><span class=\"context\">masculine</span> : bloody , gory , stained or smeared with blood , given to shedding blood , haemophiliac (?) ;\r\n<span class=\"context\">feminine</span> : <a href=\"dosearch.php?searchkey=demAntA%27&amp;language=fullsyriac\"><span class=\"eastsyriac\">\u0715\u0738\u0721\u0735\u0722\u072c\u0735\u0710</span></a> ;</td>", "cf": ["<span class=\"wordlink\"><a href=\"dosearch.php?searchkey=3054&amp;language=id\"><span class=\"eastsyriac\">\u0715\u0738\u0721\u0735\u0710</span></a></span>"], "key": "3080", "west": "\u0715\u0736\u0721\u0733\u0722\u0733\u0710", "phonetic": "<td>dim ' ma: na:</td>", "east": "\u0715\u0738\u0721\u0735\u0722\u0735\u0710"},
{"searchkey": "3054", "audio": [], "context": [], "webrank": 1, "text": [" : 1) blood"], "english": "<td>1) blood ;\r\n<span class=\"locution\"><span class=\"eastsyriac\">\u0719\u0718\u0308\u073c\u0719\u0739\u0710 \u0715\u0715\u0738\u0721\u0735\u0710</span></span> : blood-money , <span class=\"context\"> = <a href=\"dosearch.php?searchkey=diat&amp;language=fullsyriac\"><span class=\"eastsyriac\">\u0715\u071d\u073c\u0732\u072c</span></a></span> ;\r\n<span class=\"locution\"><span class=\"eastsyriac\">\u0721\u0735\u072a \u0715\u0738\u0721\u0735\u0710</span></span> : a blood-avenger ;\r\n<span class=\"locution\"><span class=\"eastsyriac\">\u0715\u0738\u0721\u0718\u073c\u0717\u071d \u0721\u072a\u0718\u073c\u071a\u072a\u0738\u071a \u0720\u0739\u0717</span></span> : he heaved with emotion ;\r\n<span class=\"locution\"><span class=\"eastsyriac\">\u0715\u0738\u0721\u0718\u073c\u0717\u071d \u0721\u0732\u071d\u072a\u0735\u0710</span></span> : one who though handsome does not please ;\r\n<span class=\"locution\"><span class=\"eastsyriac\">\u0715\u0738\u0721\u0718\u073c\u0717\u071d \u0729\u0732\u071d\u072a\u0735\u0710</span></span> : obstinate , headstrong ;\r\n<span class=\"locution\"><span class=\"eastsyriac\">\u072a\u0735\u0712\u0735\u0710 \u0715\u0738\u0721\u0308\u0739\u0710 \u0721\u0729\u0718\u073c\u0718\u0738\u0721 \u0720\u0717\u0747\u0718\u073f\u0722</span></span> : there was great bloodshed / bloodbath / bloody slaughter ;\r\n<span class=\"locution\"><span class=\"eastsyriac\">\u072c\u072a\u071d\u073c\u0718\u073c\u072c \u0715\u0721\u0735\u0710</span></span> : a flow of blood ;\r\n<span class=\"context\">Rh\u00e9tor\u00e9 ; <span class=\"locution\"><span class=\"eastsyriac\">\u072c\u0732\u072a\u0308\u0725\u0739\u0710 \u0715\u071f\u0720\u0732\u071d\u0717\u071d\u073c \u0713\u0742\u0720\u071d\u073c\u0729 \u0720\u0739\u0717 \u0718\u0723\u0732\u071d\u0726\u0739\u0717 \u0721\u0729\u0735\u0715\u0747\u0721 \u0715\u0738\u0721\u0735\u0710 \u0723\u0721\u071d\u073c\u0729 \u0720\u0739\u0717</span></span></span> : it / <span class=\"context\">the plague</span> shut the doors of all its victims, its sword was reddened with blood ;\r\n<span class=\"context\">Matthew : 9, 20</span> : <span class=\"locution\"><span class=\"eastsyriac\">\u0710\u0719\u0735\u0720\u072c\u0735\u0710 \u0715\u0715\u0738\u0721\u0735\u0710</span></span> : dysentery ;\r\n2) <span class=\"context\">also in plural</span> : bloodguiltiness ;\r\n3) ancestry , lineage ;</td>", "cf": ["<span class=\"wordlink\"><a href=\"dosearch.php?searchkey=33028&amp;language=id\"><span class=\"eastsyriac\">\u0715\u0721\u0721</span></a>, <a href=\"dosearch.php?searchkey=3067&amp;language=id\"><span class=\"eastsyriac\">\u0721\u0732\u071d\u0735\u0710</span></a>, <a href=\"dosearch.php?searchkey=3058&amp;language=id\"><span class=\"eastsyriac\">\u0715\u0735\u0721\u0715\u0718\u073c\u0721\u0738\u0710</span></a>, <a href=\"dosearch.php?searchkey=3060&amp;language=id\"><span class=\"eastsyriac\">\u0715\u0732\u0721\u0715\u0732\u0721\u072c\u0735\u0710</span></a>, <a href=\"dosearch.php?searchkey=3082&amp;language=id\"><span class=\"eastsyriac\">\u0715\u0732\u0721\u0735\u0722\u072c\u0735\u0710</span></a>, <a href=\"dosearch.php?searchkey=88&amp;language=id\"><span class=\"eastsyriac\">\u0710\u0715\u0735\u0721\u0735\u0710</span></a>, <a href=\"dosearch.php?searchkey=15001&amp;language=id\"><span class=\"eastsyriac\">\u072b\u0726\u0735\u071a\u072c\u0735\u0710 \u0715\u0715\u0738\u0721\u0735\u0710</span></a>, <a href=\"dosearch.php?searchkey=15002&amp;language=id\"><span class=\"eastsyriac\">\u072b\u0726\u0735\u071f\u0742\u072c\u0735\u0710 \u0715\u0715\u0738\u0721\u0735\u0710</span></a>, <a href=\"dosearch.php?searchkey=15927&amp;language=id\"><span class=\"eastsyriac\">\u072c\u072a\u071d\u073c\u0725\u0718\u073c\u072c \u0715\u0721\u0735\u0710</span></a>, <a href=\"dosearch.php?searchkey=17931&amp;language=id\"><span class=\"eastsyriac\">\u0715\u0721\u0735\u0710</span></a>, <a href=\"dosearch.php?searchkey=3080&amp;language=id\"><span class=\"eastsyriac\">\u0715\u0738\u0721\u0735\u0722\u0735\u0710</span></a>, <a href=\"dosearch.php?searchkey=20274&amp;language=id\"><span class=\"eastsyriac\">\u0715\u0738\u0721\u0735\u0722\u072c\u0735\u0710</span></a>, <a href=\"dosearch.php?searchkey=22258&amp;language=id\"><span class=\"eastsyriac\">\u071a\u0729\u0732\u0720\u0715\u0721\u0735\u0710</span></a>, <a href=\"dosearch.php?searchkey=24612&amp;language=id\"><span class=\"eastsyriac\">\u0721\u0715\u0732\u0721\u0715\u0738\u0721</span></a>, <a href=\"dosearch.php?searchkey=33027&amp;language=id\"><span class=\"eastsyriac\">\u0721\u0715\u0732\u0721\u0715\u0721\u0735\u0710</span></a></span>", "<span class=\"wordlink\"><a href=\"dosearch.php?searchkey=4011&amp;language=id\"><span class=\"eastsyriac\">\u0719\u0732\u072a\u0725\u0735\u0710</span></a>, <a href=\"dosearch.php?searchkey=17932&amp;language=id\"><span class=\"eastsyriac\">\u0719\u0732\u072a\u0722\u071d\u073c\u072c\u0735\u0710</span></a>, <a href=\"dosearch.php?searchkey=17933&amp;language=id\"><span class=\"eastsyriac\">\u071b\u0718\u0717\u0721\u0735\u0710</span></a>, <a href=\"dosearch.php?searchkey=17934&amp;language=id\"><span class=\"eastsyriac\">\u0721\u071b\u0732\u0717\u0721\u0718\u073c\u072c\u0735\u0710</span></a>, <a href=\"dosearch.php?searchkey=5392&amp;language=id\"><span class=\"eastsyriac\">\u071d\u0718\u073c\u0712\u0735\u0720\u0735\u0710</span></a>, <a href=\"dosearch.php?searchkey=29824&amp;language=id\"><span class=\"eastsyriac\">\u0723\u0735\u0718\u0726\u0735\u0722\u0735\u0710</span></a>, <a href=\"dosearch.php?searchkey=33209&amp;language=id\"><span class=\"eastsyriac\">\u0721\u0735\u0728\u0718\u073f\u0728\u0735\u0710</span></a></span>"], "key": "3054", "west": "\u0715\u0736\u0721\u0733\u0710", "phonetic": "<td>' dim ma:</td>", "east": "\u0715\u0738\u0721\u0735\u0710"},
{"searchkey": "20274", "audio": [], "context": ["feminine of \u0715\u0738\u0721\u0735\u0722\u0735\u0710"], "webrank": 6, "text": [" : ", " : bloody , gory ;"], "english": "<td><span class=\"context\">feminine of <a href=\"dosearch.php?searchkey=demAnA%27&amp;language=fullsyriac\"><span class=\"eastsyriac\">\u0715\u0738\u0721\u0735\u0722\u0735\u0710</span></a></span> : bloody , gory ;</td>", "cf": ["<span class=\"wordlink\"><a href=\"dosearch.php?searchkey=3054&amp;language=id\"><span class=\"eastsyriac\">\u0715\u0738\u0721\u0735\u0710</span></a></span>"], "key": "20274", "west": "\u0715\u0736\u0721\u0733\u0722\u072c\u0733\u0710", "phonetic": "<td>dim ' ma:n ta:</td>", "east": "\u0715\u0738\u0721\u0735\u0722\u072c\u0735\u0710"},
{"searchkey": "3081", "audio": [], "context": ["Sokoloff"], "webrank": 5, "text": [" : 1) of blood , related to blood , of the same blood ;\r\n2) ", " : inherent in the blood , by blood , blood-borne , bloody , bloodied ;"], "english": "<td>1) of blood , related to blood , of the same blood ;\r\n2) <span class=\"context\">Sokoloff</span> : inherent in the blood , by blood , blood-borne , bloody , bloodied ;</td>", "cf": [], "key": "3081", "west": "\u0715\u0736\u0721\u0733\u0722\u0733\u071d\u0733\u0710", "phonetic": "<td>dim ma: ' na: ia:</td>", "east": "\u0715\u0738\u0721\u0735\u0722\u0735\u071d\u0735\u0710"}
]