[
{"searchkey": "19845", "audio": [], "context": ["sometimes with \u0712,  in Ashita with"], "webrank": 10, "text": [" : 1) to catch , to hold , to seize , to take , to take hold of , to grip , to handle ;\r\n"], "english": "<td>1) to catch , to hold , to seize , to take , to take hold of , to grip , to handle ;\r\n<span class=\"context\">sometimes with <a href=\"dosearch.php?searchkey=b&amp;language=fullsyriac\"><span class=\"eastsyriac\">\u0712</span></a>,  in Ashita with <span class=\"locution\"><span class=\"eastsyriac\">\u0712\u071d\u0738\u0715</span></span> or <a href=\"dosearch.php?searchkey=gAw&amp;language=fullsyriac\"><span class=\"eastsyriac\">\u0713\u0735\u0718</span></a></span> ;\r\n<span class=\"locution\"><span class=\"eastsyriac\">\u0715\u0712\u071d\u073c\u0729\u0735\u0710 \u0720\u0739\u0717 \u0712\u0710\u071d\u073c\u0715\u0735\u0717\u073f</span></span> : he took her by the hand ;\r\n<span class=\"context\">Rh\u00e9tor\u00e9 ; <span class=\"locution\"><span class=\"eastsyriac\">\u0718\u0713\u0735\u0718 \u0721\u0735\u0718\u0728\u0738\u0720 \u0718\u0710\u0732\u072c\u0742\u072a\u0735\u0717\u073f \u0715\u0712\u0742\u071d\u073c\u0729 \u0720\u0739\u0717</span></span></span> : and it took over Mosul and its area , and caught / seized Mosul and its vicinity , \"and in Mosul and its country it caught hold / took possession\" ;\r\n<span class=\"context\">Rh\u00e9tor\u00e9 ; <span class=\"locution\"><span class=\"eastsyriac\">\u071f\u0718\u073c\u0715 \u0715\u0712\u0742\u071d\u073c\u0729 \u0720\u0739\u0717 \u0712\u0721\u0735\u0718\u0728\u0738\u0720 \u0718\u072b\u0726\u071d\u073c\u071f\u0742 \u0720\u0739\u0717</span></span></span> : when it took Mosul over it spread all over everywhere , when it took possession / took hold of Mosul it it spread out everywhere ;\r\n2) <span class=\"context\">transitive verb</span> : to stop ;\r\n<span class=\"locution\"><span class=\"eastsyriac\">\u0715\u0735\u0712\u0742\u0738\u0729 \u0713\u0735\u0722\u0739\u0717</span></span> : to restrain oneself , to be moderate , to abstain ;\r\n3) <span class=\"context\">often with <span class=\"locution\"><span class=\"eastsyriac\">\u0712\u071f\u0738\u072a\u071d\u073c</span></span> / <span class=\"locution\"><span class=\"eastsyriac\">\u0712\u0710\u0738\u0713\u0330\u0735\u072a\u0735\u0710</span></span></span> : to hire ;\r\n<span class=\"locution\"><span class=\"eastsyriac\">\u0715\u0712\u0742\u071d\u073c\u0729\u0735\u0710 \u0712\u0717\u0735\u0729\u0735\u0710</span></span> : a bondservant , a slave ;\r\n4) to correspond to , to match , to correspond together , to harmonize , to suit together , to go together well , to tone with ;\r\n5) to take , to take prisoner , to capture , <span class=\"context\">forteress</span> : to take by surprize , to surprize , to take hold of / to seize / to take over / to take possession of , <span class=\"context\">Rh\u00e9tor\u00e9 ; see <a href=\"dosearch.php?searchkey=tlAxA%27&amp;language=fullsyriac\"><span class=\"eastsyriac\">\u072c\u0720\u0735\u071a\u0735\u0710</span></a></span> : to demolish , to knock down , to tear down ;\r\n<span class=\"context\">Rh\u00e9tor\u00e9 ; <span class=\"locution\"><span class=\"eastsyriac\">\u0710\u0735\u071f\u0742 \u0712\u0732\u071d\u072c\u0742\u071d\u073c : \u0712\u0738\u0715 \u0715\u0735\u0712\u0729\u071d \u0720\u0739\u0717 \u072b\u0738\u071f\u0718\u0735\u0722\u0308\u0739\u0710 \u0729\u0732\u072a\u0308\u0735\u071d\u0739\u0710</span></span></span> : Alas ! my house ! they will demolish it, them educated ants ;\r\n6) <span class=\"context\">feast</span> : to celebrate , to keep , <span class=\"context\">tradition ?</span> : to keep (?) / to keep up (?) / to preserve (?) / to maintain (?) ;\r\n7) <span class=\"context\">often with <a href=\"dosearch.php?searchkey=b&amp;language=fullsyriac\"><span class=\"eastsyriac\">\u0712</span></a></span> : to keep , to keep to , <span class=\"context\">schedule ...</span> : to keep (?) / to keep to (?) ;\r\n8) <span class=\"context\">principle</span> : to uphold , to endorse , to promote, to advocate , <span class=\"context\">law, values</span> : to defend (?) ;\r\n9) <span class=\"context\">literally and  arithmetics</span> : to contain , to carry over (?) ;\r\n10) <span class=\"context\">Mar Bishu : preserves in vinegar or brine</span> : to pickle / to preserve ;\r\n<span class=\"field\">food</span> : <span class=\"locution\"><span class=\"eastsyriac\">\u0721\u0738\u0722\u0308\u0715\u071d\u0735\u0722\u0739\u0710 \u0715\u0712\u071d\u0308\u073c\u0729\u0739\u0710</span></span> : pickles ;\r\n11) <span class=\"context\">in passive</span> : to be frozen , to be frozen stiff (?)  <span class=\"context\">metaphor : prices, assets...</span> : to be frozen (?) ;\r\n12) to close up a breach ;\r\n13) <span class=\"context\">with <a href=\"dosearch.php?searchkey=mcudAlE%27&amp;language=fullsyriac\"><span class=\"eastsyriac\">\u0721\u0725\u0718\u073c\u0715\u0735\u0720\u0739\u0710</span></a></span> : to agree , to unite , to come to terms , to get reconciled (?) , to let bygones be bygones (?) , <span class=\"context\">see <a href=\"dosearch.php?searchkey=sazgurE%27&amp;language=fullsyriac\"><span class=\"eastsyriac\">\u0723\u0732\u0719\u0713\u0718\u073c\u072a\u0739\u0710</span></a></span> ;\r\n<span class=\"context\">Genesis : 16, 18</span> : <span class=\"locution\"><span class=\"eastsyriac\">\u0715\u0712\u0742\u0718\u073f\u0729\u071d \u0710\u071d\u073c\u0715\u0732\u071f\u0742\u071d \u0712\u071d\u0738\u0717\u0742</span></span> : hold him in thy hand ;\r\n14) to weld ;\r\n15) <span class=\"context\">figurative sense ; idea, cause, opinion ...</span> : to embrace , to espouse , to take up , to adopt / to adhere to ;\r\n<span class=\"locution\"><span class=\"eastsyriac\">\u0712\u0732\u0720\u071f\u0739\u0710 \u072b\u0739\u0710\u0715\u0735\u0722\u0718\u073c\u072c\u0742\u0735\u0710 \u0715\u072b\u0735\u0712\u0742\u0718\u073f\u072a \u0715\u0712\u0742\u071d\u073c\u0729\u072c\u0718\u073f\u071f\u0742 \u0710\u0747\u071d\u0720\u0735\u0717\u073f</span></span> : perhaps you have embraced Shapur's insanity , you may have taken up Shapur's madness , maybe you have espoused Shapur's lunacy / folly ;\r\n<span class=\"locution\"><span class=\"eastsyriac\">\u0712\u0732\u0720\u071f\u0739\u0710 \u072b\u0739\u0710\u0715\u0735\u0722\u0718\u073c\u072c\u0742\u0735\u0710 \u0715\u072b\u0735\u0712\u0742\u0718\u073f\u072a \u0715\u0712\u0742\u071d\u073c\u0729\u072c\u0718\u073f\u071f\u0742 \u0710\u0747\u071d\u0720\u0735\u0717\u073f</span></span> : tu as peut-\u00eatre embrass\u00e9 / \u00e9pous\u00e9 la folie de Sapor ;</td>", "cf": ["<span class=\"wordlink\"><a href=\"dosearch.php?searchkey=17327&amp;language=id\"><span class=\"eastsyriac\">\u0715\u0712\u0729</span></a>, <a href=\"dosearch.php?searchkey=19843&amp;language=id\"><span class=\"eastsyriac\">\u0715\u0712\u0742\u0718\u073f\u0713\u0742\u0710\u0735\u0717</span></a>, <a href=\"dosearch.php?searchkey=19910&amp;language=id\"><span class=\"eastsyriac\">\u0721\u0732\u0715\u0712\u0742\u0738\u0729</span></a>, <a href=\"dosearch.php?searchkey=2712&amp;language=id\"><span class=\"eastsyriac\">\u0715\u0735\u0712\u0742\u0729\u0735\u0722\u0735\u0710</span></a>, <a href=\"dosearch.php?searchkey=19910&amp;language=id\"><span class=\"eastsyriac\">\u0721\u0732\u0715\u0712\u0742\u0738\u0729</span></a>, <a href=\"dosearch.php?searchkey=17783&amp;language=id\"><span class=\"eastsyriac\">\u0721\u0715\u0732\u0712\u0729\u0735\u0722\u0735\u0710</span></a>, <a href=\"dosearch.php?searchkey=30457&amp;language=id\"><span class=\"eastsyriac\">\u0720\u0735\u0710 \u0715\u0735\u0712\u0742\u0729\u0735\u0710</span></a>, <a href=\"dosearch.php?searchkey=2713&amp;language=id\"><span class=\"eastsyriac\">\u0715\u0712\u0742\u0735\u0729\u072c\u0735\u0710</span></a>, <a href=\"dosearch.php?searchkey=34447&amp;language=id\"><span class=\"eastsyriac\">\u0721\u0732\u0715\u0712\u0732\u0729\u072c\u0735\u0710</span></a>, <a href=\"dosearch.php?searchkey=34448&amp;language=id\"><span class=\"eastsyriac\">\u0721\u0718\u073c\u0715\u0712\u0738\u0729\u0735\u0710</span></a></span>", "<span class=\"wordlink\"><a href=\"dosearch.php?searchkey=25152&amp;language=id\"><span class=\"eastsyriac\">\u0721\u071d\u0735\u0723\u0738\u072a</span></a>, <a href=\"dosearch.php?searchkey=5435&amp;language=id\"><span class=\"eastsyriac\">\u071d\u0719\u0735\u0726\u0735\u0710</span></a></span>"], "key": "19845", "west": "\u0715\u0733\u0712\u0742\u0736\u0729", "phonetic": "<td>' da: wiq</td>", "east": "\u0715\u0735\u0712\u0742\u0738\u0729"},
{"searchkey": "1888", "audio": [], "context": ["verbal noun of \u0713\u0735\u0712\u0742\u0738\u072a"], "webrank": 8, "text": [" : 1) to marry , to unite in wedlock or matrimony , to join according to the law ;\r\n2) ", " : marrying ;\r\n3) marriage , matrimony"], "english": "<td>1) to marry , to unite in wedlock or matrimony , to join according to the law ;\r\n2) <span class=\"context\">verbal noun of <a href=\"dosearch.php?searchkey=gAbLer&amp;language=fullsyriac\"><span class=\"eastsyriac\">\u0713\u0735\u0712\u0742\u0738\u072a</span></a></span> : marrying ;\r\n3) marriage , matrimony ;\r\n<span class=\"locution\"><span class=\"eastsyriac\">\u0720\u0712\u0732\u072a \u0721\u0738\u0722 \u071d\u073c\u0723\u0718\u073c\u072a\u0735\u0710 \u0715\u0713\u0712\u0742\u0735\u072a\u0735\u0710</span></span> : outside the bonds of marriage ;\r\n</td>", "cf": ["<span class=\"wordlink\"><a href=\"dosearch.php?searchkey=32372&amp;language=id\"><span class=\"eastsyriac\">\u0713\u0712\u072a</span></a>, <a href=\"dosearch.php?searchkey=1887&amp;language=id\"><span class=\"eastsyriac\">\u0713\u0735\u0712\u0742\u072a\u0735\u0710</span></a>, <a href=\"dosearch.php?searchkey=16343&amp;language=id\"><span class=\"eastsyriac\">\u0713\u0732\u0712\u0742\u072a\u0718\u073c\u072c\u0735\u0710</span></a>, <a href=\"dosearch.php?searchkey=1889&amp;language=id\"><span class=\"eastsyriac\">\u0713\u0735\u0712\u0742\u072a\u0735\u0710\u071d\u073c\u072c</span></a>, <a href=\"dosearch.php?searchkey=1891&amp;language=id\"><span class=\"eastsyriac\">\u0713\u0735\u0712\u0742\u072a\u0718\u073c\u072c\u0735\u0710</span></a>, <a href=\"dosearch.php?searchkey=1886&amp;language=id\"><span class=\"eastsyriac\">\u0713\u0735\u0712\u0742\u072a\u0735\u0710</span></a>, <a href=\"dosearch.php?searchkey=18874&amp;language=id\"><span class=\"eastsyriac\">\u0713\u0732\u0712\u0742\u072a\u0718\u073c\u072c\u0742\u0735\u0710</span></a>, <a href=\"dosearch.php?searchkey=18876&amp;language=id\"><span class=\"eastsyriac\">\u0713\u0732\u0712\u0742\u072a\u0718\u073f\u0722\u0735\u0710</span></a>, <a href=\"dosearch.php?searchkey=1895&amp;language=id\"><span class=\"eastsyriac\">\u0713\u0712\u0742\u0735\u072a\u072c\u0735\u0710</span></a>, <a href=\"dosearch.php?searchkey=7038&amp;language=id\"><span class=\"eastsyriac\">\u0721\u0732\u0713\u0712\u0742\u0735\u072a\u072c\u0735\u0710</span></a>, <a href=\"dosearch.php?searchkey=18842&amp;language=id\"><span class=\"eastsyriac\">\u0721\u0732\u0713\u0712\u0738\u072a</span></a></span>", "<span class=\"wordlink\"><a href=\"dosearch.php?searchkey=13151&amp;language=id\"><span class=\"eastsyriac\">\u0729\u0732\u072a\u071d\u073c\u0712\u0742\u0735\u0710</span></a>, <a href=\"dosearch.php?searchkey=1109&amp;language=id\"><span class=\"eastsyriac\">\u0712\u0718\u073c\u072a\u0735\u071f\u0735\u0742\u0710</span></a>, <a href=\"dosearch.php?searchkey=1546&amp;language=id\"><span class=\"eastsyriac\">\u0712\u0725\u071d\u073c\u0720\u0718\u073c\u072c\u0735\u0710</span></a>, <a href=\"dosearch.php?searchkey=3747&amp;language=id\"><span class=\"eastsyriac\">\u0719\u0718\u073c\u0718\u0735\u0713\u0742\u0735\u0710</span></a>, <a href=\"dosearch.php?searchkey=1554&amp;language=id\"><span class=\"eastsyriac\">\u0712\u0725\u0735\u0720\u0735\u0710</span></a>, <a href=\"dosearch.php?searchkey=33737&amp;language=id\"><span class=\"eastsyriac\">\u0710\u071a\u0735\u0715\u0735\u0710</span></a>, <a href=\"dosearch.php?searchkey=33735&amp;language=id\"><span class=\"eastsyriac\">\u0712\u0735\u0725\u0739\u0720</span></a>, <a href=\"dosearch.php?searchkey=33736&amp;language=id\"><span class=\"eastsyriac\">\u0710\u0735\u071a\u0739\u0715</span></a></span>"], "key": "1888", "west": "\u0713\u0712\u0742\u0733\u072a\u0733\u0710", "phonetic": "<td>' gwa: ra:</td>", "east": "\u0713\u0712\u0742\u0735\u072a\u0735\u0710"},
{"searchkey": "1253", "audio": [], "context": [], "webrank": 6, "text": [" : a mortgage , a deed conveying a property to a creditor as a security for the payment of a debt , a mortgage bond , a pledge / interest money"], "english": "<td>a mortgage , a deed conveying a property to a creditor as a security for the payment of a debt , a mortgage bond , a pledge / interest money ;\r\n<span class=\"locution\"><span class=\"eastsyriac\">\u072b\u0735\u0729\u0738\u0720 \u0712\u0732\u071d\u0725</span></span> / <span class=\"locution\"><span class=\"eastsyriac\">\u071d\u0735\u072c\u0738\u0712\u0742 \u0725\u0732\u0720 \u0712\u0732\u071d\u0725</span></span> : to hold in pledge ;</td>", "cf": ["<span class=\"wordlink\"><a href=\"dosearch.php?searchkey=18142&amp;language=id\"><span class=\"eastsyriac\">\u0712\u0732\u071d\u0725</span></a>, <a href=\"dosearch.php?searchkey=18143&amp;language=id\"><span class=\"eastsyriac\">\u0712\u0732\u071d</span></a>, <a href=\"dosearch.php?searchkey=18143&amp;language=id\"><span class=\"eastsyriac\">\u0712\u0732\u071d\u072b\u0732\u072a\u072c</span></a></span>", "<span class=\"wordlink\"><a href=\"dosearch.php?searchkey=18143&amp;language=id\"><span class=\"eastsyriac\">\u0712\u0732\u071d</span></a></span>", "<span class=\"wordlink\"><a href=\"dosearch.php?searchkey=18142&amp;language=id\"><span class=\"eastsyriac\">\u0712\u0732\u071d\u0725</span></a></span>", "<span class=\"wordlink\"><a href=\"dosearch.php?searchkey=18144&amp;language=id\"><span class=\"eastsyriac\">\u0712\u0732\u071d\u072b\u0732\u072a\u072c</span></a></span>", "<span class=\"wordlink\"><a href=\"dosearch.php?searchkey=16180&amp;language=id\"><span class=\"eastsyriac\">\u0721\u0738\u072b\u071f\u0735\u0722\u0735\u0710</span></a>, <a href=\"dosearch.php?searchkey=16179&amp;language=id\"><span class=\"eastsyriac\">\u0717\u0721\u0732\u072a\u072c\u0735\u0710</span></a>, <a href=\"dosearch.php?searchkey=16181&amp;language=id\"><span class=\"eastsyriac\">\u0725\u0718\u073c\u072a\u0712\u0735\u0722\u0735\u0710</span></a>, <a href=\"dosearch.php?searchkey=16182&amp;language=id\"><span class=\"eastsyriac\">\u072a\u0732\u0717\u0712\u0718\u073f\u0722\u0735\u0710</span></a>, <a href=\"dosearch.php?searchkey=16183&amp;language=id\"><span class=\"eastsyriac\">\u072a\u0717\u0735\u0722\u0735\u0710</span></a>, <a href=\"dosearch.php?searchkey=16184&amp;language=id\"><span class=\"eastsyriac\">\u0721\u0732\u072a\u0717\u0738\u0722</span></a>, <a href=\"dosearch.php?searchkey=19735&amp;language=id\"><span class=\"eastsyriac\">\u0713\u0735\u072a\u0718\u0735\u0722\u0735\u0710</span></a></span>"], "key": "1253", "west": "\u0712\u0733\u071d\u0725", "phonetic": "<td>' ba yi</td>", "east": "\u0712\u0735\u071d\u0725"},
{"searchkey": "599", "audio": [], "context": [], "webrank": 4, "text": [" : captivity , state of being a prisoner , bondage ;"], "english": "<td>captivity , state of being a prisoner , bondage ;</td>", "cf": ["<span class=\"wordlink\"><a href=\"dosearch.php?searchkey=564&amp;language=id\"><span class=\"eastsyriac\">\u0710\u0723\u0718\u073c\u072a\u071d\u0735\u0710</span></a></span>", "<span class=\"wordlink\"><a href=\"dosearch.php?searchkey=14039&amp;language=id\"><span class=\"eastsyriac\">\u072b\u0738\u0712\u0742\u071d\u0735\u0710</span></a>, <a href=\"dosearch.php?searchkey=5451&amp;language=id\"><span class=\"eastsyriac\">\u071d\u0732\u071a\u0723\u071d\u072a\u0718\u073c\u072c\u0735\u0710</span></a>, <a href=\"dosearch.php?searchkey=2299&amp;language=id\"><span class=\"eastsyriac\">\u0713\u0735\u0720\u0718\u073c\u072c\u0735\u0710</span></a>, <a href=\"dosearch.php?searchkey=3625&amp;language=id\"><span class=\"eastsyriac\">\u0718\u0732\u0723\u0729\u0718\u073c\u072c\u0735\u0710</span></a>, <a href=\"dosearch.php?searchkey=7086&amp;language=id\"><span class=\"eastsyriac\">\u0721\u0713\u0732\u0720\u071d\u0718\u073c\u072c\u0735\u0710</span></a>, <a href=\"dosearch.php?searchkey=14053&amp;language=id\"><span class=\"eastsyriac\">\u072b\u0712\u0742\u071d\u073c\u072c\u0735\u071d\u0718\u073c\u072c\u0735\u0710</span></a>, <a href=\"dosearch.php?searchkey=14054&amp;language=id\"><span class=\"eastsyriac\">\u072b\u0712\u0742\u071d\u073c\u072c\u0735\u0710</span></a>, <a href=\"dosearch.php?searchkey=599&amp;language=id\"><span class=\"eastsyriac\">\u0710\u0732\u0723\u071d\u073c\u072a\u0718\u073c\u072c\u0735\u0710</span></a></span>"], "key": "599", "west": "\u0710\u0730\u0723\u073a\u071d\u072a\u073d\u0718\u072c\u0733\u0710", "phonetic": "<td>a si ' ru: ta</td>", "east": "\u0710\u0732\u0723\u071d\u073c\u072a\u0718\u073c\u072c\u0735\u0710"},
{"searchkey": "1460", "audio": [], "context": ["Rh\u00e9tor\u00e9 ; a suffix of Persian origin", "Oraham"], "webrank": 7, "text": [" : ", " : who binds / ties , ", " : a bond , a binding , a tie , an impaction , a dependance , a reliance , a connection ;"], "english": "<td><span class=\"context\">Rh\u00e9tor\u00e9 ; a suffix of Persian origin</span> : who binds / ties , <span class=\"context\">Oraham</span> : a bond , a binding , a tie , an impaction , a dependance , a reliance , a connection ;</td>", "cf": ["<span class=\"wordlink\"><a href=\"dosearch.php?searchkey=26732&amp;language=id\"><span class=\"eastsyriac\">\u0722\u0732\u0725\u0720\u0712\u0732\u0722\u0715</span></a>, <a href=\"dosearch.php?searchkey=qalcAband&amp;language=fullsyriac\"><span class=\"eastsyriac\">\u0729\u0732\u0720\u0725\u0735\u0712\u0732\u0722\u0715</span></a></span>", "<span class=\"wordlink\"><a href=\"dosearch.php?searchkey=pkArA%27&amp;language=fullsyriac\"><span class=\"eastsyriac\">\u0726\u071f\u0735\u072a\u0735\u0710</span></a>, <a href=\"dosearch.php?searchkey=%27asurA%27&amp;language=fullsyriac\"><span class=\"eastsyriac\">\u0710\u0732\u0723\u0718\u073c\u072a\u0735\u0710</span></a>, <a href=\"dosearch.php?searchkey=zAwgA&amp;language=fullsyriac\"><span class=\"eastsyriac\">\u0719\u0735\u0718\u0713\u0735</span></a>, <a href=\"dosearch.php?searchkey=xenqA%27&amp;language=fullsyriac\"><span class=\"eastsyriac\">\u071a\u0738\u0722\u0729\u0735\u0710</span></a>, <a href=\"dosearch.php?searchkey=yesurA%27&amp;language=fullsyriac\"><span class=\"eastsyriac\">\u071d\u0738\u0723\u0718\u073c\u072a\u0735\u0710</span></a>, <a href=\"dosearch.php?searchkey=kebLlA%27&amp;language=fullsyriac\"><span class=\"eastsyriac\">\u071f\u0738\u0712\u0742\u0720\u0735\u0710</span></a>, <a href=\"dosearch.php?searchkey=ketrA%27&amp;language=fullsyriac\"><span class=\"eastsyriac\">\u071f\u0738\u072c\u072a\u0735\u0710</span></a></span>"], "key": "1460", "west": "\u0712\u0730\u0722\u0715", "phonetic": "<td>' band</td>", "east": "\u0712\u0732\u0722\u0715"},
{"searchkey": "2299", "audio": [], "context": [], "webrank": 9, "text": [" : captivity , state of being taken prisonner by force or by stratagem , state of being under control , subjection of the will , bondage ;"], "english": "<td>captivity , state of being taken prisonner by force or by stratagem , state of being under control , subjection of the will , bondage ;</td>", "cf": ["<span class=\"wordlink\"><a href=\"dosearch.php?searchkey=14039&amp;language=id\"><span class=\"eastsyriac\">\u072b\u0738\u0712\u0742\u071d\u0735\u0710</span></a>, <a href=\"dosearch.php?searchkey=5451&amp;language=id\"><span class=\"eastsyriac\">\u071d\u0732\u071a\u0723\u071d\u072a\u0718\u073c\u072c\u0735\u0710</span></a>, <a href=\"dosearch.php?searchkey=564&amp;language=id\"><span class=\"eastsyriac\">\u0710\u0723\u0718\u073c\u072a\u071d\u0735\u0710</span></a>, <a href=\"dosearch.php?searchkey=3625&amp;language=id\"><span class=\"eastsyriac\">\u0718\u0732\u0723\u0729\u0718\u073c\u072c\u0735\u0710</span></a>, <a href=\"dosearch.php?searchkey=7086&amp;language=id\"><span class=\"eastsyriac\">\u0721\u0713\u0732\u0720\u071d\u0718\u073c\u072c\u0735\u0710</span></a>, <a href=\"dosearch.php?searchkey=14053&amp;language=id\"><span class=\"eastsyriac\">\u072b\u0712\u0742\u071d\u073c\u072c\u0735\u071d\u0718\u073c\u072c\u0735\u0710</span></a>, <a href=\"dosearch.php?searchkey=14054&amp;language=id\"><span class=\"eastsyriac\">\u072b\u0712\u0742\u071d\u073c\u072c\u0735\u0710</span></a>, <a href=\"dosearch.php?searchkey=599&amp;language=id\"><span class=\"eastsyriac\">\u0710\u0732\u0723\u071d\u073c\u072a\u0718\u073c\u072c\u0735\u0710</span></a></span>"], "key": "2299", "west": "\u0713\u0733\u0720\u073d\u0718\u072c\u0742\u0733\u0710", "phonetic": "<td>ga ' lu: tha:</td>", "east": "\u0713\u0735\u0720\u0718\u073c\u072c\u0742\u0735\u0710"},
{"searchkey": "633", "audio": [], "context": ["figurative sense : dictatorship ... ?"], "webrank": 5, "text": [" : a ligament , a shackle / a bond / a link , ", " : the hands (?) / the control (?) / the thumb (?) / the subjection (?) ;"], "english": "<td>a ligament , a shackle / a bond / a link , <span class=\"context\">figurative sense : dictatorship ... ?</span> : the hands (?) / the control (?) / the thumb (?) / the subjection (?) ;</td>", "cf": ["<span class=\"wordlink\"><a href=\"dosearch.php?searchkey=%27sr&amp;language=fullsyriac\"><span class=\"eastsyriac\">\u0710\u0723\u072a</span></a>, <a href=\"dosearch.php?searchkey=634&amp;language=id\"><span class=\"eastsyriac\">\u0710\u0732\u0723\u0735\u072a\u0735\u0710</span></a>, <a href=\"dosearch.php?searchkey=563&amp;language=id\"><span class=\"eastsyriac\">\u0710\u0732\u0723\u0718\u073c\u072a\u0735\u0710</span></a></span>", "<span class=\"wordlink\"><a href=\"dosearch.php?searchkey=12369&amp;language=id\"><span class=\"eastsyriac\">\u0729\u0735\u0718\u0715\u0735\u0710</span></a>, <a href=\"dosearch.php?searchkey=suTmA%27&amp;language=fullsyriac\"><span class=\"eastsyriac\">\u0723\u0718\u073c\u071b\u0721\u0735\u0710</span></a>, <a href=\"dosearch.php?searchkey=pkLArA%27&amp;language=fullsyriac\"><span class=\"eastsyriac\">\u0726\u071f\u0742\u0735\u072a\u0735\u0710</span></a>, <a href=\"dosearch.php?searchkey=purkAlA%27&amp;language=fullsyriac\"><span class=\"eastsyriac\">\u0726\u0718\u073c\u072a\u071f\u0735\u0720\u0735\u0710</span></a>, <a href=\"dosearch.php?searchkey=1164&amp;language=id\"><span class=\"eastsyriac\">\u0712\u0739\u071a\u0735\u0718</span></a>, <a href=\"dosearch.php?searchkey=5674&amp;language=id\"><span class=\"eastsyriac\">\u071f\u0738\u0712\u0742\u0720\u0735\u0710</span></a>, <a href=\"dosearch.php?searchkey=5840&amp;language=id\"><span class=\"eastsyriac\">\u071f\u0718\u073c\u0722\u0715\u0735\u0710</span></a>, <a href=\"dosearch.php?searchkey=8700&amp;language=id\"><span class=\"eastsyriac\">\u0721\u0732\u072c\u0710</span></a>, <a href=\"dosearch.php?searchkey=21957&amp;language=id\"><span class=\"eastsyriac\">\u071a\u071d\u0735\u0728\u0735\u0710</span></a></span>"], "key": "633", "west": "\u0710\u0730\u0723\u072a\u0733\u0710", "phonetic": "<td>' as ra:</td>", "east": "\u0710\u0732\u0723\u072a\u0735\u0710"},
{"searchkey": "564", "audio": [], "context": [], "webrank": 3, "text": [" : bondage , the act of serving against one' s own will , captivity ;"], "english": "<td>bondage , the act of serving against one' s own will , captivity ;</td>", "cf": ["<span class=\"wordlink\"><a href=\"dosearch.php?searchkey=598&amp;language=id\"><span class=\"eastsyriac\">\u0710\u0732\u0723\u071d\u073c\u072a\u0735\u0710</span></a></span>", "<span class=\"wordlink\"><a href=\"dosearch.php?searchkey=29153&amp;language=id\"><span class=\"eastsyriac\">\u072a\u0739\u0713\u0718\u073c\u072c\u0735\u0710</span></a>, <a href=\"dosearch.php?searchkey=14039&amp;language=id\"><span class=\"eastsyriac\">\u072b\u0738\u0712\u0742\u071d\u0735\u0710</span></a>, <a href=\"dosearch.php?searchkey=5451&amp;language=id\"><span class=\"eastsyriac\">\u071d\u0732\u071a\u0723\u071d\u072a\u0718\u073c\u072c\u0735\u0710</span></a>, <a href=\"dosearch.php?searchkey=14053&amp;language=id\"><span class=\"eastsyriac\">\u072b\u0712\u0742\u071d\u073c\u072c\u0735\u071d\u0718\u073c\u072c\u0735\u0710</span></a>, <a href=\"dosearch.php?searchkey=14054&amp;language=id\"><span class=\"eastsyriac\">\u072b\u0712\u0742\u071d\u073c\u072c\u0735\u0710</span></a></span>"], "key": "564", "west": "\u0710\u0723\u073d\u0718\u072a\u071d\u0733\u0710", "phonetic": "<td>' su: ria:</td>", "east": "\u0710\u0723\u0718\u073f\u072a\u071d\u0735\u0710"},
{"searchkey": "563", "audio": [], "context": ["Classical Syriac", "horse ...", "on a wound ...", "of a priest, an official ...", "vernacular Sureth"], "webrank": 2, "text": [" : 1) ", " : a bond , a tie , a fastening / anything that fastens or confines , a manacle , shackles , handcuffs , ", " : a hobble , a chain , a prison , a bandage ", " , suspension ", " ;\r\n2) ", " : a contract"], "english": "<td>1) <span class=\"context\">Classical Syriac</span> : a bond , a tie , a fastening / anything that fastens or confines , a manacle , shackles , handcuffs , <span class=\"context\">horse ...</span> : a hobble , a chain , a prison , a bandage <span class=\"context\">on a wound ...</span> , suspension <span class=\"context\">of a priest, an official ...</span> ;\r\n2) <span class=\"context\">vernacular Sureth</span> : a contract ;\r\n<span class=\"locution\"><span class=\"eastsyriac\">\u0710\u0732\u0723\u0718\u073c\u072a\u0735\u0710 \u0715\u0720\u0735\u0710 \u0725\u0715\u0735\u0722\u0735\u0710</span></span> : a zero-hour contract , a zero hour contract ;\r\n3) <span class=\"context\">Bailis Shamun</span> : a relation / a relationship ;\r\n<span class=\"locution\"><span class=\"eastsyriac\">\u0720\u0712\u0732\u072a \u0721\u0738\u0722 \u071d\u073c\u0723\u0718\u073c\u072a\u0735\u0710 \u0715\u0713\u0712\u0742\u0735\u072a\u0735\u0710</span></span> : outside the bonds of marriage ;\r\n<span class=\"context\">masculine plural : <span class=\"locution\"><span class=\"eastsyriac\">\u071d\u0738\u0723\u0718\u073c\u072a\u0738\u0710 \u0713\u0738\u0722\u0723\u0735\u071d\u0739\u0710</span></span></span> : sexual relations , <span class=\"context\">see also <a href=\"dosearch.php?searchkey=naqiputA%27&amp;language=fullsyriac\"><span class=\"eastsyriac\">\u0722\u0732\u0729\u071d\u073c\u0726\u0718\u073c\u072c\u0735\u0710</span></a> / <a href=\"dosearch.php?searchkey=xkumyA%27&amp;language=fullsyriac\"><span class=\"eastsyriac\">\u071a\u071f\u0718\u073c\u0721\u071d\u0735\u0710</span></a></span> ;\r\n<span class=\"locution\"><span class=\"eastsyriac\">\u0715\u071d\u0738\u0723\u0718\u073c\u072a\u0308\u0739\u0710 \u0715\u072b\u0712\u0742\u0735\u0712\u0742\u0718\u073c\u072c\u0735\u0710</span></span> : neighbourly / neighborly / relating to neighbours ;</td>", "cf": ["<span class=\"wordlink\"><a href=\"dosearch.php?searchkey=16640&amp;language=id\"><span class=\"eastsyriac\">\u0710\u071d\u073c\u0723\u0735\u072a\u0735\u0710</span></a>, <a href=\"dosearch.php?searchkey=634&amp;language=id\"><span class=\"eastsyriac\">\u0710\u0732\u0723\u0735\u072a\u0735\u0710</span></a>, <a href=\"dosearch.php?searchkey=16642&amp;language=id\"><span class=\"eastsyriac\">\u0710\u0738\u0723\u0735\u072a\u0735\u0710</span></a>, <a href=\"dosearch.php?searchkey=5450&amp;language=id\"><span class=\"eastsyriac\">\u071d\u0732\u071a\u0723\u071d\u073c\u072a</span></a></span>", "<span class=\"wordlink\"><a href=\"dosearch.php?searchkey=16642&amp;language=id\"><span class=\"eastsyriac\">\u0710\u0738\u0723\u0735\u072a\u0735\u0710</span></a></span>", "<span class=\"wordlink\"><a href=\"dosearch.php?searchkey=5530&amp;language=id\"><span class=\"eastsyriac\">\u071d\u0738\u0723\u0718\u073c\u072a\u0735\u0710</span></a></span>", "<span class=\"wordlink\"><a href=\"dosearch.php?searchkey=16643&amp;language=id\"><span class=\"eastsyriac\">\u0723\u071d\u073c\u0718\u073c\u072a\u0735\u0710</span></a></span>", "<span class=\"wordlink\"><a href=\"dosearch.php?searchkey=pkArA%27&amp;language=fullsyriac\"><span class=\"eastsyriac\">\u0726\u071f\u0735\u072a\u0735\u0710</span></a>, <a href=\"dosearch.php?searchkey=band&amp;language=fullsyriac\"><span class=\"eastsyriac\">\u0712\u0732\u0722\u0715</span></a>, <a href=\"dosearch.php?searchkey=zAwgA&amp;language=fullsyriac\"><span class=\"eastsyriac\">\u0719\u0735\u0718\u0713\u0735</span></a>, <a href=\"dosearch.php?searchkey=xenqA%27&amp;language=fullsyriac\"><span class=\"eastsyriac\">\u071a\u0738\u0722\u0729\u0735\u0710</span></a>, <a href=\"dosearch.php?searchkey=yesurA%27&amp;language=fullsyriac\"><span class=\"eastsyriac\">\u071d\u0738\u0723\u0718\u073c\u072a\u0735\u0710</span></a>, <a href=\"dosearch.php?searchkey=11909&amp;language=id\"><span class=\"eastsyriac\">\u071f\u0738\u072c\u072a\u0735\u0710</span></a>, <a href=\"dosearch.php?searchkey=SumAdA%27&amp;language=fullsyriac\"><span class=\"eastsyriac\">\u0728\u0718\u073c\u0721\u0735\u0715\u0735\u0710</span></a>, <a href=\"dosearch.php?searchkey=12369&amp;language=id\"><span class=\"eastsyriac\">\u0729\u0732\u0718\u0715\u0710</span></a>, <a href=\"dosearch.php?searchkey=1164&amp;language=id\"><span class=\"eastsyriac\">\u0712\u0739\u071a\u0735\u0718</span></a>, <a href=\"dosearch.php?searchkey=5674&amp;language=id\"><span class=\"eastsyriac\">\u071f\u0738\u0712\u0742\u0720\u0735\u0710</span></a>, <a href=\"dosearch.php?searchkey=5840&amp;language=id\"><span class=\"eastsyriac\">\u071f\u0718\u073c\u0722\u0715\u0735\u0710</span></a>, <a href=\"dosearch.php?searchkey=8700&amp;language=id\"><span class=\"eastsyriac\">\u0721\u0732\u072c\u0710</span></a>, <a href=\"dosearch.php?searchkey=12692&amp;language=id\"><span class=\"eastsyriac\">\u0729\u0738\u071b\u072a\u0735\u0710</span></a></span>"], "key": "563", "west": "\u0710\u0730\u0723\u073d\u0718\u072a\u0733\u0710", "phonetic": "<td>a ' su: ra:</td>", "east": "\u0710\u0732\u0723\u0718\u073c\u072a\u0735\u0710"},
{"searchkey": "177", "audio": ["./audio/entry177.mp3"], "context": [], "webrank": 1, "text": [" : brotherhood, the state of being  (a) brother(s) , a body of men associated together by a common bond of interest, as of the same profession ;"], "english": "<td>brotherhood, the state of being  (a) brother(s) , a body of men associated together by a common bond of interest, as of the same profession ;</td>", "cf": ["<span class=\"wordlink\"><a href=\"dosearch.php?searchkey=178&amp;language=id\"><span class=\"eastsyriac\">\u0710\u0732\u071a\u0718\u073f\u0722\u0735\u071d\u0735\u0710</span></a>, <a href=\"dosearch.php?searchkey=16045&amp;language=id\"><span class=\"eastsyriac\">\u0710\u0732\u071a\u0718\u073c\u0722\u0735\u071d\u0735\u0710</span></a>, <a href=\"dosearch.php?searchkey=176&amp;language=id\"><span class=\"eastsyriac\">\u0710\u0735\u071a\u0718\u073f\u0722\u0735\u0710</span></a>, <a href=\"dosearch.php?searchkey=11971&amp;language=id\"><span class=\"eastsyriac\">\u0710\u0732\u071a\u0735\u0710</span></a>, <a href=\"dosearch.php?searchkey=16043&amp;language=id\"><span class=\"eastsyriac\">\u0710\u0732\u071a\u0718\u073f\u0722\u0735\u0710</span></a>, <a href=\"dosearch.php?searchkey=16044&amp;language=id\"><span class=\"eastsyriac\">\u0710\u0732\u071a\u0718\u073c\u0722\u0718\u073c\u072c\u0735\u0710</span></a>, <a href=\"dosearch.php?searchkey=179&amp;language=id\"><span class=\"eastsyriac\">\u0710\u0732\u071a\u0718\u073c\u072c\u0735\u0710</span></a>, <a href=\"dosearch.php?searchkey=30836&amp;language=id\"><span class=\"eastsyriac\">\u0710\u0732\u071a\u0718\u073c\u072c\u0735\u0722\u0718\u073c\u072c\u0735\u0710</span></a></span>"], "key": "177", "west": "\u0710\u0730\u071a\u073d\u0718\u0722\u073d\u0718\u072c\u0742\u0733\u0710", "phonetic": "<td>a \u1e25u ' nu: tha:</td>", "east": "\u0710\u0732\u071a\u0718\u073f\u0722\u0718\u073c\u072c\u0742\u0735\u0710"},
{"searchkey": "5673", "audio": [], "context": [], "webrank": 90, "text": [" : slavery , subjugation , the act of subjugating , bringing under the yoke or power , bondage , imposing slavery upon ;"], "english": "<td>slavery , subjugation , the act of subjugating , bringing under the yoke or power , bondage , imposing slavery upon ;</td>", "cf": ["<span class=\"wordlink\"><a href=\"dosearch.php?searchkey=8694&amp;language=id\"><span class=\"eastsyriac\">\u0721\u0738\u072b\u072c\u0732\u0725\u0712\u0742\u0715\u0735\u0722\u0718\u073c\u072c\u0735\u0710</span></a>, <a href=\"dosearch.php?searchkey=3625&amp;language=id\"><span class=\"eastsyriac\">\u0718\u0732\u0723\u0729\u0718\u073c\u072c\u0735\u0710</span></a>, <a href=\"dosearch.php?searchkey=19121&amp;language=id\"><span class=\"eastsyriac\">\u072b\u0718\u073c\u0725\u0712\u0735\u0715\u0735\u0710</span></a>, <a href=\"dosearch.php?searchkey=33287&amp;language=id\"><span class=\"eastsyriac\">\u0729\u0718\u073c\u0720\u0718\u073c\u072c\u0735\u0710</span></a>, <a href=\"dosearch.php?searchkey=33286&amp;language=id\"><span class=\"eastsyriac\">\u0725\u0732\u0712\u0742\u0715\u0718\u073c\u072c\u0735\u0710</span></a>, <a href=\"dosearch.php?searchkey=19194&amp;language=id\"><span class=\"eastsyriac\">\u0726\u0735\u0720\u071a\u0718\u073c\u072c\u0735\u0710</span></a></span>"], "key": "5673", "west": "\u071f\u0712\u0742\u073a\u071d\u072b\u073d\u0718\u072c\u0733\u0710", "phonetic": "<td>kwi: ' \u0161u: ta:</td>", "east": "\u071f\u0712\u0742\u071d\u073c\u072b\u0718\u073c\u072c\u0735\u0710"},
{"searchkey": "4119", "audio": [], "context": ["Rh\u00e9tor\u00e9"], "webrank": 40, "text": [" : 1) a traveller , a walker , a foot-traveller , a hiker ;\r\n2) "], "english": "<td>1) a traveller , a walker , a foot-traveller , a hiker ;\r\n2) <span class=\"context\">Rh\u00e9tor\u00e9 ; <span class=\"locution\"><span class=\"eastsyriac\">\u0710\u0747\u0722\u0735\u072b\u0735\u0710 \u071a\u0735\u0715\u0742\u0718\u073f\u072a\u0735\u0710</span></span></span> : a passer-by , someone passing by ;\r\n<span class=\"context\">Rh\u00e9tor\u00e9 ; <span class=\"locution\"><span class=\"eastsyriac\"> \u0712\u071a\u0732\u072a\u072c\u0735\u0710 \u0717\u0732\u0721 \u0710\u0735\u0717\u0718\u073c \u0715\u0721\u071d\u073c\u071f\u0742 \u0720\u0739\u0717 \u072c\u0735\u0721\u0735\u0710 \u0717\u0738\u0720 \u0715\u0721\u0732\u072a\u0710\u0738\u072b\u071d\u073c \u0720\u0739\u0717 \u0710\u0747\u0722\u0735\u072b\u0308\u0739\u0710 \u071a\u0735\u0715\u0742\u0718\u073f\u072a\u0308\u0739\u0710</span></span></span> : finally he too fell asleep there, until passers-by woke him up ;\r\n3) a beggar , a wanderer , a vagrant , a mendicant , a hobo , a homeless man , a vagabond , a hobo ;</td>", "cf": ["<span class=\"wordlink\"><a href=\"dosearch.php?searchkey=17400&amp;language=id\"><span class=\"eastsyriac\">\u071a\u0715\u072a</span></a>, <a href=\"dosearch.php?searchkey=7529&amp;language=id\"><span class=\"eastsyriac\">\u0721\u071a\u0732\u0715\u072a\u0735\u0722\u0718\u073c\u072c\u0735\u0710</span></a>, <a href=\"dosearch.php?searchkey=16432&amp;language=id\"><span class=\"eastsyriac\">\u071a\u0735\u0718\u0738\u0715\u0308\u072a\u0735\u0722\u0739\u0710</span></a>, <a href=\"dosearch.php?searchkey=19244&amp;language=id\"><span class=\"eastsyriac\">\u0721\u0732\u071a\u0715\u0738\u072a</span></a>, <a href=\"dosearch.php?searchkey=21604&amp;language=id\"><span class=\"eastsyriac\">\u071a\u0735\u0715\u0738\u072a</span></a>, <a href=\"dosearch.php?searchkey=4143&amp;language=id\"><span class=\"eastsyriac\">\u071a\u0715\u0735\u072a\u0735\u0710</span></a>, <a href=\"dosearch.php?searchkey=21605&amp;language=id\"><span class=\"eastsyriac\">\u071a\u0735\u0715\u0738\u072a\u0308\u0718\u0735\u0722\u0739\u0710</span></a>, <a href=\"dosearch.php?searchkey=7526&amp;language=id\"><span class=\"eastsyriac\">\u0721\u0732\u071a\u0715\u0718\u073c\u072a\u0739\u0710</span></a>, <a href=\"dosearch.php?searchkey=4182&amp;language=id\"><span class=\"eastsyriac\">\u071a\u0718\u073c\u0715\u072a\u0735\u0722\u0735\u0710\u071d\u073c\u072c</span></a>, <a href=\"dosearch.php?searchkey=4183&amp;language=id\"><span class=\"eastsyriac\">\u071a\u0718\u073c\u0715\u072a\u0735\u0722\u0735\u071d\u0735\u0710</span></a></span>", "<span class=\"wordlink\"><a href=\"dosearch.php?searchkey=1866&amp;language=id\"><span class=\"eastsyriac\">\u0713\u0739\u0712\u0742\u0735\u071d\u0735\u0710</span></a>, <a href=\"dosearch.php?searchkey=2038&amp;language=id\"><span class=\"eastsyriac\">\u0713\u0739\u0718\u0735\u071d\u0735\u0710</span></a>, <a href=\"dosearch.php?searchkey=5123&amp;language=id\"><span class=\"eastsyriac\">\u071b\u0735\u0720\u0718\u073c\u0712\u0735\u0710</span></a>, <a href=\"dosearch.php?searchkey=4295&amp;language=id\"><span class=\"eastsyriac\">\u071a\u0735\u0719\u0718\u073c\u0729\u0735\u0710</span></a>, <a href=\"dosearch.php?searchkey=10059&amp;language=id\"><span class=\"eastsyriac\">\u0725\u0735\u0712\u0742\u0718\u073f\u072a\u072c\u0735\u0710</span></a>, <a href=\"dosearch.php?searchkey=9856&amp;language=id\"><span class=\"eastsyriac\">\u0723\u0735\u0726\u0735\u072a\u071f\u0330\u071d\u073c</span></a>, <a href=\"dosearch.php?searchkey=16437&amp;language=id\"><span class=\"eastsyriac\">\u0710\u0718\u073c\u072a\u071a\u0735\u071d\u0735\u0710</span></a>, <a href=\"dosearch.php?searchkey=13419&amp;language=id\"><span class=\"eastsyriac\">\u072a\u0735\u0715\u0718\u073f\u071d\u0735\u0710</span></a>, <a href=\"dosearch.php?searchkey=16436&amp;language=id\"><span class=\"eastsyriac\">\u0710\u0735\u0719\u0718\u073c\u0720\u0735\u0710</span></a>, <a href=\"dosearch.php?searchkey=746&amp;language=id\"><span class=\"eastsyriac\">\u0710\u0735\u072a\u071a\u0735\u0710</span></a>, <a href=\"dosearch.php?searchkey=33788&amp;language=id\"><span class=\"eastsyriac\">\u0721\u0732\u072b\u0729\u0720\u0735\u0722\u0735\u0710</span></a>, <a href=\"dosearch.php?searchkey=27619&amp;language=id\"><span class=\"eastsyriac\">\u0725\u0735\u0712\u0742\u0718\u073f\u072a\u0735\u0710</span></a>, <a href=\"dosearch.php?searchkey=4295&amp;language=id\"><span class=\"eastsyriac\">\u071a\u0735\u0719\u0718\u073c\u0729\u0735\u0710</span></a>, <a href=\"dosearch.php?searchkey=34620&amp;language=id\"><span class=\"eastsyriac\">\u0726\u0735\u072c\u0735\u0720\u0735\u0710</span></a></span>"], "key": "4119", "west": "\u071a\u0733\u0715\u073d\u0718\u072a\u0733\u0710", "phonetic": "<td>\u1e25a: ' du: ra:</td>", "east": "\u071a\u0735\u0715\u0718\u073c\u072a\u0735\u0710"},
{"searchkey": "5674", "audio": [], "context": [], "webrank": 100, "text": [" : fetters , a bond , a chain for the feet , shackles ;"], "english": "<td>fetters , a bond , a chain for the feet , shackles ;</td>", "cf": ["<span class=\"wordlink\"><a href=\"dosearch.php?searchkey=215&amp;language=id\"><span class=\"eastsyriac\">\u071f\u0712\u0720</span></a>, <a href=\"dosearch.php?searchkey=17646&amp;language=id\"><span class=\"eastsyriac\">\u071f\u0738\u0712\u0742\u0720\u0735\u0710</span></a></span>", "<span class=\"wordlink\"><a href=\"dosearch.php?searchkey=10984&amp;language=id\"><span class=\"eastsyriac\">\u0726\u071f\u0735\u072a\u0735\u0710</span></a>, <a href=\"dosearch.php?searchkey=563&amp;language=id\"><span class=\"eastsyriac\">\u0710\u0732\u0723\u0718\u073c\u072a\u0735\u0710</span></a>, <a href=\"dosearch.php?searchkey=1460&amp;language=id\"><span class=\"eastsyriac\">\u0712\u0732\u0722\u0715</span></a>, <a href=\"dosearch.php?searchkey=3736&amp;language=id\"><span class=\"eastsyriac\">\u0719\u0735\u0718\u0713\u0735</span></a>, <a href=\"dosearch.php?searchkey=4654&amp;language=id\"><span class=\"eastsyriac\">\u071a\u0738\u0722\u0729\u0735\u0710</span></a>, <a href=\"dosearch.php?searchkey=5530&amp;language=id\"><span class=\"eastsyriac\">\u071d\u0738\u0723\u0718\u073c\u072a\u0735\u0710</span></a>, <a href=\"dosearch.php?searchkey=1164&amp;language=id\"><span class=\"eastsyriac\">\u0712\u0739\u071a\u0735\u0718</span></a>, <a href=\"dosearch.php?searchkey=12151&amp;language=id\"><span class=\"eastsyriac\">\u072b\u0739\u0710\u072a\u0735\u0710</span></a>, <a href=\"dosearch.php?searchkey=4181&amp;language=id\"><span class=\"eastsyriac\">\u071a\u0718\u073c\u0715\u072a\u0718\u073c\u0722\u0735\u0710</span></a>, <a href=\"dosearch.php?searchkey=12449&amp;language=id\"><span class=\"eastsyriac\">\u0729\u0718\u073c\u0720\u0712\u0735\u0713\u0742</span></a>, <a href=\"dosearch.php?searchkey=12451&amp;language=id\"><span class=\"eastsyriac\">\u0729\u0720\u0735\u0722\u0735\u0710</span></a>, <a href=\"dosearch.php?searchkey=12450&amp;language=id\"><span class=\"eastsyriac\">\u0729\u0718\u073c\u0720\u0712\u0735\u0710</span></a>, <a href=\"dosearch.php?searchkey=14075&amp;language=id\"><span class=\"eastsyriac\">\u072b\u0738\u0712\u0738\u072a\u072c\u0735\u0710</span></a>, <a href=\"dosearch.php?searchkey=8700&amp;language=id\"><span class=\"eastsyriac\">\u0721\u0732\u072c\u0710</span></a>, <a href=\"dosearch.php?searchkey=14665&amp;language=id\"><span class=\"eastsyriac\">\u072b\u071d\u073c\u072b\u0720\u0735\u0710</span></a>, <a href=\"dosearch.php?searchkey=14666&amp;language=id\"><span class=\"eastsyriac\">\u072b\u071d\u073c\u072b\u0739\u0720\u072c\u0735\u0710</span></a>, <a href=\"dosearch.php?searchkey=1399&amp;language=id\"><span class=\"eastsyriac\">\u0712\u0720\u0718\u073c\u072a\u0735\u0710</span></a>, <a href=\"dosearch.php?searchkey=6540&amp;language=id\"><span class=\"eastsyriac\">\u071f\u0738\u072c\u072a\u0735\u0710</span></a>, <a href=\"dosearch.php?searchkey=23898&amp;language=id\"><span class=\"eastsyriac\">\u071f\u0735\u072c\u0738\u0726</span></a>, <a href=\"dosearch.php?searchkey=33447&amp;language=id\"><span class=\"eastsyriac\">\u0723\u0718\u073c\u071b\u0721\u0735\u0710</span></a>, <a href=\"dosearch.php?searchkey=33448&amp;language=id\"><span class=\"eastsyriac\">\u0726\u071f\u0742\u0735\u072a\u0735\u0710</span></a>, <a href=\"dosearch.php?searchkey=33449&amp;language=id\"><span class=\"eastsyriac\">\u0726\u0718\u073c\u072a\u071f\u0735\u0720\u0735\u0710</span></a>, <a href=\"dosearch.php?searchkey=1164&amp;language=id\"><span class=\"eastsyriac\">\u0712\u0739\u071a\u0735\u0718</span></a>, <a href=\"dosearch.php?searchkey=5840&amp;language=id\"><span class=\"eastsyriac\">\u071f\u0718\u073c\u0722\u0715\u0735\u0710</span></a>, <a href=\"dosearch.php?searchkey=8700&amp;language=id\"><span class=\"eastsyriac\">\u0721\u0732\u072c\u0710</span></a>, <a href=\"dosearch.php?searchkey=21957&amp;language=id\"><span class=\"eastsyriac\">\u071a\u071d\u0735\u0728\u0735\u0710</span></a>, <a href=\"dosearch.php?searchkey=633&amp;language=id\"><span class=\"eastsyriac\">\u0710\u0732\u0723\u072a\u0735\u0710</span></a>, <a href=\"dosearch.php?searchkey=12369&amp;language=id\"><span class=\"eastsyriac\">\u0729\u0735\u0718\u0715\u0735\u0710</span></a></span>"], "key": "5674", "west": "\u071f\u0736\u0712\u0742\u0720\u0733\u0710", "phonetic": "<td>' kiu: la:</td>", "east": "\u071f\u0738\u0712\u0742\u0720\u0735\u0710"},
{"searchkey": "5451", "audio": [], "context": [], "webrank": 80, "text": [" : captivity , the state of being a captive or a prisoner , bondage , subjection of the will ;"], "english": "<td>captivity , the state of being a captive or a prisoner , bondage , subjection of the will ;</td>", "cf": ["<span class=\"wordlink\"><a href=\"dosearch.php?searchkey=5450&amp;language=id\"><span class=\"eastsyriac\">\u071d\u0732\u071a\u0723\u071d\u073c\u072a</span></a></span>", "<span class=\"wordlink\"><a href=\"dosearch.php?searchkey=14039&amp;language=id\"><span class=\"eastsyriac\">\u072b\u0738\u0712\u0742\u071d\u0735\u0710</span></a>, <a href=\"dosearch.php?searchkey=598&amp;language=id\"><span class=\"eastsyriac\">\u0710\u0732\u0723\u071d\u073c\u072a\u0735\u0710</span></a>, <a href=\"dosearch.php?searchkey=1525&amp;language=id\"><span class=\"eastsyriac\">\u0712\u0735\u0723\u072c\u0735\u0710</span></a>, <a href=\"dosearch.php?searchkey=2308&amp;language=id\"><span class=\"eastsyriac\">\u0713\u0735\u0720\u071d\u0735\u0710</span></a>, <a href=\"dosearch.php?searchkey=3624&amp;language=id\"><span class=\"eastsyriac\">\u0718\u0732\u0723\u0729\u0735\u0710</span></a>, <a href=\"dosearch.php?searchkey=564&amp;language=id\"><span class=\"eastsyriac\">\u0710\u0723\u0718\u073c\u072a\u071d\u0735\u0710</span></a>, <a href=\"dosearch.php?searchkey=599&amp;language=id\"><span class=\"eastsyriac\">\u0710\u0732\u0723\u071d\u073c\u072a\u0718\u073c\u072c\u0735\u0710</span></a>, <a href=\"dosearch.php?searchkey=2299&amp;language=id\"><span class=\"eastsyriac\">\u0713\u0735\u0720\u0718\u073c\u072c\u0735\u0710</span></a>, <a href=\"dosearch.php?searchkey=3625&amp;language=id\"><span class=\"eastsyriac\">\u0718\u0732\u0723\u0729\u0718\u073c\u072c\u0735\u0710</span></a>, <a href=\"dosearch.php?searchkey=7086&amp;language=id\"><span class=\"eastsyriac\">\u0721\u0713\u0732\u0720\u071d\u0718\u073c\u072c\u0735\u0710</span></a>, <a href=\"dosearch.php?searchkey=14053&amp;language=id\"><span class=\"eastsyriac\">\u072b\u0712\u0742\u071d\u073c\u072c\u0735\u071d\u0718\u073c\u072c\u0735\u0710</span></a>, <a href=\"dosearch.php?searchkey=14054&amp;language=id\"><span class=\"eastsyriac\">\u072b\u0712\u0742\u071d\u073c\u072c\u0735\u0710</span></a></span>"], "key": "5451", "west": "\u071d\u0730\u071a\u0723\u071d\u072a\u073d\u0718\u072c\u0733\u0710", "phonetic": "<td>ia\u1e25 si ' ru: ta</td>", "east": "\u071d\u0732\u071a\u0723\u071d\u072a\u0718\u073c\u072c\u0735\u0710"},
{"searchkey": "21604", "audio": [], "context": ["often with direct object", "see \u0717\u0735\u0726\u0739\u071f\u0742", "with"], "webrank": 50, "text": [" : 1) ", " : to go round , to go through , ", " : to come back (?) / to return (?) , "], "english": "<td>1) <span class=\"context\">often with direct object</span> : to go round , to go through , <span class=\"context\">see <a href=\"dosearch.php?searchkey=hApEkL&amp;language=fullsyriac\"><span class=\"eastsyriac\">\u0717\u0735\u0726\u0739\u071f\u0742</span></a></span> : to come back (?) / to return (?) , <span class=\"context\">with <span class=\"locution\"><span class=\"eastsyriac\">\u0720</span></span></span> : to turn into / to become / to change into ;\r\n<span class=\"locution\"><span class=\"eastsyriac\">\u0721\u0308\u071d\u073c\u0735\u0710 \u071a\u0735\u0715\u072a\u071d\u073c \u0720\u0720\u0732\u0726\u0308\u0739\u0710</span></span> : the water turns into waves ;\r\n2) to make a circuit ;\r\n3) to walk , to go for a walk / hike , to go , to wander ;\r\n4) to travel , to go on a trip / a journey ;\r\n5) to be a tramp / vagabond / hobo , to beg ;\r\n6) <span class=\"context\">NENA</span> : to turn , <span class=\"context\">metaphor</span> : to change one's mind / to turn one's coat (?) / to flip (?) / to turn around (?) ;\r\n<span class=\"context\">Azerbaijan</span> : <span class=\"locution\"><span class=\"eastsyriac\">\u071a\u0735\u0715\u0738\u072a \u0713\u0732\u0720</span></span> (?) / <span class=\"locution\"><span class=\"eastsyriac\">\u071a\u0735\u0715\u0738\u072a \u0725\u0732\u0720</span></span> : to be reconciled with , to kiss and make up / to bury the hatchet with ;\r\n7) <span class=\"context\">1 Kings : 6, 36 : door</span> : to fold ;\r\n8) <span class=\"context\">Al Qosh</span> : = <a href=\"dosearch.php?searchkey=hAzer&amp;language=fullsyriac\"><span class=\"eastsyriac\">\u0717\u0735\u0719\u0738\u072a</span></a> : set , ready , prepared ;\r\n9) <span class=\"context\">Al Qosh : adverb</span> : around ;</td>", "cf": ["<span class=\"wordlink\"><a href=\"dosearch.php?searchkey=17400&amp;language=id\"><span class=\"eastsyriac\">\u071a\u0715\u072a</span></a>, <a href=\"dosearch.php?searchkey=7529&amp;language=id\"><span class=\"eastsyriac\">\u0721\u071a\u0732\u0715\u072a\u0735\u0722\u0718\u073c\u072c\u0735\u0710</span></a>, <a href=\"dosearch.php?searchkey=16432&amp;language=id\"><span class=\"eastsyriac\">\u071a\u0735\u0718\u0738\u0715\u0308\u072a\u0735\u0722\u0739\u0710</span></a>, <a href=\"dosearch.php?searchkey=4119&amp;language=id\"><span class=\"eastsyriac\">\u071a\u0735\u0715\u0718\u073c\u072a\u0735\u0710</span></a>, <a href=\"dosearch.php?searchkey=19244&amp;language=id\"><span class=\"eastsyriac\">\u0721\u0732\u071a\u0715\u0738\u072a</span></a>, <a href=\"dosearch.php?searchkey=4143&amp;language=id\"><span class=\"eastsyriac\">\u071a\u0715\u0735\u072a\u0735\u0710</span></a>, <a href=\"dosearch.php?searchkey=21605&amp;language=id\"><span class=\"eastsyriac\">\u071a\u0735\u0715\u0738\u072a\u0308\u0718\u0735\u0722\u0739\u0710</span></a></span>", "<span class=\"wordlink\"><a href=\"dosearch.php?searchkey=16427&amp;language=id\"><span class=\"eastsyriac\">\u0710\u0735\u072a\u0739\u071a</span></a>, <a href=\"dosearch.php?searchkey=16428&amp;language=id\"><span class=\"eastsyriac\">\u071a\u0735\u0719\u0739\u0729</span></a>, <a href=\"dosearch.php?searchkey=16430&amp;language=id\"><span class=\"eastsyriac\">\u0712\u0735\u071a\u0739\u072b</span></a>, <a href=\"dosearch.php?searchkey=16431&amp;language=id\"><span class=\"eastsyriac\">\u0713\u0735\u071d\u0739\u0720</span></a>, <a href=\"dosearch.php?searchkey=16433&amp;language=id\"><span class=\"eastsyriac\">\u071f\u0735\u072a\u0739\u071f\u0742</span></a>, <a href=\"dosearch.php?searchkey=16434&amp;language=id\"><span class=\"eastsyriac\">\u072a\u0732\u071a\u072a\u0738\u071a</span></a>, <a href=\"dosearch.php?searchkey=16435&amp;language=id\"><span class=\"eastsyriac\">\u0721\u0735\u071a\u0739\u0710 \u0710\u0732\u0729\u0720\u0735\u0710</span></a>, <a href=\"dosearch.php?searchkey=16429&amp;language=id\"><span class=\"eastsyriac\">\u0710\u0735\u0719\u0739\u0720 \u0712\u0710\u0718\u073c\u072a\u071a\u0735\u0710</span></a>, <a href=\"dosearch.php?searchkey=16426&amp;language=id\"><span class=\"eastsyriac\">\u0710\u0735\u0719\u0739\u0720</span></a></span>"], "key": "21604", "west": "\u071a\u0733\u0715\u0736\u072a", "phonetic": "<td>' \u1e25a: dir</td>", "east": "\u071a\u0735\u0715\u0738\u072a"},
{"searchkey": "5450", "audio": [], "context": [], "webrank": 70, "text": [" : a captive , a prisoner (of war) , one kept in bondage / a bondsman / bondman , a slave"], "english": "<td>a captive , a prisoner (of war) , one kept in bondage / a bondsman / bondman , a slave ;\r\n<span class=\"locution\"><span class=\"eastsyriac\">\u0720\u0735\u0712\u0738\u0720 \u0710\u0722\u0735\u072b\u0308\u0739\u0710 \u071d\u0732\u071a\u0723\u071d\u073c\u072a</span></span> : to carry in captivity , to take (men) captive ;\r\n<span class=\"locution\"><span class=\"eastsyriac\">\u0720\u0732\u0712\u0720\u0735\u0722\u0735\u0710 \u0712\u071d\u0732\u071a\u0723\u071d\u073c\u072a</span></span> : a spoiler , one who takes captives , a slave-trafficker / a slave trader ;</td>", "cf": ["<span class=\"wordlink\"><a href=\"dosearch.php?searchkey=25152&amp;language=id\"><span class=\"eastsyriac\">\u0721\u071d\u0735\u0723\u0738\u072a</span></a></span>", "<span class=\"wordlink\"><a href=\"dosearch.php?searchkey=22945&amp;language=id\"><span class=\"eastsyriac\">\u071d\u0732\u0723\u071d\u073c\u072a</span></a></span>", "<span class=\"wordlink\"><a href=\"dosearch.php?searchkey=22946&amp;language=id\"><span class=\"eastsyriac\">\u071d\u0732\u0723\u071d\u073c\u072a\u0735\u0710</span></a></span>", "<span class=\"wordlink\"><a href=\"dosearch.php?searchkey=12443&amp;language=id\"><span class=\"eastsyriac\">\u0729\u0718\u073c\u0720\u0720\u0735\u0710</span></a>, <a href=\"dosearch.php?searchkey=12442&amp;language=id\"><span class=\"eastsyriac\">\u0729\u0718\u0718\u073c\u0720\u0735\u0710</span></a>, <a href=\"dosearch.php?searchkey=3624&amp;language=id\"><span class=\"eastsyriac\">\u0718\u0732\u0723\u0729\u0735\u0710</span></a>, <a href=\"dosearch.php?searchkey=4688&amp;language=id\"><span class=\"eastsyriac\">\u071a\u0732\u0723\u0726\u0718\u073c\u072b</span></a>, <a href=\"dosearch.php?searchkey=10039&amp;language=id\"><span class=\"eastsyriac\">\u0725\u0732\u0712\u0742\u0715\u0735\u0710</span></a>, <a href=\"dosearch.php?searchkey=14039&amp;language=id\"><span class=\"eastsyriac\">\u072b\u0738\u0712\u0742\u071d\u0735\u0710</span></a>, <a href=\"dosearch.php?searchkey=598&amp;language=id\"><span class=\"eastsyriac\">\u0710\u0732\u0723\u071d\u073c\u072a\u0735\u0710</span></a>, <a href=\"dosearch.php?searchkey=1525&amp;language=id\"><span class=\"eastsyriac\">\u0712\u0735\u0723\u072c\u0735\u0710</span></a>, <a href=\"dosearch.php?searchkey=2308&amp;language=id\"><span class=\"eastsyriac\">\u0713\u0735\u0720\u071d\u0735\u0710</span></a>, <a href=\"dosearch.php?searchkey=3624&amp;language=id\"><span class=\"eastsyriac\">\u0718\u0732\u0723\u0729\u0735\u0710</span></a>, <a href=\"dosearch.php?searchkey=19755&amp;language=id\"><span class=\"eastsyriac\">\u0726\u0718\u073c\u0720\u0735\u0710</span></a>, <a href=\"dosearch.php?searchkey=23959&amp;language=id\"><span class=\"eastsyriac\">\u0720\u0735\u0712\u0738\u0720</span></a></span>"], "key": "5450", "west": "\u071d\u0730\u071a\u0723\u073a\u071d\u072a", "phonetic": "<td>' ia\u1e25 sir</td>", "east": "\u071d\u0732\u071a\u0723\u071d\u073c\u072a"},
{"searchkey": "4654", "audio": [], "context": [], "webrank": 60, "text": [" : a bond , a band , the collar of a yoke , a halter (?) ;"], "english": "<td>a bond , a band , the collar of a yoke , a halter (?) ;</td>", "cf": ["<span class=\"wordlink\"><a href=\"dosearch.php?searchkey=4621&amp;language=id\"><span class=\"eastsyriac\">\u071a\u0735\u0722\u0718\u073c\u0729\u072c\u0735\u0710</span></a>, <a href=\"dosearch.php?searchkey=4639&amp;language=id\"><span class=\"eastsyriac\">\u071a\u0735\u0722\u071d\u073c\u0729\u0735\u0710</span></a>, <a href=\"dosearch.php?searchkey=7587&amp;language=id\"><span class=\"eastsyriac\">\u0721\u0732\u071a\u0722\u0718\u073c\u0729\u071d\u073c\u072c\u0735\u0710</span></a></span>", "<span class=\"wordlink\"><a href=\"dosearch.php?searchkey=10984&amp;language=id\"><span class=\"eastsyriac\">\u0726\u071f\u0735\u072a\u0735\u0710</span></a>, <a href=\"dosearch.php?searchkey=563&amp;language=id\"><span class=\"eastsyriac\">\u0710\u0732\u0723\u0718\u073c\u072a\u0735\u0710</span></a>, <a href=\"dosearch.php?searchkey=1460&amp;language=id\"><span class=\"eastsyriac\">\u0712\u0732\u0722\u0715</span></a>, <a href=\"dosearch.php?searchkey=3735&amp;language=id\"><span class=\"eastsyriac\">\u0719\u0735\u0718\u0713\u0735\u0710</span></a>, <a href=\"dosearch.php?searchkey=5530&amp;language=id\"><span class=\"eastsyriac\">\u071d\u0738\u0723\u0718\u073c\u072a\u0735\u0710</span></a>, <a href=\"dosearch.php?searchkey=5674&amp;language=id\"><span class=\"eastsyriac\">\u071f\u0738\u0712\u0742\u0720\u0735\u0710</span></a>, <a href=\"dosearch.php?searchkey=6540&amp;language=id\"><span class=\"eastsyriac\">\u071f\u0738\u072c\u072a\u0735\u0710</span></a>, <a href=\"dosearch.php?searchkey=12602&amp;language=id\"><span class=\"eastsyriac\">\u0729\u0718\u073c\u072a\u0729\u0735\u0710</span></a>, <a href=\"dosearch.php?searchkey=679&amp;language=id\"><span class=\"eastsyriac\">\u0710\u0732\u0726\u0723\u0735\u072a\u0735\u0710</span></a>, <a href=\"dosearch.php?searchkey=1420&amp;language=id\"><span class=\"eastsyriac\">\u0712\u0732\u0720\u0721\u0735\u0710</span></a></span>"], "key": "4654", "west": "\u071a\u0736\u0722\u0729\u0733\u0710", "phonetic": "<td>' \u1e25in qa:</td>", "east": "\u071a\u0738\u0722\u0729\u0735\u0710"},
{"searchkey": "3625", "audio": [], "context": [], "webrank": 30, "text": [" : captivity , bondage , slavery ,  yoke ;"], "english": "<td>captivity , bondage , slavery ,  yoke ;</td>", "cf": ["<span class=\"wordlink\"><a href=\"dosearch.php?searchkey=19195&amp;language=id\"><span class=\"eastsyriac\">\u0718\u0732\u0723\u0729\u0735\u071d\u0735</span></a>, <a href=\"dosearch.php?searchkey=19196&amp;language=id\"><span class=\"eastsyriac\">\u0718\u0732\u0723\u0729\u0718\u073c\u072c\u0735\u071d\u0735\u0710</span></a>, <a href=\"dosearch.php?searchkey=3624&amp;language=id\"><span class=\"eastsyriac\">\u0718\u0732\u0723\u0729\u0735\u0710</span></a>, <a href=\"dosearch.php?searchkey=19197&amp;language=id\"><span class=\"eastsyriac\">\u0718\u0732\u0723\u0729\u0735\u071d\u0735\u0710\u071d\u073c\u072c</span></a></span>", "<span class=\"wordlink\"><a href=\"dosearch.php?searchkey=599&amp;language=id\"><span class=\"eastsyriac\">\u0710\u0732\u0723\u071d\u073c\u072a\u0718\u073c\u072c\u0735\u0710</span></a>, <a href=\"dosearch.php?searchkey=5451&amp;language=id\"><span class=\"eastsyriac\">\u071d\u0732\u071a\u0723\u071d\u072a\u0718\u073c\u072c\u0735\u0710</span></a>, <a href=\"dosearch.php?searchkey=564&amp;language=id\"><span class=\"eastsyriac\">\u0710\u0723\u0718\u073c\u072a\u071d\u0735\u0710</span></a>, <a href=\"dosearch.php?searchkey=2299&amp;language=id\"><span class=\"eastsyriac\">\u0713\u0735\u0720\u0718\u073c\u072c\u0735\u0710</span></a>, <a href=\"dosearch.php?searchkey=7086&amp;language=id\"><span class=\"eastsyriac\">\u0721\u0713\u0732\u0720\u071d\u0718\u073c\u072c\u0735\u0710</span></a>, <a href=\"dosearch.php?searchkey=14039&amp;language=id\"><span class=\"eastsyriac\">\u072b\u0738\u0712\u0742\u071d\u0735\u0710</span></a>, <a href=\"dosearch.php?searchkey=14053&amp;language=id\"><span class=\"eastsyriac\">\u072b\u0712\u0742\u071d\u073c\u072c\u0735\u071d\u0718\u073c\u072c\u0735\u0710</span></a>, <a href=\"dosearch.php?searchkey=14054&amp;language=id\"><span class=\"eastsyriac\">\u072b\u0712\u0742\u071d\u073c\u072c\u0735\u0710 </span></a>, <a href=\"dosearch.php?searchkey=13675&amp;language=id\"><span class=\"eastsyriac\">\u072a\u0735\u0725\u071d\u0732\u072c</span></a>, <a href=\"dosearch.php?searchkey=13793&amp;language=id\"><span class=\"eastsyriac\">\u072a\u0735\u0725\u071d\u0732\u072c\u0718\u073c\u072c\u0735\u0710</span></a>, <a href=\"dosearch.php?searchkey=19194&amp;language=id\"><span class=\"eastsyriac\">\u0726\u0735\u0720\u071a\u0718\u073c\u072c\u0735\u0710</span></a>, <a href=\"dosearch.php?searchkey=13794&amp;language=id\"><span class=\"eastsyriac\">\u072b\u0718\u073c\u0725\u0712\u0742\u0735\u0715\u0735\u0710</span></a>, <a href=\"dosearch.php?searchkey=8694&amp;language=id\"><span class=\"eastsyriac\">\u0721\u0738\u072b\u072c\u0732\u0725\u0712\u0742\u0715\u0735\u0722\u0718\u073c\u072c\u0735\u0710</span></a></span>"], "key": "3625", "west": "\u0718\u0730\u0723\u0729\u073d\u0718\u072c\u0733\u0710", "phonetic": "<td>was ' qu: ta:</td>", "east": "\u0718\u0732\u0723\u0729\u0718\u073c\u072c\u0735\u0710"},
{"searchkey": "21015", "audio": [], "context": ["adjective masculine and feminine"], "webrank": 10, "text": [" : 1) a truant , an idler , a ne'er-do-well , a vagabond , a tramp , a hobo ;\r\n2) ", " : awkward , gawky ;"], "english": "<td>1) a truant , an idler , a ne'er-do-well , a vagabond , a tramp , a hobo ;\r\n2) <span class=\"context\">adjective masculine and feminine</span> : awkward , gawky ;</td>", "cf": ["<span class=\"wordlink\"><a href=\"dosearch.php?searchkey=20951&amp;language=id\"><span class=\"eastsyriac\">\u0717\u0732\u072a\u0735\u0721\u0719\u0735\u0710</span></a>, <a href=\"dosearch.php?searchkey=3600&amp;language=id\"><span class=\"eastsyriac\">\u071a\u0732\u0719\u071d\u073c\u0729\u0735\u0710</span></a>, <a href=\"dosearch.php?searchkey=21016&amp;language=id\"><span class=\"eastsyriac\">\u0725\u0732\u072a\u0735\u0712\u0742\u0735\u0710</span></a>, <a href=\"dosearch.php?searchkey=15942&amp;language=id\"><span class=\"eastsyriac\">\u072c\u0732\u072a\u0721\u0718\u073c\u071b\u0735\u0710</span></a></span>"], "key": "21015", "west": "\u0718\u0733\u071d\u0720", "phonetic": "<td>' w\u00e9l</td>", "east": "\u0718\u0735\u071d\u0720"},
{"searchkey": "3624", "audio": [], "context": [], "webrank": 20, "text": [" : a captive , a prisoner , one kept in bondage / a bondsman / bondman , a slave , a serf (?) ;"], "english": "<td>a captive , a prisoner , one kept in bondage / a bondsman / bondman , a slave , a serf (?) ;</td>", "cf": ["<span class=\"wordlink\"><a href=\"dosearch.php?searchkey=3625&amp;language=id\"><span class=\"eastsyriac\">\u0718\u0732\u0723\u0729\u0718\u073c\u072c\u0735\u0710</span></a>, <a href=\"dosearch.php?searchkey=19195&amp;language=id\"><span class=\"eastsyriac\">\u0718\u0732\u0723\u0729\u0735\u071d\u0735</span></a>, <a href=\"dosearch.php?searchkey=19196&amp;language=id\"><span class=\"eastsyriac\">\u0718\u0732\u0723\u0729\u0718\u073c\u072c\u0735\u071d\u0735\u0710</span></a>, <a href=\"dosearch.php?searchkey=19197&amp;language=id\"><span class=\"eastsyriac\">\u0718\u0732\u0723\u0729\u0735\u071d\u0735\u0710\u071d\u073c\u072c</span></a></span>", "<span class=\"wordlink\"><a href=\"dosearch.php?searchkey=12443&amp;language=id\"><span class=\"eastsyriac\">\u0729\u0718\u073c\u0720\u0720\u0735\u0710</span></a>, <a href=\"dosearch.php?searchkey=12442&amp;language=id\"><span class=\"eastsyriac\">\u0729\u0718\u0718\u073c\u0720\u0735\u0710</span></a>, <a href=\"dosearch.php?searchkey=4688&amp;language=id\"><span class=\"eastsyriac\">\u071a\u0732\u0723\u0726\u0718\u073c\u072b</span></a>, <a href=\"dosearch.php?searchkey=5450&amp;language=id\"><span class=\"eastsyriac\">\u071d\u0732\u071a\u0723\u071d\u073c\u072a</span></a>, <a href=\"dosearch.php?searchkey=10039&amp;language=id\"><span class=\"eastsyriac\">\u0725\u0732\u0712\u0742\u0715\u0735\u0710</span></a>, <a href=\"dosearch.php?searchkey=14039&amp;language=id\"><span class=\"eastsyriac\">\u072b\u0738\u0712\u0742\u071d\u0735\u0710</span></a>, <a href=\"dosearch.php?searchkey=598&amp;language=id\"><span class=\"eastsyriac\">\u0710\u0732\u0723\u071d\u073c\u072a\u0735\u0710</span></a>, <a href=\"dosearch.php?searchkey=2308&amp;language=id\"><span class=\"eastsyriac\">\u0713\u0735\u0720\u071d\u0735\u0710</span></a>, <a href=\"dosearch.php?searchkey=5450&amp;language=id\"><span class=\"eastsyriac\">\u071d\u0732\u071a\u0723\u071d\u073c\u072a</span></a>, <a href=\"dosearch.php?searchkey=5451&amp;language=id\"><span class=\"eastsyriac\">\u071d\u0732\u071a\u0723\u071d\u072a\u0718\u073c\u072c\u0735\u0710</span></a>, <a href=\"dosearch.php?searchkey=7081&amp;language=id\"><span class=\"eastsyriac\">\u0721\u0720\u0732\u0720\u0718\u0735\u071d\u0735\u0710</span></a>, <a href=\"dosearch.php?searchkey=19755&amp;language=id\"><span class=\"eastsyriac\">\u0726\u0718\u073c\u0720\u0735\u0710</span></a></span>"], "key": "3624", "west": "\u0718\u0730\u0723\u0729\u0733\u0710", "phonetic": "<td>' vas qa:</td>", "east": "\u0718\u0732\u0723\u0729\u0735\u0710"},
{"searchkey": "17686", "audio": [], "context": ["Classical Syriac", "Vernacular", "JAAS"], "webrank": 40, "text": [" : 1) ", " :  a parchment , a sheet of parchment , a scroll , a roll ; volume ; \r\n2) ", " : a magazine , an illustrated newspaper ; a journal , a periodical ; ", " :"], "english": "<td>1) <span class=\"context\">Classical Syriac</span> :  a parchment , a sheet of parchment , a scroll , a roll ; volume ; \r\n2) <span class=\"context\">Vernacular</span> : a magazine , an illustrated newspaper ; a journal , a periodical ; <span class=\"context\">JAAS</span> : \r\n<span class=\"locution\"><span class=\"eastsyriac\">\u0713\u0735\u0718 \u0721\u0722\u0735\u072c\u0735\u0710 \u0715\u0720\u0738\u072b\u0735\u0722\u0735\u0710 \u0710\u0738\u0722\u0713\u0720\u0738\u0723\u0722\u0735\u071d\u0735\u0710 \u0715\u0710\u0735\u0717\u0735\u0710 \u0721\u0713\u0732\u0720\u072c\u0735\u0710, \u0715\u0718\u073c\u0712\u0735\u0729\u0735\u0710 \u072c\u0721\u071d\u073c\u0722\u0735\u071d\u0735\u0710</span></span> : in the English language section of this Journal, volume eight ;\r\n<span class=\"locution\"><span class=\"eastsyriac\">\u0717\u0732\u0715\u0735\u0721\u0718\u073c\u072c\u0735\u0710 \u0720\u0729\u0732\u0712\u0718\u073c\u0720\u0739\u0710 \u0721\u0713\u0732\u0720\u072c\u0735\u0710</span></span> : subscription to a magazine ;\r\n3) <span class=\"context\">Classical Syriac ; plural : <span class=\"locution\"><span class=\"eastsyriac\">\u0721\u0308\u0713\u0732\u0720\u0739\u0710</span></span> [mgal ' i] ; (finance)</span> : a promissory note / a credit note / an IOU , bonds ;</td>", "cf": ["<span class=\"wordlink\"><a href=\"dosearch.php?searchkey=gly&amp;language=fullsyriac\"><span class=\"eastsyriac\">\u0713\u0720\u071d</span></a>, <a href=\"dosearch.php?searchkey=34578&amp;language=id\"><span class=\"eastsyriac\">\u0713\u0738\u0720\u0735\u071d\u0718\u073f\u0722\u0735\u0710</span></a>, <a href=\"dosearch.php?searchkey=gelyonA%27&amp;language=fullsyriac\"><span class=\"eastsyriac\">\u0713\u0738\u0720\u071d\u0718\u073f\u0722\u0735\u0710</span></a></span>", "<span class=\"wordlink\"><a href=\"dosearch.php?searchkey=2875&amp;language=id\"><span class=\"eastsyriac\">\u0715\u0718\u073c\u072a\u0721\u0735\u0713</span></a>, <a href=\"dosearch.php?searchkey=6421&amp;language=id\"><span class=\"eastsyriac\">\u071f\u0738\u072a\u071f\u0742\u0735\u0710</span></a>, <a href=\"dosearch.php?searchkey=12500&amp;language=id\"><span class=\"eastsyriac\">\u0729\u0718\u073f\u0722\u0715\u0735\u0729\u0735\u0710</span></a>, <a href=\"dosearch.php?searchkey=9500&amp;language=id\"><span class=\"eastsyriac\">\u0723\u0718\u073f\u0721\u0735\u0718\u071b\u0718\u073f\u0722</span></a>, <a href=\"dosearch.php?searchkey=29852&amp;language=id\"><span class=\"eastsyriac\">\u071f\u0738\u072a\u071f\u0735\u0710</span></a></span>"], "key": "17686", "west": "\u0721\u0713\u0730\u0720\u072c\u0733\u0710", "phonetic": "<td>mgal ' ta:</td>", "east": "\u0721\u0713\u0732\u0720\u072c\u0735\u0710"},
{"searchkey": "19859", "audio": [], "context": [], "webrank": 60, "text": [" : 1) to subdue , to bring into bondage , to make a subject , to have authority over ;\r\n2) to confiscate , to take by force , to ravish , to commandeer ;"], "english": "<td>1) to subdue , to bring into bondage , to make a subject , to have authority over ;\r\n2) to confiscate , to take by force , to ravish , to commandeer ;</td>", "cf": ["<span class=\"wordlink\"><a href=\"dosearch.php?searchkey=19854&amp;language=id\"><span class=\"eastsyriac\">\u072c\u0735\u0712\u0738\u072c</span></a>, <a href=\"dosearch.php?searchkey=19855&amp;language=id\"><span class=\"eastsyriac\">\u0719\u0735\u0712\u0738\u071b</span></a>, <a href=\"dosearch.php?searchkey=19856&amp;language=id\"><span class=\"eastsyriac\">\u0721\u0732\u0715\u0712\u0738\u072c</span></a>, <a href=\"dosearch.php?searchkey=19853&amp;language=id\"><span class=\"eastsyriac\">\u0715\u0742\u0735\u0712\u0738\u072c</span></a>, <a href=\"dosearch.php?searchkey=16998&amp;language=id\"><span class=\"eastsyriac\">\u0723\u0735\u0712\u0738\u072c</span></a>, <a href=\"dosearch.php?searchkey=19857&amp;language=id\"><span class=\"eastsyriac\">\u0721\u072c\u0735\u0712\u0738\u072c</span></a>, <a href=\"dosearch.php?searchkey=19858&amp;language=id\"><span class=\"eastsyriac\">\u0721\u0732\u0723\u0712\u0738\u072c</span></a>, <a href=\"dosearch.php?searchkey=19860&amp;language=id\"><span class=\"eastsyriac\">\u0721\u0732\u072c\u0712\u0738\u072c</span></a>, <a href=\"dosearch.php?searchkey=19861&amp;language=id\"><span class=\"eastsyriac\">\u0721\u0732\u0723\u0712\u0738\u071b</span></a>, <a href=\"dosearch.php?searchkey=21129&amp;language=id\"><span class=\"eastsyriac\">\u0719\u0732\u0712\u071b</span></a>, <a href=\"dosearch.php?searchkey=19855&amp;language=id\"><span class=\"eastsyriac\">\u0719\u0735\u0712\u0738\u071b</span></a></span>", "<span class=\"wordlink\"><a href=\"dosearch.php?searchkey=21130&amp;language=id\"><span class=\"eastsyriac\">\u0721\u0719\u0732\u0712\u071b\u0738\u0722</span></a></span>", "<span class=\"wordlink\"><a href=\"dosearch.php?searchkey=21131&amp;language=id\"><span class=\"eastsyriac\">\u0721\u0732\u0719\u0712\u0738\u072c</span></a></span>"], "key": "19859", "west": "\u0721\u0730\u0719\u0712\u0736\u071b", "phonetic": "<td>' maz bit</td>", "east": "\u0721\u0732\u0719\u0712\u0738\u071b"},
{"searchkey": "25697", "audio": [], "context": ["causative of \u0725\u0735\u0712\u0742\u0738\u0715\u0742", "Exodus : 6, 5"], "webrank": 70, "text": [" : 1) ", " : to cause to do , to cause to act , to have / to make to do , to cause to produce , to cause to yield , to force / to oblige / to compel ;\r\n", " :"], "english": "<td>1) <span class=\"context\">causative of <a href=\"dosearch.php?searchkey=cAbLedL&amp;language=fullsyriac\"><span class=\"eastsyriac\">\u0725\u0735\u0712\u0742\u0738\u0715\u0742</span></a></span> : to cause to do , to cause to act , to have / to make to do , to cause to produce , to cause to yield , to force / to oblige / to compel ;\r\n<span class=\"context\">Exodus : 6, 5</span> : <span class=\"locution\"><span class=\"eastsyriac\">\u0721\u0732\u0725\u0712\u0742\u0738\u0715 \u072a\u0739\u0713\u0718\u073c\u072c\u0735\u0710 \u0712</span></span> : to keep in bondage ;\r\n2) <span class=\"context\">transitive verb with direct object</span> : to work , to operate , to bring about <span class=\"context\">miracles ...</span> ;</td>", "cf": ["<span class=\"wordlink\"><a href=\"dosearch.php?searchkey=17811&amp;language=id\"><span class=\"eastsyriac\">\u0725\u0712\u0715</span></a>, <a href=\"dosearch.php?searchkey=25693&amp;language=id\"><span class=\"eastsyriac\">\u0725\u0735\u0712\u0742\u0738\u0715\u0742</span></a>, <a href=\"dosearch.php?searchkey=25694&amp;language=id\"><span class=\"eastsyriac\">\u0725\u0712\u0742\u0735\u0715\u0742\u072c\u0735\u0710 \u0715\u0712\u0722\u0718\u073f\u0722\u0308\u0739\u0710</span></a>, <a href=\"dosearch.php?searchkey=10038&amp;language=id\"><span class=\"eastsyriac\">\u0725\u0712\u0742\u0735\u0715\u0735\u0710</span></a>, <a href=\"dosearch.php?searchkey=25695&amp;language=id\"><span class=\"eastsyriac\">\u0725\u0712\u0742\u0735\u0715\u0742\u072c\u0735\u0710</span></a>, <a href=\"dosearch.php?searchkey=25696&amp;language=id\"><span class=\"eastsyriac\">\u0725\u0712\u0742\u0735\u0715 \u0710\u071d\u073c\u0308\u0715\u0732\u071d\u0735\u0710</span></a>, <a href=\"dosearch.php?searchkey=25693&amp;language=id\"><span class=\"eastsyriac\">\u0725\u0735\u0712\u0742\u0738\u0715\u0742</span></a>, <a href=\"dosearch.php?searchkey=25698&amp;language=id\"><span class=\"eastsyriac\">\u0721\u0732\u0725\u0712\u0742\u0732\u0715\u0742\u072c\u0735\u0710</span></a>, <a href=\"dosearch.php?searchkey=mucbedA%27&amp;language=fullsyriac\"><span class=\"eastsyriac\">\u0721\u0718\u073c\u0725\u0712\u0738\u0715\u0735\u0710</span></a></span>"], "key": "25697", "west": "\u0721\u0730\u0725\u0712\u0742\u0736\u0715", "phonetic": "<td>' ma: wid</td>", "east": "\u0721\u0732\u0725\u0712\u0742\u0738\u0715"},
{"searchkey": "8700", "audio": [], "context": [], "webrank": 100, "text": [" : fetters , shackles , footcuffs , leg-irons , a shackle (for the feet) / a bond (for prisoner) , a collar-shackle (?) / a straitjacket (?) / an iron collar (?) , a stranglehold -figurative sense- (?)  ;"], "english": "<td>fetters , shackles , footcuffs , leg-irons , a shackle (for the feet) / a bond (for prisoner) , a collar-shackle (?) / a straitjacket (?) / an iron collar (?) , a stranglehold -figurative sense- (?)  ;</td>", "cf": ["<span class=\"wordlink\"><a href=\"dosearch.php?searchkey=12369&amp;language=id\"><span class=\"eastsyriac\">\u0729\u0732\u0718\u0715\u0710</span></a>, <a href=\"dosearch.php?searchkey=1164&amp;language=id\"><span class=\"eastsyriac\">\u0712\u0739\u071a\u0735\u0718</span></a>, <a href=\"dosearch.php?searchkey=5674&amp;language=id\"><span class=\"eastsyriac\">\u071f\u0738\u0712\u0742\u0720\u0735\u0710</span></a>, <a href=\"dosearch.php?searchkey=5840&amp;language=id\"><span class=\"eastsyriac\">\u071f\u0718\u073c\u0722\u0715\u0735\u0710</span></a>, <a href=\"dosearch.php?searchkey=14373&amp;language=id\"><span class=\"eastsyriac\">\u072c\u0735\u0718\u0729\u0735\u0710</span></a>, <a href=\"dosearch.php?searchkey=1674&amp;language=id\"><span class=\"eastsyriac\">\u0712\u0732\u072a\u0728\u0718\u072a\u0735\u0710</span></a></span>"], "key": "8700", "west": "\u0721\u0730\u072c\u0733\u0710", "phonetic": "<td>' mat ta</td>", "east": "\u0721\u0732\u072c\u0735\u0710"},
{"searchkey": "8646", "audio": [], "context": [], "webrank": 80, "text": [" : subjection , subjugation , servitude , submission , slavery , state of compulsory subjection to a master , bondage ;"], "english": "<td>subjection , subjugation , servitude , submission , slavery , state of compulsory subjection to a master , bondage ;</td>", "cf": ["<span class=\"wordlink\"><a href=\"dosearch.php?searchkey=17811&amp;language=id\"><span class=\"eastsyriac\">\u0725\u0712\u0715</span></a>, <a href=\"dosearch.php?searchkey=10019&amp;language=id\"><span class=\"eastsyriac\">\u0725\u0712\u0742\u0735\u0715</span></a>, <a href=\"dosearch.php?searchkey=10054&amp;language=id\"><span class=\"eastsyriac\">\u0725\u0735\u0712\u0742\u0718\u073f\u0715\u0718\u073c\u072c\u0735\u0710</span></a>, <a href=\"dosearch.php?searchkey=10038&amp;language=id\"><span class=\"eastsyriac\">\u0725\u0712\u0742\u0735\u0715\u0735\u0710</span></a>, <a href=\"dosearch.php?searchkey=10052&amp;language=id\"><span class=\"eastsyriac\">\u0725\u0735\u0712\u0742\u0718\u073f\u0715\u0735\u0710</span></a>, <a href=\"dosearch.php?searchkey=10055&amp;language=id\"><span class=\"eastsyriac\">\u0725\u0735\u0712\u0742\u0718\u073f\u0715\u0735\u071d\u0735\u0710</span></a>, <a href=\"dosearch.php?searchkey=10053&amp;language=id\"><span class=\"eastsyriac\">\u0725\u0735\u0712\u0742\u0718\u073f\u0715\u0735\u0710\u071d\u073c\u072c</span></a>, <a href=\"dosearch.php?searchkey=10050&amp;language=id\"><span class=\"eastsyriac\">\u0725\u0712\u0742\u0735\u0715\u072c\u0735\u0710</span></a>, <a href=\"dosearch.php?searchkey=10043&amp;language=id\"><span class=\"eastsyriac\">\u0725\u0735\u0712\u0742\u0715\u0735\u0722\u0735\u0710</span></a>, <a href=\"dosearch.php?searchkey=6465&amp;language=id\"><span class=\"eastsyriac\">\u071f\u0735\u072a\u0725\u0712\u0742\u0735\u0715\u0735\u0710</span></a>, <a href=\"dosearch.php?searchkey=8182&amp;language=id\"><span class=\"eastsyriac\">\u0721\u0732\u0725\u0712\u0742\u0715\u0735\u0722\u0735\u0710</span></a>, <a href=\"dosearch.php?searchkey=8183&amp;language=id\"><span class=\"eastsyriac\">\u0721\u0732\u0725\u0712\u0742\u0718\u073c\u0715\u0739\u0710</span></a>, <a href=\"dosearch.php?searchkey=18635&amp;language=id\"><span class=\"eastsyriac\">\u0725\u0712\u0742\u0735\u0715\u0710</span></a></span>", "<span class=\"wordlink\"><a href=\"dosearch.php?searchkey=3625&amp;language=id\"><span class=\"eastsyriac\">\u0718\u0732\u0723\u0729\u0718\u073c\u072c\u0735\u0710</span></a>, <a href=\"dosearch.php?searchkey=19121&amp;language=id\"><span class=\"eastsyriac\">\u072b\u0718\u073c\u0725\u0712\u0735\u0715\u0735\u0710</span></a>, <a href=\"dosearch.php?searchkey=33287&amp;language=id\"><span class=\"eastsyriac\">\u0729\u0718\u073c\u0720\u0718\u073c\u072c\u0735\u0710</span></a>, <a href=\"dosearch.php?searchkey=5673&amp;language=id\"><span class=\"eastsyriac\">\u071f\u0712\u0742\u071d\u073c\u072b\u0718\u073c\u072c\u0735\u0710</span></a>, <a href=\"dosearch.php?searchkey=33286&amp;language=id\"><span class=\"eastsyriac\">\u0725\u0732\u0712\u0742\u0715\u0718\u073c\u072c\u0735\u0710</span></a>, <a href=\"dosearch.php?searchkey=19194&amp;language=id\"><span class=\"eastsyriac\">\u0726\u0735\u0720\u071a\u0718\u073c\u072c\u0735\u0710</span></a></span>"], "key": "8646", "west": "\u0721\u072b\u0730\u0725\u0712\u0742\u0715\u073d\u0718\u072c\u0733\u0710", "phonetic": "<td>m\u0161a we ' du: ta:</td>", "east": "\u0721\u072b\u0732\u0725\u0712\u0742\u0715\u0718\u073c\u072c\u0735\u0710"},
{"searchkey": "8694", "audio": [], "context": [], "webrank": 90, "text": [" : servitude , slavery , bondage , subjection , reduction to subjection / serfdom / slavery / the domination of another ;"], "english": "<td>servitude , slavery , bondage , subjection , reduction to subjection / serfdom / slavery / the domination of another ;</td>", "cf": ["<span class=\"wordlink\"><a href=\"dosearch.php?searchkey=17811&amp;language=id\"><span class=\"eastsyriac\">\u0725\u0712\u0715</span></a>, <a href=\"dosearch.php?searchkey=10019&amp;language=id\"><span class=\"eastsyriac\">\u0725\u0712\u0742\u0735\u0715</span></a>, <a href=\"dosearch.php?searchkey=10054&amp;language=id\"><span class=\"eastsyriac\">\u0725\u0735\u0712\u0742\u0718\u073f\u0715\u0718\u073c\u072c\u0735\u0710</span></a>, <a href=\"dosearch.php?searchkey=10038&amp;language=id\"><span class=\"eastsyriac\">\u0725\u0712\u0742\u0735\u0715\u0735\u0710</span></a>, <a href=\"dosearch.php?searchkey=10052&amp;language=id\"><span class=\"eastsyriac\">\u0725\u0735\u0712\u0742\u0718\u073f\u0715\u0735\u0710</span></a>, <a href=\"dosearch.php?searchkey=10055&amp;language=id\"><span class=\"eastsyriac\">\u0725\u0735\u0712\u0742\u0718\u073f\u0715\u0735\u071d\u0735\u0710</span></a>, <a href=\"dosearch.php?searchkey=10053&amp;language=id\"><span class=\"eastsyriac\">\u0725\u0735\u0712\u0742\u0718\u073f\u0715\u0735\u0710\u071d\u073c\u072c</span></a>, <a href=\"dosearch.php?searchkey=10050&amp;language=id\"><span class=\"eastsyriac\">\u0725\u0712\u0742\u0735\u0715\u072c\u0735\u0710</span></a>, <a href=\"dosearch.php?searchkey=10043&amp;language=id\"><span class=\"eastsyriac\">\u0725\u0735\u0712\u0742\u0715\u0735\u0722\u0735\u0710</span></a>, <a href=\"dosearch.php?searchkey=6465&amp;language=id\"><span class=\"eastsyriac\">\u071f\u0735\u072a\u0725\u0712\u0742\u0735\u0715\u0735\u0710</span></a>, <a href=\"dosearch.php?searchkey=8182&amp;language=id\"><span class=\"eastsyriac\">\u0721\u0732\u0725\u0712\u0742\u0715\u0735\u0722\u0735\u0710</span></a>, <a href=\"dosearch.php?searchkey=8183&amp;language=id\"><span class=\"eastsyriac\">\u0721\u0732\u0725\u0712\u0742\u0718\u073c\u0715\u0739\u0710</span></a>, <a href=\"dosearch.php?searchkey=8646&amp;language=id\"><span class=\"eastsyriac\">\u0721\u072b\u0732\u0725\u0712\u0742\u0715\u0718\u073c\u072c\u0735\u0710</span></a>, <a href=\"dosearch.php?searchkey=18635&amp;language=id\"><span class=\"eastsyriac\">\u0725\u0712\u0742\u0735\u0715\u0710</span></a>, <a href=\"dosearch.php?searchkey=33286&amp;language=id\"><span class=\"eastsyriac\">\u0725\u0732\u0712\u0742\u0715\u0718\u073c\u072c\u0735\u0710</span></a></span>", "<span class=\"wordlink\"><a href=\"dosearch.php?searchkey=3625&amp;language=id\"><span class=\"eastsyriac\">\u0718\u0732\u0723\u0729\u0718\u073c\u072c\u0735\u0710</span></a>, <a href=\"dosearch.php?searchkey=19121&amp;language=id\"><span class=\"eastsyriac\">\u072b\u0718\u073c\u0725\u0712\u0735\u0715\u0735\u0710</span></a>, <a href=\"dosearch.php?searchkey=5673&amp;language=id\"><span class=\"eastsyriac\">\u071f\u0712\u0742\u071d\u073c\u072b\u0718\u073c\u072c\u0735\u0710</span></a>, <a href=\"dosearch.php?searchkey=19194&amp;language=id\"><span class=\"eastsyriac\">\u0726\u0735\u0720\u071a\u0718\u073c\u072c\u0735\u0710</span></a>, <a href=\"dosearch.php?searchkey=13794&amp;language=id\"><span class=\"eastsyriac\">\u072b\u0718\u073c\u0725\u0712\u0742\u0735\u0715\u0742\u0735\u0710</span></a></span>"], "key": "8694", "west": "\u0721\u0736\u072b\u072c\u0730\u0725\u0712\u0742\u0715\u0733\u0722\u073d\u0718\u072c\u0733\u0710", "phonetic": "<td>mi\u0161 to: da: ' nu ta:</td>", "east": "\u0721\u0738\u072b\u072c\u0732\u0725\u0712\u0742\u0715\u0735\u0722\u0718\u073c\u072c\u0735\u0710"},
{"searchkey": "7128", "audio": [], "context": [], "webrank": 50, "text": [" : 1) to compare , to confront , to examine the character or qualities for the purpose of discovering their resemblances or differences , to liken (?) , to assimilate (?) ;\r\n2) causing the arrest of ;\r\n3) to fasten together , to tie together , to make fast together , to secure together , to attach together , to bind together, to bond , to tie down together , to clamp together , to buckle together ;"], "english": "<td>1) to compare , to confront , to examine the character or qualities for the purpose of discovering their resemblances or differences , to liken (?) , to assimilate (?) ;\r\n2) causing the arrest of ;\r\n3) to fasten together , to tie together , to make fast together , to secure together , to attach together , to bind together, to bond , to tie down together , to clamp together , to buckle together ;</td>", "cf": ["<span class=\"wordlink\"><a href=\"dosearch.php?searchkey=SmAdA%27&amp;language=fullsyriac\"><span class=\"eastsyriac\">\u0728\u0721\u0735\u0715\u0735\u0710</span></a>, <a href=\"dosearch.php?searchkey=xzAqA%27&amp;language=fullsyriac\"><span class=\"eastsyriac\">\u071a\u0719\u0735\u0729\u0735\u0710</span></a>, <a href=\"dosearch.php?searchkey=SArA%27&amp;language=fullsyriac\"><span class=\"eastsyriac\">\u0728\u0735\u072a\u0735\u0710</span></a>, <a href=\"dosearch.php?searchkey=%27sArA%27&amp;language=fullsyriac\"><span class=\"eastsyriac\">\u0710\u0723\u0735\u072a\u0735\u0710</span></a>, <a href=\"dosearch.php?searchkey=6542&amp;language=id\"><span class=\"eastsyriac\">\u071f\u072c\u0735\u072a\u0735\u0710</span></a>, <a href=\"dosearch.php?searchkey=12691&amp;language=id\"><span class=\"eastsyriac\">\u0729\u071b\u0735\u072a\u0735\u0710</span></a>, <a href=\"dosearch.php?searchkey=17681&amp;language=id\"><span class=\"eastsyriac\">\u0721\u072c\u0720</span></a></span>"], "key": "7128", "west": "\u0721\u0730\u0715\u0712\u0742\u073d\u0718\u0729\u0736\u0710", "phonetic": "<td>mad ' vu: qi</td>", "east": "\u0721\u0732\u0715\u0712\u0742\u0718\u073c\u0729\u0739\u0710"},
{"searchkey": "6725", "audio": [], "context": ["Maclean", "Oraham"], "webrank": 30, "text": [" : 1) ", " : a vagabond , a tramp , a bum , a rascal , adisreputable person ;\r\n2) ", " : a sport , one who seeks mirth , one devoted to self-amusement ;"], "english": "<td>1) <span class=\"context\">Maclean</span> : a vagabond , a tramp , a bum , a rascal , adisreputable person ;\r\n2) <span class=\"context\">Oraham</span> : a sport , one who seeks mirth , one devoted to self-amusement ;</td>", "cf": ["<span class=\"wordlink\"><a href=\"dosearch.php?searchkey=24096&amp;language=id\"><span class=\"eastsyriac\">\u0720\u0735\u0718\u072c\u071d\u073c\u0718\u073c\u072c\u0735\u0710</span></a></span>", "<span class=\"wordlink\"><a href=\"dosearch.php?searchkey=SadwA%27&amp;language=fullsyriac\"><span class=\"eastsyriac\">\u0728\u0732\u0715\u0718\u0735\u0710</span></a>, <a href=\"dosearch.php?searchkey=SAduwA%27&amp;language=fullsyriac\"><span class=\"eastsyriac\">\u0728\u0735\u0715\u0718\u073c\u0718\u0735\u0710</span></a>, <a href=\"dosearch.php?searchkey=pegnidA%27&amp;language=fullsyriac\"><span class=\"eastsyriac\">\u0726\u0738\u0713\u0722\u071d\u073c\u0715\u0735\u0710</span></a></span>"], "key": "6725", "west": "\u0720\u0733\u0718\u072c\u073a\u071d", "phonetic": "<td>' lo: ti:</td>", "east": "\u0720\u0735\u0718\u072c\u071d\u073c"},
{"searchkey": "31555", "audio": [], "context": [], "webrank": 20, "text": [" : outside / out / out of"], "english": "<td>outside / out / out of ;\r\n<span class=\"locution\"><span class=\"eastsyriac\">\u0720\u0712\u0732\u072a \u0721\u0738\u0722 \u0719\u0718\u073c\u0718\u0735\u0713\u0742\u0735\u0710</span></span> / <span class=\"locution\"><span class=\"eastsyriac\">\u0720\u0712\u0732\u072a \u0721\u0738\u0722 \u071d\u073c\u0723\u0718\u073c\u072a\u0735\u0710 \u0715\u0713\u0712\u0742\u0735\u072a\u0735\u0710</span></span> : out of wedlock / illegitimate <span class=\"context\">child</span> , outside the bonds of marriage ;</td>", "cf": ["<span class=\"wordlink\"><a href=\"dosearch.php?searchkey=20389&amp;language=id\"><span class=\"eastsyriac\">\u0712\u0732\u072a\u0735\u071d\u071d\u073c</span></a>, <a href=\"dosearch.php?searchkey=1680&amp;language=id\"><span class=\"eastsyriac\">\u0712\u0735\u072a\u0735\u0710</span></a>, <a href=\"dosearch.php?searchkey=31549&amp;language=id\"><span class=\"eastsyriac\">\u0720\u0717\u0735\u0718 \u0712\u0735\u072a\u0735\u0710</span></a>, <a href=\"dosearch.php?searchkey=31551&amp;language=id\"><span class=\"eastsyriac\">\u0721\u0717\u0735\u0718 \u0712\u0735\u072a\u0735\u0710</span></a>, <a href=\"dosearch.php?searchkey=18726&amp;language=id\"><span class=\"eastsyriac\">\u0712\u0735\u072a\u0725\u0739\u0720\u071d\u073c</span></a>, <a href=\"dosearch.php?searchkey=18734&amp;language=id\"><span class=\"eastsyriac\">\u0712\u0735\u072a \u072c\u0732\u071a\u072c\u071d\u073c</span></a>, <a href=\"dosearch.php?searchkey=31553&amp;language=id\"><span class=\"eastsyriac\">\u0712\u0735\u072a \u0718\u0732\u072a\u071f\u071d\u073c</span></a>, <a href=\"dosearch.php?searchkey=31554&amp;language=id\"><span class=\"eastsyriac\">\u0712\u0732\u072a\u0735\u071d\u0739\u0710</span></a>, <a href=\"dosearch.php?searchkey=1682&amp;language=id\"><span class=\"eastsyriac\">\u0712\u0732\u072a\u0735\u0710</span></a>, <a href=\"dosearch.php?searchkey=1728&amp;language=id\"><span class=\"eastsyriac\">\u0712\u0732\u072a\u0735\u071d\u0735\u0710</span></a>, <a href=\"dosearch.php?searchkey=1732&amp;language=id\"><span class=\"eastsyriac\">\u0712\u0732\u072a\u0735\u071d\u0718\u073c\u072c\u0735\u0710</span></a></span>", "<span class=\"wordlink\"><a href=\"dosearch.php?searchkey=31556&amp;language=id\"><span class=\"eastsyriac\">\u0720\u0712\u072a\u0735\u071d\u0739\u0710</span></a></span>"], "key": "31555", "west": "\u0720\u0712\u0730\u072a", "phonetic": "<td>' lbar</td>", "east": "\u0720\u0712\u0732\u072a"},
{"searchkey": "6540", "audio": [], "context": ["figurative sense"], "webrank": 10, "text": [" : 1) a knot , a tie ;\r\n2) a bond , a link , a relationship ;\r\n3) a bundle ;\r\n4) ", " : a riddle , an enigma , a trap (?) / a pitfall (?) / a difficulty / a hardship , a hazard"], "english": "<td>1) a knot , a tie ;\r\n2) a bond , a link , a relationship ;\r\n3) a bundle ;\r\n4) <span class=\"context\">figurative sense</span> : a riddle , an enigma , a trap (?) / a pitfall (?) / a difficulty / a hardship , a hazard ;\r\n<span class=\"locution\"><span class=\"eastsyriac\">\u071a\u0719\u0718\u073c\u0729\u071d\u0735\u0710 \u0721\u0735\u072a\u0739\u0710 \u071f\u0738\u072c\u072a\u0739\u0710 \u0718\u071f\u0330\u0735\u072c\u0718\u073f\u0722\u0718\u073c\u071d\u0735\u072c\u0739\u0710</span></span> : a trip full of hardships and difficulties , a hazardous and difficult journey ;</td>", "cf": ["<span class=\"wordlink\"><a href=\"dosearch.php?searchkey=6542&amp;language=id\"><span class=\"eastsyriac\">\u071f\u072c\u0735\u072a\u0735\u0710</span></a>, <a href=\"dosearch.php?searchkey=12690&amp;language=id\"><span class=\"eastsyriac\">\u0729\u0735\u071b\u0735\u072a</span></a>, <a href=\"dosearch.php?searchkey=12691&amp;language=id\"><span class=\"eastsyriac\">\u0729\u071b\u0735\u072a\u0735\u0710</span></a>, <a href=\"dosearch.php?searchkey=12692&amp;language=id\"><span class=\"eastsyriac\">\u0729\u0738\u071b\u072a\u0735\u0710</span></a>, <a href=\"dosearch.php?searchkey=23901&amp;language=id\"><span class=\"eastsyriac\">\u0729\u0735\u071b\u0738\u072a</span></a>, <a href=\"dosearch.php?searchkey=23902&amp;language=id\"><span class=\"eastsyriac\">\u0729\u0735\u072c\u0738\u072a</span></a>, <a href=\"dosearch.php?searchkey=23903&amp;language=id\"><span class=\"eastsyriac\">\u0721\u071f\u0732\u072a\u072c\u0738\u0720</span></a>, <a href=\"dosearch.php?searchkey=23904&amp;language=id\"><span class=\"eastsyriac\">\u0721\u071f\u0732\u072c\u0720\u0738\u0722</span></a>, <a href=\"dosearch.php?searchkey=23899&amp;language=id\"><span class=\"eastsyriac\">\u071f\u0735\u072c\u0738\u072a</span></a>, <a href=\"dosearch.php?searchkey=23900&amp;language=id\"><span class=\"eastsyriac\">\u0729\u071b\u0732\u072a</span></a>, <a href=\"dosearch.php?searchkey=23905&amp;language=id\"><span class=\"eastsyriac\">\u0721\u0729\u0732\u071b\u072a\u0738\u0722</span></a>, <a href=\"dosearch.php?searchkey=11909&amp;language=id\"><span class=\"eastsyriac\">\u0729\u0738\u072c\u072a\u0735\u0710</span></a>, <a href=\"dosearch.php?searchkey=13303&amp;language=id\"><span class=\"eastsyriac\">\u0729\u0735\u072c\u0735\u072a</span></a>, <a href=\"dosearch.php?searchkey=23906&amp;language=id\"><span class=\"eastsyriac\">\u071f\u0732\u072c\u0735\u072a\u0735\u0710</span></a>, <a href=\"dosearch.php?searchkey=6544&amp;language=id\"><span class=\"eastsyriac\">\u071f\u0738\u072c\u072a\u0735\u0722\u0735\u0710</span></a></span>", "<span class=\"wordlink\"><a href=\"dosearch.php?searchkey=10984&amp;language=id\"><span class=\"eastsyriac\">\u0726\u071f\u0735\u072a\u0735\u0710</span></a>, <a href=\"dosearch.php?searchkey=563&amp;language=id\"><span class=\"eastsyriac\">\u0710\u0732\u0723\u0718\u073c\u072a\u0735\u0710</span></a>, <a href=\"dosearch.php?searchkey=3735&amp;language=id\"><span class=\"eastsyriac\">\u0719\u0735\u0718\u0713\u0735\u0710</span></a>, <a href=\"dosearch.php?searchkey=4654&amp;language=id\"><span class=\"eastsyriac\">\u071a\u0738\u0722\u0729\u0735\u0710</span></a>, <a href=\"dosearch.php?searchkey=5530&amp;language=id\"><span class=\"eastsyriac\">\u071d\u0738\u0723\u0718\u073c\u072a\u0735\u0710</span></a>, <a href=\"dosearch.php?searchkey=5674&amp;language=id\"><span class=\"eastsyriac\">\u071f\u0738\u0712\u0742\u0720\u0735\u0710</span></a></span>"], "key": "6540", "west": "\u071f\u0736\u072c\u072a\u0733\u0710", "phonetic": "<td>' kit ra:</td>", "east": "\u071f\u0738\u072c\u072a\u0735\u0710"}
]