[
{"searchkey": "24974", "audio": [], "context": ["sometimes with \u0712 / \u0725\u0732\u0720", "transitive", "transitive and intransitive"], "webrank": 6, "text": [" : 1) ", " : to beat ", " , to slay , to hit , to smite , to strike ;\r\n2) ", " : to stamp , to press (?) / to emboss (?) / to coin (?)"], "english": "<td>1) <span class=\"context\">sometimes with <a href=\"dosearch.php?searchkey=b&amp;language=fullsyriac\"><span class=\"eastsyriac\">\u0712</span></a> / <a href=\"dosearch.php?searchkey=cal&amp;language=fullsyriac\"><span class=\"eastsyriac\">\u0725\u0732\u0720</span></a></span> : to beat <span class=\"context\">transitive</span> , to slay , to hit , to smite , to strike ;\r\n2) <span class=\"context\">transitive and intransitive</span> : to stamp , to press (?) / to emboss (?) / to coin (?) ;\r\n<span class=\"locution\"><span class=\"eastsyriac\">\u0721\u0735\u071a\u0739\u0710 \u0710\u0729\u0720\u0739\u0717 \u0712</span></span> : to hit one's foot against , to stumble against ;\r\n3) <span class=\"context\">wind</span> : to blow , <span class=\"context\">thunder</span> : to peal / to thunder , <span class=\"context\">lightning</span> : to flash ;\r\n<span class=\"locution\"><span class=\"eastsyriac\">\u072a\u0308\u0732\u0725\u0721\u0739\u0710 \u0712\u0738\u0721\u071a\u0735\u071d\u0735\u0710 \u071d\u0722\u0735\u0710</span></span> : it thunders ;\r\n<span class=\"locution\"><span class=\"eastsyriac\">\u0712\u0738\u072a\u0729\u0735\u0710 \u0712\u0738\u0721\u071a\u0735\u071d\u0735\u0710 \u071d\u0720\u0739\u0717</span></span> : it lightens , there are flashes of lightning ;\r\n<span class=\"locution\"><span class=\"eastsyriac\">\u0712\u0718\u073c\u072a\u0735\u0722 \u0712\u0738\u0721\u071a\u0735\u071d\u0735\u0710 \u071d\u0720\u0735\u0717\u073f</span></span> : it is stormy , there is a storm ;\r\n<span class=\"locution\"><span class=\"eastsyriac\">\u0729\u0732\u0721\u0728\u0735\u0710 \u0712\u0738\u0721\u071a\u0735\u071d\u0735\u0710 \u071d\u0720\u0739\u0717</span></span> : there is a plague of locusts ;\r\n3) <span class=\"context\">Urmiah</span> : to do <span class=\"context\">a thing</span> eagerly / strongly , to put / place quickly ;\r\n<span class=\"context\">Exodus : 15, 10</span> : <span class=\"locution\"><span class=\"eastsyriac\">\u0721\u0735\u071a\u0739\u0710 \u0712\u0726\u0735\u0718\u071a\u0735\u0710</span></span> : to send a strong wind ;\r\n4) <span class=\"context\">Urmiah</span> : to eat hard / to drink hard , to guzzle / to booze up (?) / to be alcoholic (?) ;\r\n<span class=\"locution\"><span class=\"eastsyriac\">\u0721\u0735\u071a\u0739\u0710 \u0710\u071d\u073c\u0715\u0735\u0710</span></span> : to endeavour / endeavor ;\r\n5) <span class=\"context\">Al Qosh</span> : to seize ;\r\n6) <span class=\"context\">Al Qosh</span> : to spring ;\r\n7) to put , to fix , to fasten, to pitch <span class=\"context\">camp...</span> ;\r\n<span class=\"locution\"><span class=\"eastsyriac\">\u0721\u0735\u071a\u0739\u0710 \u0720\u0719\u0729\u071d\u073c\u0726\u0735\u0710</span></span> : to crucify ;\r\n8) <span class=\"context\">any musical instrument sometimes with <a href=\"dosearch.php?searchkey=b&amp;language=fullsyriac\"><span class=\"eastsyriac\">\u0712</span></a></span> : to play , <span class=\"context\">trumpet, horn</span> : to blow ;\r\n9) to inflict <span class=\"context\">a wound , a disease</span> ;\r\n10) <span class=\"context\">ornaments ... ; Pierre :1, 3</span> : to wear ; \r\n<span class=\"context\">Genesis : 41, 35</span> : <span class=\"locution\"><span class=\"eastsyriac\">\u0721\u0735\u071a\u0739\u0710 \u0710\u0732\u0722\u0712\u0735\u072a \u0715\u0732\u071a\u0720\u0735\u0710</span></span>  : to store up corn ;\r\n<span class=\"locution\"><span class=\"eastsyriac\">\u0721\u0735\u071a\u0739\u0710 \u0710\u0732\u0722\u0713\u0735\u0720</span></span> : to hinder ;\r\n<span class=\"context\">Al Qosh</span> : <span class=\"locution\"><span class=\"eastsyriac\">\u0721\u0735\u071a\u0739\u0710 \u0720\u0710\u0718\u073c\u072a\u071a\u0735\u0710</span></span> : to start , to hit the road , to see off / to say goodbye , to chase away (?) : to cause to go (?) ;\r\n<span class=\"locution\"><span class=\"eastsyriac\">\u0729\u0732\u072a\u072c\u0735\u0710 \u0721\u0738\u071a\u071d\u0738\u0722\u0735\u0717\u073f</span></span> / <span class=\"locution\"><span class=\"eastsyriac\">\u0729\u0732\u072a\u072c\u0735\u0710 \u0721\u071a\u071d\u073c\u072c\u0735\u0710 \u071d\u0720\u0735\u0717\u073f \u0710\u0738\u0720\u071d\u073c</span></span> : I caught cold ;</td>", "cf": ["<span class=\"wordlink\"><a href=\"dosearch.php?searchkey=17669&amp;language=id\"><span class=\"eastsyriac\">\u0721\u071a\u0710</span></a>, <a href=\"dosearch.php?searchkey=7548&amp;language=id\"><span class=\"eastsyriac\">\u0721\u071a\u0735\u071d\u0735\u0710</span></a>, <a href=\"dosearch.php?searchkey=7508&amp;language=id\"><span class=\"eastsyriac\">\u0721\u071a\u0735\u0710</span></a>, <a href=\"dosearch.php?searchkey=24975&amp;language=id\"><span class=\"eastsyriac\">\u0721\u071a\u0735\u071d\u072c\u0735\u0710</span></a>, <a href=\"dosearch.php?searchkey=24976&amp;language=id\"><span class=\"eastsyriac\">\u0721\u0735\u071a\u071d\u0735\u0722\u0735\u0710</span></a></span>", "<span class=\"wordlink\"><a href=\"dosearch.php?searchkey=12900&amp;language=id\"><span class=\"eastsyriac\">\u0729\u0735\u0721\u0718\u073f\u071a\u0739\u0710</span></a>, <a href=\"dosearch.php?searchkey=12904&amp;language=id\"><span class=\"eastsyriac\">\u0729\u0721\u0735\u071a\u0735\u0710</span></a>, <a href=\"dosearch.php?searchkey=12901&amp;language=id\"><span class=\"eastsyriac\">\u0729\u0735\u072a\u0721\u0718\u073c\u071a\u0739\u0710</span></a>, <a href=\"dosearch.php?searchkey=15095&amp;language=id\"><span class=\"eastsyriac\">\u072b\u0729\u0735\u0726\u0735\u0710</span></a>, <a href=\"dosearch.php?searchkey=25901&amp;language=id\"><span class=\"eastsyriac\">\u0721\u0726\u0732\u072a\u0713\u0738\u0719</span></a>, <a href=\"dosearch.php?searchkey=20224&amp;language=id\"><span class=\"eastsyriac\">\u0715\u0735\u071f\u0738\u072a</span></a>, <a href=\"dosearch.php?searchkey=4346&amp;language=id\"><span class=\"eastsyriac\">\u071a\u071b\u0735\u072a\u0735\u0710</span></a>, <a href=\"dosearch.php?searchkey=5261&amp;language=id\"><span class=\"eastsyriac\">\u071b\u0732\u072a\u0712\u0718\u073c\u071a\u0739\u0710</span></a></span>"], "key": "24974", "west": "\u0721\u0733\u071a\u0736\u0710", "phonetic": "<td>' ma: \u1e25i:</td>", "east": "\u0721\u0735\u071a\u0739\u0710"},
{"searchkey": "11387", "audio": [], "context": [], "webrank": 10, "text": [" : an administrator , a trustee , a manager , a governor , a director , an executive , a boss , a superintendent , a man in charge ; "], "english": "<td>an administrator , a trustee , a manager , a governor , a director , an executive , a boss , a superintendent , a man in charge ; </td>", "cf": ["<span class=\"wordlink\"><a href=\"dosearch.php?searchkey=18600&amp;language=id\"><span class=\"eastsyriac\">\u0726\u072a\u0722\u0723</span></a>, <a href=\"dosearch.php?searchkey=11385&amp;language=id\"><span class=\"eastsyriac\">\u0726\u0732\u072a\u0722\u0739\u0723</span></a>, <a href=\"dosearch.php?searchkey=11386&amp;language=id\"><span class=\"eastsyriac\">\u0726\u0732\u072a\u0722\u0718\u073c\u0723\u0739\u0710</span></a>, <a href=\"dosearch.php?searchkey=8304&amp;language=id\"><span class=\"eastsyriac\">\u0721\u0726\u0732\u072a\u0722\u0723\u0735\u0722\u0718\u073c\u072c\u0735\u0710</span></a>, <a href=\"dosearch.php?searchkey=8829&amp;language=id\"><span class=\"eastsyriac\">\u0721\u0738\u072c\u0726\u0732\u072a\u0722\u0723\u0735\u0722\u0718\u073c\u072c\u0735\u0710</span></a>, <a href=\"dosearch.php?searchkey=10782&amp;language=id\"><span class=\"eastsyriac\">\u0726\u0718\u073c\u072a\u0722\u0735\u0723\u0735\u0710</span></a>, <a href=\"dosearch.php?searchkey=17765&amp;language=id\"><span class=\"eastsyriac\">\u0726\u0732\u072a\u0722\u0739\u0723</span></a></span>"], "key": "11387", "west": "\u0726\u0730\u072a\u0722\u0733\u0723\u0733\u0710", "phonetic": "<td>par ' na: sa:</td>", "east": "\u0726\u0732\u072a\u0722\u0735\u0723\u0735\u0710"},
{"searchkey": "4253", "audio": [], "context": [], "webrank": 5, "text": [" : carving , cutting , the act or art of one who carves , engraving , embossing (?)"], "english": "<td>carving , cutting , the act or art of one who carves , engraving , embossing (?)</td>", "cf": [], "key": "4253", "west": "\u071a\u073d\u0718\u072a\u071b\u0733\u0710", "phonetic": "<td>\u1e25u ' ra:t \u1e6da:</td>", "east": "\u071a\u0718\u073c\u072a\u071b\u0735\u0710"},
{"searchkey": "32492", "audio": [], "context": ["hair", "anvil ...", "Rh\u00e9tor\u00e9", "heart", "Rh\u00e9tor\u00e9"], "webrank": 8, "text": [" : 1) to hammer , to beat , to engrave in relief , to emboss ;\r\n2) to make straight , ", " : to uncurl , to make sleek (?) ;\r\n3) to be beaten with rods , ", " : to be pounded / to be hammered / to be beaten ;\r\n4) ", " : to cause to tremble , to cause to quake , to cause to quiver , ", " : to beat wildly / to beat in the throat ;\r\n"], "english": "<td>1) to hammer , to beat , to engrave in relief , to emboss ;\r\n2) to make straight , <span class=\"context\">hair</span> : to uncurl , to make sleek (?) ;\r\n3) to be beaten with rods , <span class=\"context\">anvil ...</span> : to be pounded / to be hammered / to be beaten ;\r\n4) <span class=\"context\">Rh\u00e9tor\u00e9</span> : to cause to tremble , to cause to quake , to cause to quiver , <span class=\"context\">heart</span> : to beat wildly / to beat in the throat ;\r\n<span class=\"context\">Rh\u00e9tor\u00e9 ; <span class=\"locution\"><span class=\"eastsyriac\">\u0715\u0720\u0735\u0710 \u072a\u0308\u0732\u071a\u0721\u0739\u0710 \u0728\u0732\u072a\u0712\u0739\u0717 \u072b\u0721\u071d\u073c\u071b \u0720\u0739\u0717 \u0720\u0738\u0712\u0308\u0735\u0718\u0735\u072c\u0742\u0732\u071d \u0721\u072b\u0718\u073c\u0725\u0712\u0739\u071b \u0720\u0739\u0717</span></span></span> : pitilessly it <span class=\"context\">the plague</span> unsheathed to deal its blows and caused the / their hearts to tremble , it callously drew its sword to hit and caused their hearts to shake / to quiver / beat wildly ;\r\n<span class=\"context\">Rh\u00e9tor\u00e9 ; <span class=\"locution\"><span class=\"eastsyriac\">\u0721\u072b\u0718\u073c\u0725\u0712\u0738\u071b \u0720\u0739\u0717 \u0720\u0738\u0712\u0308\u0735\u0718\u0735\u072c\u0742\u0735\u0710 \u0715\u0713\u0330\u0718\u0735\u0722\u0308\u0729\u0739\u0710 \u0718\u0713\u0732\u0712\u0742\u072a\u0308\u0739\u0710 \u0718\u071a\u0735\u0721\u0308\u0735\u072c\u0742\u0735\u0710 \u0712\u071b\u0732\u0725\u0722\u0308\u0739\u0710 \u0721\u0735\u072c\u071d\u073c \u0717\u0747\u0718\u0735\u0718 \u0720\u0721\u0735\u0710\u072c\u0742\u0735\u0710</span></span></span> : it caused the hearts of the youths, of the men and lasses, because by loads were corpses brought to the village ;</td>", "cf": ["<span class=\"wordlink\"><a href=\"dosearch.php?searchkey=32494&amp;language=id\"><span class=\"eastsyriac\">\u072b\u0732\u0712\u071b\u0735\u0710</span></a></span>", "<span class=\"wordlink\"><a href=\"dosearch.php?searchkey=26225&amp;language=id\"><span class=\"eastsyriac\">\u0721\u0732\u072a\u0713\u0738\u0715</span></a></span>"], "key": "32492", "west": "\u0721\u072b\u0730\u0725\u0712\u0736\u071b", "phonetic": "<td>(m) ' \u0161a: bi\u1e6d</td>", "east": "\u0721\u072b\u0732\u0725\u0712\u0738\u071b"},
{"searchkey": "8042", "audio": [], "context": [], "webrank": 7, "text": [" : to have engraved / chiselled / cut with an engraving tool / carved , to have tattooed , to have embossed (?) ;"], "english": "<td>to have engraved / chiselled / cut with an engraving tool / carved , to have tattooed , to have embossed (?) ;</td>", "cf": [], "key": "8042", "west": "\u0721\u0730\u0722\u0729\u073d\u0718\u072a\u0736\u0710", "phonetic": "<td>man ' qu ri</td>", "east": "\u0721\u0732\u0722\u0729\u0718\u073c\u072a\u0739\u0710"},
{"searchkey": "11216", "audio": [], "context": [], "webrank": 9, "text": [" : a capital (of a column) , a brazen boss / support ;"], "english": "<td>a capital (of a column) , a brazen boss / support ;</td>", "cf": ["<span class=\"wordlink\"><a href=\"dosearch.php?searchkey=12362&amp;language=id\"><span class=\"eastsyriac\">\u0729\u0718\u073c\u0712\u0725\u0735\u0710</span></a></span>"], "key": "11216", "west": "\u0726\u0729\u073a\u071d\u0725\u0733\u0710", "phonetic": "<td>' pqi: ah</td>", "east": "\u0726\u0729\u071d\u073c\u0725\u0735\u0710"},
{"searchkey": "3439", "audio": [], "context": [], "webrank": 4, "text": [" : the ruler , the leader , the one who has authority , the boss (?) , the governor ;"], "english": "<td>the ruler , the leader , the one who has authority , the boss (?) , the governor ;</td>", "cf": ["<span class=\"wordlink\"><a href=\"dosearch.php?searchkey=3361&amp;language=id\"><span class=\"eastsyriac\">\u0717\u0718\u073c\u071f\u0721\u0735\u0710</span></a></span>", "<span class=\"wordlink\"><a href=\"dosearch.php?searchkey=11595&amp;language=id\"><span class=\"eastsyriac\">\u0728\u0735\u0710\u0717\u0738\u0712\u0721\u0732\u0722\u0723\u0735\u0712</span></a>, <a href=\"dosearch.php?searchkey=113&amp;language=id\"><span class=\"eastsyriac\">\u0710\u0718\u073f\u072c\u0738\u0722\u071b\u071d\u073c\u0735\u0710</span></a>, <a href=\"dosearch.php?searchkey=1338&amp;language=id\"><span class=\"eastsyriac\">\u0712\u0739\u071d\u072c\u072b\u0718\u073c\u0720\u071b\u0735\u0722\u0735\u0710</span></a>, <a href=\"dosearch.php?searchkey=2719&amp;language=id\"><span class=\"eastsyriac\">\u0715\u0735\u0712\u072a\u0735\u0722\u0735\u0710</span></a>, <a href=\"dosearch.php?searchkey=2801&amp;language=id\"><span class=\"eastsyriac\">\u0715\u0718\u073f\u071f\u0718\u073f\u0723</span></a>, <a href=\"dosearch.php?searchkey=3314&amp;language=id\"><span class=\"eastsyriac\">\u0717\u0732\u0715\u0735\u071d\u0735\u0710</span></a>, <a href=\"dosearch.php?searchkey=5718&amp;language=id\"><span class=\"eastsyriac\">\u071f\u0742\u0718\u0735\u0713\u0748\u0735\u0710</span></a>, <a href=\"dosearch.php?searchkey=7134&amp;language=id\"><span class=\"eastsyriac\">\u0721\u0715\u0732\u0712\u072a\u0735\u0722\u0735\u0710</span></a>, <a href=\"dosearch.php?searchkey=8487&amp;language=id\"><span class=\"eastsyriac\">\u0721\u0732\u072a\u071a\u0732\u071d\u0720\u0735\u0710</span></a>, <a href=\"dosearch.php?searchkey=8497&amp;language=id\"><span class=\"eastsyriac\">\u0721\u0735\u072a\u071d\u0747</span></a>, <a href=\"dosearch.php?searchkey=8533&amp;language=id\"><span class=\"eastsyriac\">\u0721\u0735\u072a\u0735\u0722\u0735\u071d\u0718\u073c\u072c\u0735\u0710</span></a>, <a href=\"dosearch.php?searchkey=12771&amp;language=id\"><span class=\"eastsyriac\">\u0729\u071d\u073c\u072a</span></a>, <a href=\"dosearch.php?searchkey=42&amp;language=id\"><span class=\"eastsyriac\">\u0710\u0735\u0713\u0735\u0742\u0710</span></a></span>"], "key": "3439", "west": "\u0717\u0733\u071f\u0721\u0733\u0722\u0733\u0710", "phonetic": "<td>hak ' ma: na:</td>", "east": "\u0717\u0735\u071f\u0721\u0735\u0722\u0735\u0710"},
{"searchkey": "2346", "audio": [], "context": [], "webrank": 3, "text": [" : embossment , engraving "], "english": "<td>embossment , engraving </td>", "cf": [], "key": "2346", "west": "\u0713\u0720\u0733\u0726\u072c\u0733\u0710", "phonetic": "<td>' glap ta</td>", "east": "\u0713\u0720\u0735\u0726\u072c\u0735\u0710"},
{"searchkey": "2345", "audio": [], "context": [], "webrank": 2, "text": [" : to emboss , to engrave , to carve"], "english": "<td>to emboss , to engrave , to carve</td>", "cf": [], "key": "2345", "west": "\u0713\u0720\u0733\u0726\u0733\u0710", "phonetic": "<td>'gla:pa</td>", "east": "\u0713\u0720\u0735\u0726\u0735\u0710"},
{"searchkey": "719", "audio": [], "context": [], "webrank": 1, "text": [" : a lord , a master , a man with supreme authority as from possession or property rights , a boss , a man in high position ;"], "english": "<td>a lord , a master , a man with supreme authority as from possession or property rights , a boss , a man in high position ;</td>", "cf": ["<span class=\"wordlink\"><a href=\"dosearch.php?searchkey=13327&amp;language=id\"><span class=\"eastsyriac\">\u072a\u0732\u0712\u0718\u073f\u0722\u0735\u0710</span></a>, <a href=\"dosearch.php?searchkey=mir&amp;language=fullsyriac\"><span class=\"eastsyriac\">\u0721\u071d\u073c\u072a</span></a></span>"], "key": "719", "west": "\u0710\u0733\u072a\u0712\u0733\u0712", "phonetic": "<td>' a:r ba:b</td>", "east": "\u0710\u0735\u072a\u0712\u0735\u0712"},
{"searchkey": "27960", "audio": [], "context": ["especially Al Qosh : = \u072a\u0739\u072b\u0735\u071d\u0735\u0710"], "webrank": 90, "text": [" : 1) a chief , a prince , a ruler , a sovereign , a ruler , a head , a leader / a chieftain , a boss ;\r\n2) ", " ;"], "english": "<td>1) a chief , a prince , a ruler , a sovereign , a ruler , a head , a leader / a chieftain , a boss ;\r\n2) <span class=\"context\">especially Al Qosh : = <a href=\"dosearch.php?searchkey=rEjAyA%27&amp;language=fullsyriac\"><span class=\"eastsyriac\">\u072a\u0739\u072b\u0735\u071d\u0735\u0710</span></a></span> ;</td>", "cf": ["<span class=\"wordlink\"><a href=\"dosearch.php?searchkey=13897&amp;language=id\"><span class=\"eastsyriac\">\u072a\u0739\u072b\u0735\u0710</span></a>, <a href=\"dosearch.php?searchkey=27961&amp;language=id\"><span class=\"eastsyriac\">\u072a\u0739\u072b\u0735\u0722\u0718\u073c\u072c\u0735\u0710</span></a></span>"], "key": "27960", "west": "\u072a\u0736\u072b\u0733\u0722\u0733\u0710", "phonetic": "<td>ri: ' \u0161a: na:</td>", "east": "\u072a\u0739\u072b\u0735\u0722\u0735\u0710"},
{"searchkey": "27962", "audio": [], "context": [], "webrank": 70, "text": [" : headship , being in charge , being chief / the boss , first role / leadership ;"], "english": "<td>headship , being in charge , being chief / the boss , first role / leadership ;</td>", "cf": ["<span class=\"wordlink\"><a href=\"dosearch.php?searchkey=27961&amp;language=id\"><span class=\"eastsyriac\">\u072a\u0739\u072b\u0735\u0722\u0718\u073c\u072c\u0735\u0710</span></a>, <a href=\"dosearch.php?searchkey=13897&amp;language=id\"><span class=\"eastsyriac\">\u072a\u0739\u072b\u0735\u0710</span></a>, <a href=\"dosearch.php?searchkey=13931&amp;language=id\"><span class=\"eastsyriac\">\u072a\u0739\u072b\u0735\u071d\u0735\u0710</span></a></span>"], "key": "27962", "west": "\u072a\u0736\u072b\u0733\u071d\u073d\u0718\u072c\u0733\u0710", "phonetic": "<td>ri: \u0161a: iu: ta:</td>", "east": "\u072a\u0739\u072b\u0735\u071d\u0718\u073c\u072c\u0735\u0710"},
{"searchkey": "30305", "audio": [], "context": ["plural of "], "webrank": 80, "text": [" : ", " : the superiors , those on top / the bosses / the managers , the top brass ;"], "english": "<td><span class=\"context\">plural of <a href=\"dosearch.php?searchkey=&amp;language=fullsyriac\"><span class=\"eastsyriac\"></span></a></span> : the superiors , those on top / the bosses / the managers , the top brass ;</td>", "cf": ["<span class=\"wordlink\"><a href=\"dosearch.php?searchkey=13635&amp;language=id\"><span class=\"eastsyriac\">\u072a\u071d\u073c\u072b\u0735\u0710</span></a>, <a href=\"dosearch.php?searchkey=19890&amp;language=id\"><span class=\"eastsyriac\">\u0715\u0735\u0712\u0742\u0738\u0729 \u0721\u0738\u0722 \u072a\u0739\u072b\u0735\u0710</span></a>, <a href=\"dosearch.php?searchkey=23183&amp;language=id\"><span class=\"eastsyriac\">\u072a\u0735\u071d\u0738\u0723</span></a>, <a href=\"dosearch.php?searchkey=27959&amp;language=id\"><span class=\"eastsyriac\">\u0715\u0739\u072b\u0721\u0735\u0720\u0735\u0710</span></a>, <a href=\"dosearch.php?searchkey=27958&amp;language=id\"><span class=\"eastsyriac\">\u072a\u0739\u072b</span></a>, <a href=\"dosearch.php?searchkey=27965&amp;language=id\"><span class=\"eastsyriac\">\u072a\u0739\u072b\u071d\u073c\u072c\u0742\u0735\u0710</span></a>, <a href=\"dosearch.php?searchkey=27966&amp;language=id\"><span class=\"eastsyriac\">\u072a\u0739\u072b\u0735\u0725\u0720\u0735\u071d\u0735\u0710</span></a>, <a href=\"dosearch.php?searchkey=13897&amp;language=id\"><span class=\"eastsyriac\">\u072a\u0739\u072b\u0735\u0710</span></a></span>"], "key": "30305", "west": "\u072a\u0308\u0736\u072b\u0733\u0722\u0736\u0710", "phonetic": "<td>ri: ' \u0161a: n\u00e9</td>", "east": "\u072a\u0308\u0739\u072b\u0735\u0722\u0739\u0710"},
{"searchkey": "13947", "audio": [], "context": ["census, vote ...", "also"], "webrank": 100, "text": [" : 1) ", " : a head , a vote , each one among a number , an individual ;\r\n2)  "], "english": "<td>1) <span class=\"context\">census, vote ...</span> : a head , a vote , each one among a number , an individual ;\r\n2)  <span class=\"context\">also <span class=\"locution\"><span class=\"eastsyriac\">\u072a\u0732\u072b\u072c\u0735\u0710</span></span></span> : a head / individual , <span class=\"context\">objects, animals ...</span> : an item , a unit , a whole , a bulk , <span class=\"context\">cheese ...</span> : a lump / a piece ;\r\n3) a female chief / boss / chieftain , <span class=\"context\">see <a href=\"dosearch.php?searchkey=rrEjAnA%27&amp;language=fullsyriac\"><span class=\"eastsyriac\">\u072a\u072a\u0739\u072b\u0735\u0722\u0735\u0710</span></a></span> ;\r\n</td>", "cf": ["<span class=\"wordlink\"><a href=\"dosearch.php?searchkey=13672&amp;language=id\"><span class=\"eastsyriac\">\u072a\u071d\u073c\u072b\u072c\u0735\u0710</span></a>, <a href=\"dosearch.php?searchkey=13662&amp;language=id\"><span class=\"eastsyriac\">\u072a\u071d\u073c\u072b\u0718\u073c\u072c\u0735\u0710</span></a>, <a href=\"dosearch.php?searchkey=13661&amp;language=id\"><span class=\"eastsyriac\">\u072a\u071d\u073c\u072b\u0735\u0710\u071d\u073c\u072c</span></a>, <a href=\"dosearch.php?searchkey=13665&amp;language=id\"><span class=\"eastsyriac\">\u072a\u071d\u073c\u072b\u0735\u071d\u0718\u073c\u072c\u0735\u0710</span></a>, <a href=\"dosearch.php?searchkey=13668&amp;language=id\"><span class=\"eastsyriac\">\u072a\u071d\u073c\u072b\u0735\u0722\u0735\u0710</span></a>, <a href=\"dosearch.php?searchkey=13670&amp;language=id\"><span class=\"eastsyriac\">\u072a\u071d\u073c\u072b\u0735\u0722\u0718\u073c\u072c\u0735\u0710</span></a>, <a href=\"dosearch.php?searchkey=13671&amp;language=id\"><span class=\"eastsyriac\">\u072a\u071d\u073c\u072b\u0735\u0722\u0735\u071d\u0735\u0710</span></a>, <a href=\"dosearch.php?searchkey=13664&amp;language=id\"><span class=\"eastsyriac\">\u072a\u071d\u073c\u072b\u0735\u071d\u0735\u0710</span></a>, <a href=\"dosearch.php?searchkey=13635&amp;language=id\"><span class=\"eastsyriac\">\u072a\u071d\u073c\u072b\u0735\u0710</span></a>, <a href=\"dosearch.php?searchkey=13634&amp;language=id\"><span class=\"eastsyriac\">\u072a\u071d\u073c\u072b</span></a>, <a href=\"dosearch.php?searchkey=13897&amp;language=id\"><span class=\"eastsyriac\">\u072a\u0739\u072b\u0735\u0710</span></a>, <a href=\"dosearch.php?searchkey=rEjitLA%27&amp;language=fullsyriac\"><span class=\"eastsyriac\">\u072a\u0739\u072b\u071d\u073c\u072c\u0742\u0735\u0710</span></a></span>"], "key": "13947", "west": "\u072a\u0736\u072b\u072c\u0733\u0710", "phonetic": "<td>' ri\u0161 ta:</td>", "east": "\u072a\u0739\u072b\u072c\u0735\u0710"},
{"searchkey": "13897", "audio": [], "context": ["Rh\u00e9tor\u00e9"], "webrank": 60, "text": [" : 1) the head , the upper part of the body , the higher / upper part of anything / the acme , the summit / the apex , the end / the end point / the extremity / the tip , the peak ;\r\n"], "english": "<td>1) the head , the upper part of the body , the higher / upper part of anything / the acme , the summit / the apex , the end / the end point / the extremity / the tip , the peak ;\r\n<span class=\"context\">Rh\u00e9tor\u00e9 ; <span class=\"locution\"><span class=\"eastsyriac\">\u0712\u071d\u073c\u071f\u0742 \u0720\u0735\u0717\u073f \u0712\u0732\u071f\u0742\u072c\u0735\u0710 \u071a\u0738\u0721\u072c\u0742\u0735\u0710 \u0720\u072a\u0739\u072b\u0732\u0722</span></span></span> : the woman vomited her anger upon our heads / vented her anger against us ;\r\n<span class=\"context\">plural <span class=\"locution\"><span class=\"eastsyriac\">\u072a\u0308\u0739\u072b\u0739\u0710</span></span> : heads ; <a href=\"dosearch.php?searchkey=rCEjAwAtLA%27&amp;language=fullsyriac\"><span class=\"eastsyriac\">\u072a\u0308\u0739\u072b\u0735\u0718\u0735\u072c\u0742\u0735\u0710</span></a> : ends / end points / extremities</span> ;\r\n<span class=\"context\">Micah : 1, 4</span> : <span class=\"locution\"><span class=\"eastsyriac\">\u072a\u0739\u072b\u0735\u0710 \u072a\u0739\u072b\u0732\u071a\u072c\u0735\u0710</span></span> / <span class=\"locution\"><span class=\"eastsyriac\">\u072a\u0739\u072b\u0735\u0710 \u072a\u0739\u072b\u0735\u0710 \u071a\u072c\u0735\u071d\u0735\u0710</span></span> / <span class=\"locution\"><span class=\"eastsyriac\">\u0712\u072a\u0739\u072b\u0735\u0710 \u071a\u072c\u0735\u071d\u0735\u0710</span></span> : headlong , head downwards , with all one's might / impetuously (?) , back over the head (?) / head over heels (?) ;\r\n2) the beginning , the start , the origin , <span class=\"context\">energy, income, information, supplies ...</span> : the source (?) ;\r\n<span class=\"locution\"><span class=\"eastsyriac\">\u0721\u0738\u0722 \u072a\u0739\u072b\u0735\u0710</span></span> / <a href=\"dosearch.php?searchkey=mendrEj&amp;language=fullsyriac\"><span class=\"eastsyriac\">\u0721\u0738\u0722\u0715\u072a\u0739\u072b</span></a> : again , anew ;\r\n3) <span class=\"context\">= <a href=\"dosearch.php?searchkey=rEjAnA%27&amp;language=fullsyriac\"><span class=\"eastsyriac\">\u072a\u0739\u072b\u0735\u0722\u0735\u0710</span></a></span> : a chief , a prince , a ruler , a sovereign , a leader , a boss / a head ;\r\n<span class=\"context\">Rh\u00e9tor\u00e9 ; <span class=\"locution\"><span class=\"eastsyriac\">\u0721\u0732\u0722\u071d\u073c \u071f\u0738\u0721\u0735\u0729\u0738\u0721 \u0720\u0718\u073f\u071f\u0742 \u0725\u0738\u0720\u0732\u0722 \u072a\u0739\u072b\u0735\u0710 \u0718\u0715\u0732\u071d\u0735\u0722\u0735\u0710</span></span></span> : who established you chief or judge over us ? ;\r\n<span class=\"context\">Rh\u00e9tor\u00e9 ; <span class=\"locution\"><span class=\"eastsyriac\">\u072a\u0739\u072b\u0735\u0710 \u0715\u071d\u073c\u071d\u0732\u0722 \u071d\u073c\u0718\u0738\u072c</span></span></span> : thou art / you are our chief ;\r\n<span class=\"locution\"><span class=\"eastsyriac\">\u072a\u0739\u072b\u0735\u0710 \u0715\u0712\u0742\u071d\u073c\u0725\u0735\u071d\u0735\u0710</span></span> / <span class=\"locution\"><span class=\"eastsyriac\">\u072a\u0739\u072b\u0735\u0710 \u0715\u0710\u0732\u072a\u0712\u0725\u0735\u0710</span></span> : a tetrarch ;\r\n<span class=\"locution\"><span class=\"eastsyriac\">\u072a\u0308\u0739\u072b\u0735\u0722\u0739\u0710</span></span> : chiefs , supervisors , top brass (?) ;\r\n4) <span class=\"context\">hill ...</span> : the top , the summit , the peak ;\r\n5) <span class=\"context\">pencil, sword, arrow ...</span> : the tip , an extremity / an end ;\r\n<span class=\"locution\"><span class=\"eastsyriac\">\u0721\u0738\u0722 \u072a\u0739\u072b\u0735\u0710 \u0718\u0717\u0732\u0720 \u072a\u0739\u072b\u0735\u0710</span></span> : from one end to the other ;\r\n6) a head of hair ;\r\n7) a head <span class=\"context\">of a sermon, chapter</span> , a heading ;\r\n8) <span class=\"field\">army</span> : a company , a division ;\r\n9) a sum / a summary ;\r\n10) <span class=\"context\">NENA</span> : a loaf <span class=\"context\">of sugar ; see <a href=\"dosearch.php?searchkey=rejtA%27&amp;language=fullsyriac\"><span class=\"eastsyriac\">\u072a\u0738\u072b\u072c\u0735\u0710</span></a></span> ;\r\n<span class=\"locution\"><span class=\"eastsyriac\">\u0710\u0735\u071f\u0742\u0738\u0720 \u072a\u0739\u072b\u0735\u0710</span></span> / <span class=\"locution\"><span class=\"eastsyriac\">\u0710\u0735\u071f\u0742\u0738\u0720 \u072a\u0739\u0308\u072b\u0735\u0722\u0739\u0710</span></span> : a) an only surviving child , b) <span class=\"context\">adjective : said of an unexpected success</span> : bringing bad luck ;\r\n<span class=\"locution\"><span class=\"eastsyriac\">\u0710\u0735\u071f\u0742\u0738\u0720 \u072a\u0739\u072b\u0718\u073c\u071f\u0742</span></span> : bad luck to you ! ;\r\n<span class=\"locution\"><span class=\"eastsyriac\">\u072a\u0738\u072b \u072a\u0739\u072b\u071d\u073c</span></span> : a) <span class=\"context\">a sign of obedience ; see <a href=\"dosearch.php?searchkey=caynA%27&amp;language=fullsyriac\"><span class=\"eastsyriac\">\u0725\u0732\u071d\u0722\u0735\u0710</span></a></span> : on my eyes be it ! , b) welcome ! , <span class=\"context\">= <span class=\"locution\"><span class=\"eastsyriac\">\u072a\u0739\u072b \u0725\u0732\u071d\u0722\u071d\u073c \u0710\u072c\u0739\u0710 \u0720\u0718\u073c\u071f\u0742</span></span></span> ;\r\n<span class=\"locution\"><span class=\"eastsyriac\">\u072a\u0739\u072b\u0735\u0710 \u0718\u0710\u0732\u0729\u0308\u0720\u0739\u0710</span></span> : sheep's head and trotters ;\r\n<span class=\"locution\"><span class=\"eastsyriac\">\u071a\u0732\u072a\u0713\u0330 \u0715\u072a\u0739\u072b\u0735\u0710</span></span> : a poll-tax ;\r\n<span class=\"locution\"><span class=\"eastsyriac\">\u072a\u0739\u072b\u0735\u0710 \u0712\u0732\u0725\u0712\u0735\u0710 \u071a\u0718\u0735\u072a\u072c\u0735\u0710</span></span> : <span class=\"context\">the name of a kind of grapes</span> ;\r\n<span class=\"context\">Tiari</span> : <span class=\"locution\"><span class=\"eastsyriac\">\u0721\u072a\u0739\u072b\u0735\u0710 \u0715\u071d\u0735\u0718\u0721\u0735\u0710</span></span> / <span class=\"context\">= <a href=\"dosearch.php?searchkey=mhAwrEjA%27&amp;language=fullsyriac\"><span class=\"eastsyriac\">\u0721\u0717\u0735\u0718\u072a\u0739\u072b\u0735\u0710</span></a></span> : the morning , tomorrow ;\r\n<span class=\"locution\"><span class=\"eastsyriac\">\u072a\u0739\u072b\u0735\u0710 \u072a\u0739\u072b</span></span> : by heads , taking the heads (?) ;\r\n<span class=\"context\">Al Qosh</span> : <span class=\"locution\"><span class=\"eastsyriac\">\u071a\u0732\u0715\u0747 \u072a\u0739\u072b\u0735\u0710</span></span> : straight , straightway ;\r\n<span class=\"locution\"><span class=\"eastsyriac\">\u072a\u0739\u072b\u0735\u0710 \u0715\u071d\u0732\u072a\u071a\u0735\u0710</span></span> : the first day of the month ;\r\n<span class=\"locution\"><span class=\"eastsyriac\">\u0721\u0735\u072a\u0738\u0721 \u072a\u0739\u072b\u0735\u0710 \u0715</span></span> : to make much of , to do honour to ;\r\n<span class=\"locution\"><span class=\"eastsyriac\">\u072a\u0739\u072b\u0718\u073c\u0717\u071d \u0712\u0738\u0726\u0720\u0735\u071b\u0735\u0710 \u071d\u0720\u0739\u0717 \u0721\u0738\u0722</span></span> : he understands <span class=\"context\">the matter</span> ;\r\n<span class=\"locution\"><span class=\"eastsyriac\">\u0721\u0712\u0735\u0723\u0738\u0721 \u072a\u0739\u072b\u0735\u0710 \u0715</span></span> : to condole with / to comfort <span class=\"context\">after a death ; see <a href=\"dosearch.php?searchkey=basimA%27&amp;language=fullsyriac\"><span class=\"eastsyriac\">\u0712\u0732\u0723\u071d\u073c\u0721\u0735\u0710</span></a></span> ;\r\n<span class=\"context\">NENA</span> : <span class=\"locution\"><span class=\"eastsyriac\">\u0710\u0747\u0719\u071d\u073c\u0720\u0739\u0717 \u0712\u0735\u072c\u0732\u072a \u072a\u0739\u072b\u0739\u0717</span></span> : he went at haphazard / aimlessly / at random ;\r\n<span class=\"locution\"><span class=\"eastsyriac\">\u0722\u0726\u071d\u073c\u0720\u0739\u0717 \u0712\u072a\u0739\u072b\u0739\u0717</span></span> : he understood it ;\r\n<span class=\"context\">NENA</span> : <span class=\"locution\"><span class=\"eastsyriac\">\u0710\u0747\u072c\u0739\u0710 \u0720\u0739\u0717 \u0712\u072a\u0739\u072b\u0739\u0717</span></span> : <span class=\"context\">the thing</span> happened to him , <span class=\"context\">the thing</span> occurred / befell to him , <span class=\"context\">the thing</span> did occur / happen / befall to him ;\r\n<span class=\"context\">NENA</span> : <span class=\"locution\"><span class=\"eastsyriac\">\u0712\u072a\u0739\u072b\u0718\u073c\u071f\u0742</span></span> : I pray you ! / come on ! / \"by thy head\" ;\r\n<span class=\"context\">NENA</span> : <span class=\"locution\"><span class=\"eastsyriac\">\u072a\u0739\u072b\u0735\u0710 \u072c\u072a\u0739\u071d</span></span> : double the amount , twice the amount ;\r\n<span class=\"context\">NENA</span> : <span class=\"locution\"><span class=\"eastsyriac\">\u0720\u072a\u0739\u072b\u0735\u0710 \u0715</span></span> : to <span class=\"context\">someone's</span> place , <span class=\"context\">= <a href=\"dosearch.php?searchkey=lkes&amp;language=fullsyriac\"><span class=\"eastsyriac\">\u0720\u071f\u0738\u0723</span></a></span> ;\r\n11) <span class=\"context\">Bailis Shamun ; see also <a href=\"dosearch.php?searchkey=metpajTAnutA%27&amp;language=fullsyriac\"><span class=\"eastsyriac\">\u0721\u0738\u072c\u0726\u0732\u072b\u071b\u0735\u0722\u0718\u073c\u072c\u0735\u0710</span></a></span> : the start , the beginning , the setting up / the launching / the onset , the inception ;</td>", "cf": ["<span class=\"wordlink\"><a href=\"dosearch.php?searchkey=13635&amp;language=id\"><span class=\"eastsyriac\">\u072a\u071d\u073c\u072b\u0735\u0710</span></a>, <a href=\"dosearch.php?searchkey=19890&amp;language=id\"><span class=\"eastsyriac\">\u0715\u0735\u0712\u0742\u0738\u0729 \u0721\u0738\u0722 \u072a\u0739\u072b\u0735\u0710</span></a>, <a href=\"dosearch.php?searchkey=23183&amp;language=id\"><span class=\"eastsyriac\">\u072a\u0735\u071d\u0738\u0723</span></a>, <a href=\"dosearch.php?searchkey=27959&amp;language=id\"><span class=\"eastsyriac\">\u0715\u0739\u072b\u0721\u0735\u0720\u0735\u0710</span></a>, <a href=\"dosearch.php?searchkey=27958&amp;language=id\"><span class=\"eastsyriac\">\u072a\u0739\u072b</span></a>, <a href=\"dosearch.php?searchkey=27965&amp;language=id\"><span class=\"eastsyriac\">\u072a\u0739\u072b\u071d\u073c\u072c\u0742\u0735\u0710</span></a>, <a href=\"dosearch.php?searchkey=27966&amp;language=id\"><span class=\"eastsyriac\">\u072a\u0739\u072b\u0735\u0725\u0720\u0735\u071d\u0735\u0710</span></a>, <a href=\"dosearch.php?searchkey=30305&amp;language=id\"><span class=\"eastsyriac\">\u072a\u0308\u0739\u072b\u0735\u0722\u0739\u0710</span></a>, <a href=\"dosearch.php?searchkey=31519&amp;language=id\"><span class=\"eastsyriac\">\u0721\u072a\u0739\u072b\u0735\u0710</span></a>, <a href=\"dosearch.php?searchkey=31557&amp;language=id\"><span class=\"eastsyriac\">\u072a\u0739\u072b\u0735\u0710 \u071a\u072c\u0735\u071d\u0735\u0710</span></a></span>", "<span class=\"wordlink\"><a href=\"dosearch.php?searchkey=10736&amp;language=id\"><span class=\"eastsyriac\">\u0726\u0718\u073c\u0721\u0735\u0710</span></a>, <a href=\"dosearch.php?searchkey=32918&amp;language=id\"><span class=\"eastsyriac\">\u072a\u0739\u071d\u072b \u0715\u0738\u071f\u0742\u072a\u0735\u0710</span></a>, <a href=\"dosearch.php?searchkey=13238&amp;language=id\"><span class=\"eastsyriac\">\u0729\u0732\u072a\u0729\u0732\u0726\u072c\u0735\u0710</span></a>, <a href=\"dosearch.php?searchkey=13507&amp;language=id\"><span class=\"eastsyriac\">\u072a\u0735\u0718\u0721\u0735\u0710</span></a>, <a href=\"dosearch.php?searchkey=35663&amp;language=id\"><span class=\"eastsyriac\">\u0721\u0738\u072c\u0726\u0732\u072b\u071b\u0735\u0722\u0718\u073c\u072c\u0735\u0710</span></a>, <a href=\"dosearch.php?searchkey=14440&amp;language=id\"><span class=\"eastsyriac\">\u072b\u0718\u073c\u072a\u0735\u071d\u0735\u0710</span></a></span>"], "key": "13897", "west": "\u072a\u0736\u072b\u0733\u0710", "phonetic": "<td>' ri: \u0161a:</td>", "east": "\u072a\u0739\u072b\u0735\u0710"},
{"searchkey": "13788", "audio": [], "context": [], "webrank": 50, "text": [" : a captain , a head-man / headman , a (clan / tribe) chief , a leader / boss (figurative sense) , one who has authority over others ;\r\n"], "english": "<td>a captain , a head-man / headman , a (clan / tribe) chief , a leader / boss (figurative sense) , one who has authority over others ;\r\n</td>", "cf": ["<span class=\"wordlink\"><a href=\"dosearch.php?searchkey=13634&amp;language=id\"><span class=\"eastsyriac\">\u072a\u071d\u073c\u072b</span></a>, <a href=\"dosearch.php?searchkey=13622&amp;language=id\"><span class=\"eastsyriac\">\u072a\u0735\u071d\u0739\u0723</span></a></span>"], "key": "13788", "west": "\u072a\u0730\u0725\u073a\u071d\u0723", "phonetic": "<td>' ra: is</td>", "east": "\u072a\u0732\u0725\u071d\u073c\u0723"},
{"searchkey": "13327", "audio": [], "context": [], "webrank": 40, "text": [" : a master , a lord / a male person having subjects to his will , one who uses / controls at will , a boss ; "], "english": "<td>a master , a lord / a male person having subjects to his will , one who uses / controls at will , a boss ; </td>", "cf": ["<span class=\"wordlink\"><a href=\"dosearch.php?searchkey=13328&amp;language=id\"><span class=\"eastsyriac\">\u072a\u0732\u0712\u0718\u073c\u0722\u071d\u073c</span></a>, <a href=\"dosearch.php?searchkey=13334&amp;language=id\"><span class=\"eastsyriac\">\u072a\u0732\u0712\u071d\u073c</span></a>, <a href=\"dosearch.php?searchkey=13335&amp;language=id\"><span class=\"eastsyriac\">\u072a\u0735\u0712\u071d\u073c</span></a></span>", "<span class=\"wordlink\"><a href=\"dosearch.php?searchkey=719&amp;language=id\"><span class=\"eastsyriac\">\u0710\u0735\u072a\u0712\u0735\u0712</span></a></span>"], "key": "13327", "west": "\u072a\u0730\u0712\u073d\u0718\u0722\u0733\u0710", "phonetic": "<td>rab ' bo na (?) </td>", "east": "\u072a\u0732\u0712\u0718\u073f\u0722\u0735\u0710"},
{"searchkey": "12714", "audio": [], "context": ["NENA ; a man's name", "1 Rois : 4, 7", "Oraham", "Oraham : cause ..."], "webrank": 30, "text": [" : 1) ", " ; \r\n2) ", " : an officer , an official , ", " : a manager , a superintendent , an executive , a boss , a director , an administrator , a leader , a chief , a head ;\r\n3) ", " : a supporter , an upholder , an advocate , a backer , an adherent , a follower , a disciple , a partisan ;\r\n4) a succorer / support , a patron / one who sustains / one who helps to exist ;\r\n5) a president , a chairman (?) ;"], "english": "<td>1) <span class=\"context\">NENA ; a man's name</span> ; \r\n2) <span class=\"context\">1 Rois : 4, 7</span> : an officer , an official , <span class=\"context\">Oraham</span> : a manager , a superintendent , an executive , a boss , a director , an administrator , a leader , a chief , a head ;\r\n3) <span class=\"context\">Oraham : cause ...</span> : a supporter , an upholder , an advocate , a backer , an adherent , a follower , a disciple , a partisan ;\r\n4) a succorer / support , a patron / one who sustains / one who helps to exist ;\r\n5) a president , a chairman (?) ;</td>", "cf": ["<span class=\"wordlink\"><a href=\"dosearch.php?searchkey=12715&amp;language=id\"><span class=\"eastsyriac\">\u0729\u0735\u071d\u0718\u073f\u0721\u0718\u073c\u072c\u0735\u0710</span></a></span>", "<span class=\"wordlink\"><a href=\"dosearch.php?searchkey=21983&amp;language=id\"><span class=\"eastsyriac\">\u071a\u0732\u071d\u072a\u071a\u0735\u0717</span></a>, <a href=\"dosearch.php?searchkey=10875&amp;language=id\"><span class=\"eastsyriac\">\u0726\u0732\u071b\u072a\u0718\u073c\u0722\u0735\u0710</span></a>, <a href=\"dosearch.php?searchkey=3805&amp;language=id\"><span class=\"eastsyriac\">\u0719\u0735\u071d\u0718\u073c\u0722\u0735\u0710</span></a>, <a href=\"dosearch.php?searchkey=4729&amp;language=id\"><span class=\"eastsyriac\">\u071a\u0735\u0728\u0735\u0715\u0735\u072a</span></a>, <a href=\"dosearch.php?searchkey=7527&amp;language=id\"><span class=\"eastsyriac\">\u0721\u0732\u071a\u0715\u071d\u0735\u0722\u0735\u0710</span></a>, <a href=\"dosearch.php?searchkey=9977&amp;language=id\"><span class=\"eastsyriac\">\u0723\u0735\u072a\u0726\u0735\u072a\u0735\u0723\u072c</span></a></span>"], "key": "12714", "west": "\u0729\u0733\u071d\u073d\u0718\u0721\u0733\u0710", "phonetic": "<td>qa: ' iu: ma:</td>", "east": "\u0729\u0735\u071d\u0718\u073f\u0721\u0735\u0710"},
{"searchkey": "11734", "audio": [], "context": [], "webrank": 20, "text": [" : 1) an authority / a person in charge , a leader / boss / chief , an authoritative person ;\r\n2) (adjective) : having authority / legal power / rightful power ;"], "english": "<td>1) an authority / a person in charge , a leader / boss / chief , an authoritative person ;\r\n2) (adjective) : having authority / legal power / rightful power ;</td>", "cf": ["<span class=\"wordlink\"><a href=\"dosearch.php?searchkey=SA%27hebmansAb&amp;language=fullsyriac\"><span class=\"eastsyriac\">\u0728\u0735\u0710\u0717\u0738\u0712\u0721\u0732\u0722\u0723\u0735\u0712</span></a></span>", "<span class=\"wordlink\"><a href=\"dosearch.php?searchkey=%27AgAL%27&amp;language=fullsyriac\"><span class=\"eastsyriac\">\u0710\u0735\u0713\u0735\u0742\u0710</span></a>, <a href=\"dosearch.php?searchkey=%27otenTiA%27&amp;language=fullsyriac\"><span class=\"eastsyriac\">\u0710\u0718\u073f\u072c\u0738\u0722\u071b\u071d\u073c\u0735\u0710</span></a>, <a href=\"dosearch.php?searchkey=bEytjulTAnA%27&amp;language=fullsyriac\"><span class=\"eastsyriac\">\u0712\u0739\u071d\u072c\u072b\u0718\u073c\u0720\u071b\u0735\u0722\u0735\u0710</span></a>, <a href=\"dosearch.php?searchkey=dAbrAnA%27&amp;language=fullsyriac\"><span class=\"eastsyriac\">\u0715\u0735\u0712\u072a\u0735\u0722\u0735\u0710</span></a>, <a href=\"dosearch.php?searchkey=dokos&amp;language=fullsyriac\"><span class=\"eastsyriac\">\u0715\u0718\u073f\u071f\u0718\u073f\u0723</span></a>, <a href=\"dosearch.php?searchkey=hadAyA%27&amp;language=fullsyriac\"><span class=\"eastsyriac\">\u0717\u0732\u0715\u0735\u071d\u0735\u0710</span></a>, <a href=\"dosearch.php?searchkey=hukmA%27&amp;language=fullsyriac\"><span class=\"eastsyriac\">\u0717\u0718\u073c\u071f\u0721\u0735\u0710</span></a>, <a href=\"dosearch.php?searchkey=hAkmAnA%27&amp;language=fullsyriac\"><span class=\"eastsyriac\">\u0717\u0735\u071f\u0721\u0735\u0722\u0735\u0710</span></a>, <a href=\"dosearch.php?searchkey=kLwAgNA%27&amp;language=fullsyriac\"><span class=\"eastsyriac\">\u071f\u0742\u0718\u0735\u0713\u0748\u0735\u0710</span></a>, <a href=\"dosearch.php?searchkey=mdabrAnA%27&amp;language=fullsyriac\"><span class=\"eastsyriac\">\u0721\u0715\u0732\u0712\u072a\u0735\u0722\u0735\u0710</span></a>, <a href=\"dosearch.php?searchkey=marxaylA%27&amp;language=fullsyriac\"><span class=\"eastsyriac\">\u0721\u0732\u072a\u071a\u0732\u071d\u0720\u0735\u0710</span></a>, <a href=\"dosearch.php?searchkey=mAryM&amp;language=fullsyriac\"><span class=\"eastsyriac\">\u0721\u0735\u072a\u071d\u0747</span></a>, <a href=\"dosearch.php?searchkey=mArAnAyutA%27&amp;language=fullsyriac\"><span class=\"eastsyriac\">\u0721\u0735\u072a\u0735\u0722\u0735\u071d\u0718\u073c\u072c\u0735\u0710</span></a></span>"], "key": "11734", "west": "\u0728\u0733\u0717\u0736\u0712\u0721\u0730\u0722\u0723\u0733\u0712", "phonetic": "<td>' \u1e63a hib ' man sab</td>", "east": "\u0728\u0735\u0717\u0738\u0712\u0721\u0732\u0722\u0723\u0735\u0712"},
{"searchkey": "11595", "audio": [], "context": [], "webrank": 10, "text": [" : 1) an authority / a person in charge , a leader / boss / chief , an authoritative person ;\r\n2) (adjective) : having authority / legal power / rightful power ;"], "english": "<td>1) an authority / a person in charge , a leader / boss / chief , an authoritative person ;\r\n2) (adjective) : having authority / legal power / rightful power ;</td>", "cf": ["<span class=\"wordlink\"><a href=\"dosearch.php?searchkey=SAhebmansAb&amp;language=fullsyriac\"><span class=\"eastsyriac\">\u0728\u0735\u0717\u0738\u0712\u0721\u0732\u0722\u0723\u0735\u0712</span></a></span>", "<span class=\"wordlink\"><a href=\"dosearch.php?searchkey=113&amp;language=id\"><span class=\"eastsyriac\">\u0710\u0718\u073f\u072c\u0738\u0722\u071b\u071d\u073c\u0735\u0710</span></a>, <a href=\"dosearch.php?searchkey=1338&amp;language=id\"><span class=\"eastsyriac\">\u0712\u0739\u071d\u072c\u072b\u0718\u073c\u0720\u071b\u0735\u0722\u0735\u0710</span></a>, <a href=\"dosearch.php?searchkey=2719&amp;language=id\"><span class=\"eastsyriac\">\u0715\u0735\u0712\u072a\u0735\u0722\u0735\u0710</span></a>, <a href=\"dosearch.php?searchkey=2801&amp;language=id\"><span class=\"eastsyriac\">\u0715\u0718\u073f\u071f\u0718\u073f\u0723</span></a>, <a href=\"dosearch.php?searchkey=3314&amp;language=id\"><span class=\"eastsyriac\">\u0717\u0732\u0715\u0735\u071d\u0735\u0710</span></a>, <a href=\"dosearch.php?searchkey=3361&amp;language=id\"><span class=\"eastsyriac\">\u0717\u0718\u073c\u071f\u0721\u0735\u0710</span></a>, <a href=\"dosearch.php?searchkey=3349&amp;language=id\"><span class=\"eastsyriac\">\u0717\u0735\u071f\u0721\u0735\u0722\u0735\u0710</span></a>, <a href=\"dosearch.php?searchkey=5718&amp;language=id\"><span class=\"eastsyriac\">\u071f\u0742\u0718\u0735\u0713\u0748\u0735\u0710</span></a>, <a href=\"dosearch.php?searchkey=7134&amp;language=id\"><span class=\"eastsyriac\">\u0721\u0715\u0732\u0712\u072a\u0735\u0722\u0735\u0710</span></a>, <a href=\"dosearch.php?searchkey=8487&amp;language=id\"><span class=\"eastsyriac\">\u0721\u0732\u072a\u071a\u0732\u071d\u0720\u0735\u0710</span></a>, <a href=\"dosearch.php?searchkey=8497&amp;language=id\"><span class=\"eastsyriac\">\u0721\u0735\u072a\u071d\u0747</span></a>, <a href=\"dosearch.php?searchkey=8533&amp;language=id\"><span class=\"eastsyriac\">\u0721\u0735\u072a\u0735\u0722\u0735\u071d\u0718\u073c\u072c\u0735\u0710</span></a>, <a href=\"dosearch.php?searchkey=12771&amp;language=id\"><span class=\"eastsyriac\">\u0729\u071d\u073c\u072a</span></a>, <a href=\"dosearch.php?searchkey=42&amp;language=id\"><span class=\"eastsyriac\">\u0710\u0735\u0713\u0735\u0742\u0710</span></a></span>"], "key": "11595", "west": "\u0728\u0733\u0710\u0717\u0736\u0712\u0721\u0730\u0722\u0723\u0733\u0712", "phonetic": "<td>\u1e63a: hib ' man sab</td>", "east": "\u0728\u0735\u0710\u0717\u0738\u0712\u0721\u0732\u0722\u0723\u0735\u0712"},
{"searchkey": "14698", "audio": [], "context": ["general word", "on copper ..."], "webrank": 20, "text": [" : a picture , a representation of anything on any surface (drawing, photography, painting ...) , a photo , a figure , a form ;\r\n1) a picture ", " ;\r\n2) a photograph , a representation of anything on any surface (drawing, photography, painting ...) , a picture , a portrait ;\r\n3) an embossed image grav\u00e9e "], "english": "<td>a picture , a representation of anything on any surface (drawing, photography, painting ...) , a photo , a figure , a form ;\r\n1) a picture <span class=\"context\">general word</span> ;\r\n2) a photograph , a representation of anything on any surface (drawing, photography, painting ...) , a picture , a portrait ;\r\n3) an embossed image grav\u00e9e <span class=\"context\">on copper ...</span> ;\r\n<span class=\"locution\"><span class=\"eastsyriac\">\u0713\u0735\u072a\u0738\u072b \u072b\u0738\u071f\u0720\u0735\u0710</span></span> / <span class=\"locution\"><span class=\"eastsyriac\">\u0721\u0735\u071a\u0739\u0710 \u072b\u0738\u071f\u0720\u0735\u0710</span></span> : a) to take a photograph / to shoot a picture , b) to draw a picture ;\r\n4) <span class=\"context\">especially NENA / Al Qosh : = <a href=\"dosearch.php?searchkey=jekel&amp;language=fullsyriac\"><span class=\"eastsyriac\">\u072b\u0738\u071f\u0738\u0720</span></a></span> : a) a sort , a kind , b) an appearence / a figure / a form ;</td>", "cf": ["<span class=\"wordlink\"><a href=\"dosearch.php?searchkey=29593&amp;language=id\"><span class=\"eastsyriac\">\u072b\u0738\u071f\u0738\u0720</span></a>, <a href=\"dosearch.php?searchkey=29592&amp;language=id\"><span class=\"eastsyriac\">\u072b\u0735\u071f\u0738\u0720</span></a>, <a href=\"dosearch.php?searchkey=29595&amp;language=id\"><span class=\"eastsyriac\">\u072b\u0738\u071f\u0720\u0735\u0722\u072c\u0735\u0710</span></a>, <a href=\"dosearch.php?searchkey=29595&amp;language=id\"><span class=\"eastsyriac\">\u072b\u0738\u071f\u0720\u0735\u0722\u072c\u0735\u0710</span></a>, <a href=\"dosearch.php?searchkey=30293&amp;language=id\"><span class=\"eastsyriac\">\u072b\u0738\u071f\u0742\u0732\u0720</span></a></span>", "<span class=\"wordlink\"><a href=\"dosearch.php?searchkey=27781&amp;language=id\"><span class=\"eastsyriac\">\u0725\u0732\u071f\u0723</span></a></span>", "<span class=\"wordlink\"><a href=\"dosearch.php?searchkey=29582&amp;language=id\"><span class=\"eastsyriac\">\u072b\u0735\u071f\u071d\u073c\u0720</span></a></span>", "<span class=\"wordlink\"><a href=\"dosearch.php?searchkey=11848&amp;language=id\"><span class=\"eastsyriac\">\u0728\u0718\u073c\u072a\u072c\u0735\u0710</span></a>, <a href=\"dosearch.php?searchkey=4909&amp;language=id\"><span class=\"eastsyriac\">\u071a\u0738\u072b\u0720\u072c\u0735\u0710</span></a>, <a href=\"dosearch.php?searchkey=8752&amp;language=id\"><span class=\"eastsyriac\">\u0721\u0738\u072c\u071b\u0732\u0712\u0725\u0735\u0722\u0718\u073c\u072c\u0735\u0710</span></a>, <a href=\"dosearch.php?searchkey=101&amp;language=id\"><span class=\"eastsyriac\">\u0710\u0732\u0715\u072a\u071d\u0732\u0722\u072c\u0735\u0710</span></a>, <a href=\"dosearch.php?searchkey=13196&amp;language=id\"><span class=\"eastsyriac\">\u0729\u0735\u072a\u0735\u0722\u072c\u0718\u073f</span></a>, <a href=\"dosearch.php?searchkey=509&amp;language=id\"><span class=\"eastsyriac\">\u0710\u0732\u0722\u0715\u0735\u0719\u0735\u0710</span></a>, <a href=\"dosearch.php?searchkey=5414&amp;language=id\"><span class=\"eastsyriac\">\u071d\u0718\u073c\u0729\u0722\u0735\u0710</span></a>, <a href=\"dosearch.php?searchkey=11993&amp;language=id\"><span class=\"eastsyriac\">\u0728\u0732\u0720\u0721\u0735\u0710</span></a></span>"], "key": "14698", "west": "\u072b\u0736\u071f\u0720\u0733\u0710", "phonetic": "<td>' \u0161ik la:</td>", "east": "\u072b\u0738\u071f\u0720\u0735\u0710"},
{"searchkey": "32494", "audio": [], "context": ["hair", "anvil ..."], "webrank": 10, "text": [" : 1) to hammer , to beat , to engrave in relief , to emboss ;\r\n2) to make straight , ", " : to uncurl , to make sleek (?) ;\r\n3) to be beaten with rods , ", " : to be pounded / to be hammered / to be beaten ;\r\n"], "english": "<td>1) to hammer , to beat , to engrave in relief , to emboss ;\r\n2) to make straight , <span class=\"context\">hair</span> : to uncurl , to make sleek (?) ;\r\n3) to be beaten with rods , <span class=\"context\">anvil ...</span> : to be pounded / to be hammered / to be beaten ;\r\n</td>", "cf": ["<span class=\"wordlink\"><a href=\"dosearch.php?searchkey=jabTA%27&amp;language=fullsyriac\"><span class=\"eastsyriac\">\u072b\u0732\u0712\u071b\u0735\u0710</span></a>, <a href=\"dosearch.php?searchkey=32492&amp;language=id\"><span class=\"eastsyriac\">\u0721\u072b\u0732\u0725\u0712\u0738\u071b</span></a></span>"], "key": "32494", "west": "\u072b\u0730\u0712\u071b\u0733\u0710", "phonetic": "<td>' \u0161ab \u1e6da:</td>", "east": "\u072b\u0732\u0712\u071b\u0735\u0710"},
{"searchkey": "14765", "audio": [], "context": ["Maclean", "a man's name"], "webrank": 30, "text": [" : 1)  ", " : a) a governor , a ruler , b) "], "english": "<td>1)  <span class=\"context\">Maclean</span> : a) a governor , a ruler , b) <span class=\"context\">a man's name</span> ;\r\n<span class=\"locution\"><span class=\"eastsyriac\">\u0712\u0739\u071d\u072c \u072b\u0732\u0720\u071d\u073c\u071b\u0735\u0710</span></span> : the palace <span class=\"context\">presidential, Governor' s...</span> ;\r\n2) <span class=\"context\">Oraham</span> : a taskmaster , one who imposes a task / assigns tasks , a foreman , a headman , an overseer , a supervisor / inspector (?) ;\r\n3) an officer , an office holder , a leader , a ruler , a boss ;\r\n4) an authoritative person , a tyrant , a person with power ;\r\n<span class=\"locution\"><span class=\"eastsyriac\">\u072b\u0732\u0720\u071d\u073c\u071b\u0735\u0710 \u0729\u0738\u072b\u071d\u0735\u0710 \u0718\u0725\u0735\u0718\u0735\u0720\u0735\u0710</span></span> : a harsh and wicked leader / a tyrant ;\r\n5) <span class=\"context\">Bailis Shamun</span> : a prince ;</td>", "cf": ["<span class=\"wordlink\"><a href=\"dosearch.php?searchkey=32005&amp;language=id\"><span class=\"eastsyriac\">\u072b\u0720\u071b</span></a>, <a href=\"dosearch.php?searchkey=24893&amp;language=id\"><span class=\"eastsyriac\">\u0721\u072b\u0732\u0720\u071b\u0735\u0710</span></a>, <a href=\"dosearch.php?searchkey=14766&amp;language=id\"><span class=\"eastsyriac\">\u072b\u0732\u0720\u071d\u073c\u071b\u0718\u073c\u072c\u0735\u0710</span></a>, <a href=\"dosearch.php?searchkey=14767&amp;language=id\"><span class=\"eastsyriac\">\u072b\u0732\u0720\u071d\u073c\u071b\u0718\u073c\u072c \u0712\u071d\u0735\u072c\u0735\u0710</span></a>, <a href=\"dosearch.php?searchkey=14768&amp;language=id\"><span class=\"eastsyriac\">\u072b\u0732\u0720\u071d\u073c\u071b\u0718\u073c\u072c \u0712\u071d\u0735\u072c\u0735\u0710\u071d\u073c\u072c</span></a>, <a href=\"dosearch.php?searchkey=14769&amp;language=id\"><span class=\"eastsyriac\">\u072b\u0732\u0720\u071d\u073c\u071b\u0732\u0722 \u071a\u0732\u071d\u0720\u0735\u0710</span></a>, <a href=\"dosearch.php?searchkey=34408&amp;language=id\"><span class=\"eastsyriac\">\u072b\u0732\u0720\u071d\u073c\u071b\u072c\u0735\u0710</span></a></span>", "<span class=\"wordlink\"><a href=\"dosearch.php?searchkey=28408&amp;language=id\"><span class=\"eastsyriac\">\u0728\u0735\u0717\u0735\u0712\u071f\u0735\u072a</span></a></span>", "<span class=\"wordlink\"><a href=\"dosearch.php?searchkey=423&amp;language=id\"><span class=\"eastsyriac\">\u0710\u0735\u0720\u0718\u073f\u0728\u0735\u0710</span></a>, <a href=\"dosearch.php?searchkey=5127&amp;language=id\"><span class=\"eastsyriac\">\u071b\u0735\u0720\u0718\u073c\u0721\u0735\u0710</span></a>, <a href=\"dosearch.php?searchkey=6167&amp;language=id\"><span class=\"eastsyriac\">\u071f\u0732\u0721\u072a\u0735\u0722\u0735\u0710</span></a>, <a href=\"dosearch.php?searchkey=7888&amp;language=id\"><span class=\"eastsyriac\">\u0721\u0732\u0720\u071d\u0738\u0728\u0735\u0722\u0735\u0710</span></a>, <a href=\"dosearch.php?searchkey=8194&amp;language=id\"><span class=\"eastsyriac\">\u0721\u0732\u0725\u0718\u073c\u0720\u0735\u0710</span></a>, <a href=\"dosearch.php?searchkey=10436&amp;language=id\"><span class=\"eastsyriac\">\u0725\u0735\u0728\u0718\u073f\u071d\u0735\u0710</span></a>, <a href=\"dosearch.php?searchkey=8473&amp;language=id\"><span class=\"eastsyriac\">\u0721\u0735\u072a\u0718\u073f\u0715\u0735\u0710</span></a>, <a href=\"dosearch.php?searchkey=5270&amp;language=id\"><span class=\"eastsyriac\">\u071b\u072a\u0718\u073c\u0722\u0735\u0710</span></a></span>"], "key": "14765", "west": "\u072b\u0730\u0720\u073a\u071d\u071b\u0733\u0710", "phonetic": "<td>\u0161al ' li: \u1e6da:</td>", "east": "\u072b\u0732\u0720\u071d\u073c\u071b\u0735\u0710"}
]