[
{"searchkey": "1889", "audio": [], "context": [], "webrank": 3, "text": [" : gallantly , manfully , bravely , courageously , resolutely , like a man ;"], "english": "<td>gallantly , manfully , bravely , courageously , resolutely , like a man ;</td>", "cf": ["<span class=\"wordlink\"><a href=\"dosearch.php?searchkey=32372&amp;language=id\"><span class=\"eastsyriac\">\u0713\u0712\u072a</span></a>, <a href=\"dosearch.php?searchkey=1886&amp;language=id\"><span class=\"eastsyriac\">\u0713\u0735\u0712\u0742\u072a\u0735\u0710</span></a>, <a href=\"dosearch.php?searchkey=1891&amp;language=id\"><span class=\"eastsyriac\">\u0713\u0735\u0712\u0742\u072a\u0718\u073c\u072c\u0735\u0710</span></a></span>"], "key": "1889", "west": "\u0713\u0733\u0712\u0742\u072a\u0733\u0710\u073a\u071d\u072c", "phonetic": "<td>' gu: ra: it</td>", "east": "\u0713\u0735\u0712\u0742\u072a\u0735\u0710\u071d\u073c\u072c"},
{"searchkey": "1892", "audio": [], "context": [], "webrank": 6, "text": [" : manly , brave , noble , gallant"], "english": "<td>manly , brave , noble , gallant</td>", "cf": [], "key": "1892", "west": "\u0713\u0733\u0712\u0742\u072a\u0733\u0722\u0733\u071d\u0733\u0710", "phonetic": "<td>gu ra ' na: ia:</td>", "east": "\u0713\u0735\u0712\u0742\u072a\u0735\u0722\u0735\u071d\u0735\u0710"},
{"searchkey": "3232", "audio": [], "context": ["Yoab Benjamin", "adjective"], "webrank": 10, "text": [" : 1) a fighter , a combatant , a warrior , a champion , ", " : a wrestler , a gladiator ;\r\n2) ", " : brave ;"], "english": "<td>1) a fighter , a combatant , a warrior , a champion , <span class=\"context\">Yoab Benjamin</span> : a wrestler , a gladiator ;\r\n2) <span class=\"context\">adjective</span> : brave ;</td>", "cf": ["<span class=\"wordlink\"><a href=\"dosearch.php?searchkey=dr&amp;language=fullsyriac\"><span class=\"eastsyriac\">\u0715\u072a</span></a></span>", "<span class=\"wordlink\"><a href=\"dosearch.php?searchkey=1886&amp;language=id\"><span class=\"eastsyriac\">\u0713\u0735\u0712\u0742\u072a\u0735\u0710</span></a>, <a href=\"dosearch.php?searchkey=3994&amp;language=id\"><span class=\"eastsyriac\">\u0719\u072a\u071d\u073c\u0719\u0735\u0710</span></a>, <a href=\"dosearch.php?searchkey=4386&amp;language=id\"><span class=\"eastsyriac\">\u071a\u0732\u071d\u0720\u072c\u0735\u0722\u0735\u0710</span></a>, <a href=\"dosearch.php?searchkey=16337&amp;language=id\"><span class=\"eastsyriac\">\u0721\u0732\u072a\u0735\u071a\u0735\u0710</span></a>, <a href=\"dosearch.php?searchkey=16338&amp;language=id\"><span class=\"eastsyriac\">\u0722\u0732\u071a\u072b\u071d\u073c\u072a\u072c\u0735\u0722\u0735\u0710</span></a>, <a href=\"dosearch.php?searchkey=16339&amp;language=id\"><span class=\"eastsyriac\">\u0726\u0732\u0710\u072c\u0735\u0722\u0735\u0710</span></a>, <a href=\"dosearch.php?searchkey=16340&amp;language=id\"><span class=\"eastsyriac\">\u0720\u0712\u0742\u071d\u073c\u0712\u0742\u0735\u0710</span></a>, <a href=\"dosearch.php?searchkey=9267&amp;language=id\"><span class=\"eastsyriac\">\u0722\u0732\u0728\u071d\u073c\u071a\u0735\u0710</span></a>, <a href=\"dosearch.php?searchkey=16341&amp;language=id\"><span class=\"eastsyriac\">\u0721\u0725\u0732\u0720\u071d\u0735\u0710</span></a>, <a href=\"dosearch.php?searchkey=18640&amp;language=id\"><span class=\"eastsyriac\">\u071f\u0719\u071d\u073c\u072a\u0735\u071d\u0735\u0710</span></a>, <a href=\"dosearch.php?searchkey=10894&amp;language=id\"><span class=\"eastsyriac\">\u0713\u0732\u0712\u0742\u072a\u0735\u0710 \u0715\u0710\u0735\u0713\u0718\u073f\u0722\u0735\u0710</span></a>, <a href=\"dosearch.php?searchkey=16916&amp;language=id\"><span class=\"eastsyriac\">\u0710\u0735\u072a\u0735\u071f\u0330\u071d\u073c</span></a>, <a href=\"dosearch.php?searchkey=5935&amp;language=id\"><span class=\"eastsyriac\">\u071f\u0719\u071d\u073c\u072a\u0735\u0710</span></a>, <a href=\"dosearch.php?searchkey=3232&amp;language=id\"><span class=\"eastsyriac\">\u0715\u0732\u072a\u0735\u072a\u0735\u0710</span></a>, <a href=\"dosearch.php?searchkey=18640&amp;language=id\"><span class=\"eastsyriac\">\u071f\u0719\u071d\u073c\u072a\u0735\u071d\u0735\u0710</span></a>, <a href=\"dosearch.php?searchkey=16338&amp;language=id\"><span class=\"eastsyriac\">\u0722\u0732\u071a\u072b\u071d\u073c\u072a\u072c\u0735\u0722\u0735\u0710</span></a>, <a href=\"dosearch.php?searchkey=18642&amp;language=id\"><span class=\"eastsyriac\">\u0729\u072a\u0735\u0712\u0742\u072c\u0735\u0722\u0735\u0710</span></a>, <a href=\"dosearch.php?searchkey=18592&amp;language=id\"><span class=\"eastsyriac\">\u0726\u0720\u072b</span></a>, <a href=\"dosearch.php?searchkey=11066&amp;language=id\"><span class=\"eastsyriac\">\u0726\u0720\u0735\u072b\u0735\u0710</span></a>, <a href=\"dosearch.php?searchkey=11067&amp;language=id\"><span class=\"eastsyriac\">\u0726\u0735\u0720\u0735\u072b\u0735\u0710</span></a>, <a href=\"dosearch.php?searchkey=11068&amp;language=id\"><span class=\"eastsyriac\">\u0726\u0735\u0720\u072b\u0735\u0722\u0735\u0710</span></a>, <a href=\"dosearch.php?searchkey=11069&amp;language=id\"><span class=\"eastsyriac\">\u0726\u0720\u0735\u072b\u072c\u0735\u0710</span></a>, <a href=\"dosearch.php?searchkey=18637&amp;language=id\"><span class=\"eastsyriac\">\u0726\u0735\u0720\u0739\u072b</span></a>, <a href=\"dosearch.php?searchkey=18639&amp;language=id\"><span class=\"eastsyriac\">\u0726\u0732\u0720\u0735\u072b\u0735\u0710</span></a>, <a href=\"dosearch.php?searchkey=11019&amp;language=id\"><span class=\"eastsyriac\">\u0726\u0735\u0720\u0718\u073f\u072b\u0735\u0710</span></a>, <a href=\"dosearch.php?searchkey=27571&amp;language=id\"><span class=\"eastsyriac\">\u0721\u071a\u0732\u0726\u071b\u0735\u0722\u0735\u0710</span></a>, <a href=\"dosearch.php?searchkey=18641&amp;language=id\"><span class=\"eastsyriac\">\u0710\u0735\u0713\u0742\u0718\u073f\u0722\u0738\u0723\u071b\u0735\u0710</span></a>, <a href=\"dosearch.php?searchkey=23334&amp;language=id\"><span class=\"eastsyriac\">\u071f\u0735\u072c\u0718\u073f\u072b\u0735\u0710</span></a>, <a href=\"dosearch.php?searchkey=33105&amp;language=id\"><span class=\"eastsyriac\">\u071f\u0735\u072c\u072b\u0735\u0710</span></a>, <a href=\"dosearch.php?searchkey=33196&amp;language=id\"><span class=\"eastsyriac\">\u071b\u0732\u0723\u072a\u0735\u072a\u0735\u0710</span></a>, <a href=\"dosearch.php?searchkey=18642&amp;language=id\"><span class=\"eastsyriac\">\u0729\u072a\u0735\u0712\u0742\u072c\u0735\u0722\u0735\u0710</span></a>, <a href=\"dosearch.php?searchkey=26928&amp;language=id\"><span class=\"eastsyriac\">\u0726\u0735\u0720\u071a\u0735\u0710</span></a></span>"], "key": "3232", "west": "\u0715\u0730\u072a\u0733\u072a\u0733\u0710", "phonetic": "<td>dar ' ra: ra:</td>", "east": "\u0715\u0732\u072a\u0735\u072a\u0735\u0710"},
{"searchkey": "1891", "audio": [], "context": [], "webrank": 4, "text": [" : manhood , bravery , gallantry , courage , heroism , intrepidity ;"], "english": "<td>manhood , bravery , gallantry , courage , heroism , intrepidity ;</td>", "cf": ["<span class=\"wordlink\"><a href=\"dosearch.php?searchkey=1886&amp;language=id\"><span class=\"eastsyriac\">\u0713\u0735\u0712\u0742\u072a\u0735\u0710</span></a>, <a href=\"dosearch.php?searchkey=1889&amp;language=id\"><span class=\"eastsyriac\">\u0713\u0735\u0712\u0742\u072a\u0735\u0710\u071d\u073c\u072c</span></a>, <a href=\"dosearch.php?searchkey=1887&amp;language=id\"><span class=\"eastsyriac\">\u0713\u0735\u0712\u0742\u072a\u0735\u0710</span></a>, <a href=\"dosearch.php?searchkey=16343&amp;language=id\"><span class=\"eastsyriac\">\u0713\u0732\u0712\u0742\u072a\u0718\u073c\u072c\u0735\u0710</span></a>, <a href=\"dosearch.php?searchkey=18874&amp;language=id\"><span class=\"eastsyriac\">\u0713\u0732\u0712\u0742\u072a\u0718\u073c\u072c\u0742\u0735\u0710</span></a>, <a href=\"dosearch.php?searchkey=1888&amp;language=id\"><span class=\"eastsyriac\">\u0713\u0712\u0742\u0735\u072a\u0735\u0710</span></a>, <a href=\"dosearch.php?searchkey=18876&amp;language=id\"><span class=\"eastsyriac\">\u0713\u0732\u0712\u0742\u072a\u0718\u073f\u0722\u0735\u0710</span></a></span>"], "key": "1891", "west": "\u0713\u0733\u0712\u0742\u072a\u073d\u0718\u072c\u0733\u0710", "phonetic": "<td>gu ' ru: ta:</td>", "east": "\u0713\u0735\u0712\u0742\u072a\u0718\u073c\u072c\u0735\u0710"},
{"searchkey": "16343", "audio": [], "context": ["Sokoloff"], "webrank": 5, "text": [" : gallantry , bravery , valour / valor , courage / guts / true grit , manliness , bravery , courage , valiance , heroism , boldness / sand , daring , hardiness , hardihood , spunk , derring-do ;\r\n", " : a) power / sexual potency (?) , b) genitals , c) male sexual organs / the penis (?) / the phallus (?)"], "english": "<td>gallantry , bravery , valour / valor , courage / guts / true grit , manliness , bravery , courage , valiance , heroism , boldness / sand , daring , hardiness , hardihood , spunk , derring-do ;\r\n<span class=\"context\">Sokoloff</span> : a) power / sexual potency (?) , b) genitals , c) male sexual organs / the penis (?) / the phallus (?) ;\r\n<span class=\"locution\"><span class=\"eastsyriac\">\u0720\u0735\u0710 \u0713\u0732\u0712\u0742\u072a\u0718\u073c\u072c\u0735\u0710</span></span> : powerlessness (?) , sexual impotence (?) ;\r\n<span class=\"context\">plural : <span class=\"locution\"><span class=\"eastsyriac\">\u0713\u0732\u0712\u0742\u072a\u0718\u073c\u072c\u0308\u0739\u0710</span></span></span> : wondrous deeds ;</td>", "cf": ["<span class=\"wordlink\"><a href=\"dosearch.php?searchkey=32372&amp;language=id\"><span class=\"eastsyriac\">\u0713\u0712\u072a</span></a>, <a href=\"dosearch.php?searchkey=1886&amp;language=id\"><span class=\"eastsyriac\">\u0713\u0735\u0712\u0742\u072a\u0735\u0710</span></a>, <a href=\"dosearch.php?searchkey=1887&amp;language=id\"><span class=\"eastsyriac\">\u0713\u0735\u0712\u0742\u072a\u0735\u0710</span></a>, <a href=\"dosearch.php?searchkey=1889&amp;language=id\"><span class=\"eastsyriac\">\u0713\u0735\u0712\u0742\u072a\u0735\u0710\u071d\u073c\u072c</span></a>, <a href=\"dosearch.php?searchkey=1891&amp;language=id\"><span class=\"eastsyriac\">\u0713\u0735\u0712\u0742\u072a\u0718\u073c\u072c\u0735\u0710</span></a></span>", "<span class=\"wordlink\"><a href=\"dosearch.php?searchkey=2130&amp;language=id\"><span class=\"eastsyriac\">\u0713\u0330\u0718\u073c\u072a\u0710\u0735\u072c</span></a></span>", "<span class=\"wordlink\"><a href=\"dosearch.php?searchkey=8466&amp;language=id\"><span class=\"eastsyriac\">\u0721\u0732\u072a\u0715\u0718\u073c\u072c\u0735\u0710</span></a>, <a href=\"dosearch.php?searchkey=2112&amp;language=id\"><span class=\"eastsyriac\">\u0713\u0718\u073c\u0723\u072c\u0735\u071a\u0718\u073c\u072c\u0735\u0710</span></a>, <a href=\"dosearch.php?searchkey=12371&amp;language=id\"><span class=\"eastsyriac\">\u0729\u0718\u073c\u0715\u0715\u0718\u073c\u072c\u0735\u0710</span></a>, <a href=\"dosearch.php?searchkey=2077&amp;language=id\"><span class=\"eastsyriac\">\u0713\u0718\u073c\u0721\u0715\u0735\u0722\u0718\u073c\u072c\u0735\u0710</span></a>, <a href=\"dosearch.php?searchkey=2130&amp;language=id\"><span class=\"eastsyriac\">\u0713\u0330\u0718\u073c\u072a\u0710\u0735\u072c</span></a>, <a href=\"dosearch.php?searchkey=4230&amp;language=id\"><span class=\"eastsyriac\">\u071a\u0718\u073f\u0728\u0735\u0726\u0735\u0710</span></a>, <a href=\"dosearch.php?searchkey=4497&amp;language=id\"><span class=\"eastsyriac\">\u071a\u0720\u071d\u073c\u0728\u0718\u073c\u072c\u0735\u0710</span></a>, <a href=\"dosearch.php?searchkey=6605&amp;language=id\"><span class=\"eastsyriac\">\u0720\u0712\u071d\u073c\u0712\u0718\u073c\u072c\u0735\u0710</span></a>, <a href=\"dosearch.php?searchkey=13265&amp;language=id\"><span class=\"eastsyriac\">\u0729\u0732\u072b\u0715\u0732\u072a\u072c\u0735\u0710</span></a>, <a href=\"dosearch.php?searchkey=26258&amp;language=id\"><span class=\"eastsyriac\">\u0721\u0732\u072a\u0735\u071a\u0718\u073c\u072c\u0735\u0710</span></a>, <a href=\"dosearch.php?searchkey=26259&amp;language=id\"><span class=\"eastsyriac\">\u0726\u0732\u0710\u072c\u0742\u0735\u0722\u0718\u073c\u072c\u0735\u0710</span></a>, <a href=\"dosearch.php?searchkey=4388&amp;language=id\"><span class=\"eastsyriac\">\u071a\u0732\u071d\u0720\u072c\u0735\u0722\u0718\u073c\u072c\u0735\u0710</span></a>, <a href=\"dosearch.php?searchkey=4497&amp;language=id\"><span class=\"eastsyriac\">\u071a\u0720\u071d\u073c\u0728\u0718\u073c\u072c\u0735\u0710</span></a>, <a href=\"dosearch.php?searchkey=16345&amp;language=id\"><span class=\"eastsyriac\">\u0721\u0732\u072a\u0735\u071a\u0718\u073c</span></a>, <a href=\"dosearch.php?searchkey=3233&amp;language=id\"><span class=\"eastsyriac\">\u0715\u0732\u072a\u0735\u072a\u0718\u073c\u072c\u0735\u0710</span></a>, <a href=\"dosearch.php?searchkey=544&amp;language=id\"><span class=\"eastsyriac\">\u0710\u0747\u0722\u0735\u072b\u0718\u073c\u072c\u0735\u0710</span></a>, <a href=\"dosearch.php?searchkey=4963&amp;language=id\"><span class=\"eastsyriac\">\u071b\u0735\u0712\u0742\u0718\u073c\u072c\u0735\u0710</span></a>, <a href=\"dosearch.php?searchkey=15023&amp;language=id\"><span class=\"eastsyriac\">\u072b\u0726\u071d\u073c\u0725\u0718\u073c\u072c\u0735\u0710</span></a>, <a href=\"dosearch.php?searchkey=31675&amp;language=id\"><span class=\"eastsyriac\">\u0710\u0739\u071d\u0718\u073c</span></a>, <a href=\"dosearch.php?searchkey=9095&amp;language=id\"><span class=\"eastsyriac\">\u0722\u0732\u071a\u072b\u071d\u073c\u072a\u0718\u073c\u072c\u0735\u0710</span></a>, <a href=\"dosearch.php?searchkey=5301&amp;language=id\"><span class=\"eastsyriac\">\u071b\u0732\u072a\u0729\u0718\u073c\u072c\u0735\u0710</span></a>, <a href=\"dosearch.php?searchkey=33162&amp;language=id\"><span class=\"eastsyriac\">\u071f\u0719\u071d\u073c\u072a\u0718\u073c\u072c\u0735\u0710</span></a>, <a href=\"dosearch.php?searchkey=3233&amp;language=id\"><span class=\"eastsyriac\">\u0715\u0732\u072a\u0735\u072a\u0718\u073c\u072c\u0735\u0710</span></a>, <a href=\"dosearch.php?searchkey=16342&amp;language=id\"><span class=\"eastsyriac\">\u0720\u0712\u0742\u071d\u073c\u0712\u0742\u0718\u073c\u072c\u0735\u0710</span></a>, <a href=\"dosearch.php?searchkey=33163&amp;language=id\"><span class=\"eastsyriac\">\u071a\u0732\u0723\u071d\u073c\u0722\u0718\u073c\u072c\u0735\u0710</span></a></span>"], "key": "16343", "west": "\u0713\u0730\u0712\u0742\u072a\u073d\u0718\u072c\u0733\u0710", "phonetic": "<td>go: ' ru: ta:</td>", "east": "\u0713\u0732\u0712\u0742\u072a\u0718\u073c\u072c\u0735\u0710"},
{"searchkey": "2886", "audio": [], "context": [], "webrank": 9, "text": [" : timid , not brave , wanting courage to meet danger , easily frightened , fearful , timorous"], "english": "<td>timid , not brave , wanting courage to meet danger , easily frightened , fearful , timorous</td>", "cf": [], "key": "2886", "west": "\u0715\u0733\u071a\u073d\u0718\u0720\u0733\u0710", "phonetic": "<td>da ' \u1e25u: la</td>", "east": "\u0715\u0735\u071a\u0718\u073c\u0720\u0735\u0710"},
{"searchkey": "2411", "audio": [], "context": ["Rh\u00e9tor\u00e9"], "webrank": 8, "text": [" : 1) valiancy , bravery , manliness , valor , manly strength , fortitude , mightiness , heroism ;\r\n2) strength , energy , impetus ;\r\n"], "english": "<td>1) valiancy , bravery , manliness , valor , manly strength , fortitude , mightiness , heroism ;\r\n2) strength , energy , impetus ;\r\n<span class=\"context\">Rh\u00e9tor\u00e9 ; <span class=\"locution\"><span class=\"eastsyriac\">\u0718\u0710\u0735\u0717\u0718\u073c \u0712\u0717\u0735\u0715\u0732\u071f\u0742 \u0713\u0732\u0722\u0747\u0712\u0735\u072a\u0718\u073c\u072c\u0742\u0735\u0710 \u071f\u0738\u0721\u0719\u0735\u0725\u0738\u0726 \u0720\u0732\u071d \u0721\u0715\u0732\u072b\u0732\u0722\u072c\u0735\u0710 \u0715\u0717\u0738\u0720 \u0710\u0738\u0715\u071d\u0718\u073c\u0721 \u0712\u0738\u072a\u071a\u0735\u072b\u0735\u0710\u0747 \u071d\u0720\u0732\u071d</span></span></span> : and He pushed them with such a strength from the start that, as of today, they are still moving / he gave them such an impetus from the beginning that they are still on the move ;</td>", "cf": ["<span class=\"wordlink\"><a href=\"dosearch.php?searchkey=19495&amp;language=id\"><span class=\"eastsyriac\">\u0713\u0732\u0722\u0747\u0712\u0735\u072a\u072c\u0735\u0710</span></a>, <a href=\"dosearch.php?searchkey=21799&amp;language=id\"><span class=\"eastsyriac\">\u0713\u0732\u0722\u0747\u0712\u0732\u072a \u071a\u0732\u071d\u0720\u0735\u0710</span></a>, <a href=\"dosearch.php?searchkey=2408&amp;language=id\"><span class=\"eastsyriac\">\u0713\u0732\u0722\u0747\u0712\u0735\u072a\u0735\u0710</span></a>, <a href=\"dosearch.php?searchkey=27055&amp;language=id\"><span class=\"eastsyriac\">\u0713\u0732\u0722\u0747\u0712\u0735\u072a\u0308\u0739\u0710</span></a></span>", "<span class=\"wordlink\"><a href=\"dosearch.php?searchkey=908&amp;language=id\"><span class=\"eastsyriac\">\u0712\u0735\u0710\u0723\u071d\u073c\u0720</span></a>, <a href=\"dosearch.php?searchkey=30227&amp;language=id\"><span class=\"eastsyriac\">\u0717\u0718\u073c\u0721\u0735\u0723\u0735\u0710</span></a>, <a href=\"dosearch.php?searchkey=30228&amp;language=id\"><span class=\"eastsyriac\">\u0717\u0718\u073c\u0721\u0735\u0723\u0735\u071d\u0735\u0710</span></a></span>"], "key": "2411", "west": "\u0713\u0730\u0722\u0747\u0712\u0733\u072a\u073d\u0718\u072c\u0733\u0710", "phonetic": "<td>gab ba: ' ru: ta:</td>", "east": "\u0713\u0732\u0722\u0747\u0712\u0735\u072a\u0718\u073c\u072c\u0735\u0710"},
{"searchkey": "1886", "audio": [], "context": ["noun", "Rh\u00e9tor\u00e9 ; plural"], "webrank": 2, "text": [" : 1) gallant , brave , valiant , chivalrous , stout , bold , valorous ;\r\n2) ", " : a brave man , a courageous man , a man of mettle / of high spirits ;\r\n3) ", " :"], "english": "<td>1) gallant , brave , valiant , chivalrous , stout , bold , valorous ;\r\n2) <span class=\"context\">noun</span> : a brave man , a courageous man , a man of mettle / of high spirits ;\r\n3) <span class=\"context\">Rh\u00e9tor\u00e9 ; plural</span> : <span class=\"locution\"><span class=\"eastsyriac\">\u0713\u0732\u0712\u0742\u072a\u0308\u0735\u0722\u0739\u0710</span></span> : prominent citizens , worthies , <span class=\"context\">see <a href=\"dosearch.php?searchkey=macqulA%27&amp;language=fullsyriac\"><span class=\"eastsyriac\">\u0721\u0732\u0725\u0729\u0718\u073c\u0720\u0735\u0710</span></a></span> ;\r\n4) <span class=\"context\">Maclean</span> : a man , a husband ;\r\n5) <span class=\"context\">Sokoloff</span> : a) a man , a person , someone / somebody , b) each one , everyone / everybody , c) a husband ;</td>", "cf": ["<span class=\"wordlink\"><a href=\"dosearch.php?searchkey=32372&amp;language=id\"><span class=\"eastsyriac\">\u0713\u0712\u072a</span></a>, <a href=\"dosearch.php?searchkey=1887&amp;language=id\"><span class=\"eastsyriac\">\u0713\u0732\u0712\u0742\u072a\u0735\u0710</span></a>, <a href=\"dosearch.php?searchkey=16343&amp;language=id\"><span class=\"eastsyriac\">\u0713\u0732\u0712\u0742\u072a\u0718\u073c\u072c\u0735\u0710</span></a>, <a href=\"dosearch.php?searchkey=1889&amp;language=id\"><span class=\"eastsyriac\">\u0713\u0735\u0712\u0742\u072a\u0735\u0710\u071d\u073c\u072c</span></a>, <a href=\"dosearch.php?searchkey=1891&amp;language=id\"><span class=\"eastsyriac\">\u0713\u0735\u0712\u0742\u072a\u0718\u073c\u072c\u0735\u0710</span></a>, <a href=\"dosearch.php?searchkey=1888&amp;language=id\"><span class=\"eastsyriac\">\u0713\u0712\u0742\u0735\u072a\u0735\u0710</span></a>, <a href=\"dosearch.php?searchkey=18874&amp;language=id\"><span class=\"eastsyriac\">\u0713\u0732\u0712\u0742\u072a\u0718\u073c\u072c\u0742\u0735\u0710</span></a>, <a href=\"dosearch.php?searchkey=31149&amp;language=id\"><span class=\"eastsyriac\">\u0713\u0732\u0712\u0742\u072a\u0308\u0735\u0722\u0739\u0710</span></a>, <a href=\"dosearch.php?searchkey=gabLrekA%27&amp;language=fullsyriac\"><span class=\"eastsyriac\">\u0713\u0732\u0712\u0742\u072a\u0738\u071f\u0735\u0710</span></a></span>", "<span class=\"wordlink\"><a href=\"dosearch.php?searchkey=3232&amp;language=id\"><span class=\"eastsyriac\">\u0715\u0732\u072a\u0735\u072a\u0735\u0710</span></a>, <a href=\"dosearch.php?searchkey=3994&amp;language=id\"><span class=\"eastsyriac\">\u0719\u072a\u071d\u073c\u0719\u0735\u0710</span></a>, <a href=\"dosearch.php?searchkey=4386&amp;language=id\"><span class=\"eastsyriac\">\u071a\u0732\u071d\u0720\u072c\u0735\u0722\u0735\u0710</span></a>, <a href=\"dosearch.php?searchkey=16337&amp;language=id\"><span class=\"eastsyriac\">\u0721\u0732\u072a\u0735\u071a\u0735\u0710</span></a>, <a href=\"dosearch.php?searchkey=16338&amp;language=id\"><span class=\"eastsyriac\">\u0722\u0732\u071a\u072b\u071d\u073c\u072a\u072c\u0735\u0722\u0735\u0710</span></a>, <a href=\"dosearch.php?searchkey=16339&amp;language=id\"><span class=\"eastsyriac\">\u0726\u0732\u0710\u072c\u0735\u0722\u0735\u0710</span></a>, <a href=\"dosearch.php?searchkey=16340&amp;language=id\"><span class=\"eastsyriac\">\u0720\u0712\u0742\u071d\u073c\u0712\u0742\u0735\u0710</span></a>, <a href=\"dosearch.php?searchkey=9267&amp;language=id\"><span class=\"eastsyriac\">\u0722\u0732\u0728\u071d\u073c\u071a\u0735\u0710</span></a>, <a href=\"dosearch.php?searchkey=16341&amp;language=id\"><span class=\"eastsyriac\">\u0721\u0725\u0732\u0720\u071d\u0735\u0710</span></a></span>"], "key": "1886", "west": "\u0713\u0730\u0712\u0742\u072a\u0733\u0710", "phonetic": "<td>' go: ra:</td>", "east": "\u0713\u0732\u0712\u0742\u072a\u0735\u0710"},
{"searchkey": "4386", "audio": [], "context": ["masculine", "Bailis Shamun", "feminine"], "webrank": 100, "text": [" : ", " : 1) mighty , powerful , strong , burly , sturdy , strapping , brawny , having great power , brave ;\r\n2) ", " : severe ;\r\n", " : \u071a\u0732\u071d\u0720\u072c\u0735\u0722\u072c\u0735\u0710 ;"], "english": "<td><span class=\"context\">masculine</span> : 1) mighty , powerful , strong , burly , sturdy , strapping , brawny , having great power , brave ;\r\n2) <span class=\"context\">Bailis Shamun</span> : severe ;\r\n<span class=\"context\">feminine</span> : <a href=\"dosearch.php?searchkey=xayltAntA%27&amp;language=fullsyriac\"><span class=\"eastsyriac\">\u071a\u0732\u071d\u0720\u072c\u0735\u0722\u072c\u0735\u0710</span></a> ;</td>", "cf": ["<span class=\"wordlink\"><a href=\"dosearch.php?searchkey=17410&amp;language=id\"><span class=\"eastsyriac\">\u071a\u071d\u0720</span></a>, <a href=\"dosearch.php?searchkey=4383&amp;language=id\"><span class=\"eastsyriac\">\u071a\u0732\u071d\u0720\u0735\u0710</span></a>, <a href=\"dosearch.php?searchkey=4385&amp;language=id\"><span class=\"eastsyriac\">\u071a\u0732\u071d\u0720\u0735\u0722\u0718\u073c\u072c\u0735\u0710</span></a>, <a href=\"dosearch.php?searchkey=12062&amp;language=id\"><span class=\"eastsyriac\">\u072a\u0732\u0712 \u071a\u0732\u071d\u0720\u0735\u0710</span></a>, <a href=\"dosearch.php?searchkey=21919&amp;language=id\"><span class=\"eastsyriac\">\u0712\u071a\u0732\u071d\u0720\u0735\u0710</span></a>, <a href=\"dosearch.php?searchkey=4384&amp;language=id\"><span class=\"eastsyriac\">\u071a\u0732\u071d\u0720\u0735\u0722\u0735\u0710</span></a>, <a href=\"dosearch.php?searchkey=21920&amp;language=id\"><span class=\"eastsyriac\">\u071a\u0732\u071d\u0720\u0735\u0722\u072c\u0735\u0710</span></a></span>", "<span class=\"wordlink\"><a href=\"dosearch.php?searchkey=3232&amp;language=id\"><span class=\"eastsyriac\">\u0715\u0732\u072a\u0735\u072a\u0735\u0710</span></a>, <a href=\"dosearch.php?searchkey=3994&amp;language=id\"><span class=\"eastsyriac\">\u0719\u072a\u071d\u073c\u0719\u0735\u0710</span></a>, <a href=\"dosearch.php?searchkey=16337&amp;language=id\"><span class=\"eastsyriac\">\u0721\u0732\u072a\u0735\u071a\u0735\u0710</span></a>, <a href=\"dosearch.php?searchkey=16338&amp;language=id\"><span class=\"eastsyriac\">\u0722\u0732\u071a\u072b\u071d\u073c\u072a\u072c\u0735\u0722\u0735\u0710</span></a>, <a href=\"dosearch.php?searchkey=16339&amp;language=id\"><span class=\"eastsyriac\">\u0726\u0732\u0710\u072c\u0735\u0722\u0735\u0710</span></a>, <a href=\"dosearch.php?searchkey=16340&amp;language=id\"><span class=\"eastsyriac\">\u0720\u0712\u0742\u071d\u073c\u0712\u0742\u0735\u0710</span></a>, <a href=\"dosearch.php?searchkey=9267&amp;language=id\"><span class=\"eastsyriac\">\u0722\u0732\u0728\u071d\u073c\u071a\u0735\u0710</span></a>, <a href=\"dosearch.php?searchkey=16341&amp;language=id\"><span class=\"eastsyriac\">\u0721\u0725\u0732\u0720\u071d\u0735\u0710</span></a>, <a href=\"dosearch.php?searchkey=1886&amp;language=id\"><span class=\"eastsyriac\">\u0713\u0735\u0712\u0742\u072a\u0735\u0710</span></a>, <a href=\"dosearch.php?searchkey=4496&amp;language=id\"><span class=\"eastsyriac\">\u071a\u0720\u071d\u073c\u0728\u0735\u0710</span></a>, <a href=\"dosearch.php?searchkey=3791&amp;language=id\"><span class=\"eastsyriac\">\u0719\u0732\u071a\u0721\u0735\u0710</span></a>, <a href=\"dosearch.php?searchkey=2159&amp;language=id\"><span class=\"eastsyriac\">\u0713\u0718\u073c\u072b\u0721\u0735\u0722\u0735\u071d\u0735\u0710</span></a>, <a href=\"dosearch.php?searchkey=10231&amp;language=id\"><span class=\"eastsyriac\">\u0725\u0732\u0719\u071d\u073c\u0719\u0735\u0710</span></a>, <a href=\"dosearch.php?searchkey=17457&amp;language=id\"><span class=\"eastsyriac\">\u0719\u072a\u071d\u073c\u0712\u0742\u0735\u0710</span></a>, <a href=\"dosearch.php?searchkey=3965&amp;language=id\"><span class=\"eastsyriac\">\u0719\u0732\u072a\u0712\u0735\u0722\u0735\u0710</span></a>, <a href=\"dosearch.php?searchkey=35023&amp;language=id\"><span class=\"eastsyriac\">\u0729\u0732\u072b\u071d\u0735\u0710</span></a>, <a href=\"dosearch.php?searchkey=3999&amp;language=id\"><span class=\"eastsyriac\">\u0719\u072a\u071d\u073c\u0726\u0735\u0710</span></a>, <a href=\"dosearch.php?searchkey=17968&amp;language=id\"><span class=\"eastsyriac\">\u072c\u0732\u0729\u071d\u073c\u0726\u0735\u0710</span></a>, <a href=\"dosearch.php?searchkey=35022&amp;language=id\"><span class=\"eastsyriac\">\u071a\u0738\u0710\u0726\u0735\u0722\u0735\u071d\u0735\u0710</span></a></span>"], "key": "4386", "west": "\u071a\u0730\u071d\u0720\u072c\u0733\u0722\u0733\u0710", "phonetic": "<td>\u1e25\u00e9l ' ta: na:</td>", "east": "\u071a\u0732\u071d\u0720\u072c\u0735\u0722\u0735\u0710"},
{"searchkey": "2131", "audio": [], "context": [], "webrank": 7, "text": [" : courageous , brave , gallant , bold , daring ;"], "english": "<td>courageous , brave , gallant , bold , daring ;</td>", "cf": ["<span class=\"wordlink\"><a href=\"dosearch.php?searchkey=13932&amp;language=id\"><span class=\"eastsyriac\">\u072a\u0735\u072b\u071d\u073c\u0715</span></a>, <a href=\"dosearch.php?searchkey=1885&amp;language=id\"><span class=\"eastsyriac\">\u0713\u0330\u0732\u0712\u0735\u072a</span></a>, <a href=\"dosearch.php?searchkey=3791&amp;language=id\"><span class=\"eastsyriac\">\u0719\u0732\u071a\u0721\u0735\u0710</span></a>, <a href=\"dosearch.php?searchkey=6603&amp;language=id\"><span class=\"eastsyriac\">\u0720\u0712\u071d\u073c\u0712\u0735\u0710</span></a>, <a href=\"dosearch.php?searchkey=6615&amp;language=id\"><span class=\"eastsyriac\">\u0720\u0738\u0712\u0735\u0722\u0735\u0710</span></a>, <a href=\"dosearch.php?searchkey=13264&amp;language=id\"><span class=\"eastsyriac\">\u0729\u0732\u072b\u0715\u0739\u072a\u0735\u0722\u0735\u0710</span></a>, <a href=\"dosearch.php?searchkey=26188&amp;language=id\"><span class=\"eastsyriac\">\u0713\u0742\u0718\u073c\u0721\u072a\u0735\u0722\u0735\u0710</span></a>, <a href=\"dosearch.php?searchkey=&amp;language=fullsyriac\"><span class=\"eastsyriac\"></span></a></span>"], "key": "2131", "west": "\u0713\u0330\u073d\u0718\u072a\u0710\u0733\u072c\u0733\u0722\u0733\u0710", "phonetic": "<td>djur at ' ta: na:</td>", "east": "\u0713\u0330\u0718\u073c\u072a\u0710\u0735\u072c\u0735\u0722\u0735\u0710"},
{"searchkey": "1885", "audio": [], "context": [], "webrank": 1, "text": [" : gallant , noble in spirit , brave , high-spirited , courageous ;"], "english": "<td>gallant , noble in spirit , brave , high-spirited , courageous ;</td>", "cf": ["<span class=\"wordlink\"><a href=\"dosearch.php?searchkey=32372&amp;language=id\"><span class=\"eastsyriac\">\u0713\u0712\u072a</span></a></span>", "<span class=\"wordlink\"><a href=\"dosearch.php?searchkey=13932&amp;language=id\"><span class=\"eastsyriac\">\u072a\u0735\u072b\u071d\u073c\u0715</span></a>, <a href=\"dosearch.php?searchkey=2131&amp;language=id\"><span class=\"eastsyriac\">\u0713\u0330\u0718\u073c\u072a\u0710\u0735\u072c\u0735\u0722\u0735\u0710</span></a>, <a href=\"dosearch.php?searchkey=3791&amp;language=id\"><span class=\"eastsyriac\">\u0719\u0732\u071a\u0721\u0735\u0710</span></a>, <a href=\"dosearch.php?searchkey=6603&amp;language=id\"><span class=\"eastsyriac\">\u0720\u0712\u071d\u073c\u0712\u0735\u0710</span></a>, <a href=\"dosearch.php?searchkey=6615&amp;language=id\"><span class=\"eastsyriac\">\u0720\u0738\u0712\u0735\u0722\u0735\u0710</span></a>, <a href=\"dosearch.php?searchkey=13264&amp;language=id\"><span class=\"eastsyriac\">\u0729\u0732\u072b\u0715\u0739\u072a\u0735\u0722\u0735\u0710</span></a>, <a href=\"dosearch.php?searchkey=26188&amp;language=id\"><span class=\"eastsyriac\">\u0713\u0742\u0718\u073c\u0721\u072a\u0735\u0722\u0735\u0710</span></a>, <a href=\"dosearch.php?searchkey=16337&amp;language=id\"><span class=\"eastsyriac\">\u0721\u0732\u072a\u0735\u071a\u0735\u0710</span></a></span>"], "key": "1885", "west": "\u0713\u0330\u0730\u0712\u0733\u072a", "phonetic": "<td>' dja ba:r</td>", "east": "\u0713\u0330\u0732\u0712\u0735\u072a"},
{"searchkey": "4383", "audio": [], "context": [], "webrank": 90, "text": [" : 1) strength , power , force"], "english": "<td>1) strength , power , force <span class=\"locution\"><span class=\"eastsyriac\">\u071a\u0732\u071d\u0720\u0735\u0710 \u071c\u0735\u072a\u0718\u073f\u0715\u0735\u0710</span></span> - <span class=\"context\">centrifugal force</span> ;  <span class=\"locution\"><span class=\"eastsyriac\">\u071a\u0732\u071d\u0720\u0735\u0710 \u0723\u0732\u0729\u0718\u073c\u0712\u0742\u0720\u0735\u0710</span></span> - <span class=\"context\">counter force</span> , <span class=\"locution\"><span class=\"eastsyriac\">\u071a\u0732\u071d\u0720\u0735\u0710 \u0722\u0735\u072c\u0718\u073f\u0726\u0735\u0710</span></span> - <span class=\"context\">gravitational force</span> , <span class=\"locution\"><span class=\"eastsyriac\">\u071a\u0732\u071d\u0720\u0735\u0710 \u072b\u0735\u0721\u0718\u073f\u071b\u0735\u0710</span></span> - <span class=\"context\">Force majeure</span> ; <span class=\"locution\"><span class=\"eastsyriac\">\u071a\u0732\u071d\u0720\u0735\u0710 \u0715\u0726\u0718\u073c\u0720\u071a\u0735\u0722\u0735\u0710</span></span> - <span class=\"context\">work force</span> ;  might , ability to do or bear , power to resist , valiancy ;\r\n<span class=\"locution\"><span class=\"eastsyriac\">\u0725\u0735\u0712\u0742\u0738\u0715 \u071a\u0732\u071d\u0720\u0735\u0710</span></span> : to do valiantly ;\r\n<span class=\"locution\"><span class=\"eastsyriac\">\u0725\u0735\u0712\u0742\u0738\u0715 \u071a\u0732\u071d\u0720\u0735\u0710 \u0720</span></span> : to put constraint on , to force <span class=\"context\">somebody to act</span> , to compel , to use duress against , to require forcibly , to constrain ;\r\n<span class=\"locution\"><span class=\"eastsyriac\">\u0712\u0732\u072a \u071a\u0732\u071d\u0720\u0735\u0710</span></span> / <span class=\"locution\"><span class=\"eastsyriac\">\u0713\u0732\u0722\u0747\u0712\u0735\u072a \u071a\u0732\u071d\u0720\u0735\u0710</span></span> : a mighty man , a hero , a valiant man ;\r\n<span class=\"locution\"><span class=\"eastsyriac\">\u0713\u0732\u0722\u0747\u0712\u0735\u072a\u0308\u0732\u071d \u071a\u0732\u071d\u0720\u0735\u0710</span></span> : mighty men , heroes , braves ;\r\n<span class=\"locution\"><span class=\"eastsyriac\">\u0725\u0735\u0712\u0742\u0715\u0735\u0722\u0739\u0308\u0710 \u0715\u071a\u0732\u071d\u0720\u0735\u0710</span></span> : violent men , men of violence ;\r\n<span class=\"locution\"><span class=\"eastsyriac\">\u0715\u0735\u0712\u0742\u0738\u0729 \u071a\u0732\u071d\u0720\u0735\u0710</span></span> : to be strong / powerful / valiant / gallant  / heroic ;\r\n<span class=\"locution\"><span class=\"eastsyriac\">\u0710\u0735\u071f\u0742\u0738\u0720 \u071a\u0732\u071d\u0720\u0735\u0710</span></span> : a) to bear a strain , to bear a weight / a load / hardships , to be under a starin / stress , to be stressed / high-strung , to undergo stress ;\r\nb) to suffer injury ;\r\nc) <span class=\"context\">= <span class=\"locution\"><span class=\"eastsyriac\">\u0721\u0735\u071a\u0739\u0710 \u071a\u0732\u071d\u0720\u0735\u0710</span></span></span> : to make an effort , to struggle / to strive , to hold on / hang on ;\r\n<a href=\"dosearch.php?searchkey=bxaylA%27&amp;language=fullsyriac\"><span class=\"eastsyriac\">\u0712\u071a\u0732\u071d\u0720\u0735\u0710</span></a> : a) with difficulty , hardly , only just , scarcely ;\r\nb) aloud , out loud ;\r\n<span class=\"locution\"><span class=\"eastsyriac\">\u0712\u071a\u0732\u071d\u0720\u0735\u0710 \u0715\u0710\u0732\u0720\u0735\u0717\u0735\u0710</span></span> : please God ;\r\n2) an army , <span class=\"context\">especially in plural : <a href=\"dosearch.php?searchkey=xayClAwAtE%27&amp;language=fullsyriac\"><span class=\"eastsyriac\">\u071a\u0732\u071d\u0308\u0720\u0735\u0718\u0735\u072c\u0739\u0710</span></a></span> : a <span class=\"context\">vast</span> army / a large  <span class=\"context\">armed</span> force , a host , the <span class=\"context\">armed</span> forces , <span class=\"context\">see <a href=\"dosearch.php?searchkey=xEyl&amp;language=fullsyriac\"><span class=\"eastsyriac\">\u071a\u0739\u071d\u0720</span></a></span> : a train , a retinue ;\r\n3) <span class=\"field\">grammar</span> : the accent / accentuation , emphasis / stress , <span class=\"context\">verse</span> : the beat (?) ;\r\n4) a miracle , a prodigy , <span class=\"context\">something awsome</span> ;</td>", "cf": ["<span class=\"wordlink\"><a href=\"dosearch.php?searchkey=12062&amp;language=id\"><span class=\"eastsyriac\">\u072a\u0732\u0712 \u071a\u0732\u071d\u0720\u0735\u0710</span></a>, <a href=\"dosearch.php?searchkey=4384&amp;language=id\"><span class=\"eastsyriac\">\u071a\u0732\u071d\u0720\u0735\u0722\u0735\u0710</span></a>, <a href=\"dosearch.php?searchkey=4385&amp;language=id\"><span class=\"eastsyriac\">\u071a\u0732\u071d\u0720\u0735\u0722\u0718\u073c\u072c\u0735\u0710</span></a>, <a href=\"dosearch.php?searchkey=17410&amp;language=id\"><span class=\"eastsyriac\">\u071a\u071d\u0720</span></a></span>", "<span class=\"wordlink\"><a href=\"dosearch.php?searchkey=8348&amp;language=id\"><span class=\"eastsyriac\">\u0721\u0732\u0728\u071d\u0735\u0722\u0718\u073c\u072c\u0735\u0710</span></a>, <a href=\"dosearch.php?searchkey=4418&amp;language=id\"><span class=\"eastsyriac\">\u072c\u0735\u0710\u0712</span></a>, <a href=\"dosearch.php?searchkey=10212&amp;language=id\"><span class=\"eastsyriac\">\u0725\u0718\u073c\u072b\u0722\u0735\u0710</span></a>, <a href=\"dosearch.php?searchkey=2154&amp;language=id\"><span class=\"eastsyriac\">\u0713\u0330\u0718\u0735\u072b</span></a>, <a href=\"dosearch.php?searchkey=2235&amp;language=id\"><span class=\"eastsyriac\">\u0713\u071d\u073c\u072a</span></a>, <a href=\"dosearch.php?searchkey=10223&amp;language=id\"><span class=\"eastsyriac\">\u0725\u0719\u0735\u0710</span></a>, <a href=\"dosearch.php?searchkey=10539&amp;language=id\"><span class=\"eastsyriac\">\u0725\u0732\u072b\u071d\u073c\u0722\u0718\u073c\u072c\u0735\u0710</span></a>, <a href=\"dosearch.php?searchkey=10418&amp;language=id\"><span class=\"eastsyriac\">\u0725\u0732\u0723\u071f\u0735\u072a</span></a>, <a href=\"dosearch.php?searchkey=11605&amp;language=id\"><span class=\"eastsyriac\">\u0728\u0712\u0742\u0735\u0710\u0718\u073f\u072c</span></a>, <a href=\"dosearch.php?searchkey=254&amp;language=id\"><span class=\"eastsyriac\">\u0710\u0718\u073f\u072a\u0715\u0718\u073f</span></a>, <a href=\"dosearch.php?searchkey=9635&amp;language=id\"><span class=\"eastsyriac\">\u0723\u071b\u0732\u072a\u071b\u0738\u0723</span></a>, <a href=\"dosearch.php?searchkey=12616&amp;language=id\"><span class=\"eastsyriac\">\u0729\u0735\u0718\u072b\u0718\u073f\u0722</span></a>, <a href=\"dosearch.php?searchkey=4383&amp;language=id\"><span class=\"eastsyriac\">\u071a\u0732\u071d\u0720\u0735\u0710</span></a></span>"], "key": "4383", "west": "\u071a\u0730\u071d\u0720\u0733\u0710", "phonetic": "<td>' \u1e25\u00e9 la:</td>", "east": "\u071a\u0732\u071d\u0720\u0735\u0710"},
{"searchkey": "21732", "audio": [], "context": ["adjective masculine and feminine, literally"], "webrank": 80, "text": [" : 1) ", " : white of face ;\r\n2) innocent , na\u00efve (?) ;\r\n2) bold , brave , confident ;"], "english": "<td>1) <span class=\"context\">adjective masculine and feminine, literally</span> : white of face ;\r\n2) innocent , na\u00efve (?) ;\r\n2) bold , brave , confident ;</td>", "cf": ["<span class=\"wordlink\"><a href=\"dosearch.php?searchkey=4234&amp;language=id\"><span class=\"eastsyriac\">\u071a\u0718\u0735\u072a\u0735\u0710</span></a>, <a href=\"dosearch.php?searchkey=21733&amp;language=id\"><span class=\"eastsyriac\">\u0726\u0732\u0710\u072c\u0742\u0735\u0710</span></a>, <a href=\"dosearch.php?searchkey=22736&amp;language=id\"><span class=\"eastsyriac\">\u071f\u0718\u073c\u0721\u0726\u0732\u0710\u072c\u0742\u0735\u0710</span></a></span>", "<span class=\"wordlink\"><a href=\"dosearch.php?searchkey=15656&amp;language=id\"><span class=\"eastsyriac\">\u072c\u0732\u0721\u071d\u073c\u0721\u0735\u0710</span></a>, <a href=\"dosearch.php?searchkey=1773&amp;language=id\"><span class=\"eastsyriac\">\u0712\u072a\u0735\u072a\u0735\u0710</span></a>, <a href=\"dosearch.php?searchkey=14028&amp;language=id\"><span class=\"eastsyriac\">\u072b\u0732\u0712\u0718\u073c\u072a\u0735\u0710</span></a>, <a href=\"dosearch.php?searchkey=3833&amp;language=id\"><span class=\"eastsyriac\">\u0719\u0732\u071f\u0735\u071d\u0735\u0710</span></a>, <a href=\"dosearch.php?searchkey=xwArpa%27tLA%27&amp;language=fullsyriac\"><span class=\"eastsyriac\">\u071a\u0718\u0735\u072a\u0726\u0732\u0710\u072c\u0742\u0735\u0710</span></a>, <a href=\"dosearch.php?searchkey=4031&amp;language=id\"><span class=\"eastsyriac\">\u071a\u0735\u0710\u0720\u0739\u0728</span></a>, <a href=\"dosearch.php?searchkey=22735&amp;language=id\"><span class=\"eastsyriac\">\u071d\u0735\u0713\u0742\u0720\u071d\u073c \u0729\u0735\u072a\u0735\u0710</span></a></span>"], "key": "21732", "west": "\u071a\u0718\u0733\u072a\u0726\u0730\u0710\u072c\u0742\u0733\u0710", "phonetic": "<td>\u1e25wa:r ' pa: tha:</td>", "east": "\u071a\u0718\u0735\u072a\u0726\u0732\u0710\u072c\u0742\u0735\u0710"},
{"searchkey": "21704", "audio": [], "context": ["Urmiah", "Tkhuma", "Al Qosh, Ashita"], "webrank": 70, "text": [" : 1) ", " : brave , courageous ;\r\n2) stern , strict ;\r\n3) ", " : fat ;\r\n4) ", " : strong , violent ;"], "english": "<td>1) <span class=\"context\">Urmiah</span> : brave , courageous ;\r\n2) stern , strict ;\r\n3) <span class=\"context\">Tkhuma</span> : fat ;\r\n4) <span class=\"context\">Al Qosh, Ashita</span> : strong , violent ;</td>", "cf": ["<span class=\"wordlink\"><a href=\"dosearch.php?searchkey=21705&amp;language=id\"><span class=\"eastsyriac\">\u071a\u0718\u073c\u072a\u0715\u0718\u073c\u072c\u0742\u0735\u0710</span></a></span>", "<span class=\"wordlink\"><a href=\"dosearch.php?searchkey=22357&amp;language=id\"><span class=\"eastsyriac\">\u071a\u0738\u072a\u072c</span></a></span>"], "key": "21704", "west": "\u071a\u073d\u0718\u072a\u0715", "phonetic": "<td>' \u1e25u:rd</td>", "east": "\u071a\u0718\u073c\u072a\u0715"},
{"searchkey": "3995", "audio": [], "context": [], "webrank": 60, "text": [" : valiantly , bravely , readily , strenuously , diligently"], "english": "<td>valiantly , bravely , readily , strenuously , diligently</td>", "cf": [], "key": "3995", "west": "\u0719\u072a\u073a\u071d\u0719\u0733\u0710\u073a\u071d\u072c", "phonetic": "<td>' zri: za ' it</td>", "east": "\u0719\u072a\u071d\u073c\u0719\u0735\u0710\u071d\u073c\u072c"},
{"searchkey": "3994", "audio": [], "context": [], "webrank": 50, "text": [" : 1) ready , prepared  , in readiness , on stand-by ;\r\n2) active , valiant , brave ;\r\n3) energetic , diligent , painstaking , industrious , dynamic / vigorous , hard-working , skilled / skilful ;"], "english": "<td>1) ready , prepared  , in readiness , on stand-by ;\r\n2) active , valiant , brave ;\r\n3) energetic , diligent , painstaking , industrious , dynamic / vigorous , hard-working , skilled / skilful ;</td>", "cf": ["<span class=\"wordlink\"><a href=\"dosearch.php?searchkey=3232&amp;language=id\"><span class=\"eastsyriac\">\u0715\u0732\u072a\u0735\u072a\u0735\u0710</span></a>, <a href=\"dosearch.php?searchkey=4386&amp;language=id\"><span class=\"eastsyriac\">\u071a\u0732\u071d\u0720\u072c\u0735\u0722\u0735\u0710</span></a>, <a href=\"dosearch.php?searchkey=16337&amp;language=id\"><span class=\"eastsyriac\">\u0721\u0732\u072a\u0735\u071a\u0735\u0710</span></a>, <a href=\"dosearch.php?searchkey=16338&amp;language=id\"><span class=\"eastsyriac\">\u0722\u0732\u071a\u072b\u071d\u073c\u072a\u072c\u0735\u0722\u0735\u0710</span></a>, <a href=\"dosearch.php?searchkey=16339&amp;language=id\"><span class=\"eastsyriac\">\u0726\u0732\u0710\u072c\u0735\u0722\u0735\u0710</span></a>, <a href=\"dosearch.php?searchkey=16340&amp;language=id\"><span class=\"eastsyriac\">\u0720\u0712\u0742\u071d\u073c\u0712\u0742\u0735\u0710</span></a>, <a href=\"dosearch.php?searchkey=9267&amp;language=id\"><span class=\"eastsyriac\">\u0722\u0732\u0728\u071d\u073c\u071a\u0735\u0710</span></a>, <a href=\"dosearch.php?searchkey=16341&amp;language=id\"><span class=\"eastsyriac\">\u0721\u0725\u0732\u0720\u071d\u0735\u0710</span></a>, <a href=\"dosearch.php?searchkey=1886&amp;language=id\"><span class=\"eastsyriac\">\u0713\u0735\u0712\u0742\u072a\u0735\u0710</span></a>, <a href=\"dosearch.php?searchkey=6495&amp;language=id\"><span class=\"eastsyriac\">\u071f\u0732\u072b\u071d\u073c\u072a\u0735\u0710</span></a>, <a href=\"dosearch.php?searchkey=20669&amp;language=id\"><span class=\"eastsyriac\">\u0721\u071b\u0732\u071d\u0712\u0742\u0735\u0710</span></a>, <a href=\"dosearch.php?searchkey=20878&amp;language=id\"><span class=\"eastsyriac\">\u0715\u0720\u071d\u073c\u0720\u0735\u0710</span></a>, <a href=\"dosearch.php?searchkey=20525&amp;language=id\"><span class=\"eastsyriac\">\u0717\u0715\u071d\u073c\u072a\u0735\u0710</span></a>, <a href=\"dosearch.php?searchkey=33487&amp;language=id\"><span class=\"eastsyriac\">\u0717\u0735\u0719\u0739\u072a</span></a>, <a href=\"dosearch.php?searchkey=10557&amp;language=id\"><span class=\"eastsyriac\">\u0725\u072c\u071d\u073c\u0715\u0735\u0710</span></a>, <a href=\"dosearch.php?searchkey=33486&amp;language=id\"><span class=\"eastsyriac\">\u0721\u0728\u0732\u071d\u0712\u0742\u0735\u0710</span></a>, <a href=\"dosearch.php?searchkey=30622&amp;language=id\"><span class=\"eastsyriac\">\u072a\u0717\u071d\u073c\u0712\u0742\u0735\u0710</span></a></span>"], "key": "3994", "west": "\u0719\u072a\u073a\u071d\u0719\u0733\u0710", "phonetic": "<td>' zri: za:</td>", "east": "\u0719\u072a\u071d\u073c\u0719\u0735\u0710"},
{"searchkey": "3792", "audio": [], "context": [], "webrank": 40, "text": [" : 1) burliness , strength , stoutness \r\n2) courage , bravery"], "english": "<td>1) burliness , strength , stoutness \r\n2) courage , bravery</td>", "cf": [], "key": "3792", "west": "\u0719\u0730\u071a\u0721\u073d\u0718\u072c\u0733\u0710", "phonetic": "<td>za\u1e25 ' mu: ta</td>", "east": "\u0719\u0732\u071a\u0721\u0718\u073c\u072c\u0735\u0710"},
{"searchkey": "3791", "audio": [], "context": ["masculine", "Oraham", "feminine", "Al Qosh", "see \u0719\u0732\u071a\u0721\u0732\u072c"], "webrank": 30, "text": [" : ", " : 1) bold , energetic , courageous , brave , gallant , bold , daring , adventurous , stout-hearted ;\r\n\r\n2) ", " : burly , having a large and strong body , stout , strong ;\r\n", " : \u0719\u0732\u071a\u0721\u0739\u0710 ;\r\n3) ", " : difficult , hard , ", " ;"], "english": "<td><span class=\"context\">masculine</span> : 1) bold , energetic , courageous , brave , gallant , bold , daring , adventurous , stout-hearted ;\r\n\r\n2) <span class=\"context\">Oraham</span> : burly , having a large and strong body , stout , strong ;\r\n<span class=\"context\">feminine</span> : <a href=\"dosearch.php?searchkey=zaxmE%27&amp;language=fullsyriac\"><span class=\"eastsyriac\">\u0719\u0732\u071a\u0721\u0739\u0710</span></a> ;\r\n3) <span class=\"context\">Al Qosh</span> : difficult , hard , <span class=\"context\">see <a href=\"dosearch.php?searchkey=zaxmat&amp;language=fullsyriac\"><span class=\"eastsyriac\">\u0719\u0732\u071a\u0721\u0732\u072c</span></a></span> ;</td>", "cf": ["<span class=\"wordlink\"><a href=\"dosearch.php?searchkey=21254&amp;language=id\"><span class=\"eastsyriac\">\u0721\u0719\u0732\u071a\u0721\u0738\u0722</span></a>, <a href=\"dosearch.php?searchkey=21253&amp;language=id\"><span class=\"eastsyriac\">\u0719\u0735\u071a\u0738\u0721</span></a></span>", "<span class=\"wordlink\"><a href=\"dosearch.php?searchkey=4386&amp;language=id\"><span class=\"eastsyriac\">\u071a\u0732\u071d\u0720\u072c\u0735\u0722\u0735\u0710</span></a>, <a href=\"dosearch.php?searchkey=4496&amp;language=id\"><span class=\"eastsyriac\">\u071a\u0720\u071d\u073c\u0728\u0735\u0710</span></a>, <a href=\"dosearch.php?searchkey=13932&amp;language=id\"><span class=\"eastsyriac\">\u072a\u0735\u072b\u071d\u073c\u0715</span></a>, <a href=\"dosearch.php?searchkey=1885&amp;language=id\"><span class=\"eastsyriac\">\u0713\u0330\u0732\u0712\u0735\u072a</span></a>, <a href=\"dosearch.php?searchkey=2131&amp;language=id\"><span class=\"eastsyriac\">\u0713\u0330\u0718\u073c\u072a\u0710\u0735\u072c\u0735\u0722\u0735\u0710</span></a>, <a href=\"dosearch.php?searchkey=6603&amp;language=id\"><span class=\"eastsyriac\">\u0720\u0712\u071d\u073c\u0712\u0735\u0710</span></a>, <a href=\"dosearch.php?searchkey=6615&amp;language=id\"><span class=\"eastsyriac\">\u0720\u0738\u0712\u0735\u0722\u0735\u0710</span></a>, <a href=\"dosearch.php?searchkey=13264&amp;language=id\"><span class=\"eastsyriac\">\u0729\u0732\u072b\u0715\u0739\u072a\u0735\u0722\u0735\u0710</span></a></span>"], "key": "3791", "west": "\u0719\u0730\u071a\u0721\u0733\u0710", "phonetic": "<td>' za\u1e25 ma:</td>", "east": "\u0719\u0732\u071a\u0721\u0735\u0710"},
{"searchkey": "21147", "audio": [], "context": ["masculine", "in games", "adjective masculine and feminine", "see \u071a\u0732\u072c\u072a\u0735\u0722\u0735\u0710 / \u0721\u0738\u0719\u0715\u0732\u0718\u0719\u071d\u0735\u0722\u0735\u0710"], "webrank": 20, "text": [" : 1) ", " : an athlete , a champion / conqueror ", " ;\r\n2) ", " : brave ;\r\n3) overbearing , overweening (?) , ", " ;"], "english": "<td>1) <span class=\"context\">masculine</span> : an athlete , a champion / conqueror <span class=\"context\">in games</span> ;\r\n2) <span class=\"context\">adjective masculine and feminine</span> : brave ;\r\n3) overbearing , overweening (?) , <span class=\"context\">see <a href=\"dosearch.php?searchkey=xatrAnA%27&amp;language=fullsyriac\"><span class=\"eastsyriac\">\u071a\u0732\u072c\u072a\u0735\u0722\u0735\u0710</span></a> / <a href=\"dosearch.php?searchkey=mezdawzyAnA%27&amp;language=fullsyriac\"><span class=\"eastsyriac\">\u0721\u0738\u0719\u0715\u0732\u0718\u0719\u071d\u0735\u0722\u0735\u0710</span></a></span> ;</td>", "cf": ["<span class=\"wordlink\"><a href=\"dosearch.php?searchkey=4937&amp;language=id\"><span class=\"eastsyriac\">\u071a\u0732\u072c\u072a\u0735\u0722\u0735\u0710</span></a>, <a href=\"dosearch.php?searchkey=7449&amp;language=id\"><span class=\"eastsyriac\">\u0721\u0738\u0719\u0715\u0732\u0718\u0719\u071d\u0735\u0722\u0735\u0710</span></a></span>"], "key": "21147", "west": "\u0719\u0733\u0712\u0730\u072a\u0715\u0730\u0723\u072c", "phonetic": "<td>za: ' ber dast</td>", "east": "\u0719\u0735\u0712\u0732\u072a\u0715\u0732\u0723\u072c"},
{"searchkey": "3233", "audio": [], "context": ["Yoab Benjamin", "see also \u071b\u0732\u0723\u072a\u0735\u072a\u0718\u073c\u072c\u0735\u0710"], "webrank": 10, "text": [" : 1) a conflict , strife , a hostile contest , a fight / a hand-to-hand combat / a brawl / a scuffle ;\r\n2) ", " :  wrestling , ", " ;\r\n3) bravery , courage ;"], "english": "<td>1) a conflict , strife , a hostile contest , a fight / a hand-to-hand combat / a brawl / a scuffle ;\r\n2) <span class=\"context\">Yoab Benjamin</span> :  wrestling , <span class=\"context\">see also <a href=\"dosearch.php?searchkey=TasrArutA%27&amp;language=fullsyriac\"><span class=\"eastsyriac\">\u071b\u0732\u0723\u072a\u0735\u072a\u0718\u073c\u072c\u0735\u0710</span></a></span> ;\r\n3) bravery , courage ;</td>", "cf": ["<span class=\"wordlink\"><a href=\"dosearch.php?searchkey=3165&amp;language=id\"><span class=\"eastsyriac\">\u0715\u0732\u072a\u0735\u0710</span></a>, <a href=\"dosearch.php?searchkey=3233&amp;language=id\"><span class=\"eastsyriac\">\u0715\u0732\u072a\u0735\u072a\u0718\u073c\u072c\u0735\u0710</span></a>, <a href=\"dosearch.php?searchkey=33198&amp;language=id\"><span class=\"eastsyriac\">\u0715\u0735\u072a\u0738\u072a</span></a></span>", "<span class=\"wordlink\"><a href=\"dosearch.php?searchkey=11726&amp;language=id\"><span class=\"eastsyriac\">\u072c\u0732\u071f\u0742\u072c\u0718\u073c\u072b\u0735\u0710</span></a>, <a href=\"dosearch.php?searchkey=23330&amp;language=id\"><span class=\"eastsyriac\">\u0728\u072a\u0735\u0725\u0735\u0710</span></a>, <a href=\"dosearch.php?searchkey=23331&amp;language=id\"><span class=\"eastsyriac\">\u0721\u0728\u0732\u072a\u0725\u0718\u073c\u072c\u0742\u0735\u0710</span></a>, <a href=\"dosearch.php?searchkey=5918&amp;language=id\"><span class=\"eastsyriac\">\u071f\u0718\u073c\u072b\u072c\u071d\u073c</span></a>, <a href=\"dosearch.php?searchkey=1918&amp;language=id\"><span class=\"eastsyriac\">\u0713\u0330\u0735\u0713\u0732\u072a\u072c\u0735\u0710</span></a>, <a href=\"dosearch.php?searchkey=18964&amp;language=id\"><span class=\"eastsyriac\">\u0713\u0330\u0718\u073c\u071a\u0735\u0715\u0735\u0710</span></a>, <a href=\"dosearch.php?searchkey=2777&amp;language=id\"><span class=\"eastsyriac\">\u0715\u0718\u073c\u0718\u0735\u0715\u0735\u0710</span></a>, <a href=\"dosearch.php?searchkey=13150&amp;language=id\"><span class=\"eastsyriac\">\u0729\u0738\u072a\u071d\u0735\u0710</span></a>, <a href=\"dosearch.php?searchkey=4829&amp;language=id\"><span class=\"eastsyriac\">\u071a\u0738\u072a\u071d\u0735\u071d\u0718\u073c\u072c\u0735\u0710</span></a>, <a href=\"dosearch.php?searchkey=4832&amp;language=id\"><span class=\"eastsyriac\">\u071a\u0738\u072a\u071d\u0735\u0722\u0735\u0710</span></a>, <a href=\"dosearch.php?searchkey=7835&amp;language=id\"><span class=\"eastsyriac\">\u0721\u0732\u071f\u072c\u0735\u072b\u0735\u0710</span></a>, <a href=\"dosearch.php?searchkey=9623&amp;language=id\"><span class=\"eastsyriac\">\u0722\u0728\u0735\u071d\u0735\u0710</span></a>, <a href=\"dosearch.php?searchkey=11039&amp;language=id\"><span class=\"eastsyriac\">\u0726\u0720\u071d\u073c\u0713\u0718\u073c\u072c\u0735\u0710</span></a>, <a href=\"dosearch.php?searchkey=11577&amp;language=id\"><span class=\"eastsyriac\">\u0726\u0738\u072c\u0722\u0735\u0710</span></a>, <a href=\"dosearch.php?searchkey=15571&amp;language=id\"><span class=\"eastsyriac\">\u072c\u0732\u071f\u072c\u0718\u073c\u072b\u0735\u0710</span></a>, <a href=\"dosearch.php?searchkey=15530&amp;language=id\"><span class=\"eastsyriac\">\u072c\u0738\u0713\u072a\u0735\u0710</span></a>, <a href=\"dosearch.php?searchkey=1918&amp;language=id\"><span class=\"eastsyriac\">\u0713\u0330\u0735\u0713\u0732\u072a\u072c\u0735\u0710</span></a>, <a href=\"dosearch.php?searchkey=16343&amp;language=id\"><span class=\"eastsyriac\">\u0713\u0732\u0712\u0742\u072a\u0718\u073c\u072c\u0735\u0710</span></a>, <a href=\"dosearch.php?searchkey=4388&amp;language=id\"><span class=\"eastsyriac\">\u071a\u0732\u071d\u0720\u072c\u0735\u0722\u0718\u073c\u072c\u0735\u0710</span></a>, <a href=\"dosearch.php?searchkey=16342&amp;language=id\"><span class=\"eastsyriac\">\u0720\u0712\u0742\u071d\u073c\u0712\u0742\u0718\u073c\u072c\u0735\u0710</span></a></span>"], "key": "3233", "west": "\u0715\u0730\u072a\u0733\u072a\u073d\u0718\u072c\u0733\u0710", "phonetic": "<td>dar ra: ' ru: ta:</td>", "east": "\u0715\u0732\u072a\u0735\u072a\u0718\u073c\u072c\u0735\u0710"},
{"searchkey": "6603", "audio": [], "context": [], "webrank": 100, "text": [" : hearty , firm , not weak , exhibiting strength , brave , courageous , bold , bluff , daring , hardy , fearless ;"], "english": "<td>hearty , firm , not weak , exhibiting strength , brave , courageous , bold , bluff , daring , hardy , fearless ;</td>", "cf": ["<span class=\"wordlink\"><a href=\"dosearch.php?searchkey=16340&amp;language=id\"><span class=\"eastsyriac\">\u0720\u0712\u0742\u071d\u073c\u0712\u0742\u0735\u0710</span></a></span>", "<span class=\"wordlink\"><a href=\"dosearch.php?searchkey=13932&amp;language=id\"><span class=\"eastsyriac\">\u072a\u0735\u072b\u071d\u073c\u0715</span></a>, <a href=\"dosearch.php?searchkey=1885&amp;language=id\"><span class=\"eastsyriac\">\u0713\u0330\u0732\u0712\u0735\u072a</span></a>, <a href=\"dosearch.php?searchkey=2131&amp;language=id\"><span class=\"eastsyriac\">\u0713\u0330\u0718\u073c\u072a\u0710\u0735\u072c\u0735\u0722\u0735\u0710</span></a>, <a href=\"dosearch.php?searchkey=3791&amp;language=id\"><span class=\"eastsyriac\">\u0719\u0732\u071a\u0721\u0735\u0710</span></a>, <a href=\"dosearch.php?searchkey=6615&amp;language=id\"><span class=\"eastsyriac\">\u0720\u0738\u0712\u0735\u0722\u0735\u0710</span></a>, <a href=\"dosearch.php?searchkey=13264&amp;language=id\"><span class=\"eastsyriac\">\u0729\u0732\u072b\u0715\u0739\u072a\u0735\u0722\u0735\u0710</span></a></span>"], "key": "6603", "west": "\u0720\u0712\u073a\u071d\u0712\u0733\u0710", "phonetic": "<td>l ' bi: ba:</td>", "east": "\u0720\u0712\u071d\u073c\u0712\u0735\u0710"},
{"searchkey": "16348", "audio": [], "context": [], "webrank": 40, "text": [" : bravely , in a plucky manner , courageously , gamely , boldly , hardily , manfully ;"], "english": "<td>bravely , in a plucky manner , courageously , gamely , boldly , hardily , manfully ;</td>", "cf": ["<span class=\"wordlink\"><a href=\"dosearch.php?searchkey=16347&amp;language=id\"><span class=\"eastsyriac\">\u071a\u0732\u0723\u071d\u073c\u0722\u0735\u0710\u071d\u073c\u072c</span></a>, <a href=\"dosearch.php?searchkey=4491&amp;language=id\"><span class=\"eastsyriac\">\u071a\u0720\u071d\u073c\u0721\u0735\u0710\u071d\u073c\u072c</span></a>, <a href=\"dosearch.php?searchkey=16348&amp;language=id\"><span class=\"eastsyriac\">\u071a\u0720\u071d\u073c\u0728\u0735\u0710\u071d\u073c\u072c</span></a>, <a href=\"dosearch.php?searchkey=16349&amp;language=id\"><span class=\"eastsyriac\">\u0722\u0732\u071a\u072b\u071d\u072a\u072c\u0735\u0722\u0735\u0710\u071d\u073c\u072c</span></a>, <a href=\"dosearch.php?searchkey=16346&amp;language=id\"><span class=\"eastsyriac\">\u0720\u0712\u0742\u071d\u073c\u0712\u0742\u0735\u0710\u071d\u073c\u072c</span></a>, <a href=\"dosearch.php?searchkey=6604&amp;language=id\"><span class=\"eastsyriac\">\u0720\u0712\u071d\u073c\u0712\u0735\u0710\u071d\u073c\u072c</span></a></span>"], "key": "16348", "west": "\u071a\u0720\u073a\u071d\u0728\u0733\u0710\u073a\u071d\u072c", "phonetic": "<td>\u1e25li: ' \u1e63a: it</td>", "east": "\u071a\u0720\u071d\u073c\u0728\u0735\u0710\u071d\u073c\u072c"},
{"searchkey": "5669", "audio": [], "context": ["Classical Syriac : Maclean", "Oraham", "Eastern Sureth", "feminine"], "webrank": 70, "text": [" : 1) ", " : angry , ", " : irritable , quick-tempered , irascible , petulant , quickly angered , choleric ;\r\n2) ", " : bold , gutsy , plucky , audacious , brave , gritty , undaunted , valiant / hardy / daring / ballsy ;\r\n", " : \u071f\u0732\u0712\u0742\u0715\u0735\u0722\u072c\u0735\u0710 ;"], "english": "<td>1) <span class=\"context\">Classical Syriac : Maclean</span> : angry , <span class=\"context\">Oraham</span> : irritable , quick-tempered , irascible , petulant , quickly angered , choleric ;\r\n2) <span class=\"context\">Eastern Sureth</span> : bold , gutsy , plucky , audacious , brave , gritty , undaunted , valiant / hardy / daring / ballsy ;\r\n<span class=\"context\">feminine</span> : <a href=\"dosearch.php?searchkey=kabLdAntA%27&amp;language=fullsyriac\"><span class=\"eastsyriac\">\u071f\u0732\u0712\u0742\u0715\u0735\u0722\u072c\u0735\u0710</span></a> ;</td>", "cf": ["<span class=\"wordlink\"><a href=\"dosearch.php?searchkey=17520&amp;language=id\"><span class=\"eastsyriac\">\u071f\u0712\u0715</span></a>, <a href=\"dosearch.php?searchkey=5668&amp;language=id\"><span class=\"eastsyriac\">\u071f\u0732\u0712\u0742\u0715\u0735\u0710</span></a></span>", "<span class=\"wordlink\"><a href=\"dosearch.php?searchkey=34648&amp;language=id\"><span class=\"eastsyriac\">\u0723\u072a\u0739\u0710 \u0710\u0732\u0726\u0739\u0710</span></a>, <a href=\"dosearch.php?searchkey=32943&amp;language=id\"><span class=\"eastsyriac\">\u0719\u0725\u071d\u073c\u0726\u0735\u0710</span></a>, <a href=\"dosearch.php?searchkey=34649&amp;language=id\"><span class=\"eastsyriac\">\u0721\u0732\u072a\u0718\u073c\u0723\u072c\u0735\u0722\u0735\u0710</span></a>, <a href=\"dosearch.php?searchkey=9704&amp;language=id\"><span class=\"eastsyriac\">\u0723\u0738\u071f\u072a\u0735\u0722\u0735\u0710</span></a>, <a href=\"dosearch.php?searchkey=957&amp;language=id\"><span class=\"eastsyriac\">\u0712\u0732\u0715\u071a\u0718\u073c\u071d</span></a>, <a href=\"dosearch.php?searchkey=34647&amp;language=id\"><span class=\"eastsyriac\">\u0712\u071d\u073c\u072b \u071f\u071d\u0735\u0722\u0735\u0710</span></a></span>"], "key": "5669", "west": "\u071f\u0730\u0712\u0742\u0715\u0733\u0722\u0733\u0710", "phonetic": "<td>ko: ' da: na:</td>", "east": "\u071f\u0732\u0712\u0742\u0715\u0735\u0722\u0735\u0710"},
{"searchkey": "4497", "audio": [], "context": [], "webrank": 50, "text": [" : 1) hardiness , courage , bravery , gallantry , boldness , valiance , valiancy , heroism ;\r\n2) tightness ;"], "english": "<td>1) hardiness , courage , bravery , gallantry , boldness , valiance , valiancy , heroism ;\r\n2) tightness ;</td>", "cf": ["<span class=\"wordlink\"><a href=\"dosearch.php?searchkey=16343&amp;language=id\"><span class=\"eastsyriac\">\u0713\u0732\u0712\u0742\u072a\u0718\u073c\u072c\u0735\u0710</span></a>, <a href=\"dosearch.php?searchkey=4388&amp;language=id\"><span class=\"eastsyriac\">\u071a\u0732\u071d\u0720\u072c\u0735\u0722\u0718\u073c\u072c\u0735\u0710</span></a>, <a href=\"dosearch.php?searchkey=16345&amp;language=id\"><span class=\"eastsyriac\">\u0721\u0732\u072a\u0735\u071a\u0718\u073c</span></a>, <a href=\"dosearch.php?searchkey=16342&amp;language=id\"><span class=\"eastsyriac\">\u0720\u0712\u0742\u071d\u073c\u0712\u0742\u0718\u073c\u072c\u0735\u0710</span></a>, <a href=\"dosearch.php?searchkey=12117&amp;language=id\"><span class=\"eastsyriac\">\u0728\u072a\u071d\u073c\u0721\u0718\u073c\u072c\u0735\u0710</span></a>, <a href=\"dosearch.php?searchkey=8247&amp;language=id\"><span class=\"eastsyriac\">\u0721\u0725\u0732\u072b\u0729\u0735\u0722\u0718\u073c\u072c\u0735\u0710</span></a>, <a href=\"dosearch.php?searchkey=2112&amp;language=id\"><span class=\"eastsyriac\">\u0713\u0718\u073c\u0723\u072c\u0735\u071a\u0718\u073c\u072c\u0735\u0710</span></a>, <a href=\"dosearch.php?searchkey=12371&amp;language=id\"><span class=\"eastsyriac\">\u0729\u0718\u073c\u0715\u0715\u0718\u073c\u072c\u0735\u0710</span></a>, <a href=\"dosearch.php?searchkey=2077&amp;language=id\"><span class=\"eastsyriac\">\u0713\u0718\u073c\u0721\u0715\u0735\u0722\u0718\u073c\u072c\u0735\u0710</span></a>, <a href=\"dosearch.php?searchkey=2130&amp;language=id\"><span class=\"eastsyriac\">\u0713\u0748\u0718\u073c\u072a\u0710\u0735\u072c</span></a>, <a href=\"dosearch.php?searchkey=4230&amp;language=id\"><span class=\"eastsyriac\">\u071a\u0718\u073f\u0728\u0735\u0726\u0735\u0710</span></a>, <a href=\"dosearch.php?searchkey=13265&amp;language=id\"><span class=\"eastsyriac\">\u0729\u0732\u072b\u0715\u0732\u072a\u072c\u0735\u0710</span></a></span>"], "key": "4497", "west": "\u071a\u0720\u073a\u071d\u0728\u073d\u0718\u072c\u0733\u0710", "phonetic": "<td>\u1e25li: ' \u1e63u: ta</td>", "east": "\u071a\u0720\u071d\u073c\u0728\u0718\u073c\u072c\u0735\u0710"},
{"searchkey": "5935", "audio": [], "context": [], "webrank": 90, "text": [" : a champion , a combattant , a bold fighter , a brave warrior ;"], "english": "<td>a champion , a combattant , a bold fighter , a brave warrior ;</td>", "cf": ["<span class=\"wordlink\"><a href=\"dosearch.php?searchkey=18640&amp;language=id\"><span class=\"eastsyriac\">\u071f\u0719\u071d\u073c\u072a\u0735\u071d\u0735\u0710</span></a>, <a href=\"dosearch.php?searchkey=33162&amp;language=id\"><span class=\"eastsyriac\">\u071f\u0719\u071d\u073c\u072a\u0718\u073c\u072c\u0735\u0710</span></a></span>", "<span class=\"wordlink\"><a href=\"dosearch.php?searchkey=pAlojA%27&amp;language=fullsyriac\"><span class=\"eastsyriac\">\u0726\u0735\u0720\u0718\u073f\u072b\u0735\u0710</span></a>, <a href=\"dosearch.php?searchkey=gabLrA%27+d%27AgonA%27&amp;language=fullsyriac\"><span class=\"eastsyriac\">\u0713\u0732\u0712\u0742\u072a\u0735\u0710 \u0715\u0710\u0735\u0713\u0718\u073f\u0722\u0735\u0710</span></a>, <a href=\"dosearch.php?searchkey=%27ArAkBi&amp;language=fullsyriac\"><span class=\"eastsyriac\">\u0710\u0735\u072a\u0735\u071f\u0330\u071d\u073c</span></a>, <a href=\"dosearch.php?searchkey=10894&amp;language=id\"><span class=\"eastsyriac\">\u0713\u0732\u0712\u0742\u072a\u0735\u0710 \u0715\u0710\u0735\u0713\u0718\u073f\u0722\u0735\u0710</span></a>, <a href=\"dosearch.php?searchkey=16916&amp;language=id\"><span class=\"eastsyriac\">\u0710\u0735\u072a\u0735\u071f\u0330\u071d\u073c</span></a>, <a href=\"dosearch.php?searchkey=5935&amp;language=id\"><span class=\"eastsyriac\">\u071f\u0719\u071d\u073c\u072a\u0735\u0710</span></a>, <a href=\"dosearch.php?searchkey=18641&amp;language=id\"><span class=\"eastsyriac\">\u0710\u0735\u0713\u0742\u0718\u073f\u0722\u0738\u0723\u071b\u0735\u0710</span></a>, <a href=\"dosearch.php?searchkey=3232&amp;language=id\"><span class=\"eastsyriac\">\u0715\u0732\u072a\u0735\u072a\u0735\u0710</span></a>, <a href=\"dosearch.php?searchkey=18640&amp;language=id\"><span class=\"eastsyriac\">\u071f\u0719\u071d\u073c\u072a\u0735\u071d\u0735\u0710</span></a>, <a href=\"dosearch.php?searchkey=16338&amp;language=id\"><span class=\"eastsyriac\">\u0722\u0732\u071a\u072b\u071d\u073c\u072a\u072c\u0735\u0722\u0735\u0710</span></a>, <a href=\"dosearch.php?searchkey=18642&amp;language=id\"><span class=\"eastsyriac\">\u0729\u072a\u0735\u0712\u0742\u072c\u0735\u0722\u0735\u0710</span></a>, <a href=\"dosearch.php?searchkey=18592&amp;language=id\"><span class=\"eastsyriac\">\u0726\u0720\u072b</span></a>, <a href=\"dosearch.php?searchkey=11066&amp;language=id\"><span class=\"eastsyriac\">\u0726\u0720\u0735\u072b\u0735\u0710</span></a>, <a href=\"dosearch.php?searchkey=11067&amp;language=id\"><span class=\"eastsyriac\">\u0726\u0735\u0720\u0735\u072b\u0735\u0710</span></a>, <a href=\"dosearch.php?searchkey=11068&amp;language=id\"><span class=\"eastsyriac\">\u0726\u0735\u0720\u072b\u0735\u0722\u0735\u0710</span></a>, <a href=\"dosearch.php?searchkey=11069&amp;language=id\"><span class=\"eastsyriac\">\u0726\u0720\u0735\u072b\u072c\u0735\u0710</span></a>, <a href=\"dosearch.php?searchkey=18637&amp;language=id\"><span class=\"eastsyriac\">\u0726\u0735\u0720\u0739\u072b</span></a>, <a href=\"dosearch.php?searchkey=18639&amp;language=id\"><span class=\"eastsyriac\">\u0726\u0732\u0720\u0735\u072b\u0735\u0710</span></a>, <a href=\"dosearch.php?searchkey=11019&amp;language=id\"><span class=\"eastsyriac\">\u0726\u0735\u0720\u0718\u073f\u072b\u0735\u0710</span></a></span>"], "key": "5935", "west": "\u071f\u0719\u073a\u071d\u072a\u0733\u0710", "phonetic": "<td>' kzi: ra:</td>", "east": "\u071f\u0719\u071d\u073c\u072a\u0735\u0710"},
{"searchkey": "4496", "audio": [], "context": ["see \u071a\u0720\u0718\u073c\u0728\u0735\u0710 ;"], "webrank": 30, "text": [" : 1) valiant , brave , fearless , doughty ;\r\n2) a strong person , a burly person ;\r\n3) tight , held closely together , made tight or tighter , tightened , taut , "], "english": "<td>1) valiant , brave , fearless , doughty ;\r\n2) a strong person , a burly person ;\r\n3) tight , held closely together , made tight or tighter , tightened , taut , <span class=\"context\">see <a href=\"dosearch.php?searchkey=xluSA%27&amp;language=fullsyriac\"><span class=\"eastsyriac\">\u071a\u0720\u0718\u073c\u0728\u0735\u0710</span></a> ;</span></td>", "cf": ["<span class=\"wordlink\"><a href=\"dosearch.php?searchkey=4386&amp;language=id\"><span class=\"eastsyriac\">\u071a\u0732\u071d\u0720\u072c\u0735\u0722\u0735\u0710</span></a>, <a href=\"dosearch.php?searchkey=3791&amp;language=id\"><span class=\"eastsyriac\">\u0719\u0732\u071a\u0721\u0735\u0710</span></a></span>"], "key": "4496", "west": "\u071a\u0720\u073a\u071d\u0728\u0733\u0710", "phonetic": "<td>' \u1e25li: \u1e63a:</td>", "east": "\u071a\u0720\u071d\u073c\u0728\u0735\u0710"},
{"searchkey": "4491", "audio": [], "context": ["Yoab Benjamin"], "webrank": 20, "text": [" : 1) thickly , stoutly , strongly , mightily ;\r\n2) ", " : bravely , manfully , boldly , doughtily ;"], "english": "<td>1) thickly , stoutly , strongly , mightily ;\r\n2) <span class=\"context\">Yoab Benjamin</span> : bravely , manfully , boldly , doughtily ;</td>", "cf": ["<span class=\"wordlink\"><a href=\"dosearch.php?searchkey=16347&amp;language=id\"><span class=\"eastsyriac\">\u071a\u0732\u0723\u071d\u073c\u0722\u0735\u0710\u071d\u073c\u072c</span></a>, <a href=\"dosearch.php?searchkey=16348&amp;language=id\"><span class=\"eastsyriac\">\u071a\u0720\u071d\u073c\u0728\u0735\u0710\u071d\u073c\u072c</span></a>, <a href=\"dosearch.php?searchkey=16349&amp;language=id\"><span class=\"eastsyriac\">\u0722\u0732\u071a\u072b\u071d\u072a\u072c\u0735\u0722\u0735\u0710\u071d\u073c\u072c</span></a>, <a href=\"dosearch.php?searchkey=16346&amp;language=id\"><span class=\"eastsyriac\">\u0720\u0712\u0742\u071d\u073c\u0712\u0742\u0735\u0710\u071d\u073c\u072c</span></a>, <a href=\"dosearch.php?searchkey=6604&amp;language=id\"><span class=\"eastsyriac\">\u0720\u0712\u071d\u073c\u0712\u0735\u0710\u071d\u073c\u072c</span></a></span>"], "key": "4491", "west": "\u071a\u0720\u073a\u071d\u0721\u0733\u0710\u073a\u071d\u072c", "phonetic": "<td>\u1e25li: ' ma: it</td>", "east": "\u071a\u0720\u071d\u073c\u0721\u0735\u0710\u071d\u073c\u072c"},
{"searchkey": "4388", "audio": [], "context": [], "webrank": 10, "text": [" : mightiness , the state of being mighty , strength (?) , clout (means of imposing one's will) , valiancy / valiance , bravery ;"], "english": "<td>mightiness , the state of being mighty , strength (?) , clout (means of imposing one's will) , valiancy / valiance , bravery ;</td>", "cf": ["<span class=\"wordlink\"><a href=\"dosearch.php?searchkey=16343&amp;language=id\"><span class=\"eastsyriac\">\u0713\u0732\u0712\u0742\u072a\u0718\u073c\u072c\u0735\u0710</span></a>, <a href=\"dosearch.php?searchkey=4497&amp;language=id\"><span class=\"eastsyriac\">\u071a\u0720\u071d\u073c\u0728\u0718\u073c\u072c\u0735\u0710</span></a>, <a href=\"dosearch.php?searchkey=16345&amp;language=id\"><span class=\"eastsyriac\">\u0721\u0732\u072a\u0735\u071a\u0718\u073c</span></a>, <a href=\"dosearch.php?searchkey=16342&amp;language=id\"><span class=\"eastsyriac\">\u0720\u0712\u0742\u071d\u073c\u0712\u0742\u0718\u073c\u072c\u0735\u0710</span></a>, <a href=\"dosearch.php?searchkey=3233&amp;language=id\"><span class=\"eastsyriac\">\u0715\u0732\u072a\u0735\u072a\u0718\u073c\u072c\u0735\u0710</span></a></span>"], "key": "4388", "west": "\u071a\u0730\u071d\u0720\u072c\u0733\u0722\u073d\u0718\u072c\u0733\u0710", "phonetic": "<td>\u1e25ail ta ' nu: ta</td>", "east": "\u071a\u0732\u071d\u0720\u072c\u0735\u0722\u0718\u073c\u072c\u0735\u0710"},
{"searchkey": "8459", "audio": [], "context": ["see \u0710\u071d\u073c\u0715\u0738\u0717 \u0726\u072c\u0718\u073f\u071a\u072c\u0735\u0710", "feminine"], "webrank": 100, "text": [" : 1) bold , brave , manly , virile , like a man , courgeous , plucky , gutsy , feisty , spunky ;\r\n2) energetic ;\r\n3) ", " : generous ;\r\n", " :"], "english": "<td>1) bold , brave , manly , virile , like a man , courgeous , plucky , gutsy , feisty , spunky ;\r\n2) energetic ;\r\n3) <span class=\"context\">see <a href=\"dosearch.php?searchkey=%27ideh+ptoxtA%27&amp;language=fullsyriac\"><span class=\"eastsyriac\">\u0710\u071d\u073c\u0715\u0738\u0717 \u0726\u072c\u0718\u073f\u071a\u072c\u0735\u0710</span></a></span> : generous ;\r\n<span class=\"context\">feminine</span> : <span class=\"locution\"><span class=\"eastsyriac\">\u0721\u0732\u072a\u0715\u0739\u0710</span></span> ;\r\n<span class=\"context\">plural</span> : <span class=\"locution\"><span class=\"eastsyriac\">\u0721\u0732\u072a\u0308\u0715\u0739\u0710</span></span> ;</td>", "cf": ["<span class=\"wordlink\"><a href=\"dosearch.php?searchkey=8467&amp;language=id\"><span class=\"eastsyriac\">\u0721\u0732\u072a\u0715\u0718\u073c\u072c\u0742\u0735\u0710</span></a>, <a href=\"dosearch.php?searchkey=8466&amp;language=id\"><span class=\"eastsyriac\">\u0721\u0732\u072a\u0715\u0718\u073c\u072c\u0735\u0710</span></a>, <a href=\"dosearch.php?searchkey=26738&amp;language=id\"><span class=\"eastsyriac\">\u0722\u0735\u0721\u0732\u072a\u0715</span></a></span>", "<span class=\"wordlink\"><a href=\"dosearch.php?searchkey=6615&amp;language=id\"><span class=\"eastsyriac\">\u0720\u0738\u0712\u0735\u0722\u0735\u0710</span></a>, <a href=\"dosearch.php?searchkey=34618&amp;language=id\"><span class=\"eastsyriac\">\u0715\u0735\u0712\u0742\u071a\u0735\u0722\u0735\u0710</span></a>, <a href=\"dosearch.php?searchkey=19052&amp;language=id\"><span class=\"eastsyriac\">\u072b\u0726\u071d\u073c\u0725 \u0710\u071d\u073c\u0715\u0735\u0710</span></a></span>"], "key": "8459", "west": "\u0721\u0730\u072a\u0715\u0733\u0710", "phonetic": "<td>' mar da:</td>", "east": "\u0721\u0732\u072a\u0715\u0735\u0710"},
{"searchkey": "21254", "audio": [], "context": [], "webrank": 80, "text": [" : 1) to be brave / bold / courageous ;\r\n2) to make brave , to cause to be brave / bold , to embolden ;\r\n3) to bestir oneself , to make haste , to dare (?) / to be so bold as to ;"], "english": "<td>1) to be brave / bold / courageous ;\r\n2) to make brave , to cause to be brave / bold , to embolden ;\r\n3) to bestir oneself , to make haste , to dare (?) / to be so bold as to ;</td>", "cf": ["<span class=\"wordlink\"><a href=\"dosearch.php?searchkey=3791&amp;language=id\"><span class=\"eastsyriac\">\u0719\u0732\u071a\u0721\u0735\u0710</span></a>, <a href=\"dosearch.php?searchkey=21253&amp;language=id\"><span class=\"eastsyriac\">\u0719\u0735\u071a\u0738\u0721</span></a></span>"], "key": "21254", "west": "\u0721\u0719\u0730\u071a\u0721\u0736\u0722", "phonetic": "<td>(m) ' za\u1e25 min</td>", "east": "\u0721\u0719\u0732\u071a\u0721\u0738\u0722"},
{"searchkey": "6616", "audio": [], "context": [], "webrank": 50, "text": [" : wholeheartedly / heartily , with zest or seal , zealously , courageously , bravely , hardily , on one's free will / willingly ;"], "english": "<td>wholeheartedly / heartily , with zest or seal , zealously , courageously , bravely , hardily , on one's free will / willingly ;</td>", "cf": ["<span class=\"wordlink\"><a href=\"dosearch.php?searchkey=14895&amp;language=id\"><span class=\"eastsyriac\">\u0720\u0738\u0712\u0735\u0710 \u0725\u0712\u0742\u072a\u0735\u0710</span></a>, <a href=\"dosearch.php?searchkey=1881&amp;language=id\"><span class=\"eastsyriac\">\u0713\u0712\u0742\u0735\u0720\u0735\u0710 \u0720\u0738\u0712\u0735\u0710</span></a>, <a href=\"dosearch.php?searchkey=7964&amp;language=id\"><span class=\"eastsyriac\">\u0721\u0732\u0721\u072a\u0725\u0718\u073c\u071d\u0739\u0710 \u0720\u0738\u0712\u0735\u0710</span></a>, <a href=\"dosearch.php?searchkey=25318&amp;language=id\"><span class=\"eastsyriac\">\u0721\u0720\u0732\u0712\u0738\u0722</span></a>, <a href=\"dosearch.php?searchkey=30329&amp;language=id\"><span class=\"eastsyriac\">\u0720\u0738\u0712\u0735\u0712\u0308\u0739\u0710</span></a>, <a href=\"dosearch.php?searchkey=31157&amp;language=id\"><span class=\"eastsyriac\">\u0720\u0738\u0712\u0735\u0722\u0735\u071d\u0735\u0710</span></a>, <a href=\"dosearch.php?searchkey=31705&amp;language=id\"><span class=\"eastsyriac\">\u0721\u071a\u0732\u071d\u072c\u0742\u0710 \u0715\u0720\u0738\u0712\u0735\u0710</span></a>, <a href=\"dosearch.php?searchkey=31774&amp;language=id\"><span class=\"eastsyriac\">\u0710\u0735\u0723\u0738\u0729 \u0720\u0720\u0738\u0712\u0735\u0710</span></a>, <a href=\"dosearch.php?searchkey=16342&amp;language=id\"><span class=\"eastsyriac\">\u0720\u0712\u0742\u071d\u073c\u0712\u0742\u0718\u073c\u072c\u0735\u0710</span></a>, <a href=\"dosearch.php?searchkey=33219&amp;language=id\"><span class=\"eastsyriac\">\u0721\u0738\u0722 \u071f\u0720\u0738\u0717 \u0720\u0738\u0712\u0735\u0710</span></a>, <a href=\"dosearch.php?searchkey=6593&amp;language=id\"><span class=\"eastsyriac\">\u0720\u0738\u0712\u0735\u0710</span></a></span>", "<span class=\"wordlink\"><a href=\"dosearch.php?searchkey=15201&amp;language=id\"><span class=\"eastsyriac\">\u072b\u0732\u072a\u071d\u073c\u072a\u0735\u0710\u071d\u073c\u072c</span></a>, <a href=\"dosearch.php?searchkey=33218&amp;language=id\"><span class=\"eastsyriac\">\u0712\u0738\u0721\u0717\u0718\u073c\u0721\u0722\u0718\u073c\u072c\u0735\u0710</span></a>, <a href=\"dosearch.php?searchkey=33217&amp;language=id\"><span class=\"eastsyriac\">\u0721\u0717\u0732\u071d\u0721\u0722\u0735\u0710\u071d\u073c\u072c</span></a></span>"], "key": "6616", "west": "\u0720\u0736\u0712\u0733\u0722\u0733\u0710\u073a\u071d\u072c", "phonetic": "<td>lib ba: ' na: i:t</td>", "east": "\u0720\u0738\u0712\u0735\u0722\u0735\u0710\u071d\u073c\u072c"},
{"searchkey": "16347", "audio": [], "context": [], "webrank": 60, "text": [" : courageously , bravely , boldly , gamely ;"], "english": "<td>courageously , bravely , boldly , gamely ;</td>", "cf": ["<span class=\"wordlink\"><a href=\"dosearch.php?searchkey=4491&amp;language=id\"><span class=\"eastsyriac\">\u071a\u0720\u071d\u073c\u0721\u0735\u0710\u071d\u073c\u072c</span></a>, <a href=\"dosearch.php?searchkey=16348&amp;language=id\"><span class=\"eastsyriac\">\u071a\u0720\u071d\u073c\u0728\u0735\u0710\u071d\u073c\u072c</span></a>, <a href=\"dosearch.php?searchkey=16349&amp;language=id\"><span class=\"eastsyriac\">\u0722\u0732\u071a\u072b\u071d\u072a\u072c\u0735\u0722\u0735\u0710\u071d\u073c\u072c</span></a>, <a href=\"dosearch.php?searchkey=16346&amp;language=id\"><span class=\"eastsyriac\">\u0720\u0712\u0742\u071d\u073c\u0712\u0742\u0735\u0710\u071d\u073c\u072c</span></a>, <a href=\"dosearch.php?searchkey=6604&amp;language=id\"><span class=\"eastsyriac\">\u0720\u0712\u071d\u073c\u0712\u0735\u0710\u071d\u073c\u072c</span></a></span>"], "key": "16347", "west": "\u071a\u0730\u0723\u073a\u071d\u0722\u0733\u0710\u073a\u071d\u072c", "phonetic": "<td>\u1e25a si ' ma it</td>", "east": "\u071a\u0732\u0723\u071d\u073c\u0722\u0735\u0710\u071d\u073c\u072c"},
{"searchkey": "26272", "audio": [], "context": [], "webrank": 70, "text": [" : to embolden , to encourage , to hearten , to give heart / to make brave ;"], "english": "<td>to embolden , to encourage , to hearten , to give heart / to make brave ;</td>", "cf": ["<span class=\"wordlink\"><a href=\"dosearch.php?searchkey=1886&amp;language=id\"><span class=\"eastsyriac\">\u0713\u0735\u0712\u0742\u072a\u0735\u0710</span></a></span>", "<span class=\"wordlink\"><a href=\"dosearch.php?searchkey=26269&amp;language=id\"><span class=\"eastsyriac\">\u0721\u0732\u072a\u0715\u0738\u0722</span></a>, <a href=\"dosearch.php?searchkey=18038&amp;language=id\"><span class=\"eastsyriac\">\u071d\u0735\u0717\u0739\u0712\u0742 \u0720\u0738\u0712\u0735\u0710</span></a>, <a href=\"dosearch.php?searchkey=18040&amp;language=id\"><span class=\"eastsyriac\">\u0720\u0732\u0712\u0738\u0712\u0742</span></a>, <a href=\"dosearch.php?searchkey=26270&amp;language=id\"><span class=\"eastsyriac\">\u071a\u0732\u0721\u0723\u0738\u0722</span></a>, <a href=\"dosearch.php?searchkey=26271&amp;language=id\"><span class=\"eastsyriac\">\u071d\u0735\u0717\u0739\u0712\u0742 \u0726\u0732\u0710\u072c\u0742\u0735\u0710</span></a>, <a href=\"dosearch.php?searchkey=26273&amp;language=id\"><span class=\"eastsyriac\">\u071d\u0732\u0717\u0712\u0742\u0738\u0720 \u0720\u0738\u0712\u0735\u0710</span></a></span>"], "key": "26272", "west": "\u0721\u0713\u0730\u0712\u0742\u072a\u0736\u0722", "phonetic": "<td>(m) ' go rin</td>", "east": "\u0721\u0713\u0732\u0712\u0742\u072a\u0738\u0722"},
{"searchkey": "16342", "audio": [], "context": ["Yoab Benjamin"], "webrank": 40, "text": [" : 1) gallantry , bravery , prowess , courage , chivalrousness , valiancy ;\r\n2) ", " : generosity ;"], "english": "<td>1) gallantry , bravery , prowess , courage , chivalrousness , valiancy ;\r\n2) <span class=\"context\">Yoab Benjamin</span> : generosity ;</td>", "cf": ["<span class=\"wordlink\"><a href=\"dosearch.php?searchkey=16340&amp;language=id\"><span class=\"eastsyriac\">\u0720\u0712\u0742\u071d\u073c\u0712\u0742\u0735\u0710</span></a>, <a href=\"dosearch.php?searchkey=6605&amp;language=id\"><span class=\"eastsyriac\">\u0720\u0712\u071d\u073c\u0712\u0718\u073c\u072c\u0735\u0710</span></a>, <a href=\"dosearch.php?searchkey=6593&amp;language=id\"><span class=\"eastsyriac\">\u0720\u0738\u0712\u0735\u0710</span></a></span>", "<span class=\"wordlink\"><a href=\"dosearch.php?searchkey=16343&amp;language=id\"><span class=\"eastsyriac\">\u0713\u0732\u0712\u0742\u072a\u0718\u073c\u072c\u0735\u0710</span></a>, <a href=\"dosearch.php?searchkey=4388&amp;language=id\"><span class=\"eastsyriac\">\u071a\u0732\u071d\u0720\u072c\u0735\u0722\u0718\u073c\u072c\u0735\u0710</span></a>, <a href=\"dosearch.php?searchkey=4497&amp;language=id\"><span class=\"eastsyriac\">\u071a\u0720\u071d\u073c\u0728\u0718\u073c\u072c\u0735\u0710</span></a>, <a href=\"dosearch.php?searchkey=16345&amp;language=id\"><span class=\"eastsyriac\">\u0721\u0732\u072a\u0735\u071a\u0718\u073c</span></a>, <a href=\"dosearch.php?searchkey=3233&amp;language=id\"><span class=\"eastsyriac\">\u0715\u0732\u072a\u0735\u072a\u0718\u073c\u072c\u0735\u0710</span></a>, <a href=\"dosearch.php?searchkey=544&amp;language=id\"><span class=\"eastsyriac\">\u0710\u0747\u0722\u0735\u072b\u0718\u073c\u072c\u0735\u0710</span></a>, <a href=\"dosearch.php?searchkey=4963&amp;language=id\"><span class=\"eastsyriac\">\u071b\u0735\u0712\u0742\u0718\u073c\u072c\u0735\u0710</span></a>, <a href=\"dosearch.php?searchkey=15023&amp;language=id\"><span class=\"eastsyriac\">\u072b\u0726\u071d\u073c\u0725\u0718\u073c\u072c\u0735\u0710</span></a>, <a href=\"dosearch.php?searchkey=31675&amp;language=id\"><span class=\"eastsyriac\">\u0710\u0739\u071d\u0718\u073c</span></a>, <a href=\"dosearch.php?searchkey=9095&amp;language=id\"><span class=\"eastsyriac\">\u0722\u0732\u071a\u072b\u071d\u073c\u072a\u0718\u073c\u072c\u0735\u0710</span></a>, <a href=\"dosearch.php?searchkey=5301&amp;language=id\"><span class=\"eastsyriac\">\u071b\u0732\u072a\u0729\u0718\u073c\u072c\u0735\u0710</span></a>, <a href=\"dosearch.php?searchkey=kzirutA%27&amp;language=fullsyriac\"><span class=\"eastsyriac\">\u071f\u0719\u071d\u073c\u072a\u0718\u073c\u072c\u0735\u0710</span></a>, <a href=\"dosearch.php?searchkey=xasinutA%27&amp;language=fullsyriac\"><span class=\"eastsyriac\">\u071a\u0732\u0723\u071d\u073c\u0722\u0718\u073c\u072c\u0735\u0710</span></a>, <a href=\"dosearch.php?searchkey=3233&amp;language=id\"><span class=\"eastsyriac\">\u0715\u0732\u072a\u0735\u072a\u0718\u073c\u072c\u0735\u0710</span></a>, <a href=\"dosearch.php?searchkey=16342&amp;language=id\"><span class=\"eastsyriac\">\u0720\u0712\u0742\u071d\u073c\u0712\u0742\u0718\u073c\u072c\u0735\u0710</span></a></span>"], "key": "16342", "west": "\u0720\u0712\u0742\u073a\u071d\u0712\u0742\u073d\u0718\u072c\u0733\u0710", "phonetic": "<td>lwi: ' wu: ta:</td>", "east": "\u0720\u0712\u0742\u071d\u073c\u0712\u0742\u0718\u073c\u072c\u0735\u0710"},
{"searchkey": "23973", "audio": [], "context": ["feminine of \u0720\u0738\u0712\u0735\u0722\u0735\u0710 : hearty , brave , of good courage , bold ;"], "webrank": 60, "text": [" : "], "english": "<td><span class=\"context\">feminine of <a href=\"dosearch.php?searchkey=lebAnA%27&amp;language=fullsyriac\"><span class=\"eastsyriac\">\u0720\u0738\u0712\u0735\u0722\u0735\u0710</span></a> : hearty , brave , of good courage , bold ;</span></td>", "cf": [], "key": "23973", "west": "\u0720\u0736\u0712\u0733\u0722\u072c\u0733\u0710", "phonetic": "<td>li ' ba:n ta:</td>", "east": "\u0720\u0738\u0712\u0735\u0722\u072c\u0735\u0710"},
{"searchkey": "6605", "audio": [], "context": [], "webrank": 30, "text": [" : bravery , boldness , courage , courageousness , fortitude ;"], "english": "<td>bravery , boldness , courage , courageousness , fortitude ;</td>", "cf": ["<span class=\"wordlink\"><a href=\"dosearch.php?searchkey=16342&amp;language=id\"><span class=\"eastsyriac\">\u0720\u0712\u0742\u071d\u073c\u0712\u0742\u0718\u073c\u072c\u0735\u0710</span></a></span>", "<span class=\"wordlink\"><a href=\"dosearch.php?searchkey=2112&amp;language=id\"><span class=\"eastsyriac\">\u0713\u0718\u073c\u0723\u072c\u0735\u071a\u0718\u073c\u072c\u0735\u0710</span></a>, <a href=\"dosearch.php?searchkey=12371&amp;language=id\"><span class=\"eastsyriac\">\u0729\u0718\u073c\u0715\u0715\u0718\u073c\u072c\u0735\u0710</span></a>, <a href=\"dosearch.php?searchkey=2077&amp;language=id\"><span class=\"eastsyriac\">\u0713\u0718\u073c\u0721\u0715\u0735\u0722\u0718\u073c\u072c\u0735\u0710</span></a>, <a href=\"dosearch.php?searchkey=2130&amp;language=id\"><span class=\"eastsyriac\">\u0713\u0748\u0718\u073c\u072a\u0710\u0735\u072c</span></a>, <a href=\"dosearch.php?searchkey=4230&amp;language=id\"><span class=\"eastsyriac\">\u071a\u0718\u073f\u0728\u0735\u0726\u0735\u0710</span></a>, <a href=\"dosearch.php?searchkey=4497&amp;language=id\"><span class=\"eastsyriac\">\u071a\u0720\u071d\u073c\u0728\u0718\u073c\u072c\u0735\u0710</span></a>, <a href=\"dosearch.php?searchkey=13265&amp;language=id\"><span class=\"eastsyriac\">\u0729\u0732\u072b\u0715\u0732\u072a\u072c\u0735\u0710</span></a>, <a href=\"dosearch.php?searchkey=31675&amp;language=id\"><span class=\"eastsyriac\">\u0710\u0739\u071d\u0718\u073c</span></a></span>"], "key": "6605", "west": "\u0720\u0712\u073a\u071d\u0712\u073d\u0718\u072c\u0733\u0710", "phonetic": "<td>lbi: ' bu: ta:</td>", "east": "\u0720\u0712\u071d\u073c\u0712\u0718\u073c\u072c\u0735\u0710"},
{"searchkey": "6604", "audio": [], "context": [], "webrank": 20, "text": [" : boldly , bravely , in a bold manner , in a courageous manner , in a daring manner , in a bluff manner , courageously , manfully , gamely , stoutly , doughtily ;"], "english": "<td>boldly , bravely , in a bold manner , in a courageous manner , in a daring manner , in a bluff manner , courageously , manfully , gamely , stoutly , doughtily ;</td>", "cf": ["<span class=\"wordlink\"><a href=\"dosearch.php?searchkey=16346&amp;language=id\"><span class=\"eastsyriac\">\u0720\u0712\u0742\u071d\u073c\u0712\u0742\u0735\u0710\u071d\u073c\u072c</span></a></span>", "<span class=\"wordlink\"><a href=\"dosearch.php?searchkey=16346&amp;language=id\"><span class=\"eastsyriac\">\u0720\u0712\u0742\u071d\u073c\u0712\u0742\u0735\u0710\u071d\u073c\u072c</span></a></span>", "<span class=\"wordlink\"><a href=\"dosearch.php?searchkey=16347&amp;language=id\"><span class=\"eastsyriac\">\u071a\u0732\u0723\u071d\u073c\u0722\u0735\u0710\u071d\u073c\u072c</span></a>, <a href=\"dosearch.php?searchkey=4491&amp;language=id\"><span class=\"eastsyriac\">\u071a\u0720\u071d\u073c\u0721\u0735\u0710\u071d\u073c\u072c</span></a>, <a href=\"dosearch.php?searchkey=16348&amp;language=id\"><span class=\"eastsyriac\">\u071a\u0720\u071d\u073c\u0728\u0735\u0710\u071d\u073c\u072c</span></a>, <a href=\"dosearch.php?searchkey=16349&amp;language=id\"><span class=\"eastsyriac\">\u0722\u0732\u071a\u072b\u071d\u072a\u072c\u0735\u0722\u0735\u0710\u071d\u073c\u072c</span></a></span>"], "key": "6604", "west": "\u0720\u0712\u073a\u071d\u0712\u0733\u0710\u073a\u071d\u072c", "phonetic": "<td>lbi: ' ba it</td>", "east": "\u0720\u0712\u071d\u073c\u0712\u0735\u0710\u071d\u073c\u072c"},
{"searchkey": "23074", "audio": [], "context": ["f\u00e9minin de \u071f\u0732\u0712\u0742\u0715\u0735\u0722\u0735\u0710", "Classical Syriac", "Eastern Sureth"], "webrank": 80, "text": [" : ", " 1) ", " : angry , cross , irritable , choleric ;\r\n2) ", " : bold , hardy , brave , gutsy ;"], "english": "<td><span class=\"context\">f\u00e9minin de <a href=\"dosearch.php?searchkey=kabLdAnA%27&amp;language=fullsyriac\"><span class=\"eastsyriac\">\u071f\u0732\u0712\u0742\u0715\u0735\u0722\u0735\u0710</span></a></span> 1) <span class=\"context\">Classical Syriac</span> : angry , cross , irritable , choleric ;\r\n2) <span class=\"context\">Eastern Sureth</span> : bold , hardy , brave , gutsy ;</td>", "cf": ["<span class=\"wordlink\"><a href=\"dosearch.php?searchkey=17520&amp;language=id\"><span class=\"eastsyriac\">\u071f\u0712\u0715</span></a>, <a href=\"dosearch.php?searchkey=5668&amp;language=id\"><span class=\"eastsyriac\">\u071f\u0732\u0712\u0742\u0715\u0735\u0710</span></a>, <a href=\"dosearch.php?searchkey=5669&amp;language=id\"><span class=\"eastsyriac\">\u071f\u0732\u0712\u0742\u0715\u0735\u0722\u0735\u0710</span></a></span>"], "key": "23074", "west": "\u071f\u0730\u0712\u0742\u0715\u0733\u0722\u072c\u0733\u0710", "phonetic": "<td>ko: ' da:n ta:</td>", "east": "\u071f\u0732\u0712\u0742\u0715\u0735\u0722\u072c\u0735\u0710"},
{"searchkey": "7746", "audio": [], "context": [], "webrank": 90, "text": [" : virtuously , excellently , in a virtuous manner , notably , valorously , bravely , courageously , in a distinguished manner , outstandingly ;"], "english": "<td>virtuously , excellently , in a virtuous manner , notably , valorously , bravely , courageously , in a distinguished manner , outstandingly ;</td>", "cf": ["<span class=\"wordlink\"><a href=\"dosearch.php?searchkey=17488&amp;language=id\"><span class=\"eastsyriac\">\u071d\u072c\u072a</span></a>, <a href=\"dosearch.php?searchkey=5618&amp;language=id\"><span class=\"eastsyriac\">\u071d\u072c\u0735\u072a\u0735\u0710</span></a>, <a href=\"dosearch.php?searchkey=7745&amp;language=id\"><span class=\"eastsyriac\">\u0721\u0732\u071d\u072c\u0735\u072a</span></a>, <a href=\"dosearch.php?searchkey=7747&amp;language=id\"><span class=\"eastsyriac\">\u0721\u071d\u0732\u072c\u072a\u0718\u073c\u072c\u0735\u0710</span></a></span>"], "key": "7746", "west": "\u0721\u071d\u0730\u072c\u072a\u0733\u0710\u073a\u071d\u072c", "phonetic": "<td>mia ' ra: it</td>", "east": "\u0721\u071d\u0732\u072c\u072a\u0735\u0710\u071d\u073c\u072c"},
{"searchkey": "16340", "audio": [], "context": ["undertaking", "Yoab Benjamin"], "webrank": 10, "text": [" : 1) gallant , venturesome , daring , dashing , courageous , brave , chivalrous ;\r\n2) -?- ", " : risky (?) ;\r\n3) ", " : generous ;"], "english": "<td>1) gallant , venturesome , daring , dashing , courageous , brave , chivalrous ;\r\n2) -?- <span class=\"context\">undertaking</span> : risky (?) ;\r\n3) <span class=\"context\">Yoab Benjamin</span> : generous ;</td>", "cf": ["<span class=\"wordlink\"><a href=\"dosearch.php?searchkey=16342&amp;language=id\"><span class=\"eastsyriac\">\u0720\u0712\u0742\u071d\u073c\u0712\u0742\u0718\u073c\u072c\u0735\u0710</span></a></span>", "<span class=\"wordlink\"><a href=\"dosearch.php?searchkey=3232&amp;language=id\"><span class=\"eastsyriac\">\u0715\u0732\u072a\u0735\u072a\u0735\u0710</span></a>, <a href=\"dosearch.php?searchkey=3994&amp;language=id\"><span class=\"eastsyriac\">\u0719\u072a\u071d\u073c\u0719\u0735\u0710</span></a>, <a href=\"dosearch.php?searchkey=4386&amp;language=id\"><span class=\"eastsyriac\">\u071a\u0732\u071d\u0720\u072c\u0735\u0722\u0735\u0710</span></a>, <a href=\"dosearch.php?searchkey=16337&amp;language=id\"><span class=\"eastsyriac\">\u0721\u0732\u072a\u0735\u071a\u0735\u0710</span></a>, <a href=\"dosearch.php?searchkey=16338&amp;language=id\"><span class=\"eastsyriac\">\u0722\u0732\u071a\u072b\u071d\u073c\u072a\u072c\u0735\u0722\u0735\u0710</span></a>, <a href=\"dosearch.php?searchkey=16339&amp;language=id\"><span class=\"eastsyriac\">\u0726\u0732\u0710\u072c\u0735\u0722\u0735\u0710</span></a>, <a href=\"dosearch.php?searchkey=9267&amp;language=id\"><span class=\"eastsyriac\">\u0722\u0732\u0728\u071d\u073c\u071a\u0735\u0710</span></a>, <a href=\"dosearch.php?searchkey=16341&amp;language=id\"><span class=\"eastsyriac\">\u0721\u0725\u0732\u0720\u071d\u0735\u0710</span></a>, <a href=\"dosearch.php?searchkey=1886&amp;language=id\"><span class=\"eastsyriac\">\u0713\u0735\u0712\u0742\u072a\u0735\u0710</span></a>, <a href=\"dosearch.php?searchkey=18932&amp;language=id\"><span class=\"eastsyriac\">\u0713\u0330\u0739\u0713\u0735\u072a</span></a>, <a href=\"dosearch.php?searchkey=26188&amp;language=id\"><span class=\"eastsyriac\">\u0713\u0718\u073c\u0721\u072a\u0735\u0722\u0735\u0710</span></a></span>"], "key": "16340", "west": "\u0720\u0712\u0742\u073a\u071d\u0712\u0742\u0733\u0710", "phonetic": "<td>' lvi: va:</td>", "east": "\u0720\u0712\u0742\u071d\u073c\u0712\u0742\u0735\u0710"}
]