[
{"searchkey": "4898", "audio": [], "context": [], "webrank": 8, "text": [" : a rustle , a rustling , a brushing (?) , a rattling noise , a fluttering -of wings- (?)"], "english": "<td>a rustle , a rustling , a brushing (?) , a rattling noise , a fluttering -of wings- (?)</td>", "cf": [], "key": "4898", "west": "\u071a\u0736\u072b\u0733\u071a\u0736\u072b", "phonetic": "<td>\u1e25i\u0161 ' \u0161a \u1e25i\u0161</td>", "east": "\u071a\u0738\u072b\u0735\u071a\u0738\u072b"},
{"searchkey": "18413", "audio": [], "context": ["Yoab Benjamin", "Bailis Shamun ; see also \u0721\u0735\u072b\u0739\u072b / \u0713\u0735\u072b\u0739\u072b"], "webrank": 4, "text": [" : 1) ", " : to wrong ;\r\n2) to dupe ;\r\n3) ", " : to touch / to brush (?) , to handle , to finger , to fondle / to caress / to cuddle / to toy / to play with ; "], "english": "<td>1) <span class=\"context\">Yoab Benjamin</span> : to wrong ;\r\n2) to dupe ;\r\n3) <span class=\"context\">Bailis Shamun ; see also <a href=\"dosearch.php?searchkey=mAjEj&amp;language=fullsyriac\"><span class=\"eastsyriac\">\u0721\u0735\u072b\u0739\u072b</span></a> / <a href=\"dosearch.php?searchkey=gAjEj&amp;language=fullsyriac\"><span class=\"eastsyriac\">\u0713\u0735\u072b\u0739\u072b</span></a></span> : to touch / to brush (?) , to handle , to finger , to fondle / to caress / to cuddle / to toy / to play with ; </td>", "cf": ["<span class=\"wordlink\"><a href=\"dosearch.php?searchkey=2623&amp;language=id\"><span class=\"eastsyriac\">\u0713\u072b\u0735\u0710</span></a>, <a href=\"dosearch.php?searchkey=24502&amp;language=id\"><span class=\"eastsyriac\">\u0713\u0732\u072b</span></a>, <a href=\"dosearch.php?searchkey=24503&amp;language=id\"><span class=\"eastsyriac\">\u0710\u0732\u0713\u0738\u072b</span></a>, <a href=\"dosearch.php?searchkey=18065&amp;language=id\"><span class=\"eastsyriac\">\u0721\u0732\u0713\u0738\u072b</span></a>, <a href=\"dosearch.php?searchkey=2636&amp;language=id\"><span class=\"eastsyriac\">\u0713\u072b\u0735\u0726\u0735\u0710</span></a>, <a href=\"dosearch.php?searchkey=2637&amp;language=id\"><span class=\"eastsyriac\">\u0713\u0739\u072b\u0726\u0735\u0710</span></a></span>", "<span class=\"wordlink\"><a href=\"dosearch.php?searchkey=15544&amp;language=id\"><span class=\"eastsyriac\">\u072c\u0735\u071f\u0735\u0710</span></a>, <a href=\"dosearch.php?searchkey=4290&amp;language=id\"><span class=\"eastsyriac\">\u071a\u0732\u0719\u0715\u0718\u073c\u0713\u0739\u0710</span></a>, <a href=\"dosearch.php?searchkey=9156&amp;language=id\"><span class=\"eastsyriac\">\u0722\u071f\u0742\u0735\u0710</span></a>, <a href=\"dosearch.php?searchkey=10544&amp;language=id\"><span class=\"eastsyriac\">\u0725\u072b\u0735\u0721\u0735\u0710</span></a>, <a href=\"dosearch.php?searchkey=14509&amp;language=id\"><span class=\"eastsyriac\">\u072b\u071a\u0735\u071b\u0735\u0710</span></a>, <a href=\"dosearch.php?searchkey=5625&amp;language=id\"><span class=\"eastsyriac\">\u071f\u0710\u0735\u0712\u0742\u0735\u0710</span></a>, <a href=\"dosearch.php?searchkey=508&amp;language=id\"><span class=\"eastsyriac\">\u0710\u0738\u0722\u0713\u0330\u0721\u0739\u072b \u0717\u0747\u0718\u0735\u0710</span></a>, <a href=\"dosearch.php?searchkey=17817&amp;language=id\"><span class=\"eastsyriac\">\u0725\u0718\u0720</span></a>, <a href=\"dosearch.php?searchkey=41&amp;language=id\"><span class=\"eastsyriac\">\u0710\u0712\u0735\u072b\u0735\u0710</span></a>, <a href=\"dosearch.php?searchkey=148&amp;language=id\"><span class=\"eastsyriac\">\u0710\u0717\u0735\u072a\u0735\u0710</span></a>, <a href=\"dosearch.php?searchkey=18414&amp;language=id\"><span class=\"eastsyriac\">\u071b\u0735\u0720\u0739\u0721</span></a>, <a href=\"dosearch.php?searchkey=18415&amp;language=id\"><span class=\"eastsyriac\">\u0720\u0732\u0719\u0720\u0738\u0719</span></a>, <a href=\"dosearch.php?searchkey=18416&amp;language=id\"><span class=\"eastsyriac\">\u0721\u0722\u0735\u071f\u0739\u0721</span></a>, <a href=\"dosearch.php?searchkey=18417&amp;language=id\"><span class=\"eastsyriac\">\u0725\u0735\u072b\u0739\u0721</span></a>, <a href=\"dosearch.php?searchkey=18418&amp;language=id\"><span class=\"eastsyriac\">\u072a\u0735\u0715\u0739\u0726</span></a>, <a href=\"dosearch.php?searchkey=18419&amp;language=id\"><span class=\"eastsyriac\">\u0721\u0732\u072b\u071d\u0738\u0721</span></a>, <a href=\"dosearch.php?searchkey=14118&amp;language=id\"><span class=\"eastsyriac\">\u072b\u0735\u0715\u0718\u073c\u0720\u0739\u0710</span></a>, <a href=\"dosearch.php?searchkey=7559&amp;language=id\"><span class=\"eastsyriac\">\u0721\u0732\u071a\u0720\u0718\u073c\u071b\u0739\u0710</span></a>, <a href=\"dosearch.php?searchkey=20764&amp;language=id\"><span class=\"eastsyriac\">\u0715\u0735\u072a\u0739\u0721</span></a>, <a href=\"dosearch.php?searchkey=10029&amp;language=id\"><span class=\"eastsyriac\">\u0725\u0712\u0742\u0732\u0715 \u0726\u0718\u073c\u072a\u0723\u0735\u0710</span></a>, <a href=\"dosearch.php?searchkey=33705&amp;language=id\"><span class=\"eastsyriac\">\u0722\u0732\u071f\u0738\u0720</span></a></span>"], "key": "18413", "west": "\u0713\u0733\u072b\u0736\u0726", "phonetic": "<td>' ga: \u0161ip</td>", "east": "\u0713\u0735\u072b\u0739\u0726"},
{"searchkey": "21510", "audio": [], "context": ["a horse", "a horse ...", "Classical Syriac : past :"], "webrank": 7, "text": [" : 1) to curry ", " , to scratch , to brush / to clean ", " , "], "english": "<td>1) to curry <span class=\"context\">a horse</span> , to scratch , to brush / to clean <span class=\"context\">a horse ...</span> , <span class=\"context\">Classical Syriac : past : <span class=\"locution\"><span class=\"eastsyriac\">\u071a\u0735\u071f</span></span> / <span class=\"locution\"><span class=\"eastsyriac\">\u071a\u0732\u071f</span></span></span> ;\r\n2) <span class=\"context\">metaphor</span> : to tickle <span class=\"context\">the ears</span> , <span class=\"context\">garment ?</span> : to scratch (?) ;\r\n3) <span class=\"context\">Al Qosh : with <span class=\"locution\"><span class=\"eastsyriac\">\u0725\u0732\u0721</span></span></span> : to deceive , to take in , to delude ;</td>", "cf": ["<span class=\"wordlink\"><a href=\"dosearch.php?searchkey=21511&amp;language=id\"><span class=\"eastsyriac\">\u0721\u0732\u071a\u071d\u0738\u071f</span></a>, <a href=\"dosearch.php?searchkey=4439&amp;language=id\"><span class=\"eastsyriac\">\u071a\u0738\u071f\u072c\u0735\u0710</span></a>, <a href=\"dosearch.php?searchkey=21512&amp;language=id\"><span class=\"eastsyriac\">\u071a\u071d\u0735\u071f\u072c\u0735\u0710</span></a>, <a href=\"dosearch.php?searchkey=21513&amp;language=id\"><span class=\"eastsyriac\">\u071a\u071d\u073c\u0718\u073f\u071f\u0735\u0710</span></a>, <a href=\"dosearch.php?searchkey=21866&amp;language=id\"><span class=\"eastsyriac\">\u071a\u0735\u071d\u0718\u073f\u071f\u0735\u0710</span></a>, <a href=\"dosearch.php?searchkey=21917&amp;language=id\"><span class=\"eastsyriac\">\u071a\u0735\u071d\u071f\u0718\u073f\u0718\u0308\u0739\u0710</span></a>, <a href=\"dosearch.php?searchkey=21916&amp;language=id\"><span class=\"eastsyriac\">\u071a\u0735\u071d\u071f\u0718\u073f</span></a></span>", "<span class=\"wordlink\"><a href=\"dosearch.php?searchkey=21913&amp;language=id\"><span class=\"eastsyriac\">\u071a\u0735\u071d\u0738\u071f</span></a></span>"], "key": "21510", "west": "\u071a\u0733\u0710\u0736\u071f", "phonetic": "<td>' \u1e25a: ik</td>", "east": "\u071a\u0735\u0710\u0738\u071f"},
{"searchkey": "5929", "audio": [], "context": [], "webrank": 10, "text": [" : a brush"], "english": "<td>a brush</td>", "cf": [], "key": "5929", "west": "\u071f\u0748\u0733\u0718\u072c\u0729\u0733\u0710", "phonetic": "<td>' t\u0161et qa</td>", "east": "\u071f\u0748\u0735\u0718\u072c\u0729\u0735\u0710"},
{"searchkey": "5543", "audio": [], "context": ["Yoab Benjamin", "Oraham"], "webrank": 9, "text": [" : 1) ", " : a briar ;\r\n2) ", " : a thicket , a dense growth of shrubbery , a tangle of thorns , brambles , brush (?) ;"], "english": "<td>1) <span class=\"context\">Yoab Benjamin</span> : a briar ;\r\n2) <span class=\"context\">Oraham</span> : a thicket , a dense growth of shrubbery , a tangle of thorns , brambles , brush (?) ;</td>", "cf": ["<span class=\"wordlink\"><a href=\"dosearch.php?searchkey=10014&amp;language=id\"><span class=\"eastsyriac\">\u0725\u0735\u0712\u0742\u0735\u0710</span></a>, <a href=\"dosearch.php?searchkey=12351&amp;language=id\"><span class=\"eastsyriac\">\u0729\u0718\u073c\u0712\u0718\u073c\u071a\u072c\u0735\u0710</span></a>, <a href=\"dosearch.php?searchkey=9786&amp;language=id\"><span class=\"eastsyriac\">\u0723\u0732\u0722\u071d\u0735\u0710</span></a>, <a href=\"dosearch.php?searchkey=12412&amp;language=id\"><span class=\"eastsyriac\">\u0729\u0718\u073c\u071b\u0735\u071d\u0726\u0735\u0710</span></a>, <a href=\"dosearch.php?searchkey=12953&amp;language=id\"><span class=\"eastsyriac\">\u0729\u0738\u0722\u071b\u0735\u071d\u0726\u0735\u0710</span></a>, <a href=\"dosearch.php?searchkey=12954&amp;language=id\"><span class=\"eastsyriac\">\u0729\u071b\u0735\u0726\u0735\u0710</span></a>, <a href=\"dosearch.php?searchkey=16711&amp;language=id\"><span class=\"eastsyriac\">\u0725\u0735\u0721\u0718\u073f\u072a\u0718\u073c\u072c\u0710</span></a>, <a href=\"dosearch.php?searchkey=1050&amp;language=id\"><span class=\"eastsyriac\">\u0712\u0718\u073c\u071b\u072c\u0710</span></a></span>"], "key": "5543", "west": "\u071d\u0730\u0725\u072a\u0733\u0710", "phonetic": "<td>ia: ' ra:</td>", "east": "\u071d\u0732\u0725\u072a\u0735\u0710"},
{"searchkey": "34466", "audio": [], "context": [], "webrank": 5, "text": [" : to touch , to brush (?) ;"], "english": "<td>to touch , to brush (?) ;</td>", "cf": ["<span class=\"wordlink\"><a href=\"dosearch.php?searchkey=34467&amp;language=id\"><span class=\"eastsyriac\">\u0713\u072b\u0735\u072b\u0735\u0710</span></a></span>", "<span class=\"wordlink\"><a href=\"dosearch.php?searchkey=18413&amp;language=id\"><span class=\"eastsyriac\">\u0713\u0735\u072b\u0739\u0726</span></a>, <a href=\"dosearch.php?searchkey=34465&amp;language=id\"><span class=\"eastsyriac\">\u0721\u0735\u072b\u0739\u072b</span></a></span>"], "key": "34466", "west": "\u0713\u0733\u072b\u0736\u072b", "phonetic": "<td>' ga: \u0161i:\u0161</td>", "east": "\u0713\u0735\u072b\u0739\u072b"},
{"searchkey": "16157", "audio": [], "context": [], "webrank": 3, "text": [" : a bush , a brush / a dense growth of bushes , a thicket , a place abounding in shrubs , a thick shrub ; "], "english": "<td>a bush , a brush / a dense growth of bushes , a thicket , a place abounding in shrubs , a thick shrub ; </td>", "cf": ["<span class=\"wordlink\"><a href=\"dosearch.php?searchkey=1050&amp;language=id\"><span class=\"eastsyriac\">\u0712\u0718\u073c\u071b\u072c\u0735\u0710</span></a></span>", "<span class=\"wordlink\"><a href=\"dosearch.php?searchkey=12351&amp;language=id\"><span class=\"eastsyriac\">\u0729\u0718\u073c\u0712\u0718\u073c\u071a\u072c\u0735\u0710</span></a>, <a href=\"dosearch.php?searchkey=3113&amp;language=id\"><span class=\"eastsyriac\">\u0715\u0732\u0723\u072c\u0735\u0710</span></a>, <a href=\"dosearch.php?searchkey=3899&amp;language=id\"><span class=\"eastsyriac\">\u0719\u0738\u0722\u0713\u0738\u072a\u072c\u0735\u0710</span></a>, <a href=\"dosearch.php?searchkey=5013&amp;language=id\"><span class=\"eastsyriac\">\u071b\u0718\u073c\u071b\u071d\u073c\u072c\u0735\u0710</span></a>, <a href=\"dosearch.php?searchkey=9786&amp;language=id\"><span class=\"eastsyriac\">\u0723\u0732\u0722\u071d\u0735\u0710</span></a>, <a href=\"dosearch.php?searchkey=12412&amp;language=id\"><span class=\"eastsyriac\">\u0729\u0718\u073c\u071b\u0735\u071d\u0726\u0735\u0710</span></a>, <a href=\"dosearch.php?searchkey=12953&amp;language=id\"><span class=\"eastsyriac\">\u0729\u0738\u0722\u071b\u0735\u071d\u0726\u0735\u0710</span></a>, <a href=\"dosearch.php?searchkey=12954&amp;language=id\"><span class=\"eastsyriac\">\u0729\u071b\u0735\u0726\u0735\u0710</span></a></span>"], "key": "16157", "west": "\u0712\u073d\u0718\u071b\u072c\u0733\u0710 \u0715\u0729\u073a\u071d\u0718\u0733\u072a\u0736\u0710", "phonetic": "<td>' bu\u1e6d tad qi ' va: ri</td>", "east": "\u0712\u0718\u073c\u071b\u072c\u0735\u0710 \u0715\u0729\u071d\u073c\u0718\u0735\u072a\u0739\u0710"},
{"searchkey": "1050", "audio": [], "context": [], "webrank": 2, "text": [" : a thicket , shrubs closely set together, brush , a cluster of trees / a copse (?) / a hurst (?) / a grove (?) / a bosque (?) , a spinney (?) ;"], "english": "<td>a thicket , shrubs closely set together, brush , a cluster of trees / a copse (?) / a hurst (?) / a grove (?) / a bosque (?) , a spinney (?) ;</td>", "cf": ["<span class=\"wordlink\"><a href=\"dosearch.php?searchkey=16157&amp;language=id\"><span class=\"eastsyriac\">\u0712\u0718\u073c\u071b\u072c\u0735\u0710 \u0715\u0729\u071d\u073c\u0718\u0735\u072a\u0739\u0710</span></a></span>", "<span class=\"wordlink\"><a href=\"dosearch.php?searchkey=12351&amp;language=id\"><span class=\"eastsyriac\">\u0729\u0718\u073c\u0712\u0718\u073c\u071a\u072c\u0735\u0710</span></a>, <a href=\"dosearch.php?searchkey=3113&amp;language=id\"><span class=\"eastsyriac\">\u0715\u0732\u0723\u072c\u0735\u0710</span></a>, <a href=\"dosearch.php?searchkey=3899&amp;language=id\"><span class=\"eastsyriac\">\u0719\u0738\u0722\u0713\u0738\u072a\u072c\u0735\u0710</span></a>, <a href=\"dosearch.php?searchkey=5013&amp;language=id\"><span class=\"eastsyriac\">\u071b\u0718\u073c\u071b\u071d\u073c\u072c\u0735\u0710</span></a>, <a href=\"dosearch.php?searchkey=9786&amp;language=id\"><span class=\"eastsyriac\">\u0723\u0732\u0722\u071d\u0735\u0710</span></a>, <a href=\"dosearch.php?searchkey=12412&amp;language=id\"><span class=\"eastsyriac\">\u0729\u0718\u073c\u071b\u0735\u071d\u0726\u0735\u0710</span></a>, <a href=\"dosearch.php?searchkey=12953&amp;language=id\"><span class=\"eastsyriac\">\u0729\u0738\u0722\u071b\u0735\u071d\u0726\u0735\u0710</span></a>, <a href=\"dosearch.php?searchkey=12954&amp;language=id\"><span class=\"eastsyriac\">\u0729\u071b\u0735\u0726\u0735\u0710</span></a>, <a href=\"dosearch.php?searchkey=16711&amp;language=id\"><span class=\"eastsyriac\">\u0725\u0735\u0721\u0718\u073f\u072a\u0718\u073c\u072c\u0742\u0735\u0710</span></a>, <a href=\"dosearch.php?searchkey=10014&amp;language=id\"><span class=\"eastsyriac\">\u0725\u0735\u0712\u0742\u0735\u0710</span></a>, <a href=\"dosearch.php?searchkey=1083&amp;language=id\"><span class=\"eastsyriac\">\u0712\u0718\u073c\u0723\u072c\u0735\u0722\u0735\u0710</span></a>, <a href=\"dosearch.php?searchkey=932&amp;language=id\"><span class=\"eastsyriac\">\u0712\u0735\u0713\u0742\u0735\u0710</span></a>, <a href=\"dosearch.php?searchkey=15305&amp;language=id\"><span class=\"eastsyriac\">\u072b\u072c\u0738\u0720\u072c\u0735\u0710</span></a>, <a href=\"dosearch.php?searchkey=31324&amp;language=id\"><span class=\"eastsyriac\">\u072b\u0732\u0721\u0722\u0735\u0710</span></a></span>"], "key": "1050", "west": "\u0712\u073d\u0718\u071b\u072c\u0733\u0710", "phonetic": "<td>' bu\u1e6d ta:</td>", "east": "\u0712\u0718\u073c\u071b\u072c\u0735\u0710"},
{"searchkey": "823", "audio": [], "context": [], "webrank": 1, "text": [" : to rub , to pass over with a brushing movement ;"], "english": "<td>to rub , to pass over with a brushing movement ;</td>", "cf": ["<span class=\"wordlink\"><a href=\"dosearch.php?searchkey=14623&amp;language=id\"><span class=\"eastsyriac\">\u072b\u071d\u0735\u0726\u0735\u0710</span></a>, <a href=\"dosearch.php?searchkey=14624&amp;language=id\"><span class=\"eastsyriac\">\u072b\u0710\u0735\u0726\u0735\u0710</span></a></span>"], "key": "823", "west": "\u0710\u0747\u072b\u0733\u0726\u0733\u0710", "phonetic": "<td>&amp; ' \u0161a: pa:</td>", "east": "\u0710\u0747\u072b\u0735\u0726\u0735\u0710"},
{"searchkey": "10014", "audio": [], "context": ["Maclean", "Oraham", "Aghassi :"], "webrank": 60, "text": [" : 1) ", " : a wood ;\r\n2) ", " : a thicket / brush / dense growth of bushes or shrubbery , a thick grove , a forest / woods ;\r\n3) "], "english": "<td>1) <span class=\"context\">Maclean</span> : a wood ;\r\n2) <span class=\"context\">Oraham</span> : a thicket / brush / dense growth of bushes or shrubbery , a thick grove , a forest / woods ;\r\n3) <span class=\"context\">Aghassi : <span class=\"locution\"><span class=\"eastsyriac\">\u0725\u0732\u0712\u0742\u0735\u0710</span></span> ; see also <a href=\"dosearch.php?searchkey=TarjA%27&amp;language=fullsyriac\"><span class=\"eastsyriac\">\u071b\u0732\u072a\u072b\u0735\u0710</span></a></span> : a forest ;</td>", "cf": ["<span class=\"wordlink\"><a href=\"dosearch.php?searchkey=18867&amp;language=id\"><span class=\"eastsyriac\">\u0725\u0735\u0712\u0742\u072c\u0735\u0710</span></a></span>", "<span class=\"wordlink\"><a href=\"dosearch.php?searchkey=12351&amp;language=id\"><span class=\"eastsyriac\">\u0729\u0718\u073c\u0712\u0718\u073c\u071a\u072c\u0735\u0710</span></a>, <a href=\"dosearch.php?searchkey=3113&amp;language=id\"><span class=\"eastsyriac\">\u0715\u0732\u0723\u072c\u0735\u0710</span></a>, <a href=\"dosearch.php?searchkey=3899&amp;language=id\"><span class=\"eastsyriac\">\u0719\u0738\u0722\u0713\u0738\u072a\u072c\u0735\u0710</span></a>, <a href=\"dosearch.php?searchkey=9786&amp;language=id\"><span class=\"eastsyriac\">\u0723\u0732\u0722\u071d\u0735\u0710</span></a>, <a href=\"dosearch.php?searchkey=12412&amp;language=id\"><span class=\"eastsyriac\">\u0729\u0718\u073c\u071b\u0735\u071d\u0726\u0735\u0710</span></a>, <a href=\"dosearch.php?searchkey=12953&amp;language=id\"><span class=\"eastsyriac\">\u0729\u0738\u0722\u071b\u0735\u071d\u0726\u0735\u0710</span></a>, <a href=\"dosearch.php?searchkey=12954&amp;language=id\"><span class=\"eastsyriac\">\u0729\u071b\u0735\u0726\u0735\u0710</span></a>, <a href=\"dosearch.php?searchkey=16711&amp;language=id\"><span class=\"eastsyriac\">\u0725\u0735\u0721\u0718\u073f\u072a\u0718\u073c\u072c\u0710</span></a>, <a href=\"dosearch.php?searchkey=1050&amp;language=id\"><span class=\"eastsyriac\">\u0712\u0718\u073c\u071b\u072c\u0710</span></a>, <a href=\"dosearch.php?searchkey=5543&amp;language=id\"><span class=\"eastsyriac\">\u071d\u0732\u0725\u072a\u0735\u0710</span></a>, <a href=\"dosearch.php?searchkey=18865&amp;language=id\"><span class=\"eastsyriac\">\u0713\u0330\u0732\u0712\u0735\u0720</span></a>, <a href=\"dosearch.php?searchkey=7738&amp;language=id\"><span class=\"eastsyriac\">\u0721\u0732\u071d\u072b\u0735\u0710</span></a>, <a href=\"dosearch.php?searchkey=24259&amp;language=id\"><span class=\"eastsyriac\">\u072a\u0739\u0720\u0735\u0710</span></a>, <a href=\"dosearch.php?searchkey=18866&amp;language=id\"><span class=\"eastsyriac\">\u0713\u0722\u071d\u073c\u072c\u0735\u0710</span></a></span>"], "key": "10014", "west": "\u0725\u0733\u0712\u0742\u0733\u0710", "phonetic": "<td>' a: wa:</td>", "east": "\u0725\u0735\u0712\u0742\u0735\u0710"},
{"searchkey": "16711", "audio": [], "context": [], "webrank": 80, "text": [" : a thicket , a shrubberry / a scrub / brushwood / a brush , undergrowth (?) ;"], "english": "<td>a thicket , a shrubberry / a scrub / brushwood / a brush , undergrowth (?) ;</td>", "cf": ["<span class=\"wordlink\"><a href=\"dosearch.php?searchkey=17827&amp;language=id\"><span class=\"eastsyriac\">\u0725\u0721\u072a</span></a>, <a href=\"dosearch.php?searchkey=10380&amp;language=id\"><span class=\"eastsyriac\">\u0725\u0721\u0735\u072a\u0735\u0710</span></a>, <a href=\"dosearch.php?searchkey=8217&amp;language=id\"><span class=\"eastsyriac\">\u0721\u0732\u0725\u0721\u0718\u073c\u072a\u0739\u0710</span></a>, <a href=\"dosearch.php?searchkey=15114&amp;language=id\"><span class=\"eastsyriac\">\u0725\u0721\u0735\u072a\u072c\u0735\u0710</span></a>, <a href=\"dosearch.php?searchkey=10385&amp;language=id\"><span class=\"eastsyriac\">\u0725\u0735\u0721\u0735\u072a\u0735\u072c</span></a>, <a href=\"dosearch.php?searchkey=10384&amp;language=id\"><span class=\"eastsyriac\">\u0725\u0732\u0721\u072a\u0735\u0722\u0735\u0710</span></a>, <a href=\"dosearch.php?searchkey=10363&amp;language=id\"><span class=\"eastsyriac\">\u0725\u0735\u0721\u0718\u073f\u072a\u0735\u0710</span></a>, <a href=\"dosearch.php?searchkey=10172&amp;language=id\"><span class=\"eastsyriac\">\u0725\u0735\u0718\u0721\u072a</span></a>, <a href=\"dosearch.php?searchkey=10379&amp;language=id\"><span class=\"eastsyriac\">\u0725\u0732\u0721\u072a</span></a>, <a href=\"dosearch.php?searchkey=1308&amp;language=id\"><span class=\"eastsyriac\">\u0712\u0739\u071d\u072c\u0721\u0732\u0725\u0721\u072a\u0735\u0710</span></a>, <a href=\"dosearch.php?searchkey=8818&amp;language=id\"><span class=\"eastsyriac\">\u0721\u0738\u072c\u0725\u0732\u0721\u072a\u0735\u0722\u0735\u0710</span></a>, <a href=\"dosearch.php?searchkey=8220&amp;language=id\"><span class=\"eastsyriac\">\u0721\u0732\u0725\u0721\u072a\u0735\u0710</span></a>, <a href=\"dosearch.php?searchkey=16088&amp;language=id\"><span class=\"eastsyriac\">\u0710\u0735\u0721\u0718\u073f\u072a\u0735\u0710</span></a>, <a href=\"dosearch.php?searchkey=16710&amp;language=id\"><span class=\"eastsyriac\">\u0710\u0735\u0721\u0718\u073c\u072a\u0735\u0710</span></a>, <a href=\"dosearch.php?searchkey=10173&amp;language=id\"><span class=\"eastsyriac\">\u0725\u0718\u073c\u0721\u072a\u0735\u0710</span></a>, <a href=\"dosearch.php?searchkey=1668&amp;language=id\"><span class=\"eastsyriac\">\u0712\u0732\u072a\u0725\u0718\u073c\u0721\u072a\u0735\u0710</span></a></span>", "<span class=\"wordlink\"><a href=\"dosearch.php?searchkey=12351&amp;language=id\"><span class=\"eastsyriac\">\u0729\u0718\u073c\u0712\u0718\u073c\u071a\u072c\u0735\u0710</span></a>, <a href=\"dosearch.php?searchkey=3113&amp;language=id\"><span class=\"eastsyriac\">\u0715\u0732\u0723\u072c\u0735\u0710</span></a>, <a href=\"dosearch.php?searchkey=3899&amp;language=id\"><span class=\"eastsyriac\">\u0719\u0738\u0722\u0713\u0738\u072a\u072c\u0735\u0710</span></a>, <a href=\"dosearch.php?searchkey=5013&amp;language=id\"><span class=\"eastsyriac\">\u071b\u0718\u073c\u071b\u071d\u073c\u072c\u0735\u0710</span></a>, <a href=\"dosearch.php?searchkey=9786&amp;language=id\"><span class=\"eastsyriac\">\u0723\u0732\u0722\u071d\u0735\u0710</span></a>, <a href=\"dosearch.php?searchkey=12412&amp;language=id\"><span class=\"eastsyriac\">\u0729\u0718\u073c\u071b\u0735\u071d\u0726\u0735\u0710</span></a>, <a href=\"dosearch.php?searchkey=12953&amp;language=id\"><span class=\"eastsyriac\">\u0729\u0738\u0722\u071b\u0735\u071d\u0726\u0735\u0710</span></a>, <a href=\"dosearch.php?searchkey=12954&amp;language=id\"><span class=\"eastsyriac\">\u0729\u071b\u0735\u0726\u0735\u0710</span></a>, <a href=\"dosearch.php?searchkey=1050&amp;language=id\"><span class=\"eastsyriac\">\u0712\u0718\u073c\u071b\u072c\u0710</span></a>, <a href=\"dosearch.php?searchkey=10014&amp;language=id\"><span class=\"eastsyriac\">\u0725\u0735\u0712\u0742\u0735\u0710</span></a></span>"], "key": "16711", "west": "\u0725\u0733\u0721\u073d\u0718\u072a\u073d\u0718\u072c\u0742\u0733\u0710", "phonetic": "<td>a: mu: ' ru: t:a:</td>", "east": "\u0725\u0735\u0721\u0718\u073f\u072a\u0718\u073c\u072c\u0742\u0735\u0710"},
{"searchkey": "34465", "audio": [], "context": [], "webrank": 50, "text": [" : to touch , to brush (?) ;"], "english": "<td>to touch , to brush (?) ;</td>", "cf": ["<span class=\"wordlink\"><a href=\"dosearch.php?searchkey=18413&amp;language=id\"><span class=\"eastsyriac\">\u0713\u0735\u072b\u0739\u0726</span></a>, <a href=\"dosearch.php?searchkey=34466&amp;language=id\"><span class=\"eastsyriac\">\u0713\u0735\u072b\u0739\u072b</span></a></span>"], "key": "34465", "west": "\u0721\u0733\u072b\u0736\u072b", "phonetic": "<td>' ma: \u0161i:\u0161</td>", "east": "\u0721\u0735\u072b\u0739\u072b"},
{"searchkey": "6232", "audio": [], "context": [], "webrank": 30, "text": [" : sweeping , the act of driving / collecting / carrying along with a brushing motion as dirt from a floor ;"], "english": "<td>sweeping , the act of driving / collecting / carrying along with a brushing motion as dirt from a floor ;</td>", "cf": ["<span class=\"wordlink\"><a href=\"dosearch.php?searchkey=17525&amp;language=id\"><span class=\"eastsyriac\">\u071f\u0722\u072b</span></a>, <a href=\"dosearch.php?searchkey=6228&amp;language=id\"><span class=\"eastsyriac\">\u071f\u0722\u0735\u072b\u0735\u0710</span></a>, <a href=\"dosearch.php?searchkey=6205&amp;language=id\"><span class=\"eastsyriac\">\u071f\u0722\u0718\u073c\u072b\u072c\u0735\u0710</span></a>, <a href=\"dosearch.php?searchkey=6230&amp;language=id\"><span class=\"eastsyriac\">\u071f\u0735\u0722\u0735\u072b\u0735\u0710</span></a>, <a href=\"dosearch.php?searchkey=6229&amp;language=id\"><span class=\"eastsyriac\">\u071f\u0738\u0722\u072b\u0735\u0710</span></a>, <a href=\"dosearch.php?searchkey=6231&amp;language=id\"><span class=\"eastsyriac\">\u071f\u0722\u0735\u072b\u0735\u0710 \u0721\u071d\u073c\u0735\u0710</span></a></span>"], "key": "6232", "west": "\u071f\u0722\u0733\u072b\u072c\u0733\u0710", "phonetic": "<td>' kna\u0161 ta</td>", "east": "\u071f\u0722\u0735\u072b\u072c\u0735\u0710"},
{"searchkey": "18321", "audio": [], "context": ["transitive and intransitive verb", "in a stream or river", "distinguish from \u0723\u0735\u071a\u0739\u0710", "metaphor", "Al Qosh"], "webrank": 40, "text": [" : 1) ", " : to bathe , to have a bath , to have a dip ", " (?) , ", " ;\r\n2) ", " : to cleanse , to cleanse oneself , to wash / to have a wash ;\r\n", " :"], "english": "<td>1) <span class=\"context\">transitive and intransitive verb</span> : to bathe , to have a bath , to have a dip <span class=\"context\">in a stream or river</span> (?) , <span class=\"context\">distinguish from <a href=\"dosearch.php?searchkey=sAxE%27&amp;language=fullsyriac\"><span class=\"eastsyriac\">\u0723\u0735\u071a\u0739\u0710</span></a></span> ;\r\n2) <span class=\"context\">metaphor</span> : to cleanse , to cleanse oneself , to wash / to have a wash ;\r\n<span class=\"context\">Al Qosh</span> : <span class=\"locution\"><span class=\"eastsyriac\">\u0721\u071a\u0732\u0720\u0738\u0720 \u0710\u071d\u073c\u0715\u0735\u0710 \u0721\u0738\u0722</span></span> : to wash one's hands of ;\r\n<span class=\"locution\"><span class=\"eastsyriac\">\u0721\u071a\u0732\u0720\u0738\u0720 \u071f\u0739\u071f\u0308\u0739\u0710</span></span> : a toothbrush / tooth-brush ;\r\n3) <span class=\"context\">Al Qosh : see <a href=\"dosearch.php?searchkey=xlulA%27&amp;language=fullsyriac\"><span class=\"eastsyriac\">\u071a\u0720\u0718\u073c\u0720\u0735\u0710</span></a></span> : to marry , to give in marriage ;\r\n<span class=\"context\">Ashita : agent : <a href=\"dosearch.php?searchkey=mxalMlAnA%27&amp;language=fullsyriac\"><span class=\"eastsyriac\">\u0721\u071a\u0732\u0720\u0747\u0720\u0735\u0722\u0735\u0710</span></a> : a clout , a dish towel , a dishcloth</span> ;</td>", "cf": ["<span class=\"wordlink\"><a href=\"dosearch.php?searchkey=18320&amp;language=id\"><span class=\"eastsyriac\">\u071a\u0732\u0720\u0738\u0720</span></a>, <a href=\"dosearch.php?searchkey=22028&amp;language=id\"><span class=\"eastsyriac\">\u071a\u0720\u0718\u073c\u0720\u072c\u0735\u0710</span></a>, <a href=\"dosearch.php?searchkey=4489&amp;language=id\"><span class=\"eastsyriac\">\u071a\u0720\u071d\u073c\u0720\u0735\u0710</span></a>, <a href=\"dosearch.php?searchkey=22062&amp;language=id\"><span class=\"eastsyriac\">\u0721\u0747\u071a\u0732\u0720 \u0721\u0735\u0710\u0722\u0735\u0710</span></a>, <a href=\"dosearch.php?searchkey=4460&amp;language=id\"><span class=\"eastsyriac\">\u071a\u0720\u0718\u073c\u0720\u0735\u0710</span></a>, <a href=\"dosearch.php?searchkey=22062&amp;language=id\"><span class=\"eastsyriac\">\u0721\u0747\u071a\u0732\u0720 \u0721\u0735\u0710\u0722\u0735\u0710</span></a>, <a href=\"dosearch.php?searchkey=7575&amp;language=id\"><span class=\"eastsyriac\">\u0721\u071a\u0732\u0720\u0721\u0735\u0710\u0722\u0735\u0710</span></a></span>", "<span class=\"wordlink\"><a href=\"dosearch.php?searchkey=8094&amp;language=id\"><span class=\"eastsyriac\">\u0721\u0732\u0723\u071a\u0718\u073c\u071d\u0739\u0710</span></a>, <a href=\"dosearch.php?searchkey=8069&amp;language=id\"><span class=\"eastsyriac\">\u0721\u0723\u0735\u0710</span></a>, <a href=\"dosearch.php?searchkey=8109&amp;language=id\"><span class=\"eastsyriac\">\u0721\u0723\u0735\u071d\u0735\u0710</span></a>, <a href=\"dosearch.php?searchkey=18313&amp;language=id\"><span class=\"eastsyriac\">\u0723\u0735\u071a\u0739\u0710</span></a>, <a href=\"dosearch.php?searchkey=18322&amp;language=id\"><span class=\"eastsyriac\">\u0721\u0732\u0723\u071a\u0739\u0710</span></a>, <a href=\"dosearch.php?searchkey=4036&amp;language=id\"><span class=\"eastsyriac\">\u071a\u0710\u0735\u0726\u0735\u0710</span></a>, <a href=\"dosearch.php?searchkey=24445&amp;language=id\"><span class=\"eastsyriac\">\u0721\u0732\u0713\u0712\u0742\u0738\u072a</span></a>, <a href=\"dosearch.php?searchkey=18698&amp;language=id\"><span class=\"eastsyriac\">\u0721\u0712\u0735\u072a\u0738\u071f\u0742</span></a>, <a href=\"dosearch.php?searchkey=22501&amp;language=id\"><span class=\"eastsyriac\">\u0721\u0732\u071b\u0720\u0738\u0712</span></a>, <a href=\"dosearch.php?searchkey=26133&amp;language=id\"><span class=\"eastsyriac\">\u0721\u0729\u0732\u0720\u0738\u0718</span></a>, <a href=\"dosearch.php?searchkey=26132&amp;language=id\"><span class=\"eastsyriac\">\u0729\u0735\u0720\u0738\u0718</span></a></span>"], "key": "18321", "west": "\u0721\u071a\u0730\u0720\u0736\u0720", "phonetic": "<td>' (m) \u1e25a lil</td>", "east": "\u0721\u071a\u0732\u0720\u0738\u0720"},
{"searchkey": "6206", "audio": [], "context": [], "webrank": 20, "text": [" : 1) a besom , a broom , an implement used for sweeping floors"], "english": "<td>1) a besom , a broom , an implement used for sweeping floors ;\r\n<span class=\"locution\"><span class=\"eastsyriac\">\u071f\u0720 \u0721\u0738\u0722\u0715\u071d\u073c \u0721\u0738\u0722 \u071f\u0735\u0722\u0718\u073f\u072b\u072c\u0735\u0710 \u0718\u0717\u0732\u0720 \u072a\u0718\u073c\u0726\u032e\u072b\u072c\u0735\u0710</span></span> : <span class=\"context\">a legal phrase for : \"the whole furniture of a house\"</span> ;\r\n2) a <span class=\"context\">chimney sweep's</span> brush (?) ; </td>", "cf": ["<span class=\"wordlink\"><a href=\"dosearch.php?searchkey=6228&amp;language=id\"><span class=\"eastsyriac\">\u071f\u0722\u0735\u072b\u0735\u0710</span></a>, <a href=\"dosearch.php?searchkey=23585&amp;language=id\"><span class=\"eastsyriac\">\u071f\u0732\u0722\u0735\u072b\u0735\u0710</span></a>, <a href=\"dosearch.php?searchkey=23586&amp;language=id\"><span class=\"eastsyriac\">\u071f\u0732\u0722\u0735\u072b\u072c\u0735\u0710</span></a>, <a href=\"dosearch.php?searchkey=23584&amp;language=id\"><span class=\"eastsyriac\">\u071f\u0735\u0722\u0738\u072b</span></a></span>"], "key": "6206", "west": "\u071f\u0733\u0722\u073d\u0718\u072b\u072c\u0733\u0710", "phonetic": "<td>ka: ' nu:\u0161 ta:</td>", "east": "\u071f\u0735\u0722\u0718\u073c\u072b\u072c\u0735\u0710"},
{"searchkey": "30602", "audio": [], "context": [], "webrank": 10, "text": [" : the same thing"], "english": "<td>the same thing ;\r\n<span class=\"locution\"><span class=\"eastsyriac\">\u071f\u0720\u0739\u0717 \u071a\u0735\u0715\u0747 \u071d\u0720\u0739\u0717</span></span> : it is the same thing , it is cut from the same cloth / tarred with the same brush , it is about the same , it amounts to the same , it makes no difference ;</td>", "cf": [], "key": "30602", "west": "\u071f\u0720\u0736\u0717 \u071a\u0733\u0715\u0747", "phonetic": "<td>' kul li: ' \u1e25a:</td>", "east": "\u071f\u0720\u0739\u0717 \u071a\u0735\u0715\u0747"},
{"searchkey": "11923", "audio": [], "context": [], "webrank": 100, "text": [" : 1) a painted idol , the painting / picture of an idol , an icon (?) ;\r\n2) a pen , a painting brush ;"], "english": "<td>1) a painted idol , the painting / picture of an idol , an icon (?) ;\r\n2) a pen , a painting brush ;</td>", "cf": ["<span class=\"wordlink\"><a href=\"dosearch.php?searchkey=SAyrA%27&amp;language=fullsyriac\"><span class=\"eastsyriac\">\u0728\u0735\u071d\u072a\u0735\u0710</span></a>, <a href=\"dosearch.php?searchkey=SayArutA%27&amp;language=fullsyriac\"><span class=\"eastsyriac\">\u0728\u0732\u071d\u0735\u072a\u0718\u073c\u072c\u0735\u0710</span></a></span>", "<span class=\"wordlink\"><a href=\"dosearch.php?searchkey=SurtA%27&amp;language=fullsyriac\"><span class=\"eastsyriac\">\u0728\u0718\u073c\u072a\u072c\u0735\u0710</span></a>, <a href=\"dosearch.php?searchkey=xejltA%27&amp;language=fullsyriac\"><span class=\"eastsyriac\">\u071a\u0738\u072b\u0720\u072c\u0735\u0710</span></a>, <a href=\"dosearch.php?searchkey=SAyrA%27&amp;language=fullsyriac\"><span class=\"eastsyriac\">\u0728\u0735\u071d\u072a\u0735\u0710</span></a>, <a href=\"dosearch.php?searchkey=SalmA%27+glipA%27&amp;language=fullsyriac\"><span class=\"eastsyriac\">\u0728\u0732\u0720\u0721\u0735\u0710 \u0713\u0720\u071d\u073c\u0726\u0735\u0710</span></a>, <a href=\"dosearch.php?searchkey=SalmA%27&amp;language=fullsyriac\"><span class=\"eastsyriac\">\u0728\u0732\u0720\u0721\u0735\u0710</span></a>, <a href=\"dosearch.php?searchkey=SAnam&amp;language=fullsyriac\"><span class=\"eastsyriac\">\u0728\u0735\u0722\u0732\u0721</span></a>, <a href=\"dosearch.php?searchkey=xejltA%27&amp;language=fullsyriac\"><span class=\"eastsyriac\">\u071a\u0738\u072b\u0720\u072c\u0735\u0710</span></a></span>"], "key": "11923", "west": "\u0728\u0733\u071d\u072a\u0733\u0710", "phonetic": "<td>' \u1e63ai ra</td>", "east": "\u0728\u0735\u071d\u072a\u0735\u0710"},
{"searchkey": "14343", "audio": [], "context": [], "webrank": 70, "text": [" : currying , dressing the hair or coat of an animal (especially a horse) with a currycomb and brush , to comb a horse in order to make clean , dressing (?) / grooming (?) a horse ;\r\n"], "english": "<td>currying , dressing the hair or coat of an animal (especially a horse) with a currycomb and brush , to comb a horse in order to make clean , dressing (?) / grooming (?) a horse ;\r\n</td>", "cf": ["<span class=\"wordlink\"><a href=\"dosearch.php?searchkey=15382&amp;language=id\"><span class=\"eastsyriac\">\u072c\u0718\u073f\u071d\u0721\u0735\u072a</span></a></span>"], "key": "14343", "west": "\u072c\u073d\u0718\u0721\u0733\u072a", "phonetic": "<td>' to mar</td>", "east": "\u072c\u0718\u073f\u0721\u0735\u072a"},
{"searchkey": "13242", "audio": [], "context": ["tree-leaves, silk ..."], "webrank": 30, "text": [" : to clash / make a clash , to produce a sound / noise by striking against something / to rattle , ", " : to rustle , to swish , to emit a brushing sound ;"], "english": "<td>to clash / make a clash , to produce a sound / noise by striking against something / to rattle , <span class=\"context\">tree-leaves, silk ...</span> : to rustle , to swish , to emit a brushing sound ;</td>", "cf": ["<span class=\"wordlink\"><a href=\"dosearch.php?searchkey=13230&amp;language=id\"><span class=\"eastsyriac\">\u0729\u0732\u072a\u0729\u0718\u073c\u072b\u0739\u0710</span></a></span>", "<span class=\"wordlink\"><a href=\"dosearch.php?searchkey=12471&amp;language=id\"><span class=\"eastsyriac\">\u0729\u0718\u073c\u0720\u0729\u0735\u072b\u0735\u0710</span></a>, <a href=\"dosearch.php?searchkey=9320&amp;language=id\"><span class=\"eastsyriac\">\u0722\u0729\u0735\u072b\u0735\u0710</span></a>, <a href=\"dosearch.php?searchkey=6334&amp;language=id\"><span class=\"eastsyriac\">\u071f\u0330\u0732\u0729\u071f\u0330\u0735\u0729\u0735\u0710</span></a>, <a href=\"dosearch.php?searchkey=6892&amp;language=id\"><span class=\"eastsyriac\">\u0720\u0732\u0729\u0720\u0718\u073c\u0729\u0739\u0710</span></a>, <a href=\"dosearch.php?searchkey=13109&amp;language=id\"><span class=\"eastsyriac\">\u0729\u0732\u072a\u0715\u0718\u073c\u072b\u0739\u0710</span></a>, <a href=\"dosearch.php?searchkey=2417&amp;language=id\"><span class=\"eastsyriac\">\u0713\u0732\u0722\u0713\u0718\u073c\u0722\u0739\u0710</span></a>, <a href=\"dosearch.php?searchkey=4896&amp;language=id\"><span class=\"eastsyriac\">\u071a\u0732\u072b\u071a\u0718\u073c\u072b\u0739\u0710</span></a>, <a href=\"dosearch.php?searchkey=24803&amp;language=id\"><span class=\"eastsyriac\">\u0721\u0718\u0732\u0722\u0718\u0738\u0722</span></a>, <a href=\"dosearch.php?searchkey=24550&amp;language=id\"><span class=\"eastsyriac\">\u071a\u0732\u072b\u071a\u0738\u072b</span></a>, <a href=\"dosearch.php?searchkey=34445&amp;language=id\"><span class=\"eastsyriac\">\u072b\u0732\u0729\u072b\u0738\u0729</span></a>, <a href=\"dosearch.php?searchkey=34446&amp;language=id\"><span class=\"eastsyriac\">\u0720\u0732\u0729\u0720\u0738\u0729</span></a>, <a href=\"dosearch.php?searchkey=15106&amp;language=id\"><span class=\"eastsyriac\">\u072b\u0732\u0729\u072b\u0718\u073c\u0729\u0739\u0710</span></a>, <a href=\"dosearch.php?searchkey=6892&amp;language=id\"><span class=\"eastsyriac\">\u0720\u0732\u0729\u0720\u0718\u073c\u0729\u0739\u0710</span></a>, <a href=\"dosearch.php?searchkey=34444&amp;language=id\"><span class=\"eastsyriac\">\u0728\u0720\u0735\u0720\u0735\u0710</span></a>, <a href=\"dosearch.php?searchkey=34443&amp;language=id\"><span class=\"eastsyriac\">\u0728\u0735\u0720\u0739\u0720</span></a></span>"], "key": "13242", "west": "\u0729\u0730\u072a\u0729\u0736\u072b", "phonetic": "<td>' qar qi\u0161</td>", "east": "\u0729\u0732\u072a\u0729\u0738\u072b"},
{"searchkey": "11246", "audio": [], "context": [], "webrank": 90, "text": [" : a strigil , a flesh-brush (or similar device) , a curry comb ;"], "english": "<td>a strigil , a flesh-brush (or similar device) , a curry comb ;</td>", "cf": [], "key": "11246", "west": "\u0726\u0730\u072a\u0713\u0742\u0722\u0733\u0710", "phonetic": "<td>par ' gu: na</td>", "east": "\u0726\u0732\u072a\u0713\u0742\u0722\u0735\u0710"},
{"searchkey": "14420", "audio": [], "context": [], "webrank": 50, "text": [" : Artemisia (family Asteraceae) , wormwood , mugwort , sagebrush ;\r\n"], "english": "<td>Artemisia (family Asteraceae) , wormwood , mugwort , sagebrush ;\r\n</td>", "cf": ["<span class=\"wordlink\"><a href=\"dosearch.php?searchkey=14282&amp;language=id\"><span class=\"eastsyriac\">\u072b\u0718\u0732\u071d\u0720\u0735\u0710</span></a></span>"], "key": "14420", "west": "\u072b\u073d\u0718\u0728\u0733\u072a\u0733\u0710", "phonetic": "<td>\u0161u ' \u1e63a ra</td>", "east": "\u072b\u0718\u073c\u0728\u0735\u072a\u0735\u0710"},
{"searchkey": "10090", "audio": [], "context": ["Maclean", "Oraham"], "webrank": 70, "text": [" : 1) ", " : a weed ;\r\n2) ", " : weeding , the act of freeing from noxious plants ;\r\n3) undergrowth , underbrush , shrubbery , a coppice (?) ;"], "english": "<td>1) <span class=\"context\">Maclean</span> : a weed ;\r\n2) <span class=\"context\">Oraham</span> : weeding , the act of freeing from noxious plants ;\r\n3) undergrowth , underbrush , shrubbery , a coppice (?) ;</td>", "cf": ["<span class=\"wordlink\"><a href=\"dosearch.php?searchkey=10088&amp;language=id\"><span class=\"eastsyriac\">\u0725\u0735\u0715\u0735\u0710</span></a>, <a href=\"dosearch.php?searchkey=10268&amp;language=id\"><span class=\"eastsyriac\">\u0725\u071d\u0735\u0715\u0735\u0710</span></a>, <a href=\"dosearch.php?searchkey=20050&amp;language=id\"><span class=\"eastsyriac\">\u0725\u0738\u0715\u0735\u0722\u072c\u0735\u0710</span></a>, <a href=\"dosearch.php?searchkey=20049&amp;language=id\"><span class=\"eastsyriac\">\u0725\u0738\u0715\u0735\u0722\u0735\u0710</span></a>, <a href=\"dosearch.php?searchkey=23421&amp;language=id\"><span class=\"eastsyriac\">\u0725\u0732\u071d\u0735\u0715\u0735\u0710</span></a>, <a href=\"dosearch.php?searchkey=23423&amp;language=id\"><span class=\"eastsyriac\">\u0725\u0735\u0710\u0738\u0715\u0742</span></a>, <a href=\"dosearch.php?searchkey=23424&amp;language=id\"><span class=\"eastsyriac\">\u0721\u0732\u0725\u071d\u0738\u0715\u0742</span></a></span>", "<span class=\"wordlink\"><a href=\"dosearch.php?searchkey=5400&amp;language=id\"><span class=\"eastsyriac\">\u071d\u0718\u073c\u0720\u0735\u0710</span></a>, <a href=\"dosearch.php?searchkey=11830&amp;language=id\"><span class=\"eastsyriac\">\u0728\u0718\u073c\u0728\u071d\u073c\u0722\u0735\u0710</span></a>, <a href=\"dosearch.php?searchkey=12720&amp;language=id\"><span class=\"eastsyriac\">\u0729\u071d\u073c\u0718\u0735\u072a\u0735\u0710</span></a>, <a href=\"dosearch.php?searchkey=3804&amp;language=id\"><span class=\"eastsyriac\">\u0719\u071d\u073c\u0718\u0735\u0722\u0735\u0710</span></a>, <a href=\"dosearch.php?searchkey=14951&amp;language=id\"><span class=\"eastsyriac\">\u072b\u0732\u0725\u071d\u073c\u0725\u0735\u0710</span></a></span>"], "key": "10090", "west": "\u0725\u0736\u0715\u0733\u0710", "phonetic": "<td>' id da:</td>", "east": "\u0725\u0738\u0715\u0735\u0710"},
{"searchkey": "11922", "audio": [], "context": ["Oraham", "Yoab Benjamin", "Bailis Shamun :"], "webrank": 10, "text": [" : 1) ", " : a maker / former / shaper , one who forms / shapes / makes , a fashioner , a carver / engraver / sculptor ;\r\n2) ", " : a painter ;\r\n"], "english": "<td>1) <span class=\"context\">Oraham</span> : a maker / former / shaper , one who forms / shapes / makes , a fashioner , a carver / engraver / sculptor ;\r\n2) <span class=\"context\">Yoab Benjamin</span> : a painter ;\r\n<span class=\"context\">Bailis Shamun : <span class=\"locution\"><span class=\"eastsyriac\">\u0729\u0732\u0722\u071d\u0735\u0710 \u0715\u0728\u0732\u071d\u0735\u072a\u0735\u0710</span></span></span> : a pencil / a paintbrush ;</td>", "cf": ["<span class=\"wordlink\"><a href=\"dosearch.php?searchkey=33582&amp;language=id\"><span class=\"eastsyriac\">\u0728\u072a</span></a>, <a href=\"dosearch.php?searchkey=11848&amp;language=id\"><span class=\"eastsyriac\">\u0728\u0718\u073c\u072a\u072c\u0735\u0710</span></a>, <a href=\"dosearch.php?searchkey=28386&amp;language=id\"><span class=\"eastsyriac\">\u0728\u0735\u0710\u0738\u072a</span></a>, <a href=\"dosearch.php?searchkey=11923&amp;language=id\"><span class=\"eastsyriac\">\u0728\u0735\u071d\u072a\u0735\u0710</span></a>, <a href=\"dosearch.php?searchkey=11924&amp;language=id\"><span class=\"eastsyriac\">\u0728\u0735\u071d\u0718\u073f\u072a\u0735\u0710</span></a>, <a href=\"dosearch.php?searchkey=11925&amp;language=id\"><span class=\"eastsyriac\">\u0728\u0732\u071d\u0735\u072a\u0718\u073c\u072c\u0735\u0710</span></a></span>", "<span class=\"wordlink\"><a href=\"dosearch.php?searchkey=1738&amp;language=id\"><span class=\"eastsyriac\">\u0712\u0735\u072a\u071d\u0735\u0722\u0735\u0710</span></a>, <a href=\"dosearch.php?searchkey=8357&amp;language=id\"><span class=\"eastsyriac\">\u0721\u0728\u0735\u0720\u0721\u0735\u0722\u0735\u0710</span></a>, <a href=\"dosearch.php?searchkey=8863&amp;language=id\"><span class=\"eastsyriac\">\u0721\u072c\u0732\u072a\u0728\u0735\u0722\u0735\u0710</span></a>, <a href=\"dosearch.php?searchkey=10052&amp;language=id\"><span class=\"eastsyriac\">\u0725\u0735\u0712\u0742\u0718\u073f\u0715\u0735\u0710</span></a>, <a href=\"dosearch.php?searchkey=7540&amp;language=id\"><span class=\"eastsyriac\">\u0721\u0732\u071a\u0718\u0738\u072a\u0735\u0722\u0735\u0710</span></a>, <a href=\"dosearch.php?searchkey=26043&amp;language=id\"><span class=\"eastsyriac\">\u0728\u0732\u0712\u0735\u0725\u0735\u0710</span></a>, <a href=\"dosearch.php?searchkey=27091&amp;language=id\"><span class=\"eastsyriac\">\u0722\u0732\u0729\u0735\u072b</span></a>, <a href=\"dosearch.php?searchkey=27092&amp;language=id\"><span class=\"eastsyriac\">\u0723\u071d\u0735\u0721 \u0710\u071d\u073c\u0715\u0742\u0735\u0710</span></a>, <a href=\"dosearch.php?searchkey=33583&amp;language=id\"><span class=\"eastsyriac\">\u072a\u0735\u072b\u0718\u073f\u0721\u0735\u0710</span></a></span>"], "key": "11922", "west": "\u0728\u0730\u071d\u0733\u072a\u0733\u0710", "phonetic": "<td>\u1e63a ' ia: ra :</td>", "east": "\u0728\u0732\u071d\u0735\u072a\u0735\u0710"},
{"searchkey": "21331", "audio": [], "context": ["Exodus : 30, 23 (Revised Version)", "= \u0719\u0739\u0720\u0735\u0710", "Al Qosh", "apple, mushroom, cabbage ... ...", "of a plant", "Exodus : 25, 35", "of a candlestick", "flag, lance, halberd ...", "Bailis Shamun :"], "webrank": 20, "text": [" : 1) ", " : sweet calamus , ", " ;\r\n2) ", " : a reed , a stalk / a halm / a haulm , ", " a stalk (?) , the stem ", " ;\r\n3) ", " : a shaft ", " , ", " : a pole (?) , a shaft (?) ;\r\n4) "], "english": "<td>1) <span class=\"context\">Exodus : 30, 23 (Revised Version)</span> : sweet calamus , <span class=\"context\">= <a href=\"dosearch.php?searchkey=zElA%27&amp;language=fullsyriac\"><span class=\"eastsyriac\">\u0719\u0739\u0720\u0735\u0710</span></a></span> ;\r\n2) <span class=\"context\">Al Qosh</span> : a reed , a stalk / a halm / a haulm , <span class=\"context\">apple, mushroom, cabbage ... ...</span> a stalk (?) , the stem <span class=\"context\">of a plant</span> ;\r\n3) <span class=\"context\">Exodus : 25, 35</span> : a shaft <span class=\"context\">of a candlestick</span> , <span class=\"context\">flag, lance, halberd ...</span> : a pole (?) , a shaft (?) ;\r\n4) <span class=\"context\">Bailis Shamun : <span class=\"locution\"><span class=\"eastsyriac\">\u0729\u0732\u0722\u071d\u0735\u0710 \u0715\u0728\u0732\u071d\u0735\u072a\u0735\u0710</span></span></span> : a pencil / a paintbrush ;\r\n<span class=\"context\">Bailis Shamun ; see also <a href=\"dosearch.php?searchkey=qurqujum&amp;language=fullsyriac\"><span class=\"eastsyriac\">\u0729\u0718\u073c\u072a\u0729\u0718\u073c\u072b\u0718\u073c\u0721</span></a> : <span class=\"locution\"><span class=\"eastsyriac\">\u0729\u0732\u0722\u071d\u0735\u0710 \u0715\u0710\u0732\u0712\u0742\u0735\u072a\u0735\u0710</span></span></span> : a pencil , a lead-pencil ;</td>", "cf": ["<span class=\"wordlink\"><a href=\"dosearch.php?searchkey=16057&amp;language=id\"><span class=\"eastsyriac\">\u0729\u0735\u0722\u071d\u0735\u0710</span></a>, <a href=\"dosearch.php?searchkey=xabubA%27&amp;language=fullsyriac\"><span class=\"eastsyriac\">\u071a\u0732\u0712\u0718\u073c\u0712\u0735\u0710</span></a></span>"], "key": "21331", "west": "\u0729\u0730\u0722\u071d\u0733\u0710", "phonetic": "<td>' qa nia:</td>", "east": "\u0729\u0732\u0722\u071d\u0735\u0710"},
{"searchkey": "15382", "audio": [], "context": [], "webrank": 60, "text": [" : currying , dressing the hair or coat of an animal (especially a horse) with a currycomb and brush , to comb a horse in order to make clean , dressing (?) / grooming (?) a horse ;\r\n"], "english": "<td>currying , dressing the hair or coat of an animal (especially a horse) with a currycomb and brush , to comb a horse in order to make clean , dressing (?) / grooming (?) a horse ;\r\n</td>", "cf": ["<span class=\"wordlink\"><a href=\"dosearch.php?searchkey=14343&amp;language=id\"><span class=\"eastsyriac\">\u072c\u0718\u073f\u0721\u0735\u072a</span></a></span>"], "key": "15382", "west": "\u072c\u073d\u0718\u071d\u0721\u0733\u072a", "phonetic": "<td>' toi mar (?) </td>", "east": "\u072c\u0718\u073f\u071d\u0721\u0735\u072a"},
{"searchkey": "14282", "audio": [], "context": [], "webrank": 40, "text": [" : Artemisia (family Asteraceae) , wormwood , mugwort , sagebrush ;\r\n"], "english": "<td>Artemisia (family Asteraceae) , wormwood , mugwort , sagebrush ;\r\n</td>", "cf": ["<span class=\"wordlink\"><a href=\"dosearch.php?searchkey=14420&amp;language=id\"><span class=\"eastsyriac\">\u072b\u0718\u073c\u0728\u0735\u072a\u0735\u0710</span></a></span>"], "key": "14282", "west": "\u072b\u0718\u0730\u071d\u0720\u0733\u0710", "phonetic": "<td>' \u0161vai la</td>", "east": "\u072b\u0718\u0732\u071d\u0720\u0735\u0710"}
][
{"searchkey": "16157", "audio": [], "context": [], "webrank": 3, "text": [" : a bush , a brush / a dense growth of bushes , a thicket , a place abounding in shrubs , a thick shrub ; "], "english": "<td>a bush , a brush / a dense growth of bushes , a thicket , a place abounding in shrubs , a thick shrub ; </td>", "cf": ["<span class=\"wordlink\"><a href=\"dosearch.php?searchkey=1050&amp;language=id\"><span class=\"eastsyriac\">\u0712\u0718\u073c\u071b\u072c\u0735\u0710</span></a></span>", "<span class=\"wordlink\"><a href=\"dosearch.php?searchkey=12351&amp;language=id\"><span class=\"eastsyriac\">\u0729\u0718\u073c\u0712\u0718\u073c\u071a\u072c\u0735\u0710</span></a>, <a href=\"dosearch.php?searchkey=3113&amp;language=id\"><span class=\"eastsyriac\">\u0715\u0732\u0723\u072c\u0735\u0710</span></a>, <a href=\"dosearch.php?searchkey=3899&amp;language=id\"><span class=\"eastsyriac\">\u0719\u0738\u0722\u0713\u0738\u072a\u072c\u0735\u0710</span></a>, <a href=\"dosearch.php?searchkey=5013&amp;language=id\"><span class=\"eastsyriac\">\u071b\u0718\u073c\u071b\u071d\u073c\u072c\u0735\u0710</span></a>, <a href=\"dosearch.php?searchkey=9786&amp;language=id\"><span class=\"eastsyriac\">\u0723\u0732\u0722\u071d\u0735\u0710</span></a>, <a href=\"dosearch.php?searchkey=12412&amp;language=id\"><span class=\"eastsyriac\">\u0729\u0718\u073c\u071b\u0735\u071d\u0726\u0735\u0710</span></a>, <a href=\"dosearch.php?searchkey=12953&amp;language=id\"><span class=\"eastsyriac\">\u0729\u0738\u0722\u071b\u0735\u071d\u0726\u0735\u0710</span></a>, <a href=\"dosearch.php?searchkey=12954&amp;language=id\"><span class=\"eastsyriac\">\u0729\u071b\u0735\u0726\u0735\u0710</span></a></span>"], "key": "16157", "west": "\u0712\u073d\u0718\u071b\u072c\u0733\u0710 \u0715\u0729\u073a\u071d\u0718\u0733\u072a\u0736\u0710", "phonetic": "<td>' bu\u1e6d tad qi ' va: ri</td>", "east": "\u0712\u0718\u073c\u071b\u072c\u0735\u0710 \u0715\u0729\u071d\u073c\u0718\u0735\u072a\u0739\u0710"},
{"searchkey": "4898", "audio": [], "context": [], "webrank": 8, "text": [" : a rustle , a rustling , a brushing (?) , a rattling noise , a fluttering -of wings- (?)"], "english": "<td>a rustle , a rustling , a brushing (?) , a rattling noise , a fluttering -of wings- (?)</td>", "cf": [], "key": "4898", "west": "\u071a\u0736\u072b\u0733\u071a\u0736\u072b", "phonetic": "<td>\u1e25i\u0161 ' \u0161a \u1e25i\u0161</td>", "east": "\u071a\u0738\u072b\u0735\u071a\u0738\u072b"},
{"searchkey": "5929", "audio": [], "context": [], "webrank": 10, "text": [" : a brush"], "english": "<td>a brush</td>", "cf": [], "key": "5929", "west": "\u071f\u0748\u0733\u0718\u072c\u0729\u0733\u0710", "phonetic": "<td>' t\u0161et qa</td>", "east": "\u071f\u0748\u0735\u0718\u072c\u0729\u0735\u0710"},
{"searchkey": "18413", "audio": [], "context": ["Yoab Benjamin", "Bailis Shamun ; see also \u0721\u0735\u072b\u0739\u072b / \u0713\u0735\u072b\u0739\u072b"], "webrank": 4, "text": [" : 1) ", " : to wrong ;\r\n2) to dupe ;\r\n3) ", " : to touch / to brush (?) , to handle , to finger , to fondle / to caress / to cuddle / to toy / to play with ; "], "english": "<td>1) <span class=\"context\">Yoab Benjamin</span> : to wrong ;\r\n2) to dupe ;\r\n3) <span class=\"context\">Bailis Shamun ; see also <a href=\"dosearch.php?searchkey=mAjEj&amp;language=fullsyriac\"><span class=\"eastsyriac\">\u0721\u0735\u072b\u0739\u072b</span></a> / <a href=\"dosearch.php?searchkey=gAjEj&amp;language=fullsyriac\"><span class=\"eastsyriac\">\u0713\u0735\u072b\u0739\u072b</span></a></span> : to touch / to brush (?) , to handle , to finger , to fondle / to caress / to cuddle / to toy / to play with ; </td>", "cf": ["<span class=\"wordlink\"><a href=\"dosearch.php?searchkey=2623&amp;language=id\"><span class=\"eastsyriac\">\u0713\u072b\u0735\u0710</span></a>, <a href=\"dosearch.php?searchkey=24502&amp;language=id\"><span class=\"eastsyriac\">\u0713\u0732\u072b</span></a>, <a href=\"dosearch.php?searchkey=24503&amp;language=id\"><span class=\"eastsyriac\">\u0710\u0732\u0713\u0738\u072b</span></a>, <a href=\"dosearch.php?searchkey=18065&amp;language=id\"><span class=\"eastsyriac\">\u0721\u0732\u0713\u0738\u072b</span></a>, <a href=\"dosearch.php?searchkey=2636&amp;language=id\"><span class=\"eastsyriac\">\u0713\u072b\u0735\u0726\u0735\u0710</span></a>, <a href=\"dosearch.php?searchkey=2637&amp;language=id\"><span class=\"eastsyriac\">\u0713\u0739\u072b\u0726\u0735\u0710</span></a></span>", "<span class=\"wordlink\"><a href=\"dosearch.php?searchkey=15544&amp;language=id\"><span class=\"eastsyriac\">\u072c\u0735\u071f\u0735\u0710</span></a>, <a href=\"dosearch.php?searchkey=4290&amp;language=id\"><span class=\"eastsyriac\">\u071a\u0732\u0719\u0715\u0718\u073c\u0713\u0739\u0710</span></a>, <a href=\"dosearch.php?searchkey=9156&amp;language=id\"><span class=\"eastsyriac\">\u0722\u071f\u0742\u0735\u0710</span></a>, <a href=\"dosearch.php?searchkey=10544&amp;language=id\"><span class=\"eastsyriac\">\u0725\u072b\u0735\u0721\u0735\u0710</span></a>, <a href=\"dosearch.php?searchkey=14509&amp;language=id\"><span class=\"eastsyriac\">\u072b\u071a\u0735\u071b\u0735\u0710</span></a>, <a href=\"dosearch.php?searchkey=5625&amp;language=id\"><span class=\"eastsyriac\">\u071f\u0710\u0735\u0712\u0742\u0735\u0710</span></a>, <a href=\"dosearch.php?searchkey=508&amp;language=id\"><span class=\"eastsyriac\">\u0710\u0738\u0722\u0713\u0330\u0721\u0739\u072b \u0717\u0747\u0718\u0735\u0710</span></a>, <a href=\"dosearch.php?searchkey=17817&amp;language=id\"><span class=\"eastsyriac\">\u0725\u0718\u0720</span></a>, <a href=\"dosearch.php?searchkey=41&amp;language=id\"><span class=\"eastsyriac\">\u0710\u0712\u0735\u072b\u0735\u0710</span></a>, <a href=\"dosearch.php?searchkey=148&amp;language=id\"><span class=\"eastsyriac\">\u0710\u0717\u0735\u072a\u0735\u0710</span></a>, <a href=\"dosearch.php?searchkey=18414&amp;language=id\"><span class=\"eastsyriac\">\u071b\u0735\u0720\u0739\u0721</span></a>, <a href=\"dosearch.php?searchkey=18415&amp;language=id\"><span class=\"eastsyriac\">\u0720\u0732\u0719\u0720\u0738\u0719</span></a>, <a href=\"dosearch.php?searchkey=18416&amp;language=id\"><span class=\"eastsyriac\">\u0721\u0722\u0735\u071f\u0739\u0721</span></a>, <a href=\"dosearch.php?searchkey=18417&amp;language=id\"><span class=\"eastsyriac\">\u0725\u0735\u072b\u0739\u0721</span></a>, <a href=\"dosearch.php?searchkey=18418&amp;language=id\"><span class=\"eastsyriac\">\u072a\u0735\u0715\u0739\u0726</span></a>, <a href=\"dosearch.php?searchkey=18419&amp;language=id\"><span class=\"eastsyriac\">\u0721\u0732\u072b\u071d\u0738\u0721</span></a>, <a href=\"dosearch.php?searchkey=14118&amp;language=id\"><span class=\"eastsyriac\">\u072b\u0735\u0715\u0718\u073c\u0720\u0739\u0710</span></a>, <a href=\"dosearch.php?searchkey=7559&amp;language=id\"><span class=\"eastsyriac\">\u0721\u0732\u071a\u0720\u0718\u073c\u071b\u0739\u0710</span></a>, <a href=\"dosearch.php?searchkey=20764&amp;language=id\"><span class=\"eastsyriac\">\u0715\u0735\u072a\u0739\u0721</span></a>, <a href=\"dosearch.php?searchkey=10029&amp;language=id\"><span class=\"eastsyriac\">\u0725\u0712\u0742\u0732\u0715 \u0726\u0718\u073c\u072a\u0723\u0735\u0710</span></a>, <a href=\"dosearch.php?searchkey=33705&amp;language=id\"><span class=\"eastsyriac\">\u0722\u0732\u071f\u0738\u0720</span></a></span>"], "key": "18413", "west": "\u0713\u0733\u072b\u0736\u0726", "phonetic": "<td>' ga: \u0161ip</td>", "east": "\u0713\u0735\u072b\u0739\u0726"},
{"searchkey": "5543", "audio": [], "context": ["Yoab Benjamin", "Oraham"], "webrank": 9, "text": [" : 1) ", " : a briar ;\r\n2) ", " : a thicket , a dense growth of shrubbery , a tangle of thorns , brambles , brush (?) ;"], "english": "<td>1) <span class=\"context\">Yoab Benjamin</span> : a briar ;\r\n2) <span class=\"context\">Oraham</span> : a thicket , a dense growth of shrubbery , a tangle of thorns , brambles , brush (?) ;</td>", "cf": ["<span class=\"wordlink\"><a href=\"dosearch.php?searchkey=10014&amp;language=id\"><span class=\"eastsyriac\">\u0725\u0735\u0712\u0742\u0735\u0710</span></a>, <a href=\"dosearch.php?searchkey=12351&amp;language=id\"><span class=\"eastsyriac\">\u0729\u0718\u073c\u0712\u0718\u073c\u071a\u072c\u0735\u0710</span></a>, <a href=\"dosearch.php?searchkey=9786&amp;language=id\"><span class=\"eastsyriac\">\u0723\u0732\u0722\u071d\u0735\u0710</span></a>, <a href=\"dosearch.php?searchkey=12412&amp;language=id\"><span class=\"eastsyriac\">\u0729\u0718\u073c\u071b\u0735\u071d\u0726\u0735\u0710</span></a>, <a href=\"dosearch.php?searchkey=12953&amp;language=id\"><span class=\"eastsyriac\">\u0729\u0738\u0722\u071b\u0735\u071d\u0726\u0735\u0710</span></a>, <a href=\"dosearch.php?searchkey=12954&amp;language=id\"><span class=\"eastsyriac\">\u0729\u071b\u0735\u0726\u0735\u0710</span></a>, <a href=\"dosearch.php?searchkey=16711&amp;language=id\"><span class=\"eastsyriac\">\u0725\u0735\u0721\u0718\u073f\u072a\u0718\u073c\u072c\u0710</span></a>, <a href=\"dosearch.php?searchkey=1050&amp;language=id\"><span class=\"eastsyriac\">\u0712\u0718\u073c\u071b\u072c\u0710</span></a></span>"], "key": "5543", "west": "\u071d\u0730\u0725\u072a\u0733\u0710", "phonetic": "<td>ia: ' ra:</td>", "east": "\u071d\u0732\u0725\u072a\u0735\u0710"},
{"searchkey": "21510", "audio": [], "context": ["a horse", "a horse ...", "Classical Syriac : past :"], "webrank": 7, "text": [" : 1) to curry ", " , to scratch , to brush / to clean ", " , "], "english": "<td>1) to curry <span class=\"context\">a horse</span> , to scratch , to brush / to clean <span class=\"context\">a horse ...</span> , <span class=\"context\">Classical Syriac : past : <span class=\"locution\"><span class=\"eastsyriac\">\u071a\u0735\u071f</span></span> / <span class=\"locution\"><span class=\"eastsyriac\">\u071a\u0732\u071f</span></span></span> ;\r\n2) <span class=\"context\">metaphor</span> : to tickle <span class=\"context\">the ears</span> , <span class=\"context\">garment ?</span> : to scratch (?) ;\r\n3) <span class=\"context\">Al Qosh : with <span class=\"locution\"><span class=\"eastsyriac\">\u0725\u0732\u0721</span></span></span> : to deceive , to take in , to delude ;</td>", "cf": ["<span class=\"wordlink\"><a href=\"dosearch.php?searchkey=21511&amp;language=id\"><span class=\"eastsyriac\">\u0721\u0732\u071a\u071d\u0738\u071f</span></a>, <a href=\"dosearch.php?searchkey=4439&amp;language=id\"><span class=\"eastsyriac\">\u071a\u0738\u071f\u072c\u0735\u0710</span></a>, <a href=\"dosearch.php?searchkey=21512&amp;language=id\"><span class=\"eastsyriac\">\u071a\u071d\u0735\u071f\u072c\u0735\u0710</span></a>, <a href=\"dosearch.php?searchkey=21513&amp;language=id\"><span class=\"eastsyriac\">\u071a\u071d\u073c\u0718\u073f\u071f\u0735\u0710</span></a>, <a href=\"dosearch.php?searchkey=21866&amp;language=id\"><span class=\"eastsyriac\">\u071a\u0735\u071d\u0718\u073f\u071f\u0735\u0710</span></a>, <a href=\"dosearch.php?searchkey=21917&amp;language=id\"><span class=\"eastsyriac\">\u071a\u0735\u071d\u071f\u0718\u073f\u0718\u0308\u0739\u0710</span></a>, <a href=\"dosearch.php?searchkey=21916&amp;language=id\"><span class=\"eastsyriac\">\u071a\u0735\u071d\u071f\u0718\u073f</span></a></span>", "<span class=\"wordlink\"><a href=\"dosearch.php?searchkey=21913&amp;language=id\"><span class=\"eastsyriac\">\u071a\u0735\u071d\u0738\u071f</span></a></span>"], "key": "21510", "west": "\u071a\u0733\u0710\u0736\u071f", "phonetic": "<td>' \u1e25a: ik</td>", "east": "\u071a\u0735\u0710\u0738\u071f"},
{"searchkey": "823", "audio": [], "context": [], "webrank": 1, "text": [" : to rub , to pass over with a brushing movement ;"], "english": "<td>to rub , to pass over with a brushing movement ;</td>", "cf": ["<span class=\"wordlink\"><a href=\"dosearch.php?searchkey=14623&amp;language=id\"><span class=\"eastsyriac\">\u072b\u071d\u0735\u0726\u0735\u0710</span></a>, <a href=\"dosearch.php?searchkey=14624&amp;language=id\"><span class=\"eastsyriac\">\u072b\u0710\u0735\u0726\u0735\u0710</span></a></span>"], "key": "823", "west": "\u0710\u0747\u072b\u0733\u0726\u0733\u0710", "phonetic": "<td>&amp; ' \u0161a: pa:</td>", "east": "\u0710\u0747\u072b\u0735\u0726\u0735\u0710"},
{"searchkey": "1050", "audio": [], "context": [], "webrank": 2, "text": [" : a thicket , shrubs closely set together, brush , a cluster of trees / a copse (?) / a hurst (?) / a grove (?) / a bosque (?) , a spinney (?) ;"], "english": "<td>a thicket , shrubs closely set together, brush , a cluster of trees / a copse (?) / a hurst (?) / a grove (?) / a bosque (?) , a spinney (?) ;</td>", "cf": ["<span class=\"wordlink\"><a href=\"dosearch.php?searchkey=16157&amp;language=id\"><span class=\"eastsyriac\">\u0712\u0718\u073c\u071b\u072c\u0735\u0710 \u0715\u0729\u071d\u073c\u0718\u0735\u072a\u0739\u0710</span></a></span>", "<span class=\"wordlink\"><a href=\"dosearch.php?searchkey=12351&amp;language=id\"><span class=\"eastsyriac\">\u0729\u0718\u073c\u0712\u0718\u073c\u071a\u072c\u0735\u0710</span></a>, <a href=\"dosearch.php?searchkey=3113&amp;language=id\"><span class=\"eastsyriac\">\u0715\u0732\u0723\u072c\u0735\u0710</span></a>, <a href=\"dosearch.php?searchkey=3899&amp;language=id\"><span class=\"eastsyriac\">\u0719\u0738\u0722\u0713\u0738\u072a\u072c\u0735\u0710</span></a>, <a href=\"dosearch.php?searchkey=5013&amp;language=id\"><span class=\"eastsyriac\">\u071b\u0718\u073c\u071b\u071d\u073c\u072c\u0735\u0710</span></a>, <a href=\"dosearch.php?searchkey=9786&amp;language=id\"><span class=\"eastsyriac\">\u0723\u0732\u0722\u071d\u0735\u0710</span></a>, <a href=\"dosearch.php?searchkey=12412&amp;language=id\"><span class=\"eastsyriac\">\u0729\u0718\u073c\u071b\u0735\u071d\u0726\u0735\u0710</span></a>, <a href=\"dosearch.php?searchkey=12953&amp;language=id\"><span class=\"eastsyriac\">\u0729\u0738\u0722\u071b\u0735\u071d\u0726\u0735\u0710</span></a>, <a href=\"dosearch.php?searchkey=12954&amp;language=id\"><span class=\"eastsyriac\">\u0729\u071b\u0735\u0726\u0735\u0710</span></a>, <a href=\"dosearch.php?searchkey=16711&amp;language=id\"><span class=\"eastsyriac\">\u0725\u0735\u0721\u0718\u073f\u072a\u0718\u073c\u072c\u0742\u0735\u0710</span></a>, <a href=\"dosearch.php?searchkey=10014&amp;language=id\"><span class=\"eastsyriac\">\u0725\u0735\u0712\u0742\u0735\u0710</span></a>, <a href=\"dosearch.php?searchkey=1083&amp;language=id\"><span class=\"eastsyriac\">\u0712\u0718\u073c\u0723\u072c\u0735\u0722\u0735\u0710</span></a>, <a href=\"dosearch.php?searchkey=932&amp;language=id\"><span class=\"eastsyriac\">\u0712\u0735\u0713\u0742\u0735\u0710</span></a>, <a href=\"dosearch.php?searchkey=15305&amp;language=id\"><span class=\"eastsyriac\">\u072b\u072c\u0738\u0720\u072c\u0735\u0710</span></a>, <a href=\"dosearch.php?searchkey=31324&amp;language=id\"><span class=\"eastsyriac\">\u072b\u0732\u0721\u0722\u0735\u0710</span></a></span>"], "key": "1050", "west": "\u0712\u073d\u0718\u071b\u072c\u0733\u0710", "phonetic": "<td>' bu\u1e6d ta:</td>", "east": "\u0712\u0718\u073c\u071b\u072c\u0735\u0710"},
{"searchkey": "11246", "audio": [], "context": [], "webrank": 90, "text": [" : a strigil , a flesh-brush (or similar device) , a curry comb ;"], "english": "<td>a strigil , a flesh-brush (or similar device) , a curry comb ;</td>", "cf": [], "key": "11246", "west": "\u0726\u0730\u072a\u0713\u0742\u0722\u0733\u0710", "phonetic": "<td>par ' gu: na</td>", "east": "\u0726\u0732\u072a\u0713\u0742\u0722\u0735\u0710"},
{"searchkey": "16711", "audio": [], "context": [], "webrank": 80, "text": [" : a thicket , a shrubberry / a scrub / brushwood / a brush , undergrowth (?) ;"], "english": "<td>a thicket , a shrubberry / a scrub / brushwood / a brush , undergrowth (?) ;</td>", "cf": ["<span class=\"wordlink\"><a href=\"dosearch.php?searchkey=17827&amp;language=id\"><span class=\"eastsyriac\">\u0725\u0721\u072a</span></a>, <a href=\"dosearch.php?searchkey=10380&amp;language=id\"><span class=\"eastsyriac\">\u0725\u0721\u0735\u072a\u0735\u0710</span></a>, <a href=\"dosearch.php?searchkey=8217&amp;language=id\"><span class=\"eastsyriac\">\u0721\u0732\u0725\u0721\u0718\u073c\u072a\u0739\u0710</span></a>, <a href=\"dosearch.php?searchkey=15114&amp;language=id\"><span class=\"eastsyriac\">\u0725\u0721\u0735\u072a\u072c\u0735\u0710</span></a>, <a href=\"dosearch.php?searchkey=10385&amp;language=id\"><span class=\"eastsyriac\">\u0725\u0735\u0721\u0735\u072a\u0735\u072c</span></a>, <a href=\"dosearch.php?searchkey=10384&amp;language=id\"><span class=\"eastsyriac\">\u0725\u0732\u0721\u072a\u0735\u0722\u0735\u0710</span></a>, <a href=\"dosearch.php?searchkey=10363&amp;language=id\"><span class=\"eastsyriac\">\u0725\u0735\u0721\u0718\u073f\u072a\u0735\u0710</span></a>, <a href=\"dosearch.php?searchkey=10172&amp;language=id\"><span class=\"eastsyriac\">\u0725\u0735\u0718\u0721\u072a</span></a>, <a href=\"dosearch.php?searchkey=10379&amp;language=id\"><span class=\"eastsyriac\">\u0725\u0732\u0721\u072a</span></a>, <a href=\"dosearch.php?searchkey=1308&amp;language=id\"><span class=\"eastsyriac\">\u0712\u0739\u071d\u072c\u0721\u0732\u0725\u0721\u072a\u0735\u0710</span></a>, <a href=\"dosearch.php?searchkey=8818&amp;language=id\"><span class=\"eastsyriac\">\u0721\u0738\u072c\u0725\u0732\u0721\u072a\u0735\u0722\u0735\u0710</span></a>, <a href=\"dosearch.php?searchkey=8220&amp;language=id\"><span class=\"eastsyriac\">\u0721\u0732\u0725\u0721\u072a\u0735\u0710</span></a>, <a href=\"dosearch.php?searchkey=16088&amp;language=id\"><span class=\"eastsyriac\">\u0710\u0735\u0721\u0718\u073f\u072a\u0735\u0710</span></a>, <a href=\"dosearch.php?searchkey=16710&amp;language=id\"><span class=\"eastsyriac\">\u0710\u0735\u0721\u0718\u073c\u072a\u0735\u0710</span></a>, <a href=\"dosearch.php?searchkey=10173&amp;language=id\"><span class=\"eastsyriac\">\u0725\u0718\u073c\u0721\u072a\u0735\u0710</span></a>, <a href=\"dosearch.php?searchkey=1668&amp;language=id\"><span class=\"eastsyriac\">\u0712\u0732\u072a\u0725\u0718\u073c\u0721\u072a\u0735\u0710</span></a></span>", "<span class=\"wordlink\"><a href=\"dosearch.php?searchkey=12351&amp;language=id\"><span class=\"eastsyriac\">\u0729\u0718\u073c\u0712\u0718\u073c\u071a\u072c\u0735\u0710</span></a>, <a href=\"dosearch.php?searchkey=3113&amp;language=id\"><span class=\"eastsyriac\">\u0715\u0732\u0723\u072c\u0735\u0710</span></a>, <a href=\"dosearch.php?searchkey=3899&amp;language=id\"><span class=\"eastsyriac\">\u0719\u0738\u0722\u0713\u0738\u072a\u072c\u0735\u0710</span></a>, <a href=\"dosearch.php?searchkey=5013&amp;language=id\"><span class=\"eastsyriac\">\u071b\u0718\u073c\u071b\u071d\u073c\u072c\u0735\u0710</span></a>, <a href=\"dosearch.php?searchkey=9786&amp;language=id\"><span class=\"eastsyriac\">\u0723\u0732\u0722\u071d\u0735\u0710</span></a>, <a href=\"dosearch.php?searchkey=12412&amp;language=id\"><span class=\"eastsyriac\">\u0729\u0718\u073c\u071b\u0735\u071d\u0726\u0735\u0710</span></a>, <a href=\"dosearch.php?searchkey=12953&amp;language=id\"><span class=\"eastsyriac\">\u0729\u0738\u0722\u071b\u0735\u071d\u0726\u0735\u0710</span></a>, <a href=\"dosearch.php?searchkey=12954&amp;language=id\"><span class=\"eastsyriac\">\u0729\u071b\u0735\u0726\u0735\u0710</span></a>, <a href=\"dosearch.php?searchkey=1050&amp;language=id\"><span class=\"eastsyriac\">\u0712\u0718\u073c\u071b\u072c\u0710</span></a>, <a href=\"dosearch.php?searchkey=10014&amp;language=id\"><span class=\"eastsyriac\">\u0725\u0735\u0712\u0742\u0735\u0710</span></a></span>"], "key": "16711", "west": "\u0725\u0733\u0721\u073d\u0718\u072a\u073d\u0718\u072c\u0742\u0733\u0710", "phonetic": "<td>a: mu: ' ru: t:a:</td>", "east": "\u0725\u0735\u0721\u0718\u073f\u072a\u0718\u073c\u072c\u0742\u0735\u0710"},
{"searchkey": "11923", "audio": [], "context": [], "webrank": 100, "text": [" : 1) a painted idol , the painting / picture of an idol , an icon (?) ;\r\n2) a pen , a painting brush ;"], "english": "<td>1) a painted idol , the painting / picture of an idol , an icon (?) ;\r\n2) a pen , a painting brush ;</td>", "cf": ["<span class=\"wordlink\"><a href=\"dosearch.php?searchkey=SAyrA%27&amp;language=fullsyriac\"><span class=\"eastsyriac\">\u0728\u0735\u071d\u072a\u0735\u0710</span></a>, <a href=\"dosearch.php?searchkey=SayArutA%27&amp;language=fullsyriac\"><span class=\"eastsyriac\">\u0728\u0732\u071d\u0735\u072a\u0718\u073c\u072c\u0735\u0710</span></a></span>", "<span class=\"wordlink\"><a href=\"dosearch.php?searchkey=SurtA%27&amp;language=fullsyriac\"><span class=\"eastsyriac\">\u0728\u0718\u073c\u072a\u072c\u0735\u0710</span></a>, <a href=\"dosearch.php?searchkey=xejltA%27&amp;language=fullsyriac\"><span class=\"eastsyriac\">\u071a\u0738\u072b\u0720\u072c\u0735\u0710</span></a>, <a href=\"dosearch.php?searchkey=SAyrA%27&amp;language=fullsyriac\"><span class=\"eastsyriac\">\u0728\u0735\u071d\u072a\u0735\u0710</span></a>, <a href=\"dosearch.php?searchkey=SalmA%27+glipA%27&amp;language=fullsyriac\"><span class=\"eastsyriac\">\u0728\u0732\u0720\u0721\u0735\u0710 \u0713\u0720\u071d\u073c\u0726\u0735\u0710</span></a>, <a href=\"dosearch.php?searchkey=SalmA%27&amp;language=fullsyriac\"><span class=\"eastsyriac\">\u0728\u0732\u0720\u0721\u0735\u0710</span></a>, <a href=\"dosearch.php?searchkey=SAnam&amp;language=fullsyriac\"><span class=\"eastsyriac\">\u0728\u0735\u0722\u0732\u0721</span></a>, <a href=\"dosearch.php?searchkey=xejltA%27&amp;language=fullsyriac\"><span class=\"eastsyriac\">\u071a\u0738\u072b\u0720\u072c\u0735\u0710</span></a></span>"], "key": "11923", "west": "\u0728\u0733\u071d\u072a\u0733\u0710", "phonetic": "<td>' \u1e63ai ra</td>", "east": "\u0728\u0735\u071d\u072a\u0735\u0710"},
{"searchkey": "34466", "audio": [], "context": [], "webrank": 5, "text": [" : to touch , to brush (?) ;"], "english": "<td>to touch , to brush (?) ;</td>", "cf": ["<span class=\"wordlink\"><a href=\"dosearch.php?searchkey=34467&amp;language=id\"><span class=\"eastsyriac\">\u0713\u072b\u0735\u072b\u0735\u0710</span></a></span>", "<span class=\"wordlink\"><a href=\"dosearch.php?searchkey=18413&amp;language=id\"><span class=\"eastsyriac\">\u0713\u0735\u072b\u0739\u0726</span></a>, <a href=\"dosearch.php?searchkey=34465&amp;language=id\"><span class=\"eastsyriac\">\u0721\u0735\u072b\u0739\u072b</span></a></span>"], "key": "34466", "west": "\u0713\u0733\u072b\u0736\u072b", "phonetic": "<td>' ga: \u0161i:\u0161</td>", "east": "\u0713\u0735\u072b\u0739\u072b"},
{"searchkey": "34465", "audio": [], "context": [], "webrank": 50, "text": [" : to touch , to brush (?) ;"], "english": "<td>to touch , to brush (?) ;</td>", "cf": ["<span class=\"wordlink\"><a href=\"dosearch.php?searchkey=18413&amp;language=id\"><span class=\"eastsyriac\">\u0713\u0735\u072b\u0739\u0726</span></a>, <a href=\"dosearch.php?searchkey=34466&amp;language=id\"><span class=\"eastsyriac\">\u0713\u0735\u072b\u0739\u072b</span></a></span>"], "key": "34465", "west": "\u0721\u0733\u072b\u0736\u072b", "phonetic": "<td>' ma: \u0161i:\u0161</td>", "east": "\u0721\u0735\u072b\u0739\u072b"},
{"searchkey": "10090", "audio": [], "context": ["Maclean", "Oraham"], "webrank": 70, "text": [" : 1) ", " : a weed ;\r\n2) ", " : weeding , the act of freeing from noxious plants ;\r\n3) undergrowth , underbrush , shrubbery , a coppice (?) ;"], "english": "<td>1) <span class=\"context\">Maclean</span> : a weed ;\r\n2) <span class=\"context\">Oraham</span> : weeding , the act of freeing from noxious plants ;\r\n3) undergrowth , underbrush , shrubbery , a coppice (?) ;</td>", "cf": ["<span class=\"wordlink\"><a href=\"dosearch.php?searchkey=10088&amp;language=id\"><span class=\"eastsyriac\">\u0725\u0735\u0715\u0735\u0710</span></a>, <a href=\"dosearch.php?searchkey=10268&amp;language=id\"><span class=\"eastsyriac\">\u0725\u071d\u0735\u0715\u0735\u0710</span></a>, <a href=\"dosearch.php?searchkey=20050&amp;language=id\"><span class=\"eastsyriac\">\u0725\u0738\u0715\u0735\u0722\u072c\u0735\u0710</span></a>, <a href=\"dosearch.php?searchkey=20049&amp;language=id\"><span class=\"eastsyriac\">\u0725\u0738\u0715\u0735\u0722\u0735\u0710</span></a>, <a href=\"dosearch.php?searchkey=23421&amp;language=id\"><span class=\"eastsyriac\">\u0725\u0732\u071d\u0735\u0715\u0735\u0710</span></a>, <a href=\"dosearch.php?searchkey=23423&amp;language=id\"><span class=\"eastsyriac\">\u0725\u0735\u0710\u0738\u0715\u0742</span></a>, <a href=\"dosearch.php?searchkey=23424&amp;language=id\"><span class=\"eastsyriac\">\u0721\u0732\u0725\u071d\u0738\u0715\u0742</span></a></span>", "<span class=\"wordlink\"><a href=\"dosearch.php?searchkey=5400&amp;language=id\"><span class=\"eastsyriac\">\u071d\u0718\u073c\u0720\u0735\u0710</span></a>, <a href=\"dosearch.php?searchkey=11830&amp;language=id\"><span class=\"eastsyriac\">\u0728\u0718\u073c\u0728\u071d\u073c\u0722\u0735\u0710</span></a>, <a href=\"dosearch.php?searchkey=12720&amp;language=id\"><span class=\"eastsyriac\">\u0729\u071d\u073c\u0718\u0735\u072a\u0735\u0710</span></a>, <a href=\"dosearch.php?searchkey=3804&amp;language=id\"><span class=\"eastsyriac\">\u0719\u071d\u073c\u0718\u0735\u0722\u0735\u0710</span></a>, <a href=\"dosearch.php?searchkey=14951&amp;language=id\"><span class=\"eastsyriac\">\u072b\u0732\u0725\u071d\u073c\u0725\u0735\u0710</span></a></span>"], "key": "10090", "west": "\u0725\u0736\u0715\u0733\u0710", "phonetic": "<td>' id da:</td>", "east": "\u0725\u0738\u0715\u0735\u0710"},
{"searchkey": "15382", "audio": [], "context": [], "webrank": 60, "text": [" : currying , dressing the hair or coat of an animal (especially a horse) with a currycomb and brush , to comb a horse in order to make clean , dressing (?) / grooming (?) a horse ;\r\n"], "english": "<td>currying , dressing the hair or coat of an animal (especially a horse) with a currycomb and brush , to comb a horse in order to make clean , dressing (?) / grooming (?) a horse ;\r\n</td>", "cf": ["<span class=\"wordlink\"><a href=\"dosearch.php?searchkey=14343&amp;language=id\"><span class=\"eastsyriac\">\u072c\u0718\u073f\u0721\u0735\u072a</span></a></span>"], "key": "15382", "west": "\u072c\u073d\u0718\u071d\u0721\u0733\u072a", "phonetic": "<td>' toi mar (?) </td>", "east": "\u072c\u0718\u073f\u071d\u0721\u0735\u072a"},
{"searchkey": "14343", "audio": [], "context": [], "webrank": 70, "text": [" : currying , dressing the hair or coat of an animal (especially a horse) with a currycomb and brush , to comb a horse in order to make clean , dressing (?) / grooming (?) a horse ;\r\n"], "english": "<td>currying , dressing the hair or coat of an animal (especially a horse) with a currycomb and brush , to comb a horse in order to make clean , dressing (?) / grooming (?) a horse ;\r\n</td>", "cf": ["<span class=\"wordlink\"><a href=\"dosearch.php?searchkey=15382&amp;language=id\"><span class=\"eastsyriac\">\u072c\u0718\u073f\u071d\u0721\u0735\u072a</span></a></span>"], "key": "14343", "west": "\u072c\u073d\u0718\u0721\u0733\u072a", "phonetic": "<td>' to mar</td>", "east": "\u072c\u0718\u073f\u0721\u0735\u072a"},
{"searchkey": "14420", "audio": [], "context": [], "webrank": 50, "text": [" : Artemisia (family Asteraceae) , wormwood , mugwort , sagebrush ;\r\n"], "english": "<td>Artemisia (family Asteraceae) , wormwood , mugwort , sagebrush ;\r\n</td>", "cf": ["<span class=\"wordlink\"><a href=\"dosearch.php?searchkey=14282&amp;language=id\"><span class=\"eastsyriac\">\u072b\u0718\u0732\u071d\u0720\u0735\u0710</span></a></span>"], "key": "14420", "west": "\u072b\u073d\u0718\u0728\u0733\u072a\u0733\u0710", "phonetic": "<td>\u0161u ' \u1e63a ra</td>", "east": "\u072b\u0718\u073c\u0728\u0735\u072a\u0735\u0710"},
{"searchkey": "13242", "audio": [], "context": ["tree-leaves, silk ..."], "webrank": 30, "text": [" : to clash / make a clash , to produce a sound / noise by striking against something / to rattle , ", " : to rustle , to swish , to emit a brushing sound ;"], "english": "<td>to clash / make a clash , to produce a sound / noise by striking against something / to rattle , <span class=\"context\">tree-leaves, silk ...</span> : to rustle , to swish , to emit a brushing sound ;</td>", "cf": ["<span class=\"wordlink\"><a href=\"dosearch.php?searchkey=13230&amp;language=id\"><span class=\"eastsyriac\">\u0729\u0732\u072a\u0729\u0718\u073c\u072b\u0739\u0710</span></a></span>", "<span class=\"wordlink\"><a href=\"dosearch.php?searchkey=12471&amp;language=id\"><span class=\"eastsyriac\">\u0729\u0718\u073c\u0720\u0729\u0735\u072b\u0735\u0710</span></a>, <a href=\"dosearch.php?searchkey=9320&amp;language=id\"><span class=\"eastsyriac\">\u0722\u0729\u0735\u072b\u0735\u0710</span></a>, <a href=\"dosearch.php?searchkey=6334&amp;language=id\"><span class=\"eastsyriac\">\u071f\u0330\u0732\u0729\u071f\u0330\u0735\u0729\u0735\u0710</span></a>, <a href=\"dosearch.php?searchkey=6892&amp;language=id\"><span class=\"eastsyriac\">\u0720\u0732\u0729\u0720\u0718\u073c\u0729\u0739\u0710</span></a>, <a href=\"dosearch.php?searchkey=13109&amp;language=id\"><span class=\"eastsyriac\">\u0729\u0732\u072a\u0715\u0718\u073c\u072b\u0739\u0710</span></a>, <a href=\"dosearch.php?searchkey=2417&amp;language=id\"><span class=\"eastsyriac\">\u0713\u0732\u0722\u0713\u0718\u073c\u0722\u0739\u0710</span></a>, <a href=\"dosearch.php?searchkey=4896&amp;language=id\"><span class=\"eastsyriac\">\u071a\u0732\u072b\u071a\u0718\u073c\u072b\u0739\u0710</span></a>, <a href=\"dosearch.php?searchkey=24803&amp;language=id\"><span class=\"eastsyriac\">\u0721\u0718\u0732\u0722\u0718\u0738\u0722</span></a>, <a href=\"dosearch.php?searchkey=24550&amp;language=id\"><span class=\"eastsyriac\">\u071a\u0732\u072b\u071a\u0738\u072b</span></a>, <a href=\"dosearch.php?searchkey=34445&amp;language=id\"><span class=\"eastsyriac\">\u072b\u0732\u0729\u072b\u0738\u0729</span></a>, <a href=\"dosearch.php?searchkey=34446&amp;language=id\"><span class=\"eastsyriac\">\u0720\u0732\u0729\u0720\u0738\u0729</span></a>, <a href=\"dosearch.php?searchkey=15106&amp;language=id\"><span class=\"eastsyriac\">\u072b\u0732\u0729\u072b\u0718\u073c\u0729\u0739\u0710</span></a>, <a href=\"dosearch.php?searchkey=6892&amp;language=id\"><span class=\"eastsyriac\">\u0720\u0732\u0729\u0720\u0718\u073c\u0729\u0739\u0710</span></a>, <a href=\"dosearch.php?searchkey=34444&amp;language=id\"><span class=\"eastsyriac\">\u0728\u0720\u0735\u0720\u0735\u0710</span></a>, <a href=\"dosearch.php?searchkey=34443&amp;language=id\"><span class=\"eastsyriac\">\u0728\u0735\u0720\u0739\u0720</span></a></span>"], "key": "13242", "west": "\u0729\u0730\u072a\u0729\u0736\u072b", "phonetic": "<td>' qar qi\u0161</td>", "east": "\u0729\u0732\u072a\u0729\u0738\u072b"},
{"searchkey": "14282", "audio": [], "context": [], "webrank": 40, "text": [" : Artemisia (family Asteraceae) , wormwood , mugwort , sagebrush ;\r\n"], "english": "<td>Artemisia (family Asteraceae) , wormwood , mugwort , sagebrush ;\r\n</td>", "cf": ["<span class=\"wordlink\"><a href=\"dosearch.php?searchkey=14420&amp;language=id\"><span class=\"eastsyriac\">\u072b\u0718\u073c\u0728\u0735\u072a\u0735\u0710</span></a></span>"], "key": "14282", "west": "\u072b\u0718\u0730\u071d\u0720\u0733\u0710", "phonetic": "<td>' \u0161vai la</td>", "east": "\u072b\u0718\u0732\u071d\u0720\u0735\u0710"},
{"searchkey": "21331", "audio": [], "context": ["Exodus : 30, 23 (Revised Version)", "= \u0719\u0739\u0720\u0735\u0710", "Al Qosh", "apple, mushroom, cabbage ... ...", "of a plant", "Exodus : 25, 35", "of a candlestick", "flag, lance, halberd ...", "Bailis Shamun :"], "webrank": 20, "text": [" : 1) ", " : sweet calamus , ", " ;\r\n2) ", " : a reed , a stalk / a halm / a haulm , ", " a stalk (?) , the stem ", " ;\r\n3) ", " : a shaft ", " , ", " : a pole (?) , a shaft (?) ;\r\n4) "], "english": "<td>1) <span class=\"context\">Exodus : 30, 23 (Revised Version)</span> : sweet calamus , <span class=\"context\">= <a href=\"dosearch.php?searchkey=zElA%27&amp;language=fullsyriac\"><span class=\"eastsyriac\">\u0719\u0739\u0720\u0735\u0710</span></a></span> ;\r\n2) <span class=\"context\">Al Qosh</span> : a reed , a stalk / a halm / a haulm , <span class=\"context\">apple, mushroom, cabbage ... ...</span> a stalk (?) , the stem <span class=\"context\">of a plant</span> ;\r\n3) <span class=\"context\">Exodus : 25, 35</span> : a shaft <span class=\"context\">of a candlestick</span> , <span class=\"context\">flag, lance, halberd ...</span> : a pole (?) , a shaft (?) ;\r\n4) <span class=\"context\">Bailis Shamun : <span class=\"locution\"><span class=\"eastsyriac\">\u0729\u0732\u0722\u071d\u0735\u0710 \u0715\u0728\u0732\u071d\u0735\u072a\u0735\u0710</span></span></span> : a pencil / a paintbrush ;\r\n<span class=\"context\">Bailis Shamun ; see also <a href=\"dosearch.php?searchkey=qurqujum&amp;language=fullsyriac\"><span class=\"eastsyriac\">\u0729\u0718\u073c\u072a\u0729\u0718\u073c\u072b\u0718\u073c\u0721</span></a> : <span class=\"locution\"><span class=\"eastsyriac\">\u0729\u0732\u0722\u071d\u0735\u0710 \u0715\u0710\u0732\u0712\u0742\u0735\u072a\u0735\u0710</span></span></span> : a pencil , a lead-pencil ;</td>", "cf": ["<span class=\"wordlink\"><a href=\"dosearch.php?searchkey=16057&amp;language=id\"><span class=\"eastsyriac\">\u0729\u0735\u0722\u071d\u0735\u0710</span></a>, <a href=\"dosearch.php?searchkey=xabubA%27&amp;language=fullsyriac\"><span class=\"eastsyriac\">\u071a\u0732\u0712\u0718\u073c\u0712\u0735\u0710</span></a></span>"], "key": "21331", "west": "\u0729\u0730\u0722\u071d\u0733\u0710", "phonetic": "<td>' qa nia:</td>", "east": "\u0729\u0732\u0722\u071d\u0735\u0710"},
{"searchkey": "11922", "audio": [], "context": ["Oraham", "Yoab Benjamin", "Bailis Shamun :"], "webrank": 10, "text": [" : 1) ", " : a maker / former / shaper , one who forms / shapes / makes , a fashioner , a carver / engraver / sculptor ;\r\n2) ", " : a painter ;\r\n"], "english": "<td>1) <span class=\"context\">Oraham</span> : a maker / former / shaper , one who forms / shapes / makes , a fashioner , a carver / engraver / sculptor ;\r\n2) <span class=\"context\">Yoab Benjamin</span> : a painter ;\r\n<span class=\"context\">Bailis Shamun : <span class=\"locution\"><span class=\"eastsyriac\">\u0729\u0732\u0722\u071d\u0735\u0710 \u0715\u0728\u0732\u071d\u0735\u072a\u0735\u0710</span></span></span> : a pencil / a paintbrush ;</td>", "cf": ["<span class=\"wordlink\"><a href=\"dosearch.php?searchkey=33582&amp;language=id\"><span class=\"eastsyriac\">\u0728\u072a</span></a>, <a href=\"dosearch.php?searchkey=11848&amp;language=id\"><span class=\"eastsyriac\">\u0728\u0718\u073c\u072a\u072c\u0735\u0710</span></a>, <a href=\"dosearch.php?searchkey=28386&amp;language=id\"><span class=\"eastsyriac\">\u0728\u0735\u0710\u0738\u072a</span></a>, <a href=\"dosearch.php?searchkey=11923&amp;language=id\"><span class=\"eastsyriac\">\u0728\u0735\u071d\u072a\u0735\u0710</span></a>, <a href=\"dosearch.php?searchkey=11924&amp;language=id\"><span class=\"eastsyriac\">\u0728\u0735\u071d\u0718\u073f\u072a\u0735\u0710</span></a>, <a href=\"dosearch.php?searchkey=11925&amp;language=id\"><span class=\"eastsyriac\">\u0728\u0732\u071d\u0735\u072a\u0718\u073c\u072c\u0735\u0710</span></a></span>", "<span class=\"wordlink\"><a href=\"dosearch.php?searchkey=1738&amp;language=id\"><span class=\"eastsyriac\">\u0712\u0735\u072a\u071d\u0735\u0722\u0735\u0710</span></a>, <a href=\"dosearch.php?searchkey=8357&amp;language=id\"><span class=\"eastsyriac\">\u0721\u0728\u0735\u0720\u0721\u0735\u0722\u0735\u0710</span></a>, <a href=\"dosearch.php?searchkey=8863&amp;language=id\"><span class=\"eastsyriac\">\u0721\u072c\u0732\u072a\u0728\u0735\u0722\u0735\u0710</span></a>, <a href=\"dosearch.php?searchkey=10052&amp;language=id\"><span class=\"eastsyriac\">\u0725\u0735\u0712\u0742\u0718\u073f\u0715\u0735\u0710</span></a>, <a href=\"dosearch.php?searchkey=7540&amp;language=id\"><span class=\"eastsyriac\">\u0721\u0732\u071a\u0718\u0738\u072a\u0735\u0722\u0735\u0710</span></a>, <a href=\"dosearch.php?searchkey=26043&amp;language=id\"><span class=\"eastsyriac\">\u0728\u0732\u0712\u0735\u0725\u0735\u0710</span></a>, <a href=\"dosearch.php?searchkey=27091&amp;language=id\"><span class=\"eastsyriac\">\u0722\u0732\u0729\u0735\u072b</span></a>, <a href=\"dosearch.php?searchkey=27092&amp;language=id\"><span class=\"eastsyriac\">\u0723\u071d\u0735\u0721 \u0710\u071d\u073c\u0715\u0742\u0735\u0710</span></a>, <a href=\"dosearch.php?searchkey=33583&amp;language=id\"><span class=\"eastsyriac\">\u072a\u0735\u072b\u0718\u073f\u0721\u0735\u0710</span></a></span>"], "key": "11922", "west": "\u0728\u0730\u071d\u0733\u072a\u0733\u0710", "phonetic": "<td>\u1e63a ' ia: ra :</td>", "east": "\u0728\u0732\u071d\u0735\u072a\u0735\u0710"},
{"searchkey": "18321", "audio": [], "context": ["transitive and intransitive verb", "in a stream or river", "distinguish from \u0723\u0735\u071a\u0739\u0710", "metaphor", "Al Qosh"], "webrank": 40, "text": [" : 1) ", " : to bathe , to have a bath , to have a dip ", " (?) , ", " ;\r\n2) ", " : to cleanse , to cleanse oneself , to wash / to have a wash ;\r\n", " :"], "english": "<td>1) <span class=\"context\">transitive and intransitive verb</span> : to bathe , to have a bath , to have a dip <span class=\"context\">in a stream or river</span> (?) , <span class=\"context\">distinguish from <a href=\"dosearch.php?searchkey=sAxE%27&amp;language=fullsyriac\"><span class=\"eastsyriac\">\u0723\u0735\u071a\u0739\u0710</span></a></span> ;\r\n2) <span class=\"context\">metaphor</span> : to cleanse , to cleanse oneself , to wash / to have a wash ;\r\n<span class=\"context\">Al Qosh</span> : <span class=\"locution\"><span class=\"eastsyriac\">\u0721\u071a\u0732\u0720\u0738\u0720 \u0710\u071d\u073c\u0715\u0735\u0710 \u0721\u0738\u0722</span></span> : to wash one's hands of ;\r\n<span class=\"locution\"><span class=\"eastsyriac\">\u0721\u071a\u0732\u0720\u0738\u0720 \u071f\u0739\u071f\u0308\u0739\u0710</span></span> : a toothbrush / tooth-brush ;\r\n3) <span class=\"context\">Al Qosh : see <a href=\"dosearch.php?searchkey=xlulA%27&amp;language=fullsyriac\"><span class=\"eastsyriac\">\u071a\u0720\u0718\u073c\u0720\u0735\u0710</span></a></span> : to marry , to give in marriage ;\r\n<span class=\"context\">Ashita : agent : <a href=\"dosearch.php?searchkey=mxalMlAnA%27&amp;language=fullsyriac\"><span class=\"eastsyriac\">\u0721\u071a\u0732\u0720\u0747\u0720\u0735\u0722\u0735\u0710</span></a> : a clout , a dish towel , a dishcloth</span> ;</td>", "cf": ["<span class=\"wordlink\"><a href=\"dosearch.php?searchkey=18320&amp;language=id\"><span class=\"eastsyriac\">\u071a\u0732\u0720\u0738\u0720</span></a>, <a href=\"dosearch.php?searchkey=22028&amp;language=id\"><span class=\"eastsyriac\">\u071a\u0720\u0718\u073c\u0720\u072c\u0735\u0710</span></a>, <a href=\"dosearch.php?searchkey=4489&amp;language=id\"><span class=\"eastsyriac\">\u071a\u0720\u071d\u073c\u0720\u0735\u0710</span></a>, <a href=\"dosearch.php?searchkey=22062&amp;language=id\"><span class=\"eastsyriac\">\u0721\u0747\u071a\u0732\u0720 \u0721\u0735\u0710\u0722\u0735\u0710</span></a>, <a href=\"dosearch.php?searchkey=4460&amp;language=id\"><span class=\"eastsyriac\">\u071a\u0720\u0718\u073c\u0720\u0735\u0710</span></a>, <a href=\"dosearch.php?searchkey=22062&amp;language=id\"><span class=\"eastsyriac\">\u0721\u0747\u071a\u0732\u0720 \u0721\u0735\u0710\u0722\u0735\u0710</span></a>, <a href=\"dosearch.php?searchkey=7575&amp;language=id\"><span class=\"eastsyriac\">\u0721\u071a\u0732\u0720\u0721\u0735\u0710\u0722\u0735\u0710</span></a></span>", "<span class=\"wordlink\"><a href=\"dosearch.php?searchkey=8094&amp;language=id\"><span class=\"eastsyriac\">\u0721\u0732\u0723\u071a\u0718\u073c\u071d\u0739\u0710</span></a>, <a href=\"dosearch.php?searchkey=8069&amp;language=id\"><span class=\"eastsyriac\">\u0721\u0723\u0735\u0710</span></a>, <a href=\"dosearch.php?searchkey=8109&amp;language=id\"><span class=\"eastsyriac\">\u0721\u0723\u0735\u071d\u0735\u0710</span></a>, <a href=\"dosearch.php?searchkey=18313&amp;language=id\"><span class=\"eastsyriac\">\u0723\u0735\u071a\u0739\u0710</span></a>, <a href=\"dosearch.php?searchkey=18322&amp;language=id\"><span class=\"eastsyriac\">\u0721\u0732\u0723\u071a\u0739\u0710</span></a>, <a href=\"dosearch.php?searchkey=4036&amp;language=id\"><span class=\"eastsyriac\">\u071a\u0710\u0735\u0726\u0735\u0710</span></a>, <a href=\"dosearch.php?searchkey=24445&amp;language=id\"><span class=\"eastsyriac\">\u0721\u0732\u0713\u0712\u0742\u0738\u072a</span></a>, <a href=\"dosearch.php?searchkey=18698&amp;language=id\"><span class=\"eastsyriac\">\u0721\u0712\u0735\u072a\u0738\u071f\u0742</span></a>, <a href=\"dosearch.php?searchkey=22501&amp;language=id\"><span class=\"eastsyriac\">\u0721\u0732\u071b\u0720\u0738\u0712</span></a>, <a href=\"dosearch.php?searchkey=26133&amp;language=id\"><span class=\"eastsyriac\">\u0721\u0729\u0732\u0720\u0738\u0718</span></a>, <a href=\"dosearch.php?searchkey=26132&amp;language=id\"><span class=\"eastsyriac\">\u0729\u0735\u0720\u0738\u0718</span></a></span>"], "key": "18321", "west": "\u0721\u071a\u0730\u0720\u0736\u0720", "phonetic": "<td>' (m) \u1e25a lil</td>", "east": "\u0721\u071a\u0732\u0720\u0738\u0720"},
{"searchkey": "6232", "audio": [], "context": [], "webrank": 30, "text": [" : sweeping , the act of driving / collecting / carrying along with a brushing motion as dirt from a floor ;"], "english": "<td>sweeping , the act of driving / collecting / carrying along with a brushing motion as dirt from a floor ;</td>", "cf": ["<span class=\"wordlink\"><a href=\"dosearch.php?searchkey=17525&amp;language=id\"><span class=\"eastsyriac\">\u071f\u0722\u072b</span></a>, <a href=\"dosearch.php?searchkey=6228&amp;language=id\"><span class=\"eastsyriac\">\u071f\u0722\u0735\u072b\u0735\u0710</span></a>, <a href=\"dosearch.php?searchkey=6205&amp;language=id\"><span class=\"eastsyriac\">\u071f\u0722\u0718\u073c\u072b\u072c\u0735\u0710</span></a>, <a href=\"dosearch.php?searchkey=6230&amp;language=id\"><span class=\"eastsyriac\">\u071f\u0735\u0722\u0735\u072b\u0735\u0710</span></a>, <a href=\"dosearch.php?searchkey=6229&amp;language=id\"><span class=\"eastsyriac\">\u071f\u0738\u0722\u072b\u0735\u0710</span></a>, <a href=\"dosearch.php?searchkey=6231&amp;language=id\"><span class=\"eastsyriac\">\u071f\u0722\u0735\u072b\u0735\u0710 \u0721\u071d\u073c\u0735\u0710</span></a></span>"], "key": "6232", "west": "\u071f\u0722\u0733\u072b\u072c\u0733\u0710", "phonetic": "<td>' kna\u0161 ta</td>", "east": "\u071f\u0722\u0735\u072b\u072c\u0735\u0710"},
{"searchkey": "6206", "audio": [], "context": [], "webrank": 20, "text": [" : 1) a besom , a broom , an implement used for sweeping floors"], "english": "<td>1) a besom , a broom , an implement used for sweeping floors ;\r\n<span class=\"locution\"><span class=\"eastsyriac\">\u071f\u0720 \u0721\u0738\u0722\u0715\u071d\u073c \u0721\u0738\u0722 \u071f\u0735\u0722\u0718\u073f\u072b\u072c\u0735\u0710 \u0718\u0717\u0732\u0720 \u072a\u0718\u073c\u0726\u032e\u072b\u072c\u0735\u0710</span></span> : <span class=\"context\">a legal phrase for : \"the whole furniture of a house\"</span> ;\r\n2) a <span class=\"context\">chimney sweep's</span> brush (?) ; </td>", "cf": ["<span class=\"wordlink\"><a href=\"dosearch.php?searchkey=6228&amp;language=id\"><span class=\"eastsyriac\">\u071f\u0722\u0735\u072b\u0735\u0710</span></a>, <a href=\"dosearch.php?searchkey=23585&amp;language=id\"><span class=\"eastsyriac\">\u071f\u0732\u0722\u0735\u072b\u0735\u0710</span></a>, <a href=\"dosearch.php?searchkey=23586&amp;language=id\"><span class=\"eastsyriac\">\u071f\u0732\u0722\u0735\u072b\u072c\u0735\u0710</span></a>, <a href=\"dosearch.php?searchkey=23584&amp;language=id\"><span class=\"eastsyriac\">\u071f\u0735\u0722\u0738\u072b</span></a></span>"], "key": "6206", "west": "\u071f\u0733\u0722\u073d\u0718\u072b\u072c\u0733\u0710", "phonetic": "<td>ka: ' nu:\u0161 ta:</td>", "east": "\u071f\u0735\u0722\u0718\u073c\u072b\u072c\u0735\u0710"},
{"searchkey": "30602", "audio": [], "context": [], "webrank": 10, "text": [" : the same thing"], "english": "<td>the same thing ;\r\n<span class=\"locution\"><span class=\"eastsyriac\">\u071f\u0720\u0739\u0717 \u071a\u0735\u0715\u0747 \u071d\u0720\u0739\u0717</span></span> : it is the same thing , it is cut from the same cloth / tarred with the same brush , it is about the same , it amounts to the same , it makes no difference ;</td>", "cf": [], "key": "30602", "west": "\u071f\u0720\u0736\u0717 \u071a\u0733\u0715\u0747", "phonetic": "<td>' kul li: ' \u1e25a:</td>", "east": "\u071f\u0720\u0739\u0717 \u071a\u0735\u0715\u0747"},
{"searchkey": "10014", "audio": [], "context": ["Maclean", "Oraham", "Aghassi :"], "webrank": 60, "text": [" : 1) ", " : a wood ;\r\n2) ", " : a thicket / brush / dense growth of bushes or shrubbery , a thick grove , a forest / woods ;\r\n3) "], "english": "<td>1) <span class=\"context\">Maclean</span> : a wood ;\r\n2) <span class=\"context\">Oraham</span> : a thicket / brush / dense growth of bushes or shrubbery , a thick grove , a forest / woods ;\r\n3) <span class=\"context\">Aghassi : <span class=\"locution\"><span class=\"eastsyriac\">\u0725\u0732\u0712\u0742\u0735\u0710</span></span> ; see also <a href=\"dosearch.php?searchkey=TarjA%27&amp;language=fullsyriac\"><span class=\"eastsyriac\">\u071b\u0732\u072a\u072b\u0735\u0710</span></a></span> : a forest ;</td>", "cf": ["<span class=\"wordlink\"><a href=\"dosearch.php?searchkey=18867&amp;language=id\"><span class=\"eastsyriac\">\u0725\u0735\u0712\u0742\u072c\u0735\u0710</span></a></span>", "<span class=\"wordlink\"><a href=\"dosearch.php?searchkey=12351&amp;language=id\"><span class=\"eastsyriac\">\u0729\u0718\u073c\u0712\u0718\u073c\u071a\u072c\u0735\u0710</span></a>, <a href=\"dosearch.php?searchkey=3113&amp;language=id\"><span class=\"eastsyriac\">\u0715\u0732\u0723\u072c\u0735\u0710</span></a>, <a href=\"dosearch.php?searchkey=3899&amp;language=id\"><span class=\"eastsyriac\">\u0719\u0738\u0722\u0713\u0738\u072a\u072c\u0735\u0710</span></a>, <a href=\"dosearch.php?searchkey=9786&amp;language=id\"><span class=\"eastsyriac\">\u0723\u0732\u0722\u071d\u0735\u0710</span></a>, <a href=\"dosearch.php?searchkey=12412&amp;language=id\"><span class=\"eastsyriac\">\u0729\u0718\u073c\u071b\u0735\u071d\u0726\u0735\u0710</span></a>, <a href=\"dosearch.php?searchkey=12953&amp;language=id\"><span class=\"eastsyriac\">\u0729\u0738\u0722\u071b\u0735\u071d\u0726\u0735\u0710</span></a>, <a href=\"dosearch.php?searchkey=12954&amp;language=id\"><span class=\"eastsyriac\">\u0729\u071b\u0735\u0726\u0735\u0710</span></a>, <a href=\"dosearch.php?searchkey=16711&amp;language=id\"><span class=\"eastsyriac\">\u0725\u0735\u0721\u0718\u073f\u072a\u0718\u073c\u072c\u0710</span></a>, <a href=\"dosearch.php?searchkey=1050&amp;language=id\"><span class=\"eastsyriac\">\u0712\u0718\u073c\u071b\u072c\u0710</span></a>, <a href=\"dosearch.php?searchkey=5543&amp;language=id\"><span class=\"eastsyriac\">\u071d\u0732\u0725\u072a\u0735\u0710</span></a>, <a href=\"dosearch.php?searchkey=18865&amp;language=id\"><span class=\"eastsyriac\">\u0713\u0330\u0732\u0712\u0735\u0720</span></a>, <a href=\"dosearch.php?searchkey=7738&amp;language=id\"><span class=\"eastsyriac\">\u0721\u0732\u071d\u072b\u0735\u0710</span></a>, <a href=\"dosearch.php?searchkey=24259&amp;language=id\"><span class=\"eastsyriac\">\u072a\u0739\u0720\u0735\u0710</span></a>, <a href=\"dosearch.php?searchkey=18866&amp;language=id\"><span class=\"eastsyriac\">\u0713\u0722\u071d\u073c\u072c\u0735\u0710</span></a></span>"], "key": "10014", "west": "\u0725\u0733\u0712\u0742\u0733\u0710", "phonetic": "<td>' a: wa:</td>", "east": "\u0725\u0735\u0712\u0742\u0735\u0710"}
]