[
{"searchkey": "31543", "audio": [], "context": [], "webrank": 10, "text": [" : the fore , the front side"], "english": "<td>the fore , the front side ;\r\n<span class=\"locution\"><span class=\"eastsyriac\">\u072b\u0718\u073c\u0720\u071d\u073c \u0712\u0710\u071d\u073c\u0719\u0735\u0720\u0735\u0710\u0747\u071d\u0720\u0739\u0717 \u0720\u0712\u072a\u0735\u0710\u0729\u0735\u0715\u0747\u0721\u0739\u0710\u0717</span></span> : my business is going forward , my business is making progress / progressing / making headways ;</td>", "cf": ["<span class=\"wordlink\"><a href=\"dosearch.php?searchkey=31542&amp;language=id\"><span class=\"eastsyriac\">\u0721\u071a\u0735\u0715\u0747 \u0712\u0735\u072a\u0735\u0710</span></a>, <a href=\"dosearch.php?searchkey=1680&amp;language=id\"><span class=\"eastsyriac\">\u0712\u0735\u072a\u0735\u0710</span></a>, <a href=\"dosearch.php?searchkey=16540&amp;language=id\"><span class=\"eastsyriac\">\u0729\u0735\u0715\u0747\u0721</span></a></span>", "<span class=\"wordlink\"><a href=\"dosearch.php?searchkey=31544&amp;language=id\"><span class=\"eastsyriac\">\u0712\u072a\u0735\u0710 \u0712\u0735\u072c\u0742\u0732\u072a</span></a></span>"], "key": "31543", "west": "\u0712\u072a\u0733\u0710 \u0729\u0733\u0715\u0747\u0721", "phonetic": "<td>' bra: qa:m</td>", "east": "\u0712\u072a\u0735\u0710 \u0729\u0735\u0715\u0747\u0721"},
{"searchkey": "264", "audio": ["./audio/entry264.mp3"], "context": [], "webrank": 3, "text": [" : 1) a way , a road , a path"], "english": "<td>1) a way , a road , a path ;\r\n<span class=\"locution\"><span class=\"eastsyriac\">\u0710\u0718\u073c\u072a\u071a\u0735\u0710 \u0715\u0713\u0739\u0722\u0735\u0308\u0712\u0742\u0739\u0710</span></span> : (\"the road of the thieves\") the Milky Way , <span class=\"context\">see <a href=\"dosearch.php?searchkey=xudrA%27+ga%27la%27ksis&amp;language=fullsyriac\"><span class=\"eastsyriac\">\u071a\u0718\u073c\u0715\u072a\u0735\u0710 \u0713\u0732\u0710\u0720\u0732\u0710\u071f\u0723\u071d\u073c\u0723</span></a></span> ;\r\n<span class=\"locution\"><span class=\"eastsyriac\">\u0726\u0735\u0720\u0739\u071b \u0720\u0710\u0718\u073c\u072a\u071a\u0735\u0710 \u0715</span></span> / <span class=\"locution\"><span class=\"eastsyriac\">\u0726\u0735\u0720\u0739\u071b \u0729\u0735\u0715\u0747\u0721</span></span> : to go to meet a person ;\r\n<span class=\"locution\"><span class=\"eastsyriac\">\u0720\u0710\u0718\u073c\u072a\u071a\u0735\u0710 \u0715 <a href=\"dosearch.php?searchkey=pAlET&amp;language=fullsyriac\"><span class=\"eastsyriac\">\u0726\u0735\u0720\u0739\u071b</span></a></span></span> / <span class=\"locution\"><span class=\"eastsyriac\"><a href=\"dosearch.php?searchkey=qAdMm&amp;language=fullsyriac\"><span class=\"eastsyriac\">\u0729\u0735\u0715\u0747\u0721</span></a> <a href=\"dosearch.php?searchkey=pAlET&amp;language=fullsyriac\"><span class=\"eastsyriac\">\u0726\u0735\u0720\u0739\u071b</span></a></span></span> : to go to meet a person ;\r\n<span class=\"locution\"><span class=\"eastsyriac\">\u0721\u0713\u0735\u072b\u0738\u0729 \u0725\u0732\u0720 \u0710\u0718\u073c\u072a\u071a\u0735\u0710 \u0715</span></span> : to expect a person ;\r\n<span class=\"locution\"><span class=\"eastsyriac\">\u0715\u0735\u072a\u0739\u0710 \u0720\u0710\u0718\u073c\u072a\u071a\u0735\u0710</span></span> : to start a person on a journey ;\r\n<span class=\"locution\"><span class=\"eastsyriac\">\u072a\u0747\u071a\u071d\u073c\u072b \u0720\u0739\u0717 \u0712\u0710\u0718\u073c\u072a\u071a\u0718\u073c\u0717\u071d</span></span> : he went his way ;\r\n<span class=\"locution\"><span class=\"eastsyriac\">\u0710\u0735\u0719\u0738\u0720 \u0712\u0710\u0718\u073c\u072a\u071a\u0735\u0710</span></span> : to prosper , to rub along (?) ;\r\n<span class=\"locution\"><span class=\"eastsyriac\">\u0710\u0735\u0719\u0738\u0720 \u0712\u0710\u0718\u073c\u072a\u071a\u0735\u0710 \u0725\u0732\u0721</span></span> : to bear with , to put up with , to tolerate , to stand / to suffer ;\r\n<span class=\"locution\"><span class=\"eastsyriac\">\u0710\u0718\u073c\u072a\u071a\u0735\u0710 \u0715\u071a\u0732\u0715\u0747 \u071d\u0718\u073f\u0721\u0735\u0710</span></span> : a day's journey , a one day-trip  ;\r\n<span class=\"context\">Mathew : 22, 9</span> : <span class=\"locution\"><span class=\"eastsyriac\">\u0726\u0720\u0735\u071b\u0308\u0739\u0710 \u0715\u0710\u0718\u073c\u072a\u071a\u0735\u072c\u0739\u0710</span></span> : the parting of the ways , the crossroads (?) ;\r\n<span class=\"locution\"><span class=\"eastsyriac\">\u0710\u0718\u073c\u072a\u071a\u0735\u0710 \u0715\u0726\u0735\u072a\u071d\u073c\u072b\u0735\u0717</span></span> : a high road ;\r\n<span class=\"locution\"><span class=\"eastsyriac\">\u0710\u0747\u0722\u0735\u072b\u0735\u0710 \u0721\u0738\u0722\u0715\u071d\u073c \u0720\u0735\u0710 \u071a\u0719\u0739\u0710 \u0720\u0718\u073f\u071f\u0742 \u0712\u0710\u0718\u073c\u072a\u071a\u0735\u0710</span></span> : you did not see anybody along the way / on the road ;\r\n<span class=\"context\">Rh\u00e9tor\u00e9 ; <span class=\"locution\"><span class=\"eastsyriac\">\u071d\u073c\u072c\u071d\u073c\u0712\u0742 \u0720\u0739\u0717 \u0721\u0738\u0723\u071f\u071d\u073c\u0722\u0735\u0710 \u0726\u0718\u073c\u072a\u072c\u0718\u073f \u072a\u0739\u072b \u0723\u0738\u0726\u072c\u0742\u0735\u0710 \u0715\u0710\u0718\u073c\u072a\u071a\u0735\u0710</span></span></span> : poor Purto sat down on the side of the path / by the wayside of the road ;\r\n2) <span class=\"context\">Yoab Benjamin</span> : a way , a custom , <span class=\"context\">see <a href=\"dosearch.php?searchkey=rA%27z+rCEzE%27&amp;language=fullsyriac\"><span class=\"eastsyriac\">\u072a\u0735\u0710\u0719 \u072a\u0308\u0739\u0719\u0739\u0710</span></a></span> ;\r\n3) <span class=\"context\">Bailis Shamun</span> : a trip , a voyage <span class=\"context\">on foot / by road</span> , a walk (?) , a wander (?) , a ramble (?) , a jaunt (?) ;\r\n<span class=\"context\">Tobia Gewargis : adjective ; <span class=\"locution\"><span class=\"eastsyriac\">\u0710\u0718\u072a\u071a\u0710 \u072a\u0738\u0719\u0735\u0722\u0735\u071d\u0735\u0710</span></span> / <span class=\"locution\"><span class=\"eastsyriac\">\u0710\u0718\u073c\u072a\u071a\u0735\u0710 \u071b\u0732\u071f\u0742\u0723\u0735\u0722\u0735\u071d\u0735\u0710</span></span></span> : methodical , systematical / systematic , orderly , organized , businesslike / effective (?) ;\r\n4) <span class=\"context\">Bailis Shamun : preposition, see also <a href=\"dosearch.php?searchkey=meScAyutA%27&amp;language=fullsyriac\"><span class=\"eastsyriac\">\u0721\u0738\u0728\u0725\u0735\u071d\u0718\u073c\u072c\u0735\u0710</span></a></span> : by means of / by way of , via , <span class=\"context\">to talk</span> on <span class=\"context\">the telephone</span> ;</td>", "cf": ["<span class=\"wordlink\"><a href=\"dosearch.php?searchkey=16437&amp;language=id\"><span class=\"eastsyriac\">\u0710\u0718\u073c\u072a\u071a\u0735\u071d\u0735\u0710</span></a>, <a href=\"dosearch.php?searchkey=746&amp;language=id\"><span class=\"eastsyriac\">\u0710\u0735\u072a\u071a\u0735\u0710</span></a>, <a href=\"dosearch.php?searchkey=31391&amp;language=id\"><span class=\"eastsyriac\">\u0726\u072a\u0735\u072b \u0710\u0718\u073c\u072a\u0308 \u071a\u0735\u072c\u0742\u0735\u0710</span></a>, <a href=\"dosearch.php?searchkey=32362&amp;language=id\"><span class=\"eastsyriac\">\u071a\u0718\u073c\u0715\u072a\u0735\u0710 \u0713\u0732\u0710\u0720\u0732\u0710\u071f\u0723\u071d\u073c\u0723</span></a>, <a href=\"dosearch.php?searchkey=33791&amp;language=id\"><span class=\"eastsyriac\">\u0722\u0735\u0726\u0739\u0720 \u0720\u0710\u0718\u073c\u072a\u071a\u0735\u0710</span></a>, <a href=\"dosearch.php?searchkey=34346&amp;language=id\"><span class=\"eastsyriac\">\u0712\u0710\u0718\u073c\u072a\u071a\u0735\u0710 \u0715</span></a></span>", "<span class=\"wordlink\"><a href=\"dosearch.php?searchkey=11033&amp;language=id\"><span class=\"eastsyriac\">\u0726\u0720\u0732\u071b\u071d\u073c\u0735\u0710</span></a>, <a href=\"dosearch.php?searchkey=587&amp;language=id\"><span class=\"eastsyriac\">\u0710\u0738\u0723\u071b\u072a\u0735\u071b\u0735\u0710</span></a>, <a href=\"dosearch.php?searchkey=1827&amp;language=id\"><span class=\"eastsyriac\">\u0713\u0330\u0735\u0715\u0735\u0710</span></a>, <a href=\"dosearch.php?searchkey=9632&amp;language=id\"><span class=\"eastsyriac\">\u0723\u071b\u072a\u0732\u071b\u0718\u073f\u0723</span></a>, <a href=\"dosearch.php?searchkey=14048&amp;language=id\"><span class=\"eastsyriac\">\u072b\u0712\u0742\u071d\u073c\u0720\u0735\u0710</span></a>, <a href=\"dosearch.php?searchkey=15098&amp;language=id\"><span class=\"eastsyriac\">\u072b\u0729\u0735\u0729\u0735\u0710</span></a>, <a href=\"dosearch.php?searchkey=5764&amp;language=id\"><span class=\"eastsyriac\">\u071f\u0718\u073c\u071f\u0330\u0735\u0710</span></a>, <a href=\"dosearch.php?searchkey=20352&amp;language=id\"><span class=\"eastsyriac\">\u0715\u0738\u072a\u0712\u0735\u0710</span></a>, <a href=\"dosearch.php?searchkey=24450&amp;language=id\"><span class=\"eastsyriac\">\u0721\u0732\u0713\u0715\u0735\u0710</span></a>, <a href=\"dosearch.php?searchkey=&amp;language=fullsyriac\"><span class=\"eastsyriac\"></span></a>, <a href=\"dosearch.php?searchkey=31878&amp;language=id\"><span class=\"eastsyriac\">\u0721\u0739\u0710\u0719\u0732\u0720\u072c\u0735\u0710</span></a>, <a href=\"dosearch.php?searchkey=34719&amp;language=id\"><span class=\"eastsyriac\">\u0721\u0732\u072a\u0715\u071d\u073c\u072c\u0735\u0710</span></a></span>"], "key": "264", "west": "\u0710\u073d\u0718\u072a\u071a\u0733\u0710", "phonetic": "<td>' ur \u1e25a:</td>", "east": "\u0710\u0718\u073c\u072a\u071a\u0735\u0710"},
{"searchkey": "1367", "audio": [], "context": ["Oraham"], "webrank": 7, "text": [" : 1) ", " : the face , the front ; direction"], "english": "<td>1) <span class=\"context\">Oraham</span> : the face , the front ; direction ; <span class=\"locution\"><span class=\"eastsyriac\">\u0712\u0735\u0720\u0735\u0710 \u0717\u0738\u0726\u071f\u0735\u071d\u0735\u0710</span></span> - opposite direction \r\n2) <span class=\"context\">Maclean</span> : the front , the mind , the memory , attention , the heart ;\r\n<span class=\"context\">followed by <a href=\"dosearch.php?searchkey=cal&amp;language=fullsyriac\"><span class=\"eastsyriac\">\u0725\u0732\u0720</span></a> or infinitive</span> : <span class=\"locution\"><span class=\"eastsyriac\">\u0721\u0732\u0723\u0738\u0721 \u0712\u0735\u0720\u0735\u0710</span></span> / <span class=\"context\">Classical Syriac : <a href=\"dosearch.php?searchkey=%27asim+bAlA%27&amp;language=fullsyriac\"><span class=\"eastsyriac\">\u0710\u0732\u0723\u071d\u073c\u0721 \u0712\u0735\u0720\u0735\u0710</span></a></span> : to pay attention (to) , to set the face / mind to , to resolve , to purpose resolutely ;\r\n<span class=\"context\">NENA</span> : <span class=\"locution\"><span class=\"eastsyriac\">\u0721\u0732\u0723\u0738\u0721 \u0720\u0739\u0717 \u0712\u0735\u0720\u0735\u0710</span></span> : to pay attention to him ;\r\n<span class=\"context\">Al Qosh : with affixes</span> : <span class=\"locution\"><span class=\"eastsyriac\">\u0721\u0732\u0723\u0738\u0721 \u0712\u0735\u0720\u0739\u0717</span></span> : to pay attention to him ;\r\n<span class=\"context\">Al Qosh</span> : <span class=\"locution\"><span class=\"eastsyriac\">\u071d\u0735\u0717\u0747\u0712\u0742\u0738\u0720 \u0712\u0735\u0720\u0739\u0717 \u0720</span></span> : to make for , to be headed for , to be bound to / to go towards ;\r\n<span class=\"context\">Rh\u00e9tor\u00e9 ; <span class=\"locution\"><span class=\"eastsyriac\">\u071a\u0715\u0742\u0735\u0710 \u0713\u0732\u0717\u0735\u0710 \u0710\u0747\u072c\u0742\u0739\u0710 \u0720\u0739\u0717 \u0720\u0712\u0735\u0720\u0739\u0717 \u0710\u0735\u0715\u0742\u071d\u073c \u071f\u0742\u0732\u0712\u072a\u0735\u0710 \u0715\u071f\u0738\u0721\u072a\u071d\u073c \u0712\u0725\u0735\u0720\u0721\u0735\u0710</span></span></span> : at one time / on one occasion, he recalled that saying that is repeated in the world , on one occasion he remembered that dictum that circulates in the world , at one time that saying that goes around the world occurred to him ;\r\n3) <span class=\"context\">d'un endroit</span> : the aspect ,the situation , the lie / the lay ;\r\n<span class=\"context\">NENA</span> : <span class=\"locution\"><span class=\"eastsyriac\">\u0720\u0732\u071d\u072c \u0720\u0739\u0717 \u0712\u0735\u0720\u0735\u0710</span></span> : he has nothing to do with it , that is none of his business (?) ; </td>", "cf": ["<span class=\"wordlink\"><a href=\"dosearch.php?searchkey=1418&amp;language=id\"><span class=\"eastsyriac\">\u0712\u0735\u0720\u0720\u0718\u073c</span></a>, <a href=\"dosearch.php?searchkey=1391&amp;language=id\"><span class=\"eastsyriac\">\u0712\u0732\u0720\u0718\u073c</span></a>, <a href=\"dosearch.php?searchkey=24300&amp;language=id\"><span class=\"eastsyriac\">\u0712\u0735\u0720\u0718\u073c\u071f\u0742 \u0721\u0732\u0710\u0715\u0738\u072c</span></a>, <a href=\"dosearch.php?searchkey=35605&amp;language=id\"><span class=\"eastsyriac\">\u071b\u0732\u072b\u0739\u0710 \u0712\u0735\u0720\u0735\u0710</span></a></span>", "<span class=\"wordlink\"><a href=\"dosearch.php?searchkey=11434&amp;language=id\"><span class=\"eastsyriac\">\u0726\u0732\u072a\u0728\u0718\u073c\u0726\u0735\u0710</span></a>, <a href=\"dosearch.php?searchkey=21733&amp;language=id\"><span class=\"eastsyriac\">\u0726\u0732\u0710\u072c\u0742\u0735\u0710</span></a></span>"], "key": "1367", "west": "\u0712\u0733\u0720\u0733\u0710", "phonetic": "<td>' ba: la:</td>", "east": "\u0712\u0735\u0720\u0735\u0710"},
{"searchkey": "486", "audio": [], "context": [], "webrank": 4, "text": [" : 1) a craft , a trade , a job / a profession / a calling / a metier , an employment / an occupation / an avocation ;\r\n2) an art / art , a pursuit , a practice , a course of business , what done constantly or habitually / a routine"], "english": "<td>1) a craft , a trade , a job / a profession / a calling / a metier , an employment / an occupation / an avocation ;\r\n2) an art / art , a pursuit , a practice , a course of business , what done constantly or habitually / a routine ;\r\n<span class=\"locution\"><span class=\"eastsyriac\">\u0710\u0732\u0721\u0722\u0735\u0710 \u0715\u0723\u0735\u072a\u0718\u073f\u071b\u0718\u073c\u072c\u0735\u0710</span></span> : the practice / the job of writing , penmanship ;\r\n<span class=\"locution\"><span class=\"eastsyriac\">\u0710\u0732\u0721\u0722\u0735\u0710 \u0725\u0732\u0721\u0735\u071d\u0735\u0710</span></span> : folk art ;</td>", "cf": ["<span class=\"wordlink\"><a href=\"dosearch.php?searchkey=%27mn&amp;language=fullsyriac\"><span class=\"eastsyriac\">\u0710\u0721\u0722</span></a>, <a href=\"dosearch.php?searchkey=206&amp;language=id\"><span class=\"eastsyriac\">\u0710\u0718\u073c\u0721\u0735\u0722\u0735\u0710</span></a>, <a href=\"dosearch.php?searchkey=216&amp;language=id\"><span class=\"eastsyriac\">\u0710\u0718\u073c\u0721\u0735\u0722\u0735\u071d\u0735\u0710</span></a>, <a href=\"dosearch.php?searchkey=15029&amp;language=id\"><span class=\"eastsyriac\">\u072b\u0732\u0726\u071d\u073c\u072a\u0718\u073c\u072c \u0710\u0718\u073c\u0721\u0735\u0722\u0718\u073c\u072c\u0735\u0710</span></a>, <a href=\"dosearch.php?searchkey=16326&amp;language=id\"><span class=\"eastsyriac\">\u0710\u0732\u0721\u0722\u0735\u072a\u0735\u0710</span></a>, <a href=\"dosearch.php?searchkey=486&amp;language=id\"><span class=\"eastsyriac\">\u0710\u0732\u0721\u0722\u0735\u0710</span></a>, <a href=\"dosearch.php?searchkey=209&amp;language=id\"><span class=\"eastsyriac\">\u0710\u0718\u073c\u0721\u0735\u0722\u0718\u073c\u072c\u0735\u0710</span></a></span>"], "key": "486", "west": "\u0710\u0730\u0721\u0722\u0733\u0710", "phonetic": "<td>' am na:</td>", "east": "\u0710\u0732\u0721\u0722\u0735\u0710"},
{"searchkey": "1499", "audio": [], "context": ["visit of friendship or ceremony -not business-"], "webrank": 8, "text": [" : pleasantness , pleasure , deliciousness , the quality of being pleasant to the senses , magnificence ;\r\n", " :"], "english": "<td>pleasantness , pleasure , deliciousness , the quality of being pleasant to the senses , magnificence ;\r\n<span class=\"context\">visit of friendship or ceremony -not business-</span> : <span class=\"locution\"><span class=\"eastsyriac\">\u0712\u0732\u0723\u071d\u073c\u0721\u0718\u073c\u072c\u0718\u073c\u071f\u0742</span></span> : as you wish , at your pleasure , at your disposal , as you wish , make yourself at home ;\r\n<span class=\"context\">after the formula for taking leave <a href=\"dosearch.php?searchkey=%27Awos&amp;language=fullsyriac\"><span class=\"eastsyriac\">\u0710\u0735\u0718\u0718\u073f\u0723</span></a>, one answers <span class=\"locution\"><span class=\"eastsyriac\">\u0712\u0732\u0723\u071d\u073c\u0721\u0718\u073c\u072c\u0718\u073c\u071f\u0742</span></span></span> : you are very kind ;</td>", "cf": ["<span class=\"wordlink\"><a href=\"dosearch.php?searchkey=1508&amp;language=id\"><span class=\"eastsyriac\">\u0712\u0723\u0735\u0721\u0735\u0710</span></a>, <a href=\"dosearch.php?searchkey=19293&amp;language=id\"><span class=\"eastsyriac\">\u0721\u0732\u0712\u0723\u0738\u0721</span></a>, <a href=\"dosearch.php?searchkey=16254&amp;language=id\"><span class=\"eastsyriac\">\u0721\u0712\u0735\u0723\u0738\u0721</span></a>, <a href=\"dosearch.php?searchkey=18466&amp;language=id\"><span class=\"eastsyriac\">\u0712\u0735\u0723\u0738\u0721</span></a>, <a href=\"dosearch.php?searchkey=19292&amp;language=id\"><span class=\"eastsyriac\">\u0721\u0712\u0732\u0723\u0738\u0721</span></a>, <a href=\"dosearch.php?searchkey=1497&amp;language=id\"><span class=\"eastsyriac\">\u0712\u0735\u0723\u071d\u073c\u0721\u0735\u0710</span></a></span>", "<span class=\"wordlink\"><a href=\"dosearch.php?searchkey=5982&amp;language=id\"><span class=\"eastsyriac\">\u071f\u0735\u071d\u0726</span></a></span>"], "key": "1499", "west": "\u0712\u0730\u0723\u073a\u071d\u0721\u073d\u0718\u072c\u0733\u0710", "phonetic": "<td>ba si: ' mu: ta:</td>", "east": "\u0712\u0732\u0723\u071d\u073c\u0721\u0718\u073c\u072c\u0735\u0710"},
{"searchkey": "31544", "audio": [], "context": [], "webrank": 9, "text": [" : the rear side / the hind side , the behind / the back side"], "english": "<td>the rear side / the hind side , the behind / the back side ;\r\n<span class=\"locution\"><span class=\"eastsyriac\">\u072b\u0718\u073c\u0720\u0718\u073f\u071f\u0742 \u0712\u0710\u071d\u073c\u0719\u0735\u0720\u0735\u0710\u0747\u071d\u0720\u0739\u0717 \u0720\u0738\u0712\u072a\u0735\u0710 \u0712\u0732\u072c\u0742\u072a\u0739\u0717</span></span> : your business is moving backwards / declining , your business is diminishing / ailing / running out of steam / is on the downhill slide / losing speed / is slowing / is losing speed / is on the wane / is waning ;</td>", "cf": ["<span class=\"wordlink\"><a href=\"dosearch.php?searchkey=1680&amp;language=id\"><span class=\"eastsyriac\">\u0712\u0735\u072a\u0735\u0710</span></a>, <a href=\"dosearch.php?searchkey=18019&amp;language=id\"><span class=\"eastsyriac\">\u0712\u0735\u072c\u0742\u0732\u072a</span></a></span>", "<span class=\"wordlink\"><a href=\"dosearch.php?searchkey=31543&amp;language=id\"><span class=\"eastsyriac\">\u0712\u072a\u0735\u0710 \u0729\u0735\u0715\u0747\u0721</span></a></span>"], "key": "31544", "west": "\u0712\u072a\u0733\u0710 \u0712\u0733\u072c\u0742\u0730\u072a", "phonetic": "<td>bra: ' ba: thar</td>", "east": "\u0712\u072a\u0735\u0710 \u0712\u0735\u072c\u0742\u0732\u072a"},
{"searchkey": "18465", "audio": [], "context": ["with"], "webrank": 2, "text": [" : "], "english": "<td><span class=\"context\">with <span class=\"locution\"><span class=\"eastsyriac\">\u071a\u0738\u0720\u0721\u0732\u072c</span></span>prefixed</span> : (a formula to take leave) , do you have any business for me ?, is there anything I can do for you ? , if you will allow me I will take leave ;\r\n</td>", "cf": ["<span class=\"wordlink\"><a href=\"dosearch.php?searchkey=basimutA%27&amp;language=fullsyriac\"><span class=\"eastsyriac\">\u0712\u0732\u0723\u071d\u073c\u0721\u0718\u073c\u072c\u0735\u0710</span></a></span>"], "key": "18465", "west": "\u0710\u0733\u0718\u073d\u0718\u0723", "phonetic": "<td>' a: wu:s</td>", "east": "\u0710\u0735\u0718\u0718\u073f\u0723"},
{"searchkey": "693", "audio": [], "context": [], "webrank": 5, "text": [" : store , a shop , warehouse\r\na business place"], "english": "<td>store , a shop , warehouse\r\na business place</td>", "cf": [], "key": "693", "west": "\u0710\u0730\u0726\u0733\u072c\u073a\u071d\u0729\u0733\u0710", "phonetic": "<td>a pa ' ti: qa</td>", "east": "\u0710\u0732\u0726\u0735\u072c\u071d\u073c\u0729\u0735\u0710"},
{"searchkey": "1068", "audio": [], "context": [], "webrank": 6, "text": [" : 1) energy ;\r\n2) occupation , being busy / occupied , business , employment , what engages time ;"], "english": "<td>1) energy ;\r\n2) occupation , being busy / occupied , business , employment , what engages time ;</td>", "cf": ["<span class=\"wordlink\"><a href=\"dosearch.php?searchkey=17746&amp;language=id\"><span class=\"eastsyriac\">\u0712\u0735\u0720\u0738\u0713</span></a>, <a href=\"dosearch.php?searchkey=1380&amp;language=id\"><span class=\"eastsyriac\">\u0712\u0720\u0735\u0713\u0735\u0710</span></a>, <a href=\"dosearch.php?searchkey=1382&amp;language=id\"><span class=\"eastsyriac\">\u0712\u0720\u0739\u0713\u0735\u0710</span></a>, <a href=\"dosearch.php?searchkey=1385&amp;language=id\"><span class=\"eastsyriac\">\u0712\u0720\u0735\u0713\u072c\u0735\u0710</span></a></span>", "<span class=\"wordlink\"><a href=\"dosearch.php?searchkey=pragmaTiA%27&amp;language=fullsyriac\"><span class=\"eastsyriac\">\u0726\u072a\u0732\u0713\u0721\u0732\u071b\u071d\u073c\u0735\u0710</span></a>, <a href=\"dosearch.php?searchkey=pijA%27&amp;language=fullsyriac\"><span class=\"eastsyriac\">\u0726\u071d\u073c\u072b\u0735\u0710</span></a></span>"], "key": "1068", "west": "\u0712\u073d\u0718\u0720\u0713\u0733\u0722\u0733\u0710", "phonetic": "<td>bul ' ga: na:</td>", "east": "\u0712\u0718\u073c\u0720\u0713\u0735\u0722\u0735\u0710"},
{"searchkey": "97", "audio": ["./audio/entry97.mp3"], "context": ["Oraham"], "webrank": 1, "text": [" : 1) daily needs ;\r\n2) the daily round ;\r\n3) (a team of) workmen under one foreman ;\r\n4) work in one man's hands ;\r\n5) management of business ;\r\n6) ", " : a regime , a rule , a mode of administration , a system of ruling , a social / political system , administration , government , any body of men or women entrusted with executive powers ;\r\n"], "english": "<td>1) daily needs ;\r\n2) the daily round ;\r\n3) (a team of) workmen under one foreman ;\r\n4) work in one man's hands ;\r\n5) management of business ;\r\n6) <span class=\"context\">Oraham</span> : a regime , a rule , a mode of administration , a system of ruling , a social / political system , administration , government , any body of men or women entrusted with executive powers ;\r\n</td>", "cf": ["<span class=\"wordlink\"><a href=\"dosearch.php?searchkey=293&amp;language=id\"><span class=\"eastsyriac\">\u0710\u071d\u073c\u0715\u0735\u0710\u072a\u0735\u0710</span></a></span>", "<span class=\"wordlink\"><a href=\"dosearch.php?searchkey=8304&amp;language=id\"><span class=\"eastsyriac\">\u0721\u0726\u0732\u072a\u0722\u0723\u0735\u0722\u0718\u073c\u072c\u0735\u0710</span></a>, <a href=\"dosearch.php?searchkey=2721&amp;language=id\"><span class=\"eastsyriac\">\u0715\u0735\u0712\u0735\u072a\u072c\u0735\u0710</span></a>, <a href=\"dosearch.php?searchkey=31105&amp;language=id\"><span class=\"eastsyriac\">\u0721\u0715\u0732\u0712\u0718\u073c\u072a\u0739\u0710</span></a></span>"], "key": "97", "west": "\u0710\u0736\u0715\u0733\u072a\u0733\u0710", "phonetic": "<td>i: ' da: ra:</td>", "east": "\u0710\u0739\u0715\u0735\u072a\u0735\u0710"},
{"searchkey": "21593", "audio": [], "context": [], "webrank": 50, "text": [" : 1) service , attendance , help ;\r\n2) affair , business ;\r\n3) an office / a position ;"], "english": "<td>1) service , attendance , help ;\r\n2) affair , business ;\r\n3) an office / a position ;</td>", "cf": ["<span class=\"wordlink\"><a href=\"dosearch.php?searchkey=21590&amp;language=id\"><span class=\"eastsyriac\">\u071a\u0732\u0715\u0738\u0721</span></a>, <a href=\"dosearch.php?searchkey=21594&amp;language=id\"><span class=\"eastsyriac\">\u071a\u0739\u0715\u0732\u0721\u072c\u0735\u0710</span></a>, <a href=\"dosearch.php?searchkey=21592&amp;language=id\"><span class=\"eastsyriac\">\u071a\u0735\u0715\u0735\u0721\u0735\u0710</span></a></span>", "<span class=\"wordlink\"><a href=\"dosearch.php?searchkey=21596&amp;language=id\"><span class=\"eastsyriac\">\u071a\u0738\u0719\u0721\u0732\u072c</span></a></span>", "<span class=\"wordlink\"><a href=\"dosearch.php?searchkey=21597&amp;language=id\"><span class=\"eastsyriac\">\u071a\u0738\u0720\u0721\u0732\u072c</span></a></span>", "<span class=\"wordlink\"><a href=\"dosearch.php?searchkey=10040&amp;language=id\"><span class=\"eastsyriac\">\u0725\u0732\u0712\u0742\u0715\u0718\u073c\u072c\u0735\u0710</span></a>, <a href=\"dosearch.php?searchkey=35879&amp;language=id\"><span class=\"eastsyriac\">\u0721\u0722\u071d\u073c\u071a\u0735\u0722\u0718\u073c\u072c\u0735\u0710</span></a>, <a href=\"dosearch.php?searchkey=2794&amp;language=id\"><span class=\"eastsyriac\">\u0715\u0718\u073c\u071d\u0735\u0720\u0735\u0710</span></a>, <a href=\"dosearch.php?searchkey=11156&amp;language=id\"><span class=\"eastsyriac\">\u0726\u0735\u0725\u0720\u0718\u073c\u072c\u0742\u0735\u0710</span></a>, <a href=\"dosearch.php?searchkey=33286&amp;language=id\"><span class=\"eastsyriac\">\u0725\u0732\u0712\u0742\u0715\u0718\u073c\u072c\u0735\u0710</span></a>, <a href=\"dosearch.php?searchkey=15998&amp;language=id\"><span class=\"eastsyriac\">\u072c\u0738\u072b\u0721\u0738\u072b\u072c\u0735\u0710</span></a>, <a href=\"dosearch.php?searchkey=35878&amp;language=id\"><span class=\"eastsyriac\">\u0710\u0732\u0721\u0717\u0718\u073c\u072c\u0735\u0710</span></a>, <a href=\"dosearch.php?searchkey=14885&amp;language=id\"><span class=\"eastsyriac\">\u072b\u0732\u0721\u0735\u072b\u0718\u073c\u072c\u0742\u0735\u0710</span></a></span>"], "key": "21593", "west": "\u071a\u0736\u0715\u0721\u0730\u072c", "phonetic": "<td>' \u1e25id mat</td>", "east": "\u071a\u0738\u0715\u0721\u0732\u072c"},
{"searchkey": "3600", "audio": [], "context": [], "webrank": 60, "text": [" : a truant , one who stays away from business or duty , an idler , a loiterer ;"], "english": "<td>a truant , one who stays away from business or duty , an idler , a loiterer ;</td>", "cf": ["<span class=\"wordlink\"><a href=\"dosearch.php?searchkey=20951&amp;language=id\"><span class=\"eastsyriac\">\u0717\u0732\u072a\u0735\u0721\u0719\u0735\u0710</span></a>, <a href=\"dosearch.php?searchkey=21016&amp;language=id\"><span class=\"eastsyriac\">\u0725\u0732\u072a\u0735\u0712\u0742\u0735\u0710</span></a>, <a href=\"dosearch.php?searchkey=21015&amp;language=id\"><span class=\"eastsyriac\">\u0718\u0735\u071d\u0720</span></a>, <a href=\"dosearch.php?searchkey=15942&amp;language=id\"><span class=\"eastsyriac\">\u072c\u0732\u072a\u0721\u0718\u073c\u071b\u0735\u0710</span></a></span>"], "key": "3600", "west": "\u071a\u0730\u0719\u073a\u071d\u0729\u0733\u0710", "phonetic": "<td>\u1e25a ' zi: qa:</td>", "east": "\u071a\u0732\u0719\u071d\u073c\u0729\u0735\u0710"},
{"searchkey": "5532", "audio": [], "context": ["population", "company, business"], "webrank": 100, "text": [" : to increase , to add , to be greater in number , to add to size , to multiply , ", " :  to swarm / to spread , ", " : to expand (?) , to thrive (?) ;"], "english": "<td>to increase , to add , to be greater in number , to add to size , to multiply , <span class=\"context\">population</span> :  to swarm / to spread , <span class=\"context\">company, business</span> : to expand (?) , to thrive (?) ;</td>", "cf": ["<span class=\"wordlink\"><a href=\"dosearch.php?searchkey=17521&amp;language=id\"><span class=\"eastsyriac\">\u071f\u0712\u072a</span></a>, <a href=\"dosearch.php?searchkey=3662&amp;language=id\"><span class=\"eastsyriac\">\u0719\u0710\u0735\u0715\u0735\u0710</span></a>, <a href=\"dosearch.php?searchkey=3700&amp;language=id\"><span class=\"eastsyriac\">\u0719\u0735\u0715\u0735\u0710</span></a>, <a href=\"dosearch.php?searchkey=3797&amp;language=id\"><span class=\"eastsyriac\">\u0719\u071d\u0735\u0715\u0735\u0710</span></a>, <a href=\"dosearch.php?searchkey=13590&amp;language=id\"><span class=\"eastsyriac\">\u072a\u071a\u0735\u072b\u0735\u0710</span></a>, <a href=\"dosearch.php?searchkey=11329&amp;language=id\"><span class=\"eastsyriac\">\u0726\u072a\u0735\u071d\u0735\u0710</span></a>, <a href=\"dosearch.php?searchkey=10704&amp;language=id\"><span class=\"eastsyriac\">\u072b\u0710\u0735\u071a\u0735\u0710</span></a>, <a href=\"dosearch.php?searchkey=9410&amp;language=id\"><span class=\"eastsyriac\">\u0723\u0713\u0735\u0710</span></a></span>"], "key": "5532", "west": "\u071d\u0723\u0733\u0726\u0733\u0710", "phonetic": "<td>i ' sa pa</td>", "east": "\u071d\u0723\u0735\u0726\u0735\u0710"},
{"searchkey": "25005", "audio": [], "context": ["argument ...", "business ..."], "webrank": 70, "text": [" : 1) to strengthen , to reinforce , ", " : to support (?) / to give credit to (?) ;\r\n2) to become strong ;\r\n3) to encourage , to give courage , to reassure , ", " : to boost (?) / to promote (?) ;\r\n4) to take courage , to play the man ;"], "english": "<td>1) to strengthen , to reinforce , <span class=\"context\">argument ...</span> : to support (?) / to give credit to (?) ;\r\n2) to become strong ;\r\n3) to encourage , to give courage , to reassure , <span class=\"context\">business ...</span> : to boost (?) / to promote (?) ;\r\n4) to take courage , to play the man ;</td>", "cf": ["<span class=\"wordlink\"><a href=\"dosearch.php?searchkey=17410&amp;language=id\"><span class=\"eastsyriac\">\u071a\u071d\u0720</span></a>, <a href=\"dosearch.php?searchkey=4383&amp;language=id\"><span class=\"eastsyriac\">\u071a\u0732\u071d\u0720\u0735\u0710</span></a>, <a href=\"dosearch.php?searchkey=4385&amp;language=id\"><span class=\"eastsyriac\">\u071a\u0732\u071d\u0720\u0735\u0722\u0718\u073c\u072c\u0735\u0710</span></a>, <a href=\"dosearch.php?searchkey=12062&amp;language=id\"><span class=\"eastsyriac\">\u072a\u0732\u0712 \u071a\u0732\u071d\u0720\u0735\u0710</span></a>, <a href=\"dosearch.php?searchkey=21919&amp;language=id\"><span class=\"eastsyriac\">\u0712\u071a\u0732\u071d\u0720\u0735\u0710</span></a>, <a href=\"dosearch.php?searchkey=4384&amp;language=id\"><span class=\"eastsyriac\">\u071a\u0732\u071d\u0720\u0735\u0722\u0735\u0710</span></a>, <a href=\"dosearch.php?searchkey=21920&amp;language=id\"><span class=\"eastsyriac\">\u071a\u0732\u071d\u0720\u0735\u0722\u072c\u0735\u0710</span></a>, <a href=\"dosearch.php?searchkey=4386&amp;language=id\"><span class=\"eastsyriac\">\u071a\u0732\u071d\u0720\u072c\u0735\u0722\u0735\u0710</span></a>, <a href=\"dosearch.php?searchkey=21926&amp;language=id\"><span class=\"eastsyriac\">\u071a\u0732\u071d\u0720\u072c\u0735\u0722\u072c\u0735\u0710</span></a>, <a href=\"dosearch.php?searchkey=xayel&amp;language=fullsyriac\"><span class=\"eastsyriac\">\u071a\u0732\u071d\u0738\u0720</span></a></span>", "<span class=\"wordlink\"><a href=\"dosearch.php?searchkey=18040&amp;language=id\"><span class=\"eastsyriac\">\u0720\u0732\u0712\u0738\u0712\u0742</span></a></span>"], "key": "25005", "west": "\u071a\u0730\u071d\u0736\u0720", "phonetic": "<td>' \u1e25a: yil</td>", "east": "\u071a\u0732\u071d\u0738\u0720"},
{"searchkey": "30510", "audio": [], "context": ["adjective"], "webrank": 80, "text": [" : ordered , organized / classified by order , arranged by rank / order ;\r\n"], "english": "<td>ordered , organized / classified by order , arranged by rank / order ;\r\n<span class=\"context\">adjective ; <span class=\"locution\"><span class=\"eastsyriac\">\u0710\u0718\u072a\u071a\u0710 \u071b\u0732\u071f\u0742\u0723\u0735\u0722\u0735\u071d\u0735\u0710</span></span> / <span class=\"locution\"><span class=\"eastsyriac\">\u072b\u0712\u0742\u071d\u073c\u0720\u0735\u0710 \u071b\u0732\u071f\u0742\u0723\u0735\u0722\u0735\u071d\u0735\u0710</span></span></span> : methodical , systematical / systematic , orderly / well organized , businesslike ;</td>", "cf": ["<span class=\"wordlink\"><a href=\"dosearch.php?searchkey=5113&amp;language=id\"><span class=\"eastsyriac\">\u071b\u071f\u0742\u0735\u0723\u0735\u0710</span></a>, <a href=\"dosearch.php?searchkey=15031&amp;language=id\"><span class=\"eastsyriac\">\u072b\u0732\u0726\u071d\u073c\u072a\u0718\u073c\u072c \u071b\u0732\u071f\u0742\u0723\u0735\u0710</span></a>, <a href=\"dosearch.php?searchkey=5115&amp;language=id\"><span class=\"eastsyriac\">\u071b\u0732\u071f\u0742\u0723\u071d\u073c\u0723</span></a>, <a href=\"dosearch.php?searchkey=5112&amp;language=id\"><span class=\"eastsyriac\">\u071b\u0732\u071f\u0742\u0723\u0735\u0710</span></a>, <a href=\"dosearch.php?searchkey=30509&amp;language=id\"><span class=\"eastsyriac\">\u072b\u0721\u0735\u0717\u0308\u0739\u0710 \u0721\u0738\u0722\u071d\u0735\u0722\u071d\u073c\u0308\u0710 \u071b\u0732\u071f\u0742\u0723\u0735\u0722\u0735\u071d\u0308\u0739\u0710</span></a></span>", "<span class=\"wordlink\"><a href=\"dosearch.php?searchkey=35065&amp;language=id\"><span class=\"eastsyriac\">\u072a\u0738\u0719\u0735\u0722\u0735\u071d\u0735\u0710</span></a></span>"], "key": "30510", "west": "\u071b\u0730\u071f\u0742\u0723\u0733\u0722\u0733\u071d\u0733\u0710", "phonetic": "<td>\u1e6da\u1e25 sa: ' na: ia:</td>", "east": "\u071b\u0732\u071f\u0742\u0723\u0735\u0722\u0735\u071d\u0735\u0710"},
{"searchkey": "4058", "audio": [], "context": ["business", "ideas, arguments -intentional-"], "webrank": 40, "text": [" : a confusion , a mix-up , a disorder , a tumult , a jumble , a commotion , a muddle , ", " : shady goings-on (?) , ", " a confusion (?) ;"], "english": "<td>a confusion , a mix-up , a disorder , a tumult , a jumble , a commotion , a muddle , <span class=\"context\">business</span> : shady goings-on (?) , <span class=\"context\">ideas, arguments -intentional-</span> a confusion (?) ;</td>", "cf": ["<span class=\"wordlink\"><a href=\"dosearch.php?searchkey=13099&amp;language=id\"><span class=\"eastsyriac\">\u0729\u0735\u072a\u0735\u0712\u0735\u0720\u0739\u0713\u0742</span></a>, <a href=\"dosearch.php?searchkey=2764&amp;language=id\"><span class=\"eastsyriac\">\u0715\u0718\u073c\u0712\u0735\u072a\u0718\u073c\u072c\u0735\u0710</span></a>, <a href=\"dosearch.php?searchkey=3260&amp;language=id\"><span class=\"eastsyriac\">\u0717\u0735\u071d\u0717\u0718\u073c\u071d</span></a>, <a href=\"dosearch.php?searchkey=3449&amp;language=id\"><span class=\"eastsyriac\">\u0717\u0732\u0720\u0735\u0717\u0732\u0720</span></a>, <a href=\"dosearch.php?searchkey=3499&amp;language=id\"><span class=\"eastsyriac\">\u0717\u0732\u0722\u0713\u0735\u0721\u0735\u0710</span></a>, <a href=\"dosearch.php?searchkey=13460&amp;language=id\"><span class=\"eastsyriac\">\u072a\u0732\u0718\u0712\u0735\u0710</span></a>, <a href=\"dosearch.php?searchkey=13325&amp;language=id\"><span class=\"eastsyriac\">\u072a\u0712\u0735\u0712\u072c\u0735\u0710</span></a>, <a href=\"dosearch.php?searchkey=14211&amp;language=id\"><span class=\"eastsyriac\">\u072b\u0718\u073c\u0713\u0742\u0735\u072b\u0735\u0710</span></a>, <a href=\"dosearch.php?searchkey=14473&amp;language=id\"><span class=\"eastsyriac\">\u072b\u0718\u0735\u072b\u0735\u0710</span></a></span>"], "key": "4058", "west": "\u071a\u0730\u0712\u0742\u071b\u0733\u0710 \u071a\u0730\u072a\u0712\u0736\u072b", "phonetic": "<td>' \u1e25o \u1e6da ' \u1e25ar bi\u0161</td>", "east": "\u071a\u0732\u0712\u0742\u071b\u0735\u0710 \u071a\u0732\u072a\u0712\u0739\u072b"},
{"searchkey": "22750", "audio": [], "context": ["conjugation of \u071d\u0735\u0715\u0738\u0725", "Al Qosh"], "webrank": 90, "text": [" : ", " : I know ;\r\n", " :"], "english": "<td><span class=\"context\">conjugation of <a href=\"dosearch.php?searchkey=yAdec&amp;language=fullsyriac\"><span class=\"eastsyriac\">\u071d\u0735\u0715\u0738\u0725</span></a></span> : I know ;\r\n<span class=\"context\">Al Qosh</span> : <span class=\"locution\"><span class=\"eastsyriac\">\u071f\u0739\u0710 \u071d\u0735\u0715\u0725\u0738\u0722</span></span> / [' ki\u00e9 din / ' k\u00e9 din / ' ki: din / ' kia din] : I know ;\r\n<span class=\"context\">Urmiah</span> : <span class=\"locution\"><span class=\"eastsyriac\">\u0710\u0732\u0722\u0747\u072c \u071f\u0739\u0710 \u071d\u0735\u0715\u0725\u0738\u072c</span></span> : it is your affaire / that's your business \"you know\" ;\r\n<span class=\"context\">in reply to information received</span> : <span class=\"locution\"><span class=\"eastsyriac\">\u071d\u0715\u071d\u073c\u0725 \u0720\u071d\u073c</span></span> : I understand ;</td>", "cf": ["<span class=\"wordlink\"><a href=\"dosearch.php?searchkey=17471&amp;language=id\"><span class=\"eastsyriac\">\u071d\u0715\u0725</span></a>, <a href=\"dosearch.php?searchkey=5352&amp;language=id\"><span class=\"eastsyriac\">\u071d\u0732\u0715\u0718\u073c\u0725\u072c\u0735\u0722\u0718\u073c\u072c\u0735\u0710</span></a>, <a href=\"dosearch.php?searchkey=3120&amp;language=id\"><span class=\"eastsyriac\">\u0715\u0735\u0725</span></a>, <a href=\"dosearch.php?searchkey=5359&amp;language=id\"><span class=\"eastsyriac\">\u071d\u0747\u0715\u0735\u0725</span></a>, <a href=\"dosearch.php?searchkey=12289&amp;language=id\"><span class=\"eastsyriac\">\u0729\u0732\u0715\u071d\u073c\u0721\u0718\u073c\u072c \u071d\u0715\u0735\u0725\u072c\u0735\u0710</span></a>, <a href=\"dosearch.php?searchkey=5350&amp;language=id\"><span class=\"eastsyriac\">\u071d\u0732\u0715\u0718\u073c\u0725\u0735\u0710</span></a>, <a href=\"dosearch.php?searchkey=5352&amp;language=id\"><span class=\"eastsyriac\">\u071d\u0732\u0715\u0718\u073c\u0725\u072c\u0735\u0722\u0718\u073c\u072c\u0735\u0710</span></a>, <a href=\"dosearch.php?searchkey=5351&amp;language=id\"><span class=\"eastsyriac\">\u071d\u0732\u0715\u0718\u073c\u0725\u0718\u073c\u072c\u0735\u0710</span></a>, <a href=\"dosearch.php?searchkey=18183&amp;language=id\"><span class=\"eastsyriac\">\u071d\u0732\u0715\u0718\u073c\u0725\u072c\u0735\u0722\u0735\u0710</span></a>, <a href=\"dosearch.php?searchkey=22742&amp;language=id\"><span class=\"eastsyriac\">\u071d\u0735\u0715\u0738\u0725</span></a>, <a href=\"dosearch.php?searchkey=21324&amp;language=id\"><span class=\"eastsyriac\">\u071d\u0735\u0715\u0742\u0718\u073f\u0725\u0735\u0710</span></a></span>"], "key": "22750", "west": "\u071d\u0733\u0715\u0725\u0736\u0722", "phonetic": "<td>' ia: din</td>", "east": "\u071d\u0735\u0715\u0725\u0738\u0722"},
{"searchkey": "3343", "audio": [], "context": [], "webrank": 30, "text": [" : an office , a cell , a place where business is transacted , a small room ;"], "english": "<td>an office , a cell , a place where business is transacted , a small room ;</td>", "cf": [], "key": "3343", "west": "\u0717\u073d\u0718\u0713\u0330\u072a\u0733\u0710", "phonetic": "<td>' hudj ra</td>", "east": "\u0717\u0718\u073c\u0713\u0330\u072a\u0735\u0710"},
{"searchkey": "2692", "audio": [], "context": [], "webrank": 10, "text": [" : to provide , to look out for in advance , to feed , to satisfy the hunger of , to give food to ;\r\n2) to manage , to govern , to lead , to run ( a business ...) ;"], "english": "<td>to provide , to look out for in advance , to feed , to satisfy the hunger of , to give food to ;\r\n2) to manage , to govern , to lead , to run ( a business ...) ;</td>", "cf": ["<span class=\"wordlink\"><a href=\"dosearch.php?searchkey=17328&amp;language=id\"><span class=\"eastsyriac\">\u0715\u0712\u072a</span></a>, <a href=\"dosearch.php?searchkey=7134&amp;language=id\"><span class=\"eastsyriac\">\u0721\u0715\u0732\u0712\u072a\u0735\u0722\u0735\u0710</span></a>, <a href=\"dosearch.php?searchkey=2714&amp;language=id\"><span class=\"eastsyriac\">\u0715\u0712\u0735\u072a\u0735\u0710</span></a>, <a href=\"dosearch.php?searchkey=2719&amp;language=id\"><span class=\"eastsyriac\">\u0715\u0735\u0712\u072a\u0735\u0722\u0735\u0710</span></a></span>", "<span class=\"wordlink\"><a href=\"dosearch.php?searchkey=15952&amp;language=id\"><span class=\"eastsyriac\">\u072c\u0732\u072a\u0723\u0718\u073c\u071d\u0739\u0710</span></a>, <a href=\"dosearch.php?searchkey=25732&amp;language=id\"><span class=\"eastsyriac\">\u0725\u0735\u0710\u0738\u072b</span></a>, <a href=\"dosearch.php?searchkey=25731&amp;language=id\"><span class=\"eastsyriac\">\u0721\u0732\u0725\u071d\u0738\u072b</span></a>, <a href=\"dosearch.php?searchkey=mtarsE%27&amp;language=fullsyriac\"><span class=\"eastsyriac\">\u0721\u072c\u0732\u072a\u0723\u0739\u0710</span></a></span>"], "key": "2692", "west": "\u0715\u0733\u0712\u073d\u0718\u072a\u0736\u0710", "phonetic": "<td>da: ' bu ri</td>", "east": "\u0715\u0735\u0712\u0718\u073c\u072a\u0739\u0710"},
{"searchkey": "3208", "audio": [], "context": [], "webrank": 20, "text": [" : tailoring , the business of a tailor"], "english": "<td>tailoring , the business of a tailor</td>", "cf": [], "key": "3208", "west": "\u0715\u0730\u072a\u0719\u071d\u073d\u0718\u072c\u0733\u0710", "phonetic": "<td>dar zi ' iu: ta</td>", "east": "\u0715\u0732\u072a\u0719\u071d\u0718\u073c\u072c\u0735\u0710"},
{"searchkey": "7432", "audio": [], "context": ["a part of \"Nocturns\" said", "a division of", "in the burial service ...", "NENA , \u0721\u0735\u0718\u072c\u0742\u0712\u0742\u0735\u0710 also \u0721\u0735\u072c\u0742\u0712\u0742\u0735\u0710", "Lishani"], "webrank": 70, "text": [" : 1) ", " sitting ; \r\n2) ", " anthems ", " ;\r\n3) ", " : a place where people sit , a sitting , the actual presence or meeting of any body of persons in their seats with authority to transact business , a session , a congress , a parliament , a council ;\r\n4) a seat , a bench , ", " : a throne"], "english": "<td>1) <span class=\"context\">a part of \"Nocturns\" said</span> sitting ; \r\n2) <span class=\"context\">a division of</span> anthems <span class=\"context\">in the burial service ...</span> ;\r\n3) <span class=\"context\">NENA , <a href=\"dosearch.php?searchkey=mAwtLbLA%27&amp;language=fullsyriac\"><span class=\"eastsyriac\">\u0721\u0735\u0718\u072c\u0742\u0712\u0742\u0735\u0710</span></a> also <a href=\"dosearch.php?searchkey=mAtLbLA%27&amp;language=fullsyriac\"><span class=\"eastsyriac\">\u0721\u0735\u072c\u0742\u0712\u0742\u0735\u0710</span></a></span> : a place where people sit , a sitting , the actual presence or meeting of any body of persons in their seats with authority to transact business , a session , a congress , a parliament , a council ;\r\n4) a seat , a bench , <span class=\"context\">Lishani</span> : a throne ;\r\n<span class=\"locution\"><span class=\"eastsyriac\">\u072a\u0739\u072b \u0721\u0735\u0718\u072c\u0712\u0308\u0742\u0739\u0710</span></span> : the main seats ;\r\n5) a situation , circumstances / context / state of affairs / ball game ;\r\n6) a settlement , a habitation , a colony (?) ,  a residence (?) , a dwelling (?) ;\r\n7) <span class=\"context\">Bailis Shamun, see also <a href=\"dosearch.php?searchkey=knujtA%27&amp;language=fullsyriac\"><span class=\"eastsyriac\">\u071f\u0722\u0718\u073c\u072b\u072c\u0735\u0710</span></a></span> : a society <span class=\"context\">scientific ...</span> / a club (?) ;</td>", "cf": ["<span class=\"wordlink\"><a href=\"dosearch.php?searchkey=17487&amp;language=id\"><span class=\"eastsyriac\">\u071d\u072c\u0712</span></a>, <a href=\"dosearch.php?searchkey=11718&amp;language=id\"><span class=\"eastsyriac\">\u072c\u0718\u073c\u0712\u0742</span></a>, <a href=\"dosearch.php?searchkey=5605&amp;language=id\"><span class=\"eastsyriac\">\u071d\u072c\u0735\u0712\u0742\u072c\u0735\u0710</span></a>, <a href=\"dosearch.php?searchkey=11719&amp;language=id\"><span class=\"eastsyriac\">\u071d\u0747\u072c\u0738\u0712\u0742</span></a>, <a href=\"dosearch.php?searchkey=5604&amp;language=id\"><span class=\"eastsyriac\">\u071d\u0732\u072c\u0712\u0742\u0718\u073c\u072c\u0735\u0710</span></a>, <a href=\"dosearch.php?searchkey=5603&amp;language=id\"><span class=\"eastsyriac\">\u071d\u0732\u072c\u0735\u0712\u0742\u0735\u0710</span></a>, <a href=\"dosearch.php?searchkey=15014&amp;language=id\"><span class=\"eastsyriac\">\u072c\u0732\u0718\u072c\u0735\u0712\u0742\u0735\u0710</span></a>, <a href=\"dosearch.php?searchkey=15431&amp;language=id\"><span class=\"eastsyriac\">\u072c\u0732\u0718\u072c\u0735\u0712\u0742\u0718\u073c\u072c\u0735\u0710</span></a>, <a href=\"dosearch.php?searchkey=16996&amp;language=id\"><span class=\"eastsyriac\">\u0710\u0735\u072c\u0712\u0742</span></a>, <a href=\"dosearch.php?searchkey=16995&amp;language=id\"><span class=\"eastsyriac\">\u071d\u0735\u072c\u0738\u0712\u0742</span></a>, <a href=\"dosearch.php?searchkey=30791&amp;language=id\"><span class=\"eastsyriac\">\u0721\u0732\u072c\u0718\u073f\u0712\u0742\u0739\u0710</span></a>, <a href=\"dosearch.php?searchkey=5602&amp;language=id\"><span class=\"eastsyriac\">\u071d\u0747\u072c\u0735\u0712\u0742\u0735\u0710</span></a>, <a href=\"dosearch.php?searchkey=13647&amp;language=id\"><span class=\"eastsyriac\">\u072a\u071d\u073c\u072b \u0721\u0732\u0718\u072c\u0712\u0742\u0735\u0710</span></a></span>", "<span class=\"wordlink\"><a href=\"dosearch.php?searchkey=26267&amp;language=id\"><span class=\"eastsyriac\">\u0721\u0735\u072c\u0742\u0712\u0742\u0735\u0710</span></a></span>", "<span class=\"wordlink\"><a href=\"dosearch.php?searchkey=17050&amp;language=id\"><span class=\"eastsyriac\">\u0710\u0735\u0712\u0742\u0735\u071d\u071d\u073c</span></a>, <a href=\"dosearch.php?searchkey=12460&amp;language=id\"><span class=\"eastsyriac\">\u0729\u0718\u073c\u0720\u0718\u073c\u0722\u071d\u073c\u0735\u0710</span></a>, <a href=\"dosearch.php?searchkey=15482&amp;language=id\"><span class=\"eastsyriac\">\u072c\u072a\u0718\u073f\u0722\u0718\u073f\u0723</span></a>, <a href=\"dosearch.php?searchkey=10517&amp;language=id\"><span class=\"eastsyriac\">\u0725\u0732\u072a\u0747\u0723\u0735\u0710</span></a>, <a href=\"dosearch.php?searchkey=25434&amp;language=id\"><span class=\"eastsyriac\">\u0712\u0739\u0710\u0721\u0735\u0710</span></a>, <a href=\"dosearch.php?searchkey=29923&amp;language=id\"><span class=\"eastsyriac\">\u071f\u0718\u073c\u072a\u0723\u0735\u0710</span></a>, <a href=\"dosearch.php?searchkey=29924&amp;language=id\"><span class=\"eastsyriac\">\u0721\u0732\u0723\u0721\u071f\u0742\u0735\u0710</span></a>, <a href=\"dosearch.php?searchkey=14690&amp;language=id\"><span class=\"eastsyriac\">\u072b\u071f\u0742\u071d\u073c\u0722\u072c\u0735\u0710</span></a>, <a href=\"dosearch.php?searchkey=12251&amp;language=id\"><span class=\"eastsyriac\">\u072c\u0732\u071a\u072c</span></a>, <a href=\"dosearch.php?searchkey=11945&amp;language=id\"><span class=\"eastsyriac\">\u0729\u072c\u071d\u073c\u0723\u0721\u0735\u0710</span></a>, <a href=\"dosearch.php?searchkey=60&amp;language=id\"><span class=\"eastsyriac\">\u0710\u0742\u0713\u0330\u0720\u0735\u0723</span></a>, <a href=\"dosearch.php?searchkey=6202&amp;language=id\"><span class=\"eastsyriac\">\u071f\u0722\u0718\u073c\u072b\u071d\u0735\u0710</span></a></span>"], "key": "7432", "west": "\u0721\u0733\u0718\u072c\u0712\u0742\u0733\u0710", "phonetic": "<td>' mo:t wa:</td>", "east": "\u0721\u0735\u0718\u072c\u0712\u0742\u0735\u0710"},
{"searchkey": "25006", "audio": [], "context": ["argument ...", "business ...", "also"], "webrank": 80, "text": [" : 1) to strengthen , to reinforce , ", " : to support (?) / to give credit to (?) ;\r\n2) to become strong ;\r\n3) to encourage , to give courage , ", " : to boost (?) / to promote (?) ;\r\n4) "], "english": "<td>1) to strengthen , to reinforce , <span class=\"context\">argument ...</span> : to support (?) / to give credit to (?) ;\r\n2) to become strong ;\r\n3) to encourage , to give courage , <span class=\"context\">business ...</span> : to boost (?) / to promote (?) ;\r\n4) <span class=\"context\">also <span class=\"locution\"><span class=\"eastsyriac\">\u0721\u071a\u0732\u0720\u0738\u0722 \u0713\u0735\u0722\u0739\u0717</span></span></span> : to take courage , to play the man ;</td>", "cf": ["<span class=\"wordlink\"><a href=\"dosearch.php?searchkey=25005&amp;language=id\"><span class=\"eastsyriac\">\u071a\u0732\u071d\u0738\u0720</span></a></span>", "<span class=\"wordlink\"><a href=\"dosearch.php?searchkey=25006&amp;language=id\"><span class=\"eastsyriac\">\u0721\u071a\u0732\u0720\u0738\u0722</span></a></span>"], "key": "25006", "west": "\u0721\u071a\u0730\u0720\u0736\u0722", "phonetic": "<td>(m) ' \u1e25a lin</td>", "east": "\u0721\u071a\u0732\u0720\u0738\u0722"},
{"searchkey": "17183", "audio": [], "context": ["causative of", "Arabic origin"], "webrank": 100, "text": [" : 1) ", " : \u0725\u0735\u0721\u0738\u0720 : to cause to work , to cause to do well ;\r\n2) ", " : to bargain , to haggle , to barter , to deal , to value , to appraise ;\r\n3) \u0721\u0732\u0725\u0721\u0732\u0720\u072c\u0735\u0710 : dealings , business , transactions ;"], "english": "<td>1) <span class=\"context\">causative of</span> : <a href=\"dosearch.php?searchkey=cAmel&amp;language=fullsyriac\"><span class=\"eastsyriac\">\u0725\u0735\u0721\u0738\u0720</span></a> : to cause to work , to cause to do well ;\r\n2) <span class=\"context\">Arabic origin</span> : to bargain , to haggle , to barter , to deal , to value , to appraise ;\r\n3) <a href=\"dosearch.php?searchkey=macmaltA%27&amp;language=fullsyriac\"><span class=\"eastsyriac\">\u0721\u0732\u0725\u0721\u0732\u0720\u072c\u0735\u0710</span></a> : dealings , business , transactions ;</td>", "cf": ["<span class=\"wordlink\"><a href=\"dosearch.php?searchkey=30741&amp;language=id\"><span class=\"eastsyriac\">\u0725\u0721\u0720</span></a>, <a href=\"dosearch.php?searchkey=27826&amp;language=id\"><span class=\"eastsyriac\">\u0725\u0735\u0721\u0735\u0720\u0718\u073c</span></a>, <a href=\"dosearch.php?searchkey=30740&amp;language=id\"><span class=\"eastsyriac\">\u0721\u0738\u0723\u072c\u0732\u0725\u0721\u0718\u073f\u0720\u0739\u0710</span></a>, <a href=\"dosearch.php?searchkey=17184&amp;language=id\"><span class=\"eastsyriac\">\u0721\u0725\u0735\u0721\u0738\u0720</span></a>, <a href=\"dosearch.php?searchkey=10357&amp;language=id\"><span class=\"eastsyriac\">\u0725\u0732\u0721\u0718\u073c\u0720\u072c\u0735\u0722\u0735\u0710</span></a>, <a href=\"dosearch.php?searchkey=10371&amp;language=id\"><span class=\"eastsyriac\">\u0725\u0721\u0735\u0720\u0735\u0710</span></a>, <a href=\"dosearch.php?searchkey=10356&amp;language=id\"><span class=\"eastsyriac\">\u0725\u0732\u0721\u0718\u073c\u0720\u0735\u0710</span></a>, <a href=\"dosearch.php?searchkey=10372&amp;language=id\"><span class=\"eastsyriac\">\u0725\u0732\u0721\u0720\u0735\u0710</span></a>, <a href=\"dosearch.php?searchkey=17182&amp;language=id\"><span class=\"eastsyriac\">\u0725\u0735\u0721\u0738\u0720</span></a>, <a href=\"dosearch.php?searchkey=483&amp;language=id\"><span class=\"eastsyriac\">\u0710\u0735\u0721\u0735\u0720\u0735\u071d\u0735\u0710</span></a>, <a href=\"dosearch.php?searchkey=10358&amp;language=id\"><span class=\"eastsyriac\">\u0725\u0721\u071d\u073c\u0720\u0718\u073c\u072c\u0735\u0710</span></a>, <a href=\"dosearch.php?searchkey=10370&amp;language=id\"><span class=\"eastsyriac\">\u0725\u0735\u0721\u0735\u0720</span></a>, <a href=\"dosearch.php?searchkey=27804&amp;language=id\"><span class=\"eastsyriac\">\u0725\u0735\u0721\u0735\u0720\u0735\u0710</span></a>, <a href=\"dosearch.php?searchkey=27826&amp;language=id\"><span class=\"eastsyriac\">\u0725\u0735\u0721\u0735\u0720\u0718\u073c</span></a>, <a href=\"dosearch.php?searchkey=8215&amp;language=id\"><span class=\"eastsyriac\">\u0721\u0732\u0725\u0721\u0718\u073c\u0720\u0739\u0710</span></a></span>", "<span class=\"wordlink\"><a href=\"dosearch.php?searchkey=32738&amp;language=id\"><span class=\"eastsyriac\">\u0723\u0726\u0723\u072a</span></a>, <a href=\"dosearch.php?searchkey=24609&amp;language=id\"><span class=\"eastsyriac\">\u0721\u0715\u0732\u0720\u0738\u0720</span></a></span>"], "key": "17183", "west": "\u0721\u0730\u0725\u0721\u0736\u0720", "phonetic": "<td>' ma: mil</td>", "east": "\u0721\u0732\u0725\u0721\u0738\u0720"},
{"searchkey": "7430", "audio": [], "context": ["Arabic / Turkish origin", "adjective : Arabic origin", "Arabic / Turkish", "planet"], "webrank": 60, "text": [" : 1) ", " : a customer , one who regularly makes purchases or has dealings with a tradesman or business house , a patron / a client ;\r\n2) ", " : desirous , desiring , longing , willing and ready , anxious , eager , earnest , avid ;\r\n3) 3) ", " : Jupiter ", " ;"], "english": "<td>1) <span class=\"context\">Arabic / Turkish origin</span> : a customer , one who regularly makes purchases or has dealings with a tradesman or business house , a patron / a client ;\r\n2) <span class=\"context\">adjective : Arabic origin</span> : desirous , desiring , longing , willing and ready , anxious , eager , earnest , avid ;\r\n3) 3) <span class=\"context\">Arabic / Turkish</span> : Jupiter <span class=\"context\">planet</span> ;</td>", "cf": [], "key": "7430", "west": "\u0721\u073d\u0718\u072b\u072c\u0733\u072a\u073a\u071d", "phonetic": "<td>mu\u0161 ' ta ri:</td>", "east": "\u0721\u0718\u073c\u072b\u072c\u0735\u072a\u071d\u073c"},
{"searchkey": "7916", "audio": [], "context": ["(JAAS)"], "webrank": 90, "text": [" : teaching , the act or business of instructing , instruction , tutoring (?) , coaching (?)  ;\r\n", " :"], "english": "<td>teaching , the act or business of instructing , instruction , tutoring (?) , coaching (?)  ;\r\n<span class=\"context\">(JAAS)</span> : <span class=\"locution\"><span class=\"eastsyriac\">\u0725\u0738\u0720\u072c\u0735\u0710 \u0715\u0710\u0735\u0717\u0735\u0710 \u0722\u0732\u072b\u071d\u073c\u072b\u0718\u073c\u072c\u0735\u0710 \u071d\u073c\u0720\u0735\u0717 \u0720\u0732\u071d\u072c\u0735\u071d\u0718\u073c\u072c\u0735\u0710 \u0729\u0738\u0722\u071b\u072a\u0308\u0718\u073f\u0722\u0738\u0710 \u0715\u0721\u0732\u0720\u0732\u0726\u072c\u0735\u0710 \u0715\u0720\u0738\u072b\u0735\u0722\u0735\u0710</span></span> : the reason for this weakness <span class=\"context\">in the knowledge of Sureth</span> is the non-existence of centres for teaching the language ;</td>", "cf": ["<span class=\"wordlink\"><a href=\"dosearch.php?searchkey=17478&amp;language=id\"><span class=\"eastsyriac\">\u071d\u0720\u0726</span></a>, <a href=\"dosearch.php?searchkey=32893&amp;language=id\"><span class=\"eastsyriac\">\u0712\u0738\u071d\u072c \u0721\u0732\u0720\u0732\u0726\u072c\u0735\u0710</span></a></span>", "<span class=\"wordlink\"><a href=\"dosearch.php?searchkey=601&amp;language=id\"><span class=\"eastsyriac\">\u0710\u0738\u0723\u071f\u0718\u073c\u0720\u0735\u0710</span></a>, <a href=\"dosearch.php?searchkey=18310&amp;language=id\"><span class=\"eastsyriac\">\u0712\u0739\u071d\u072c\u0742 \u0723\u0738\u0726\u072a\u0735\u0710</span></a>, <a href=\"dosearch.php?searchkey=18311&amp;language=id\"><span class=\"eastsyriac\">\u0712\u0739\u071d\u072c\u0742 \u0728\u0735\u0718\u0712\u0735\u0710</span></a>, <a href=\"dosearch.php?searchkey=18309&amp;language=id\"><span class=\"eastsyriac\">\u0712\u0739\u071d\u072c\u0742 \u0715\u072a\u0735\u072b\u0735\u0710</span></a>, <a href=\"dosearch.php?searchkey=32891&amp;language=id\"><span class=\"eastsyriac\">\u0712\u0738\u071d\u072c \u0729\u072a\u0735\u071d\u072c\u0735\u0710</span></a>, <a href=\"dosearch.php?searchkey=32892&amp;language=id\"><span class=\"eastsyriac\">\u0712\u0738\u071d\u072c \u0721\u0732\u0729\u072a\u0735\u071d\u072c\u0735\u0710</span></a>, <a href=\"dosearch.php?searchkey=602&amp;language=id\"><span class=\"eastsyriac\">\u0710\u0738\u0723\u071f\u0718\u073f\u0720\u0735\u071d\u0735\u0710</span></a>, <a href=\"dosearch.php?searchkey=32890&amp;language=id\"><span class=\"eastsyriac\">\u0712\u0739\u071d\u072c \u071f\u0722\u0718\u073c\u072b\u072c\u0735\u0710</span></a>, <a href=\"dosearch.php?searchkey=32887&amp;language=id\"><span class=\"eastsyriac\">\u0712\u0739\u071d\u072c \u0723\u0738\u0726\u072a\u0735\u0710</span></a>, <a href=\"dosearch.php?searchkey=7227&amp;language=id\"><span class=\"eastsyriac\">\u0721\u0732\u0715\u072a\u0738\u072b\u072c\u0735\u0710</span></a>, <a href=\"dosearch.php?searchkey=6205&amp;language=id\"><span class=\"eastsyriac\">\u071f\u0722\u0718\u073c\u072b\u072c\u0735\u0710</span></a>, <a href=\"dosearch.php?searchkey=32885&amp;language=id\"><span class=\"eastsyriac\">\u0712\u0739\u071d\u072c \u0723\u0735\u0726\u072a\u0735\u0710</span></a>, <a href=\"dosearch.php?searchkey=18308&amp;language=id\"><span class=\"eastsyriac\">\u0721\u0732\u0715\u072a\u0732\u072b\u072c\u0735\u0710</span></a>, <a href=\"dosearch.php?searchkey=32158&amp;language=id\"><span class=\"eastsyriac\">\u0721\u0715\u0732\u072a\u072b\u0735\u0710</span></a></span>"], "key": "7916", "west": "\u0721\u0733\u0720\u0733\u0726\u072c\u0733\u0710", "phonetic": "<td>ma: ' la:p ta:</td>", "east": "\u0721\u0735\u0720\u0735\u0726\u072c\u0735\u0710"},
{"searchkey": "6341", "audio": [], "context": [], "webrank": 40, "text": [" : 1) an effect , a benefit , the advantages , use , avail , profit / good , what is produced by an agent or cause , the consequence intended , the result , the purpose , the aim , the objective , the goal , the ulterior motive (?)"], "english": "<td>1) an effect , a benefit , the advantages , use , avail , profit / good , what is produced by an agent or cause , the consequence intended , the result , the purpose , the aim , the objective , the goal , the ulterior motive (?) ;\r\n<span class=\"locution\"><span class=\"eastsyriac\">\u0721\u0735\u072a\u0739\u0710 \u071f\u0735\u072a</span></span> : effective , beneficial , good / useful , advantageous , practical , salutary , win-win ;\r\n<span class=\"locution\"><span class=\"eastsyriac\">\u0725\u0735\u0712\u0742\u0738\u0715 \u071f\u0735\u072a</span></span> : to affect , to have an impact / an effect / an impact , to sway ;\r\n<span class=\"locution\"><span class=\"eastsyriac\">\u0712\u0739\u0710 \u071f\u0735\u072a\u0735\u0710</span></span> : idle , unemployed (?) , useless (?) , <span class=\"context\">effort ?</span> : futile (?) / in vain (?) / hopeless (?) / to no avail (?) ;\r\n2) business , work , <span class=\"context\">Azerbaijan : = <a href=\"dosearch.php?searchkey=kerdar&amp;language=fullsyriac\"><span class=\"eastsyriac\">\u071f\u0738\u072a\u0715\u0732\u072a</span></a></span> ;\r\n3) <span class=\"context\">Al Qosh : intransitive</span> : <span class=\"locution\"><span class=\"eastsyriac\">\u0725\u0735\u0712\u0742\u0738\u0715 \u071f\u0735\u072a</span></span> : to arrange , to make preparations , to plan / to prepare , to schedule (?) ;</td>", "cf": ["<span class=\"wordlink\"><a href=\"dosearch.php?searchkey=23719&amp;language=id\"><span class=\"eastsyriac\">\u071f\u0735\u072a\u0735\u0710</span></a></span>", "<span class=\"wordlink\"><a href=\"dosearch.php?searchkey=23720&amp;language=id\"><span class=\"eastsyriac\">\u071f\u0738\u072a\u0715\u0732\u072a</span></a></span>", "<span class=\"wordlink\"><a href=\"dosearch.php?searchkey=12288&amp;language=id\"><span class=\"eastsyriac\">\u0729\u0732\u0715\u071d\u073c\u0721\u0718\u073c\u072c \u071b\u0732\u071f\u0742\u0723\u0735\u0710</span></a>, <a href=\"dosearch.php?searchkey=2573&amp;language=id\"><span class=\"eastsyriac\">\u0713\u0742\u0735\u072a\u0735\u0719</span></a>, <a href=\"dosearch.php?searchkey=4634&amp;language=id\"><span class=\"eastsyriac\">\u071a\u0722\u0735\u071d\u0735\u0710</span></a>, <a href=\"dosearch.php?searchkey=4933&amp;language=id\"><span class=\"eastsyriac\">\u071a\u0735\u072c\u0739\u072a</span></a>, <a href=\"dosearch.php?searchkey=5541&amp;language=id\"><span class=\"eastsyriac\">\u071d\u0735\u0725\u0722\u0739\u0710</span></a>, <a href=\"dosearch.php?searchkey=7399&amp;language=id\"><span class=\"eastsyriac\">\u0721\u0718\u073f\u072a\u0735\u0715</span></a>, <a href=\"dosearch.php?searchkey=7657&amp;language=id\"><span class=\"eastsyriac\">\u0721\u0732\u071b\u0720\u0732\u0712</span></a>, <a href=\"dosearch.php?searchkey=9151&amp;language=id\"><span class=\"eastsyriac\">\u0722\u071d\u073c\u072b\u0735\u0710</span></a>, <a href=\"dosearch.php?searchkey=9136&amp;language=id\"><span class=\"eastsyriac\">\u0722\u071d\u073c\u0732\u072c</span></a>, <a href=\"dosearch.php?searchkey=10216&amp;language=id\"><span class=\"eastsyriac\">\u0725\u0718\u073c\u072c\u0735\u0715\u0735\u0710</span></a></span>"], "key": "6341", "west": "\u071f\u0733\u072a", "phonetic": "<td>' ka:r</td>", "east": "\u071f\u0735\u072a"},
{"searchkey": "7290", "audio": [], "context": [], "webrank": 50, "text": [" : income , the gain which proceeds from labor (business, property or capital) , the yearly receipts of a person or a company , that which comes in , profit , the proceeds , the gainings , the earnings ;"], "english": "<td>income , the gain which proceeds from labor (business, property or capital) , the yearly receipts of a person or a company , that which comes in , profit , the proceeds , the gainings , the earnings ;</td>", "cf": ["<span class=\"wordlink\"><a href=\"dosearch.php?searchkey=15090&amp;language=id\"><span class=\"eastsyriac\">\u072b\u0738\u0729\u0720\u0735\u0710</span></a>, <a href=\"dosearch.php?searchkey=12637&amp;language=id\"><span class=\"eastsyriac\">\u0729\u0735\u0719\u0732\u0722\u0713\u0330</span></a></span>"], "key": "7290", "west": "\u0721\u073d\u0718\u0715\u0733\u071a\u0736\u0720", "phonetic": "<td>mu: ' da \u1e25il</td>", "east": "\u0721\u0718\u073c\u0715\u0735\u071a\u0739\u0720"},
{"searchkey": "6287", "audio": [], "context": ["Maclean = \u071f\u0732\u0726\u071d\u073c\u0720\u0735\u0710", "Oraham", "see \u0721\u0725\u0732\u0726\u071d\u0735\u0722\u0735\u0710"], "webrank": 30, "text": [" : 1) ", " : a bail , a surety ;\r\n2) ", " : an undertaker , one whose business is to prepare the dead for burial , a mortician , ", " ;"], "english": "<td>1) <span class=\"context\">Maclean = <a href=\"dosearch.php?searchkey=kapilA%27&amp;language=fullsyriac\"><span class=\"eastsyriac\">\u071f\u0732\u0726\u071d\u073c\u0720\u0735\u0710</span></a></span> : a bail , a surety ;\r\n2) <span class=\"context\">Oraham</span> : an undertaker , one whose business is to prepare the dead for burial , a mortician , <span class=\"context\">see <a href=\"dosearch.php?searchkey=mcapyAnA%27&amp;language=fullsyriac\"><span class=\"eastsyriac\">\u0721\u0725\u0732\u0726\u071d\u0735\u0722\u0735\u0710</span></a></span> ;</td>", "cf": ["<span class=\"wordlink\"><a href=\"dosearch.php?searchkey=23681&amp;language=id\"><span class=\"eastsyriac\">\u071f\u0735\u0726\u0738\u0720</span></a>, <a href=\"dosearch.php?searchkey=25297&amp;language=id\"><span class=\"eastsyriac\">\u0721\u071f\u0732\u072a\u0726\u0738\u0720</span></a></span>", "<span class=\"wordlink\"><a href=\"dosearch.php?searchkey=23680&amp;language=id\"><span class=\"eastsyriac\">\u071f\u0738\u0726\u0738\u0720</span></a></span>", "<span class=\"wordlink\"><a href=\"dosearch.php?searchkey=12215&amp;language=id\"><span class=\"eastsyriac\">\u0729\u0735\u0712\u0742\u0718\u073f\u072a\u0735\u0710</span></a>, <a href=\"dosearch.php?searchkey=8225&amp;language=id\"><span class=\"eastsyriac\">\u0721\u0725\u0732\u0726\u071d\u0735\u0722\u0735\u0710</span></a></span>"], "key": "6287", "west": "\u071f\u0730\u0726\u073a\u071d\u0720", "phonetic": "<td>' ka pi:l</td>", "east": "\u071f\u0732\u0726\u071d\u073c\u0720"},
{"searchkey": "20946", "audio": [], "context": [], "webrank": 20, "text": [" : meddling , minding other people's business , interfering ;"], "english": "<td>meddling , minding other people's business , interfering ;</td>", "cf": ["<span class=\"wordlink\"><a href=\"dosearch.php?searchkey=20936&amp;language=id\"><span class=\"eastsyriac\">\u071f\u0732\u0715\u0735\u072a\u0735\u0710</span></a>, <a href=\"dosearch.php?searchkey=20945&amp;language=id\"><span class=\"eastsyriac\">\u071f\u0735\u0715\u0739\u072a</span></a></span>", "<span class=\"wordlink\"><a href=\"dosearch.php?searchkey=20935&amp;language=id\"><span class=\"eastsyriac\">\u0717\u0735\u0715\u0718\u073f\u0723\u0735\u0710</span></a>, <a href=\"dosearch.php?searchkey=18029&amp;language=id\"><span class=\"eastsyriac\">\u071a\u0732\u0723\u0718\u073c\u0721\u072c\u0735\u0722\u0735\u0710</span></a>, <a href=\"dosearch.php?searchkey=20947&amp;language=id\"><span class=\"eastsyriac\">\u071f\u0732\u072a\u072c\u0738\u0720</span></a>, <a href=\"dosearch.php?searchkey=20948&amp;language=id\"><span class=\"eastsyriac\">\u0726\u0735\u0719\u0739\u0720</span></a>, <a href=\"dosearch.php?searchkey=26352&amp;language=id\"><span class=\"eastsyriac\">\u071b\u0732\u072a\u0712\u0735\u071a\u072b\u0735\u0710</span></a></span>"], "key": "20946", "west": "\u071f\u0730\u0715\u0733\u072a\u073d\u0718\u072c\u0733\u0710", "phonetic": "<td>ka da: ' ru: ta:</td>", "east": "\u071f\u0732\u0715\u0735\u072a\u0718\u073c\u072c\u0735\u0710"},
{"searchkey": "20945", "audio": [], "context": ["Bailis Shamun"], "webrank": 10, "text": [" : 1) to meddle , to interfere in other people's business / to pry into other people's business ;\r\n2) ", " : to snoop around ;"], "english": "<td>1) to meddle , to interfere in other people's business / to pry into other people's business ;\r\n2) <span class=\"context\">Bailis Shamun</span> : to snoop around ;</td>", "cf": ["<span class=\"wordlink\"><a href=\"dosearch.php?searchkey=20936&amp;language=id\"><span class=\"eastsyriac\">\u071f\u0732\u0715\u0735\u072a\u0735\u0710</span></a>, <a href=\"dosearch.php?searchkey=20946&amp;language=id\"><span class=\"eastsyriac\">\u071f\u0732\u0715\u0735\u072a\u0718\u073c\u072c\u0735\u0710</span></a></span>", "<span class=\"wordlink\"><a href=\"dosearch.php?searchkey=20935&amp;language=id\"><span class=\"eastsyriac\">\u0717\u0735\u0715\u0718\u073f\u0723\u0735\u0710</span></a>, <a href=\"dosearch.php?searchkey=18029&amp;language=id\"><span class=\"eastsyriac\">\u071a\u0732\u0723\u0718\u073c\u0721\u072c\u0735\u0722\u0735\u0710</span></a>, <a href=\"dosearch.php?searchkey=5641&amp;language=id\"><span class=\"eastsyriac\">\u071f\u0330\u0710\u0735\u0720\u0735\u0710\u0713\u0735\u0722\u0735\u0710</span></a>, <a href=\"dosearch.php?searchkey=20947&amp;language=id\"><span class=\"eastsyriac\">\u071f\u0732\u072a\u072c\u0738\u0720</span></a>, <a href=\"dosearch.php?searchkey=20948&amp;language=id\"><span class=\"eastsyriac\">\u0726\u0735\u0719\u0739\u0720</span></a>, <a href=\"dosearch.php?searchkey=25822&amp;language=id\"><span class=\"eastsyriac\">\u0721\u0726\u0735\u0719\u0738\u0720</span></a>, <a href=\"dosearch.php?searchkey=34295&amp;language=id\"><span class=\"eastsyriac\">\u0712\u0735\u0728\u0739\u0710</span></a>, <a href=\"dosearch.php?searchkey=34296&amp;language=id\"><span class=\"eastsyriac\">\u071a\u0735\u0712\u0739\u071b</span></a>, <a href=\"dosearch.php?searchkey=34294&amp;language=id\"><span class=\"eastsyriac\">\u0721\u0735\u0720\u0739\u071b</span></a></span>"], "key": "20945", "west": "\u071f\u0733\u0715\u0736\u072a", "phonetic": "<td>' ka: dir</td>", "east": "\u071f\u0735\u0715\u0739\u072a"}
]