[
{"searchkey": "18747", "audio": [], "context": [], "webrank": 4, "text": [" : a dish made of flour, water and butter cooked together ;"], "english": "<td>a dish made of flour, water and butter cooked together ;</td>", "cf": ["<span class=\"wordlink\"><a href=\"dosearch.php?searchkey=17242&amp;language=id\"><span class=\"eastsyriac\">\u0712\u072b\u0720</span></a></span>"], "key": "18747", "west": "\u0712\u0736\u072b\u0720\u0733\u0710", "phonetic": "<td>' bi\u0161 la:</td>", "east": "\u0712\u0738\u072b\u0720\u0735\u0710"},
{"searchkey": "2752", "audio": [], "context": ["a drink made of sour curds and water, with salt / or what remains in the churn when the butter has been taken off"], "webrank": 9, "text": [" : 1) sour skim milk , buttermilk , sour curds ;\r\n2) "], "english": "<td>1) sour skim milk , buttermilk , sour curds ;\r\n2) <span class=\"context\">a drink made of sour curds and water, with salt / or what remains in the churn when the butter has been taken off</span></td>", "cf": ["<span class=\"wordlink\"><a href=\"dosearch.php?searchkey=2765&amp;language=id\"><span class=\"eastsyriac\">\u0715\u0732\u0718\u0739\u0713\u0747\u0710</span></a>, <a href=\"dosearch.php?searchkey=16583&amp;language=id\"><span class=\"eastsyriac\">\u0715\u0735\u0718\u0713\u0735\u0710</span></a>, <a href=\"dosearch.php?searchkey=19716&amp;language=id\"><span class=\"eastsyriac\">\u0713\u0738\u072a\u0715\u0718\u073c</span></a>, <a href=\"dosearch.php?searchkey=19983&amp;language=id\"><span class=\"eastsyriac\">\u0715\u0735\u0718\u071a\u0712\u0742\u0735\u0710</span></a></span>", "<span class=\"wordlink\"><a href=\"dosearch.php?searchkey=8160&amp;language=id\"><span class=\"eastsyriac\">\u0721\u0732\u0723\u072c\u0735\u0710</span></a>, <a href=\"dosearch.php?searchkey=6464&amp;language=id\"><span class=\"eastsyriac\">\u071f\u0732\u072a\u0725\u0735\u0710</span></a></span>"], "key": "2752", "west": "\u0715\u0730\u0718\u0736\u0308\u0710", "phonetic": "<td>' da  wi:</td>", "east": "\u0715\u0732\u0718\u0739\u0308\u0710"},
{"searchkey": "16583", "audio": [], "context": ["a drink made of sour curds with water and salt", "Bailis Shamun ; birds"], "webrank": 10, "text": [" : 1) buttermilk , sour curds ;\r\n2) ", " ;\r\n3) ", " : a thrush ;"], "english": "<td>1) buttermilk , sour curds ;\r\n2) <span class=\"context\">a drink made of sour curds with water and salt</span> ;\r\n3) <span class=\"context\">Bailis Shamun ; birds</span> : a thrush ;</td>", "cf": ["<span class=\"wordlink\"><a href=\"dosearch.php?searchkey=2765&amp;language=id\"><span class=\"eastsyriac\">\u0715\u0732\u0718\u0739\u0713\u0747\u0710</span></a>, <a href=\"dosearch.php?searchkey=2752&amp;language=id\"><span class=\"eastsyriac\">\u0715\u0732\u0718\u0739\u0308\u0710</span></a></span>", "<span class=\"wordlink\"><a href=\"dosearch.php?searchkey=19717&amp;language=id\"><span class=\"eastsyriac\">\u0715\u0732\u0718\u0308\u0739\u0710</span></a></span>", "<span class=\"wordlink\"><a href=\"dosearch.php?searchkey=23220&amp;language=id\"><span class=\"eastsyriac\">\u072b\u072a\u0732\u0729\u072a\u0735\u0729\u0735\u0710</span></a>, <a href=\"dosearch.php?searchkey=33431&amp;language=id\"><span class=\"eastsyriac\">\u072b\u0732\u0729\u072a\u0735\u0729\u0735\u0710</span></a>, <a href=\"dosearch.php?searchkey=30059&amp;language=id\"><span class=\"eastsyriac\">\u072c\u0735\u0722\u0735\u071a\u0718\u073f\u0723</span></a>, <a href=\"dosearch.php?searchkey=5735&amp;language=id\"><span class=\"eastsyriac\">\u071f\u0718\u073c\u0715\u071a\u0735\u0710</span></a>, <a href=\"dosearch.php?searchkey=29116&amp;language=id\"><span class=\"eastsyriac\">\u0729\u0735\u072c\u071d\u073c\u071a</span></a></span>"], "key": "16583", "west": "\u0715\u0733\u0718\u0713\u0733\u0710", "phonetic": "<td>' do: ga:</td>", "east": "\u0715\u0735\u0718\u0713\u0735\u0710"},
{"searchkey": "19867", "audio": [], "context": ["with flour, eggs and butter", "plural"], "webrank": 8, "text": [" : a honey cake ", " ;\r\n", " : \u0715\u0738\u0712\u0308\u0742\u0720\u0739\u0710 ;"], "english": "<td>a honey cake <span class=\"context\">with flour, eggs and butter</span> ;\r\n<span class=\"context\">plural</span> : <a href=\"dosearch.php?searchkey=debCLlE%27&amp;language=fullsyriac\"><span class=\"eastsyriac\">\u0715\u0738\u0712\u0308\u0742\u0720\u0739\u0710</span></a> ;</td>", "cf": ["<span class=\"wordlink\"><a href=\"dosearch.php?searchkey=19868&amp;language=id\"><span class=\"eastsyriac\">\u0715\u0712\u0738\u0720\u072c\u0735\u0710</span></a></span>", "<span class=\"wordlink\"><a href=\"dosearch.php?searchkey=4069&amp;language=id\"><span class=\"eastsyriac\">\u071a\u0712\u0742\u071d\u073c\u0728\u0735\u0710</span></a>, <a href=\"dosearch.php?searchkey=4318&amp;language=id\"><span class=\"eastsyriac\">\u071a\u0732\u071a\u0718\u073c\u072a\u072c\u0735\u0710</span></a>, <a href=\"dosearch.php?searchkey=6140&amp;language=id\"><span class=\"eastsyriac\">\u071f\u0742\u0735\u0721\u071d\u073c\u0723\u0735\u0710</span></a></span>"], "key": "19867", "west": "\u0715\u0736\u0712\u0742\u0720\u0733\u0710", "phonetic": "<td>' diu: la:</td>", "east": "\u0715\u0738\u0712\u0742\u0720\u0735\u0710"},
{"searchkey": "2008", "audio": [], "context": ["Old Syriac, Chaldean"], "webrank": 5, "text": [" : 1) "], "english": "<td>1) <span class=\"context\">Old Syriac, Chaldean <span class=\"locution\"><span class=\"eastsyriac\">\u05d2\u05bc\u05d5\u05bc\u05d3\u05b8\u05d0</span></span></span> : a wall , a work or structure intended for security or enclosing house or field , <span class=\"context\">compare with <a href=\"dosearch.php?searchkey=bAdAn&amp;language=fullsyriac\"><span class=\"eastsyriac\">\u0712\u0735\u0715\u0735\u0722</span></a> , <a href=\"dosearch.php?searchkey=jurA%27&amp;language=fullsyriac\"><span class=\"eastsyriac\">\u072b\u0718\u073c\u072a\u0735\u0710</span></a></span> ;\r\n<span class=\"context\">Rh\u00e9tor\u00e9 ; <span class=\"locution\"><span class=\"eastsyriac\">\u0717\u0738\u0720 \u0712\u0735\u072c\u0742\u0732\u072a \u0713\u0718\u073c\u0715\u0735\u0710</span></span></span> : as far as beyond the wall ;\r\n2) <span class=\"context\">feminine,Tur 'Abdin, Old Syriac : <span class=\"locution\"><span class=\"eastsyriac\">\u0713\u0735\u0718\u0715\u0735\u0710</span></span></span> : a leather bottle / skin used for making butter , a leather churn , <span class=\"context\">see : <a href=\"dosearch.php?searchkey=gB%DD%81wdA%27&amp;language=fullsyriac\"><span class=\"eastsyriac\">\u0713\u0330\u0741\u0718\u0715\u0735\u0710</span></a></span> : a leather water-bottle , a waterskin (?) , <span class=\"context\">John : 2 , 6</span> : a firkin / a small keg ;\r\n3) <span class=\"context\">masculine, feminine</span> : a body of singers on each side of a church , a choir , <span class=\"context\">2 Chronicles : 5, 11</span> : a course <span class=\"context\">of priests, officials ...</span> ;\r\n4) <span class=\"context\">see : <a href=\"dosearch.php?searchkey=guddA%27&amp;language=fullsyriac\"><span class=\"eastsyriac\">\u0713\u0718\u073c\u0715\u0715\u0735\u0710</span></a> ;\r\n5) <span class=\"context\">2 Chronicles : 5, 11</span> : a row of stones , <span class=\"context\">plural</span> : <span class=\"locution\"><span class=\"eastsyriac\">\u0713\u0718\u073c\u0715\u0735\u0722\u0308\u0739\u0710</span></span> ;</span></td>", "cf": ["<span class=\"wordlink\"><a href=\"dosearch.php?searchkey=gudAnitA%27&amp;language=fullsyriac\"><span class=\"eastsyriac\">\u0713\u0718\u073c\u0715\u0735\u0722\u071d\u073c\u072c\u0735\u0710</span></a></span>", "<span class=\"wordlink\"><a href=\"dosearch.php?searchkey=1104&amp;language=id\"><span class=\"eastsyriac\">\u0712\u0718\u073c\u072a\u0713\u0330\u0735\u0710</span></a>, <a href=\"dosearch.php?searchkey=14430&amp;language=id\"><span class=\"eastsyriac\">\u072b\u0718\u073c\u072a\u0735\u0710</span></a>, <a href=\"dosearch.php?searchkey=7043&amp;language=id\"><span class=\"eastsyriac\">\u0721\u0732\u0713\u0715\u0720\u0735\u0710</span></a>, <a href=\"dosearch.php?searchkey=2010&amp;language=id\"><span class=\"eastsyriac\">\u0713\u0718\u073c\u0715\u0715\u0735\u0710</span></a>, <a href=\"dosearch.php?searchkey=971&amp;language=id\"><span class=\"eastsyriac\">\u0712\u0735\u0715\u0735\u0722</span></a>, <a href=\"dosearch.php?searchkey=14430&amp;language=id\"><span class=\"eastsyriac\">\u072b\u0718\u073c\u072a\u0735\u0710</span></a></span>"], "key": "2008", "west": "\u0713\u073d\u0718\u0715\u0733\u0710", "phonetic": "<td>' gu: da:</td>", "east": "\u0713\u0718\u073c\u0715\u0735\u0710"},
{"searchkey": "19011", "audio": [], "context": ["Shamizdin"], "webrank": 6, "text": [" : ", " : 1) a butterfly ;\r\n2) a bat ;"], "english": "<td><span class=\"context\">Shamizdin</span> : 1) a butterfly ;\r\n2) a bat ;</td>", "cf": ["<span class=\"wordlink\"><a href=\"dosearch.php?searchkey=19009&amp;language=id\"><span class=\"eastsyriac\">\u0713\u0718\u073c\u0720\u0726\u0735\u0722\u0735\u0722\u0308\u0739\u0710</span></a>, <a href=\"dosearch.php?searchkey=19010&amp;language=id\"><span class=\"eastsyriac\">\u0713\u0738\u0720\u0726\u0735\u0722\u0308\u0739\u0710</span></a>, <a href=\"dosearch.php?searchkey=2064&amp;language=id\"><span class=\"eastsyriac\">\u0713\u0718\u073c\u0720\u0726\u0735\u0710</span></a>, <a href=\"dosearch.php?searchkey=11392&amp;language=id\"><span class=\"eastsyriac\">\u0726\u072a\u0735\u0723\u0735\u0710</span></a></span>", "<span class=\"wordlink\"><a href=\"dosearch.php?searchkey=17595&amp;language=id\"><span class=\"eastsyriac\">\u0726\u0732\u072a\u071a\u0718\u073f\u0722\u071d\u073c\u072c\u0742\u0735\u0710</span></a>, <a href=\"dosearch.php?searchkey=18660&amp;language=id\"><span class=\"eastsyriac\">\u0726\u0732\u072a\u071a\u0735\u0722\u0718\u073c\u072c\u0735\u0710</span></a>, <a href=\"dosearch.php?searchkey=14616&amp;language=id\"><span class=\"eastsyriac\">\u072b\u0732\u071d\u0722\u0735\u0710 \u0726\u0732\u072a\u071a\u0739\u0710</span></a>, <a href=\"dosearch.php?searchkey=11429&amp;language=id\"><span class=\"eastsyriac\">\u0726\u0738\u072a\u0726\u0738\u072a\u0735\u0710</span></a>, <a href=\"dosearch.php?searchkey=1901&amp;language=id\"><span class=\"eastsyriac\">\u071b\u071d\u073c\u0720\u0735\u071d\u072c\u0735\u0710</span></a>, <a href=\"dosearch.php?searchkey=19013&amp;language=id\"><span class=\"eastsyriac\">\u0726\u0732\u072a\u071a\u0718\u073f\u0722\u071d\u073c\u072c\u0735\u0710</span></a>, <a href=\"dosearch.php?searchkey=11318&amp;language=id\"><span class=\"eastsyriac\">\u0726\u072a\u0732\u071a\u0715\u0718\u073f\u0715\u0735\u0710</span></a>, <a href=\"dosearch.php?searchkey=31393&amp;language=id\"><span class=\"eastsyriac\">\u0726\u0735\u0718\u071a\u0735\u0710 \u0720\u0732\u071d\u0720\u0739\u0710</span></a></span>"], "key": "19011", "west": "\u0713\u073d\u0718\u0720\u0726\u0733\u0722\u0733\u0710 \u0726\u072a\u0733\u0723\u0733\u0710", "phonetic": "<td>gul ' pa: na ' pra: sa:</td>", "east": "\u0713\u0718\u073c\u0720\u0726\u0735\u0722\u0735\u0710 \u0726\u072a\u0735\u0723\u0735\u0710"},
{"searchkey": "19869", "audio": [], "context": ["plural of \u0715\u0738\u0712\u0742\u0720\u0735\u0710", "with flour, eggs and butter"], "webrank": 7, "text": [" : ", " : a honey-cake ", " ;"], "english": "<td><span class=\"context\">plural of <a href=\"dosearch.php?searchkey=debLlA%27&amp;language=fullsyriac\"><span class=\"eastsyriac\">\u0715\u0738\u0712\u0742\u0720\u0735\u0710</span></a></span> : a honey-cake <span class=\"context\">with flour, eggs and butter</span> ;</td>", "cf": ["<span class=\"wordlink\"><a href=\"dosearch.php?searchkey=20121&amp;language=id\"><span class=\"eastsyriac\">\u0715\u071d\u073c\u0712\u0308\u0720\u0739\u0710</span></a></span>"], "key": "19869", "west": "\u0715\u0736\u0712\u0308\u0742\u0720\u0736\u0710", "phonetic": "<td>' diu: li:</td>", "east": "\u0715\u0738\u0712\u0308\u0742\u0720\u0739\u0710"},
{"searchkey": "17890", "audio": [], "context": [], "webrank": 3, "text": [" : a dish compounded of tomatoes (or potatoes or pumpkins or beans or beetrootor beet leaves) with garlic, curdled milk and butter ;"], "english": "<td>a dish compounded of tomatoes (or potatoes or pumpkins or beans or beetrootor beet leaves) with garlic, curdled milk and butter ;</td>", "cf": [], "key": "17890", "west": "\u0712\u073d\u0718\u072a\u0733\u0722\u073a\u071d", "phonetic": "<td>bu: ' ra: ni:</td>", "east": "\u0712\u0718\u073c\u072a\u0735\u0722\u071d\u073c"},
{"searchkey": "16893", "audio": [], "context": [], "webrank": 2, "text": [" : (butter and flour eaten hot) ;"], "english": "<td>(butter and flour eaten hot) ;</td>", "cf": [], "key": "16893", "west": "\u0710\u0730\u072a\u0715\u0733\u071a\u0733\u0718\u0736\u071f", "phonetic": "<td>er da: ' \u1e25a: wik</td>", "east": "\u0710\u0732\u072a\u0715\u0735\u071a\u0735\u0718\u0738\u071f"},
{"searchkey": "16708", "audio": [], "context": [], "webrank": 1, "text": [" : butter and eggs slightly cooked ;"], "english": "<td>butter and eggs slightly cooked ;</td>", "cf": [], "key": "16708", "west": "\u0710\u0736\u0720\u0736\u072c\u0721\u0733\u0710", "phonetic": "<td>i ' lit ma:</td>", "east": "\u0710\u0738\u0720\u0738\u072c\u0721\u0735\u0710"},
{"searchkey": "4069", "audio": [], "context": ["Maclean", "Oraham"], "webrank": 90, "text": [" : 1) ", " : a cake made with flour and honey , ", " : butter-cake , a cake made of flour or bread and melted butter usually served hot ;\r\n2) hot bread cut up with butter added ;"], "english": "<td>1) <span class=\"context\">Maclean</span> : a cake made with flour and honey , <span class=\"context\">Oraham</span> : butter-cake , a cake made of flour or bread and melted butter usually served hot ;\r\n2) hot bread cut up with butter added ;</td>", "cf": ["<span class=\"wordlink\"><a href=\"dosearch.php?searchkey=19867&amp;language=id\"><span class=\"eastsyriac\">\u0715\u0738\u0712\u0742\u0739\u0720\u0735\u0710</span></a>, <a href=\"dosearch.php?searchkey=4318&amp;language=id\"><span class=\"eastsyriac\">\u071a\u0732\u071a\u0718\u073c\u072a\u072c\u0735\u0710</span></a></span>"], "key": "4069", "west": "\u071a\u0712\u0742\u073a\u071d\u0728\u0733\u0710", "phonetic": "<td>' \u1e25wi: \u1e63a:</td>", "east": "\u071a\u0712\u0742\u071d\u073c\u0728\u0735\u0710"},
{"searchkey": "32393", "audio": [], "context": [], "webrank": 80, "text": [" : 1) butter ;\r\n2) buttermilk ;\r\n3) yogurt , yoghurt ; "], "english": "<td>1) butter ;\r\n2) buttermilk ;\r\n3) yogurt , yoghurt ; </td>", "cf": ["<span class=\"wordlink\"><a href=\"dosearch.php?searchkey=32396&amp;language=id\"><span class=\"eastsyriac\">\u0719\u0718\u073c\u0712\u0742\u0715\u0735\u0710</span></a></span>", "<span class=\"wordlink\"><a href=\"dosearch.php?searchkey=2752&amp;language=id\"><span class=\"eastsyriac\">\u0715\u0732\u0718\u0739\u0710</span></a>, <a href=\"dosearch.php?searchkey=8587&amp;language=id\"><span class=\"eastsyriac\">\u0721\u0738\u072b\u071a\u0735\u0710</span></a>, <a href=\"dosearch.php?searchkey=6464&amp;language=id\"><span class=\"eastsyriac\">\u071f\u0732\u072a\u0725\u0735\u0710</span></a>, <a href=\"dosearch.php?searchkey=8160&amp;language=id\"><span class=\"eastsyriac\">\u0721\u0732\u0723\u072c\u0735\u0710</span></a></span>"], "key": "32393", "west": "\u071a\u0736\u0710\u0718\u072c\u0742\u0733\u0710", "phonetic": "<td>\u1e25i: ' u: tha:</td>", "east": "\u071a\u0739\u0710\u0718\u072c\u0742\u0735\u0710"},
{"searchkey": "4837", "audio": [], "context": [], "webrank": 100, "text": [" : to flatter , to fawn  , to treat with praise , to blandish , to soft-soap , to butter up , to apple-polish , to toady ;"], "english": "<td>to flatter , to fawn  , to treat with praise , to blandish , to soft-soap , to butter up , to apple-polish , to toady ;</td>", "cf": ["<span class=\"wordlink\"><a href=\"dosearch.php?searchkey=14654&amp;language=id\"><span class=\"eastsyriac\">\u072b\u071d\u073c\u0308\u072a\u0739\u0710 \u0721\u071a\u0735\u0710</span></a>, <a href=\"dosearch.php?searchkey=7559&amp;language=id\"><span class=\"eastsyriac\">\u0721\u0732\u071a\u0720\u0718\u073c\u071b\u0739\u0710</span></a>, <a href=\"dosearch.php?searchkey=10029&amp;language=id\"><span class=\"eastsyriac\">\u0725\u0712\u0742\u0732\u0715 \u0726\u0718\u073c\u072a\u0723\u0735\u0710</span></a>, <a href=\"dosearch.php?searchkey=10626&amp;language=id\"><span class=\"eastsyriac\">\u0726\u0713\u0735\u0710</span></a>, <a href=\"dosearch.php?searchkey=9040&amp;language=id\"><span class=\"eastsyriac\">\u0722\u0718\u073c\u0728\u0735\u072a\u0735\u0710</span></a>, <a href=\"dosearch.php?searchkey=7510&amp;language=id\"><span class=\"eastsyriac\">\u0721\u071a\u0735\u0710 \u0721\u0738\u072b\u071a\u0735\u0710</span></a>, <a href=\"dosearch.php?searchkey=6746&amp;language=id\"><span class=\"eastsyriac\">\u0720\u0732\u071a\u071f\u0718\u073c\u072b\u0739\u0710</span></a>, <a href=\"dosearch.php?searchkey=14118&amp;language=id\"><span class=\"eastsyriac\">\u072b\u0735\u0715\u0718\u073f\u0720\u0739\u0710</span></a>, <a href=\"dosearch.php?searchkey=15059&amp;language=id\"><span class=\"eastsyriac\">\u072b\u0726\u0735\u072a\u072c\u0735\u0710</span></a>, <a href=\"dosearch.php?searchkey=15054&amp;language=id\"><span class=\"eastsyriac\">\u072b\u0726\u0735\u072a\u0735\u0710</span></a></span>"], "key": "4837", "west": "\u071a\u0730\u072a\u071f\u073d\u0718\u072b\u0736\u0710", "phonetic": "<td>' \u1e25ar ku: \u0161i</td>", "east": "\u071a\u0732\u072a\u071f\u0718\u073c\u072b\u0739\u0710"},
{"searchkey": "3722", "audio": [], "context": ["masculine", "feminine"], "webrank": 60, "text": [" : ", " : milky, containing dairy products (milk, butter, cheese , yoghurt ...) ;\r\n", " : \u0719\u0732\u0717\u0721\u0735\u0722\u072c\u0735\u0710 ;"], "english": "<td><span class=\"context\">masculine</span> : milky, containing dairy products (milk, butter, cheese , yoghurt ...) ;\r\n<span class=\"context\">feminine</span> : <a href=\"dosearch.php?searchkey=zahmAntA%27&amp;language=fullsyriac\"><span class=\"eastsyriac\">\u0719\u0732\u0717\u0721\u0735\u0722\u072c\u0735\u0710</span></a> ;</td>", "cf": [], "key": "3722", "west": "\u0719\u0730\u0717\u0721\u0733\u0722\u0733\u0710", "phonetic": "<td>zah ' ma: na:</td>", "east": "\u0719\u0732\u0717\u0721\u0735\u0722\u0735\u0710"},
{"searchkey": "21113", "audio": [], "context": ["Classical Syriac, adjective", "food", "Rh\u00e9tor\u00e9 (NENA) ; Arabic origin, = \u0719\u0732\u0717\u0721\u0732\u072c"], "webrank": 50, "text": [" : 1) dairy produce , milk , butter , cheese ;\r\n2) ", " : 1) fatty ; 2) ", " : unclean ;\r\n3) ", " : difficult ;"], "english": "<td>1) dairy produce , milk , butter , cheese ;\r\n2) <span class=\"context\">Classical Syriac, adjective</span> : 1) fatty ; 2) <span class=\"context\">food</span> : unclean ;\r\n3) <span class=\"context\">Rh\u00e9tor\u00e9 (NENA) ; Arabic origin, = <a href=\"dosearch.php?searchkey=zahmat&amp;language=fullsyriac\"><span class=\"eastsyriac\">\u0719\u0732\u0717\u0721\u0732\u072c</span></a></span> : difficult ;</td>", "cf": ["<span class=\"wordlink\"><a href=\"dosearch.php?searchkey=21103&amp;language=id\"><span class=\"eastsyriac\">\u0719\u0735\u0710\u0738\u0721</span></a>, <a href=\"dosearch.php?searchkey=3926&amp;language=id\"><span class=\"eastsyriac\">\u0719\u0725\u0735\u0721\u0735\u0710</span></a>, <a href=\"dosearch.php?searchkey=3666&amp;language=id\"><span class=\"eastsyriac\">\u0719\u0710\u0735\u0721\u0735\u0710</span></a>, <a href=\"dosearch.php?searchkey=21105&amp;language=id\"><span class=\"eastsyriac\">\u0721\u0732\u0719\u071d\u0738\u0721</span></a>, <a href=\"dosearch.php?searchkey=21103&amp;language=id\"><span class=\"eastsyriac\">\u0719\u0735\u0710\u0738\u0721</span></a>, <a href=\"dosearch.php?searchkey=21110&amp;language=id\"><span class=\"eastsyriac\">\u0719\u0718\u073c\u0717\u0747\u0721\u0735\u0710</span></a>, <a href=\"dosearch.php?searchkey=21106&amp;language=id\"><span class=\"eastsyriac\">\u0721\u0719\u0735\u0717\u0747\u0721</span></a>, <a href=\"dosearch.php?searchkey=28886&amp;language=id\"><span class=\"eastsyriac\">\u0719\u0732\u0717\u0721\u0718\u073c\u072c\u0735\u0710</span></a></span>", "<span class=\"wordlink\"><a href=\"dosearch.php?searchkey=21111&amp;language=id\"><span class=\"eastsyriac\">\u0719\u0738\u0726\u072a\u0735\u0710</span></a>, <a href=\"dosearch.php?searchkey=21109&amp;language=id\"><span class=\"eastsyriac\">\u0721\u0719\u0732\u0726\u072a\u0738\u0722</span></a>, <a href=\"dosearch.php?searchkey=18947&amp;language=id\"><span class=\"eastsyriac\">\u0713\u0718\u073c\u0715\u0735\u071d\u0735\u0710</span></a>, <a href=\"dosearch.php?searchkey=2011&amp;language=id\"><span class=\"eastsyriac\">\u0713\u0718\u073c\u0715\u071d\u0735\u0710</span></a>, <a href=\"dosearch.php?searchkey=18946&amp;language=id\"><span class=\"eastsyriac\">\u0713\u0718\u073c\u0715\u071d\u073c\u072c\u0735\u0710</span></a>, <a href=\"dosearch.php?searchkey=18948&amp;language=id\"><span class=\"eastsyriac\">\u0713\u0718\u073c\u0715\u0735\u071d\u072c\u0735\u0710</span></a></span>"], "key": "21113", "west": "\u0719\u0730\u0717\u0721\u0733\u0710", "phonetic": "<td>' za:h ma: / ' za: ma:</td>", "east": "\u0719\u0732\u0717\u0721\u0735\u0710"},
{"searchkey": "21194", "audio": [], "context": ["feminine of \u0719\u0735\u0717\u0721\u0735\u0722\u0735\u0710"], "webrank": 70, "text": [" : ", " : containing dairy products (milk, butter, cheese ...) , milky ;"], "english": "<td><span class=\"context\">feminine of <a href=\"dosearch.php?searchkey=zAhmAnA%27&amp;language=fullsyriac\"><span class=\"eastsyriac\">\u0719\u0735\u0717\u0721\u0735\u0722\u0735\u0710</span></a></span> : containing dairy products (milk, butter, cheese ...) , milky ;</td>", "cf": ["<span class=\"wordlink\"><a href=\"dosearch.php?searchkey=3722&amp;language=id\"><span class=\"eastsyriac\">\u0719\u0735\u0717\u0721\u0735\u0722\u0735\u0710</span></a></span>"], "key": "21194", "west": "\u0719\u0730\u0717\u0721\u0733\u0722\u072c\u0733\u0710", "phonetic": "<td>zah ' ma:n ta:</td>", "east": "\u0719\u0732\u0717\u0721\u0735\u0722\u072c\u0735\u0710"},
{"searchkey": "21108", "audio": [], "context": ["Lenten food"], "webrank": 40, "text": [" : ", " : to defile , to add butter or milk ;"], "english": "<td><span class=\"context\">Lenten food</span> : to defile , to add butter or milk ;</td>", "cf": ["<span class=\"wordlink\"><a href=\"dosearch.php?searchkey=21110&amp;language=id\"><span class=\"eastsyriac\">\u0719\u0718\u073c\u0717\u0747\u0721\u0735\u0710</span></a>, <a href=\"dosearch.php?searchkey=21109&amp;language=id\"><span class=\"eastsyriac\">\u0721\u0719\u0732\u0726\u072a\u0738\u0722</span></a>, <a href=\"dosearch.php?searchkey=21103&amp;language=id\"><span class=\"eastsyriac\">\u0719\u0735\u0710\u0738\u0721</span></a>, <a href=\"dosearch.php?searchkey=3926&amp;language=id\"><span class=\"eastsyriac\">\u0719\u0725\u0735\u0721\u0735\u0710</span></a>, <a href=\"dosearch.php?searchkey=3666&amp;language=id\"><span class=\"eastsyriac\">\u0719\u0710\u0735\u0721\u0735\u0710</span></a>, <a href=\"dosearch.php?searchkey=21105&amp;language=id\"><span class=\"eastsyriac\">\u0721\u0732\u0719\u071d\u0738\u0721</span></a>, <a href=\"dosearch.php?searchkey=21103&amp;language=id\"><span class=\"eastsyriac\">\u0719\u0735\u0710\u0738\u0721</span></a>, <a href=\"dosearch.php?searchkey=21106&amp;language=id\"><span class=\"eastsyriac\">\u0721\u0719\u0735\u0717\u0747\u0721</span></a>, <a href=\"dosearch.php?searchkey=mzA%27em&amp;language=fullsyriac\"><span class=\"eastsyriac\">\u0721\u0719\u0735\u0710\u0738\u0721</span></a></span>", "<span class=\"wordlink\"><a href=\"dosearch.php?searchkey=24917&amp;language=id\"><span class=\"eastsyriac\">\u0721\u0719\u0735\u0710\u0738\u0721</span></a></span>", "<span class=\"wordlink\"><a href=\"dosearch.php?searchkey=21109&amp;language=id\"><span class=\"eastsyriac\">\u0721\u0719\u0732\u0726\u072a\u0738\u0722</span></a>, <a href=\"dosearch.php?searchkey=25273&amp;language=id\"><span class=\"eastsyriac\">\u0721\u071f\u0330\u0732\u0726\u0720\u0738\u0722</span></a></span>"], "key": "21108", "west": "\u0719\u0730\u0717\u0736\u0721", "phonetic": "<td>' za him</td>", "east": "\u0719\u0732\u0717\u0738\u0721"},
{"searchkey": "20785", "audio": [], "context": ["a dish made of meat, pounded wheat, butter and spices more cooked than \u0717\u0735\u0720\u071d\u073c\u0721 ;"], "webrank": 30, "text": [" : harissa, "], "english": "<td>harissa, <span class=\"context\">a dish made of meat, pounded wheat, butter and spices more cooked than <a href=\"dosearch.php?searchkey=hAlim&amp;language=fullsyriac\"><span class=\"eastsyriac\">\u0717\u0735\u0720\u071d\u073c\u0721</span></a> ;</span></td>", "cf": [], "key": "20785", "west": "\u0717\u0733\u072a\u073a\u071d\u0723\u0733\u0710", "phonetic": "<td>ha: ' ri: sa:</td>", "east": "\u0717\u0735\u072a\u071d\u073c\u0723\u0735\u0710"},
{"searchkey": "20766", "audio": [], "context": ["a sweet-meat made of treacle, butter and flour"], "webrank": 20, "text": [" : ", " : halva ;"], "english": "<td><span class=\"context\">a sweet-meat made of treacle, butter and flour</span> : halva ;</td>", "cf": ["<span class=\"wordlink\"><a href=\"dosearch.php?searchkey=22025&amp;language=id\"><span class=\"eastsyriac\">\u071a\u0735\u0720\u0735\u0718\u0735\u071f\u0330\u071d\u073c</span></a></span>", "<span class=\"wordlink\"><a href=\"dosearch.php?searchkey=22022&amp;language=id\"><span class=\"eastsyriac\">\u071a\u0735\u0720\u0735\u0718\u0308\u0739\u0710</span></a></span>", "<span class=\"wordlink\"><a href=\"dosearch.php?searchkey=27428&amp;language=id\"><span class=\"eastsyriac\">\u0723\u0735\u0721\u0735\u0722\u071d\u073c</span></a></span>"], "key": "20766", "west": "\u0717\u0730\u0720\u0718\u0733\u0710", "phonetic": "<td>' hal wa:</td>", "east": "\u0717\u0732\u0720\u0718\u0735\u0710"},
{"searchkey": "2765", "audio": [], "context": [], "webrank": 10, "text": [" : sour skim milk , buttermilk ; "], "english": "<td>sour skim milk , buttermilk ; </td>", "cf": ["<span class=\"wordlink\"><a href=\"dosearch.php?searchkey=2765&amp;language=id\"><span class=\"eastsyriac\">\u0715\u0732\u0718\u0739\u0713\u0747\u0710</span></a>, <a href=\"dosearch.php?searchkey=2752&amp;language=id\"><span class=\"eastsyriac\">\u0715\u0732\u0718\u0739\u0710</span></a>, <a href=\"dosearch.php?searchkey=16583&amp;language=id\"><span class=\"eastsyriac\">\u0715\u0735\u0718\u0713\u0735\u0710</span></a></span>", "<span class=\"wordlink\"><a href=\"dosearch.php?searchkey=5735&amp;language=id\"><span class=\"eastsyriac\">\u071f\u0718\u073c\u0715\u071a\u0735\u0710</span></a></span>"], "key": "2765", "west": "\u0715\u0730\u0718\u0736\u0713\u0747\u0710", "phonetic": "<td>' dav vi</td>", "east": "\u0715\u0732\u0718\u0739\u0713\u0747\u0710"},
{"searchkey": "6464", "audio": [], "context": ["Classical Syriac = \u071f\u072a\u0735\u0725\u0735\u0710", "Classical Syriac"], "webrank": 60, "text": [" : 1) butter, breastmilk , ", " ;\r\n2) ", " : curdled milk ;"], "english": "<td>1) butter, breastmilk , <span class=\"context\">Classical Syriac = <a href=\"dosearch.php?searchkey=krAcA%27&amp;language=fullsyriac\"><span class=\"eastsyriac\">\u071f\u072a\u0735\u0725\u0735\u0710</span></a></span> ;\r\n2) <span class=\"context\">Classical Syriac</span> : curdled milk ;</td>", "cf": ["<span class=\"wordlink\"><a href=\"dosearch.php?searchkey=19952&amp;language=id\"><span class=\"eastsyriac\">\u071f\u072a\u0735\u0725\u0735\u0710</span></a></span>", "<span class=\"wordlink\"><a href=\"dosearch.php?searchkey=2752&amp;language=id\"><span class=\"eastsyriac\">\u0715\u0732\u0718\u0739\u0710</span></a>, <a href=\"dosearch.php?searchkey=8587&amp;language=id\"><span class=\"eastsyriac\">\u0721\u0738\u072b\u071a\u0735\u0710</span></a>, <a href=\"dosearch.php?searchkey=32393&amp;language=id\"><span class=\"eastsyriac\">\u071a\u0739\u0710\u0718\u072c\u0742\u0735\u0710</span></a></span>"], "key": "6464", "west": "\u071f\u0730\u072a\u0725\u0733\u0710", "phonetic": "<td>' kar 'a:</td>", "east": "\u071f\u0732\u072a\u0725\u0735\u0710"},
{"searchkey": "7510", "audio": [], "context": [], "webrank": 90, "text": [" : to flatter , to treat with praise or blandishments , to gratify or attempt to gratify the vanity of by artful and interested commendation , to cajole , to coax , to wheedle , to use blarney , to blandish , to soft-soap / to palaver , to butter-up ;"], "english": "<td>to flatter , to treat with praise or blandishments , to gratify or attempt to gratify the vanity of by artful and interested commendation , to cajole , to coax , to wheedle , to use blarney , to blandish , to soft-soap / to palaver , to butter-up ;</td>", "cf": ["<span class=\"wordlink\"><a href=\"dosearch.php?searchkey=17680&amp;language=id\"><span class=\"eastsyriac\">\u0721\u072b\u071a</span></a>, <a href=\"dosearch.php?searchkey=16293&amp;language=id\"><span class=\"eastsyriac\">\u0721\u0735\u072b\u0739\u071a</span></a>, <a href=\"dosearch.php?searchkey=8587&amp;language=id\"><span class=\"eastsyriac\">\u0721\u0738\u072b\u071a\u0735\u0710</span></a>, <a href=\"dosearch.php?searchkey=8605&amp;language=id\"><span class=\"eastsyriac\">\u0721\u072b\u071d\u073c\u071a\u0735\u0710</span></a>, <a href=\"dosearch.php?searchkey=7554&amp;language=id\"><span class=\"eastsyriac\">\u0721\u0732\u071a\u071d\u0735\u0722\u0735\u0710 \u0715\u0721\u0738\u072b\u071a\u0735\u0710</span></a>, <a href=\"dosearch.php?searchkey=8586&amp;language=id\"><span class=\"eastsyriac\">\u0721\u072b\u0735\u071a\u0735\u0710</span></a>, <a href=\"dosearch.php?searchkey=8596&amp;language=id\"><span class=\"eastsyriac\">\u0721\u0732\u072b\u071a\u0735\u0722\u0735\u0710</span></a>, <a href=\"dosearch.php?searchkey=8595&amp;language=id\"><span class=\"eastsyriac\">\u0721\u0738\u072b\u071a\u0735\u0722\u0735\u0710</span></a>, <a href=\"dosearch.php?searchkey=8794&amp;language=id\"><span class=\"eastsyriac\">\u0721\u0738\u072c\u0721\u0732\u072b\u071a\u0735\u0722\u0735\u0710</span></a>, <a href=\"dosearch.php?searchkey=26470&amp;language=id\"><span class=\"eastsyriac\">\u0721\u072b\u071d\u073c\u071a\u0735\u0722\u0718\u073c\u072c\u0742\u0735\u0710</span></a></span>", "<span class=\"wordlink\"><a href=\"dosearch.php?searchkey=10626&amp;language=id\"><span class=\"eastsyriac\">\u0726\u0713\u0735\u0710</span></a>, <a href=\"dosearch.php?searchkey=9040&amp;language=id\"><span class=\"eastsyriac\">\u0722\u0718\u073c\u0728\u0735\u072a\u0735\u0710</span></a>, <a href=\"dosearch.php?searchkey=14118&amp;language=id\"><span class=\"eastsyriac\">\u072b\u0735\u0715\u0718\u073c\u0720\u0739\u0710</span></a>, <a href=\"dosearch.php?searchkey=14118&amp;language=id\"><span class=\"eastsyriac\">\u072b\u0735\u0715\u0718\u073c\u0720\u0739\u0710</span></a>, <a href=\"dosearch.php?searchkey=7510&amp;language=id\"><span class=\"eastsyriac\">\u0721\u071a\u0735\u0710 \u0721\u0738\u072b\u071a\u0735\u0710</span></a>, <a href=\"dosearch.php?searchkey=14211&amp;language=id\"><span class=\"eastsyriac\">\u072b\u0718\u073c\u0713\u0742\u0735\u072b\u0735\u0710</span></a>, <a href=\"dosearch.php?searchkey=8040&amp;language=id\"><span class=\"eastsyriac\">\u0721\u0722\u0728\u072a\u0735\u0722\u0718\u073c\u072c\u0735\u0710</span></a>, <a href=\"dosearch.php?searchkey=9040&amp;language=id\"><span class=\"eastsyriac\">\u0722\u0718\u073c\u0728\u0735\u072a\u0735\u0710</span></a>, <a href=\"dosearch.php?searchkey=14654&amp;language=id\"><span class=\"eastsyriac\">\u072b\u071d\u073c\u0308\u072a\u0739\u0710 \u0721\u071a\u0735\u0710</span></a>, <a href=\"dosearch.php?searchkey=4837&amp;language=id\"><span class=\"eastsyriac\">\u071a\u0732\u072a\u071f\u0718\u073c\u072b\u0739\u0710</span></a>, <a href=\"dosearch.php?searchkey=6746&amp;language=id\"><span class=\"eastsyriac\">\u0720\u0732\u071a\u071f\u0718\u073c\u072b\u0739\u0710</span></a>, <a href=\"dosearch.php?searchkey=15059&amp;language=id\"><span class=\"eastsyriac\">\u072b\u0726\u0735\u072a\u072c\u0735\u0710</span></a>, <a href=\"dosearch.php?searchkey=15054&amp;language=id\"><span class=\"eastsyriac\">\u072b\u0726\u0735\u072a\u0735\u0710</span></a>, <a href=\"dosearch.php?searchkey=21947&amp;language=id\"><span class=\"eastsyriac\">\u0721\u0732\u072b\u0726\u0738\u072a</span></a></span>"], "key": "7510", "west": "\u0721\u071a\u0733\u0710 \u0721\u0736\u072b\u071a\u0733\u0710", "phonetic": "<td>' m\u1e25a: ' mi\u0161 \u1e25a:</td>", "east": "\u0721\u071a\u0735\u0710 \u0721\u0738\u072b\u071a\u0735\u0710"},
{"searchkey": "21105", "audio": [], "context": ["causative of \u0719\u0735\u0710\u0738\u0721", "NENA : Lenten food"], "webrank": 80, "text": [" : 1) ", " : to cause to push / to thrust ;\r\n2) ", " : to defile , to add butter or milk ;"], "english": "<td>1) <span class=\"context\">causative of <a href=\"dosearch.php?searchkey=zA%27em&amp;language=fullsyriac\"><span class=\"eastsyriac\">\u0719\u0735\u0710\u0738\u0721</span></a></span> : to cause to push / to thrust ;\r\n2) <span class=\"context\">NENA : Lenten food</span> : to defile , to add butter or milk ;</td>", "cf": ["<span class=\"wordlink\"><a href=\"dosearch.php?searchkey=21103&amp;language=id\"><span class=\"eastsyriac\">\u0719\u0735\u0710\u0738\u0721</span></a>, <a href=\"dosearch.php?searchkey=3926&amp;language=id\"><span class=\"eastsyriac\">\u0719\u0725\u0735\u0721\u0735\u0710</span></a>, <a href=\"dosearch.php?searchkey=3666&amp;language=id\"><span class=\"eastsyriac\">\u0719\u0710\u0735\u0721\u0735\u0710</span></a>, <a href=\"dosearch.php?searchkey=21110&amp;language=id\"><span class=\"eastsyriac\">\u0719\u0718\u073c\u0717\u0747\u0721\u0735\u0710</span></a>, <a href=\"dosearch.php?searchkey=21113&amp;language=id\"><span class=\"eastsyriac\">\u0719\u0732\u0717\u0721\u0735\u0710</span></a>, <a href=\"dosearch.php?searchkey=21108&amp;language=id\"><span class=\"eastsyriac\">\u0719\u0732\u0717\u0738\u0721</span></a></span>", "<span class=\"wordlink\"><a href=\"dosearch.php?searchkey=21106&amp;language=id\"><span class=\"eastsyriac\">\u0721\u0719\u0735\u0717\u0747\u0721</span></a></span>", "<span class=\"wordlink\"><a href=\"dosearch.php?searchkey=21107&amp;language=id\"><span class=\"eastsyriac\">\u0721\u0719\u0732\u0717\u0747\u0721\u0738\u0722</span></a></span>", "<span class=\"wordlink\"><a href=\"dosearch.php?searchkey=21109&amp;language=id\"><span class=\"eastsyriac\">\u0721\u0719\u0732\u0726\u072a\u0738\u0722</span></a>, <a href=\"dosearch.php?searchkey=21411&amp;language=id\"><span class=\"eastsyriac\">\u0719\u0738\u0726\u072a\u0735\u0722\u072c\u0735\u0710</span></a>, <a href=\"dosearch.php?searchkey=21111&amp;language=id\"><span class=\"eastsyriac\">\u0719\u0738\u0726\u072a\u0735\u0710</span></a>, <a href=\"dosearch.php?searchkey=21410&amp;language=id\"><span class=\"eastsyriac\">\u0719\u0738\u0726\u072a\u0735\u0722\u0735\u0710</span></a>, <a href=\"dosearch.php?searchkey=23037&amp;language=id\"><span class=\"eastsyriac\">\u0721\u0719\u0732\u0721\u0738\u0722</span></a></span>"], "key": "21105", "west": "\u0721\u0730\u0719\u071d\u0736\u0721", "phonetic": "<td>mza: im</td>", "east": "\u0721\u0732\u0719\u071d\u0738\u0721"},
{"searchkey": "7740", "audio": [], "context": [], "webrank": 100, "text": [" : a churn , a vessel in which milk or cream is stirred (beaten) in order to obtain butter ;"], "english": "<td>a churn , a vessel in which milk or cream is stirred (beaten) in order to obtain butter ;</td>", "cf": ["<span class=\"wordlink\"><a href=\"dosearch.php?searchkey=8180&amp;language=id\"><span class=\"eastsyriac\">\u0721\u0725\u0735\u0710</span></a>, <a href=\"dosearch.php?searchkey=8205&amp;language=id\"><span class=\"eastsyriac\">\u0721\u0725\u0735\u071d\u072c\u0735\u0710</span></a>, <a href=\"dosearch.php?searchkey=16124&amp;language=id\"><span class=\"eastsyriac\">\u0721\u0738\u0725\u072c\u0735\u0710</span></a>, <a href=\"dosearch.php?searchkey=16125&amp;language=id\"><span class=\"eastsyriac\">\u0721\u0735\u0725\u0739\u0710</span></a>, <a href=\"dosearch.php?searchkey=16126&amp;language=id\"><span class=\"eastsyriac\">\u0721\u0735\u0725\u071d\u0739\u0710</span></a></span>", "<span class=\"wordlink\"><a href=\"dosearch.php?searchkey=12570&amp;language=id\"><span class=\"eastsyriac\">\u0729\u0718\u073c\u072a\u0718\u073c\u072b\u072c\u0735\u0710</span></a>, <a href=\"dosearch.php?searchkey=19388&amp;language=id\"><span class=\"eastsyriac\">\u0713\u071d\u073c\u072a\u0735\u0710</span></a>, <a href=\"dosearch.php?searchkey=4026&amp;language=id\"><span class=\"eastsyriac\">\u071a\u0739\u0710\u0718\u073c\u072c\u0735\u0710</span></a>, <a href=\"dosearch.php?searchkey=5735&amp;language=id\"><span class=\"eastsyriac\">\u071f\u0718\u073c\u0715\u071a\u0735\u0710</span></a></span>"], "key": "7740", "west": "\u0721\u0730\u071d\u072c\u0733\u0710", "phonetic": "<td>' mai ta:</td>", "east": "\u0721\u0732\u071d\u072c\u0735\u0710"},
{"searchkey": "5883", "audio": [], "context": ["\u0726\u0738\u072a\u0715\u0735\u0710"], "webrank": 40, "text": [" : a dish made of young vine-shoots and pounded wheat (", ") cooked together with butter ;"], "english": "<td>a dish made of young vine-shoots and pounded wheat (<span class=\"context\"><a href=\"dosearch.php?searchkey=perdA%27&amp;language=fullsyriac\"><span class=\"eastsyriac\">\u0726\u0738\u072a\u0715\u0735\u0710</span></a></span>) cooked together with butter ;</td>", "cf": [], "key": "5883", "west": "\u071f\u073d\u0718\u072a\u0713\u0330\u0733\u0710", "phonetic": "<td>' ku:r dja:</td>", "east": "\u071f\u0718\u073c\u072a\u0713\u0330\u0735\u0710"},
{"searchkey": "23476", "audio": [], "context": [], "webrank": 50, "text": [" : curdled milk cooked together with eggs and butter ;"], "english": "<td>curdled milk cooked together with eggs and butter ;</td>", "cf": [], "key": "23476", "west": "\u071f\u0733\u0720\u0733\u0713\u0330\u073d\u0718\u0713\u0330", "phonetic": "<td>ka: ' la: dju:dj</td>", "east": "\u071f\u0735\u0720\u0735\u0713\u0330\u0718\u073c\u0713\u0330"},
{"searchkey": "24548", "audio": [], "context": ["NENA : fire ...", "butter in frying-pan ?", "see \u071f\u0732\u0719\u071f\u0738\u0719"], "webrank": 70, "text": [" : 1) to rattle , to crack\r\n2) to whiz ;\r\n3) ", " : to crackle / to spit , ", " : to sizzle (?) / to frizzle (?) , ", " ;"], "english": "<td>1) to rattle , to crack\r\n2) to whiz ;\r\n3) <span class=\"context\">NENA : fire ...</span> : to crackle / to spit , <span class=\"context\">butter in frying-pan ?</span> : to sizzle (?) / to frizzle (?) , <span class=\"context\">see <a href=\"dosearch.php?searchkey=kazkez&amp;language=fullsyriac\"><span class=\"eastsyriac\">\u071f\u0732\u0719\u071f\u0738\u0719</span></a></span> ;</td>", "cf": [], "key": "24548", "west": "\u0721\u0713\u0730\u072a\u0713\u0736\u072a", "phonetic": "<td>(m) ' ger gir</td>", "east": "\u0721\u0713\u0732\u072a\u0713\u0738\u072a"},
{"searchkey": "5735", "audio": [], "context": [], "webrank": 30, "text": [" : buttermilk , sour milk , curdled milk , the liquid remaining from cream or milk churned into butter ;"], "english": "<td>buttermilk , sour milk , curdled milk , the liquid remaining from cream or milk churned into butter ;</td>", "cf": ["<span class=\"wordlink\"><a href=\"dosearch.php?searchkey=12570&amp;language=id\"><span class=\"eastsyriac\">\u0729\u0718\u073c\u072a\u0718\u073c\u072b\u072c\u0735\u0710</span></a>, <a href=\"dosearch.php?searchkey=19388&amp;language=id\"><span class=\"eastsyriac\">\u0713\u071d\u073c\u072a\u0735\u0710</span></a>, <a href=\"dosearch.php?searchkey=4026&amp;language=id\"><span class=\"eastsyriac\">\u071a\u0739\u0710\u0718\u073c\u072c\u0735\u0710</span></a>, <a href=\"dosearch.php?searchkey=7740&amp;language=id\"><span class=\"eastsyriac\">\u0721\u0732\u071d\u072c\u0735\u0710</span></a>, <a href=\"dosearch.php?searchkey=8180&amp;language=id\"><span class=\"eastsyriac\">\u0721\u0725\u0735\u0710</span></a>, <a href=\"dosearch.php?searchkey=8205&amp;language=id\"><span class=\"eastsyriac\">\u0721\u0725\u0735\u071d\u072c\u0735\u0710</span></a>, <a href=\"dosearch.php?searchkey=2765&amp;language=id\"><span class=\"eastsyriac\">\u0715\u0732\u0718\u0739\u0713\u0747\u0710</span></a>, <a href=\"dosearch.php?searchkey=2752&amp;language=id\"><span class=\"eastsyriac\">\u0715\u0732\u0718\u0739\u0710</span></a>, <a href=\"dosearch.php?searchkey=16583&amp;language=id\"><span class=\"eastsyriac\">\u0715\u0735\u0718\u0713\u0735\u0710</span></a></span>"], "key": "5735", "west": "\u071f\u073d\u0718\u0715\u071a\u0733\u0710", "phonetic": "<td>' kud \u1e25a</td>", "east": "\u071f\u0718\u073c\u0715\u071a\u0735\u0710"},
{"searchkey": "19012", "audio": [], "context": [], "webrank": 10, "text": [" : a butterfly ;"], "english": "<td>a butterfly ;</td>", "cf": ["<span class=\"wordlink\"><a href=\"dosearch.php?searchkey=19011&amp;language=id\"><span class=\"eastsyriac\">\u0713\u0718\u073c\u0720\u0726\u0735\u0722\u0735\u0710 \u0726\u072a\u0735\u0723\u0735\u0710</span></a>, <a href=\"dosearch.php?searchkey=17595&amp;language=id\"><span class=\"eastsyriac\">\u0726\u0732\u072a\u071a\u0718\u073f\u0722\u071d\u073c\u072c\u0742\u0735\u0710</span></a>, <a href=\"dosearch.php?searchkey=18660&amp;language=id\"><span class=\"eastsyriac\">\u0726\u0732\u072a\u071a\u0735\u0722\u0718\u073c\u072c\u0735\u0710</span></a>, <a href=\"dosearch.php?searchkey=14616&amp;language=id\"><span class=\"eastsyriac\">\u072b\u0732\u071d\u0722\u0735\u0710 \u0726\u0732\u072a\u071a\u0739\u0710</span></a>, <a href=\"dosearch.php?searchkey=11429&amp;language=id\"><span class=\"eastsyriac\">\u0726\u0738\u072a\u0726\u0738\u072a\u0735\u0710</span></a>, <a href=\"dosearch.php?searchkey=17595&amp;language=id\"><span class=\"eastsyriac\">\u0726\u0732\u072a\u071a\u0718\u073f\u0722\u071d\u073c\u072c\u0742\u0735\u0710</span></a>, <a href=\"dosearch.php?searchkey=11320&amp;language=id\"><span class=\"eastsyriac\">\u0726\u0732\u072a\u071a\u0735\u0722\u0718\u073c\u072c\u0735\u0710</span></a>, <a href=\"dosearch.php?searchkey=19013&amp;language=id\"><span class=\"eastsyriac\">\u0726\u0732\u072a\u071a\u0718\u073f\u0722\u071d\u073c\u072c\u0735\u0710</span></a></span>"], "key": "19012", "west": "\u071b\u073a\u071d\u0720\u0733\u071d\u072c\u0733\u0710", "phonetic": "<td>\u1e6di: ' l\u00e9 ta:</td>", "east": "\u071b\u071d\u073c\u0720\u0735\u071d\u072c\u0735\u0710"},
{"searchkey": "23107", "audio": [], "context": ["made of flour, milk, and much butter"], "webrank": 20, "text": [" : a flat cake ", " ;"], "english": "<td>a flat cake <span class=\"context\">made of flour, milk, and much butter</span> ;</td>", "cf": ["<span class=\"wordlink\"><a href=\"dosearch.php?searchkey=13804&amp;language=id\"><span class=\"eastsyriac\">\u072a\u0732\u0725\u0726\u0735\u0710</span></a>, <a href=\"dosearch.php?searchkey=6140&amp;language=id\"><span class=\"eastsyriac\">\u071f\u0742\u0735\u0721\u071d\u073c\u0723\u0735\u0710</span></a></span>"], "key": "23107", "west": "\u071f\u0733\u0715\u0733\u0710", "phonetic": "<td>' ka: da:</td>", "east": "\u071f\u0735\u0715\u0735\u0710"},
{"searchkey": "8205", "audio": [], "context": [], "webrank": 60, "text": [" : churning , the act of stirring milk or cream in a churn to obtain butter ;"], "english": "<td>churning , the act of stirring milk or cream in a churn to obtain butter ;</td>", "cf": ["<span class=\"wordlink\"><a href=\"dosearch.php?searchkey=7740&amp;language=id\"><span class=\"eastsyriac\">\u0721\u0732\u071d\u072c\u0735\u0710</span></a>, <a href=\"dosearch.php?searchkey=8180&amp;language=id\"><span class=\"eastsyriac\">\u0721\u0725\u0735\u0710</span></a></span>", "<span class=\"wordlink\"><a href=\"dosearch.php?searchkey=12570&amp;language=id\"><span class=\"eastsyriac\">\u0729\u0718\u073c\u072a\u0718\u073c\u072b\u072c\u0735\u0710</span></a>, <a href=\"dosearch.php?searchkey=19388&amp;language=id\"><span class=\"eastsyriac\">\u0713\u071d\u073c\u072a\u0735\u0710</span></a>, <a href=\"dosearch.php?searchkey=4026&amp;language=id\"><span class=\"eastsyriac\">\u071a\u0739\u0710\u0718\u073c\u072c\u0735\u0710</span></a>, <a href=\"dosearch.php?searchkey=5735&amp;language=id\"><span class=\"eastsyriac\">\u071f\u0718\u073c\u0715\u071a\u0735\u0710</span></a></span>"], "key": "8205", "west": "\u0721\u0725\u0733\u071d\u072c\u0733\u0710", "phonetic": "<td>m ' ai ta:</td>", "east": "\u0721\u0725\u0735\u071d\u072c\u0735\u0710"},
{"searchkey": "26383", "audio": [], "context": ["made of flour, butter and water"], "webrank": 90, "text": [" : a cake ", " / a cookie ;"], "english": "<td>a cake <span class=\"context\">made of flour, butter and water</span> / a cookie ;</td>", "cf": ["<span class=\"wordlink\"><a href=\"dosearch.php?searchkey=26386&amp;language=id\"><span class=\"eastsyriac\">\u0721\u0732\u072a\u072c\u0738\u071a</span></a>, <a href=\"dosearch.php?searchkey=26387&amp;language=id\"><span class=\"eastsyriac\">\u0721\u0732\u072a\u072c\u0732\u071a\u072c\u0735\u0710</span></a>, <a href=\"dosearch.php?searchkey=26384&amp;language=id\"><span class=\"eastsyriac\">\u072a\u0735\u072c\u0738\u071a</span></a>, <a href=\"dosearch.php?searchkey=26385&amp;language=id\"><span class=\"eastsyriac\">\u072a\u0738\u072c\u071a\u0735\u0710</span></a>, <a href=\"dosearch.php?searchkey=8562&amp;language=id\"><span class=\"eastsyriac\">\u0721\u0732\u072a\u072c\u0718\u073c\u071a\u0739\u0710</span></a>, <a href=\"dosearch.php?searchkey=26388&amp;language=id\"><span class=\"eastsyriac\">\u0721\u072c\u0732\u072a\u072c\u0738\u071a</span></a></span>"], "key": "26383", "west": "\u0721\u0736\u072a\u072c\u073d\u0718\u071a\u0733\u0710", "phonetic": "<td>mir ' tu: \u1e25a:</td>", "east": "\u0721\u0738\u072a\u072c\u0718\u073c\u071a\u0735\u0710"},
{"searchkey": "26339", "audio": [], "context": [], "webrank": 80, "text": [" : patatoes and butter ;"], "english": "<td>patatoes and butter ;</td>", "cf": [], "key": "26339", "west": "\u0721\u0736\u072a\u071f\u0330\u0733\u0720\u073d\u0718\u0723", "phonetic": "<td>mir ' t\u0161a: lus</td>", "east": "\u0721\u0738\u072a\u071f\u0330\u0735\u0720\u0718\u073f\u0723"},
{"searchkey": "25410", "audio": [], "context": ["verbal noun of \u0721\u0735\u0725\u0739\u0710", "cream into butter"], "webrank": 40, "text": [" : ", " : churning ", " , butter-making ;"], "english": "<td><span class=\"context\">verbal noun of <a href=\"dosearch.php?searchkey=mAcE%27&amp;language=fullsyriac\"><span class=\"eastsyriac\">\u0721\u0735\u0725\u0739\u0710</span></a></span> : churning <span class=\"context\">cream into butter</span> , butter-making ;</td>", "cf": ["<span class=\"wordlink\"><a href=\"dosearch.php?searchkey=8180&amp;language=id\"><span class=\"eastsyriac\">\u0721\u0725\u0735\u0710</span></a>, <a href=\"dosearch.php?searchkey=16126&amp;language=id\"><span class=\"eastsyriac\">\u0721\u0735\u0725\u071d\u0739\u0710</span></a>, <a href=\"dosearch.php?searchkey=7740&amp;language=id\"><span class=\"eastsyriac\">\u0721\u0732\u071d\u072c\u0735\u0710</span></a>, <a href=\"dosearch.php?searchkey=8205&amp;language=id\"><span class=\"eastsyriac\">\u0721\u0725\u0735\u071d\u072c\u0735\u0710</span></a>, <a href=\"dosearch.php?searchkey=16124&amp;language=id\"><span class=\"eastsyriac\">\u0721\u0738\u0725\u072c\u0735\u0710</span></a>, <a href=\"dosearch.php?searchkey=25409&amp;language=id\"><span class=\"eastsyriac\">\u0721\u0732\u0721\u0725\u0739\u0710</span></a></span>", "<span class=\"wordlink\"><a href=\"dosearch.php?searchkey=25412&amp;language=id\"><span class=\"eastsyriac\">\u0721\u0725\u071d\u0735\u071d\u0735\u0710</span></a></span>"], "key": "25410", "west": "\u0721\u0733\u0725\u071d\u0733\u0710", "phonetic": "<td>' ma: ' ia:</td>", "east": "\u0721\u0735\u0725\u071d\u0735\u0710"},
{"searchkey": "16124", "audio": [], "context": [], "webrank": 70, "text": [" : a churn , a vessel in which milk or cream is stirred (beaten) in order to obtain butter ;"], "english": "<td>a churn , a vessel in which milk or cream is stirred (beaten) in order to obtain butter ;</td>", "cf": ["<span class=\"wordlink\"><a href=\"dosearch.php?searchkey=16125&amp;language=id\"><span class=\"eastsyriac\">\u0721\u0735\u0725\u0739\u0710</span></a>, <a href=\"dosearch.php?searchkey=16126&amp;language=id\"><span class=\"eastsyriac\">\u0721\u0735\u0725\u071d\u0739\u0710</span></a>, <a href=\"dosearch.php?searchkey=8180&amp;language=id\"><span class=\"eastsyriac\">\u0721\u0725\u0735\u0710</span></a>, <a href=\"dosearch.php?searchkey=16126&amp;language=id\"><span class=\"eastsyriac\">\u0721\u0735\u0725\u071d\u0739\u0710</span></a>, <a href=\"dosearch.php?searchkey=7740&amp;language=id\"><span class=\"eastsyriac\">\u0721\u0732\u071d\u072c\u0735\u0710</span></a>, <a href=\"dosearch.php?searchkey=8205&amp;language=id\"><span class=\"eastsyriac\">\u0721\u0725\u0735\u071d\u072c\u0735\u0710</span></a>, <a href=\"dosearch.php?searchkey=25409&amp;language=id\"><span class=\"eastsyriac\">\u0721\u0732\u0721\u0725\u0739\u0710</span></a>, <a href=\"dosearch.php?searchkey=25410&amp;language=id\"><span class=\"eastsyriac\">\u0721\u0735\u0725\u071d\u0735\u0710</span></a></span>", "<span class=\"wordlink\"><a href=\"dosearch.php?searchkey=12570&amp;language=id\"><span class=\"eastsyriac\">\u0729\u0718\u073c\u072a\u0718\u073c\u072b\u072c\u0735\u0710</span></a>, <a href=\"dosearch.php?searchkey=2238&amp;language=id\"><span class=\"eastsyriac\">\u0713\u071d\u073c\u072a\u0735\u0710</span></a>, <a href=\"dosearch.php?searchkey=4026&amp;language=id\"><span class=\"eastsyriac\">\u071a\u0739\u0710\u0718\u073c\u072c\u0735\u0710</span></a>, <a href=\"dosearch.php?searchkey=5735&amp;language=id\"><span class=\"eastsyriac\">\u071f\u0718\u073c\u0715\u071a\u0735\u0710</span></a></span>"], "key": "16124", "west": "\u0721\u0736\u0725\u072c\u0733\u0710", "phonetic": "<td>' mi: ta:</td>", "east": "\u0721\u0738\u0725\u072c\u0735\u0710"},
{"searchkey": "8204", "audio": [], "context": [], "webrank": 50, "text": [" : a churn ( a vessel in which milk is stirred to obtain butter ;"], "english": "<td>a churn ( a vessel in which milk is stirred to obtain butter ;</td>", "cf": [], "key": "8204", "west": "\u0721\u0733\u0725\u071d\u072c\u0733\u0710", "phonetic": "<td>' mai ta</td>", "east": "\u0721\u0735\u0725\u071d\u072c\u0735\u0710"},
{"searchkey": "8587", "audio": [], "context": [], "webrank": 100, "text": [" : 1) oil , any of a large class of unctuous combustible substances"], "english": "<td>1) oil , any of a large class of unctuous combustible substances ;\r\n<span class=\"locution\"><span class=\"eastsyriac\">\u0721\u0738\u072b\u071a\u0735\u0710 \u0715\u0719\u0732\u071d\u072c\u0735\u0710</span></span> : olive oil ;\r\n<span class=\"locution\"><span class=\"eastsyriac\">\u0721\u0738\u072b\u071a\u0735\u0710 \u0715\u072b\u071d\u073c\u072b\u0721\u0735\u0710</span></span> / <a href=\"dosearch.php?searchkey=jumirA%27&amp;language=fullsyriac\"><span class=\"eastsyriac\">\u072b\u0718\u073c\u0721\u071d\u073c\u072a\u0735\u0710</span></a> : sesame oil ;\r\n<span class=\"context\">Rh\u00e9tor\u00e9 ; plural : <a href=\"dosearch.php?searchkey=mejxAnCE%27&amp;language=fullsyriac\"><span class=\"eastsyriac\">\u0721\u0738\u072b\u071a\u0735\u0722\u0308\u0739\u0710</span></a></span> : holy oils ;\r\n2) an unguent , an ointment , <span class=\"context\">also <span class=\"locution\"><span class=\"eastsyriac\">\u0721\u0738\u072b\u071a\u0735\u0710 \u0715\u0712\u0738\u0723\u0721\u0735\u0710</span></span></span> ;\r\n3) <span class=\"field\">cooking</span> : clarified butter ;\r\n4) <span class=\"locution\"><span class=\"eastsyriac\">\u0721\u0735\u071a\u0739\u0710 \u0721\u0738\u072b\u071a\u0735\u0710</span></span> : to oil , to lubricate ;\r\n<span class=\"context\">Nehemiah : 8, 15</span> : <span class=\"locution\"><span class=\"eastsyriac\">\u0729\u0732\u071d\u0723\u0735\u0710 \u0715\u0712\u0738\u072b\u071a\u0735\u0710</span></span> : a wild olive-tree ;\r\n5) <span class=\"context\">Lishani</span> : fat ;</td>", "cf": ["<span class=\"wordlink\"><a href=\"dosearch.php?searchkey=17680&amp;language=id\"><span class=\"eastsyriac\">\u0721\u072b\u071a</span></a>, <a href=\"dosearch.php?searchkey=16293&amp;language=id\"><span class=\"eastsyriac\">\u0721\u0735\u072b\u0739\u071a</span></a>, <a href=\"dosearch.php?searchkey=8605&amp;language=id\"><span class=\"eastsyriac\">\u0721\u072b\u071d\u073c\u071a\u0735\u0710</span></a>, <a href=\"dosearch.php?searchkey=7510&amp;language=id\"><span class=\"eastsyriac\">\u0721\u071a\u0735\u0710 \u0721\u0738\u072b\u071a\u0735\u0710</span></a>, <a href=\"dosearch.php?searchkey=7554&amp;language=id\"><span class=\"eastsyriac\">\u0721\u0732\u071a\u071d\u0735\u0722\u0735\u0710 \u0715\u0721\u0738\u072b\u071a\u0735\u0710</span></a>, <a href=\"dosearch.php?searchkey=8586&amp;language=id\"><span class=\"eastsyriac\">\u0721\u072b\u0735\u071a\u0735\u0710</span></a>, <a href=\"dosearch.php?searchkey=8596&amp;language=id\"><span class=\"eastsyriac\">\u0721\u0732\u072b\u071a\u0735\u0722\u0735\u0710</span></a>, <a href=\"dosearch.php?searchkey=8595&amp;language=id\"><span class=\"eastsyriac\">\u0721\u0738\u072b\u071a\u0735\u0722\u0735\u0710</span></a>, <a href=\"dosearch.php?searchkey=8794&amp;language=id\"><span class=\"eastsyriac\">\u0721\u0738\u072c\u0721\u0732\u072b\u071a\u0735\u0722\u0735\u0710</span></a></span>", "<span class=\"wordlink\"><a href=\"dosearch.php?searchkey=2752&amp;language=id\"><span class=\"eastsyriac\">\u0715\u0732\u0718\u0739\u0710</span></a>, <a href=\"dosearch.php?searchkey=6464&amp;language=id\"><span class=\"eastsyriac\">\u071f\u0732\u072a\u0725\u0735\u0710</span></a>, <a href=\"dosearch.php?searchkey=15874&amp;language=id\"><span class=\"eastsyriac\">\u072c\u0732\u072a\u0712\u0735\u0710</span></a>, <a href=\"dosearch.php?searchkey=8967&amp;language=id\"><span class=\"eastsyriac\">\u0722\u0732\u0717\u071d\u073c\u072a\u0735\u0710</span></a>, <a href=\"dosearch.php?searchkey=9227&amp;language=id\"><span class=\"eastsyriac\">\u0722\u0738\u0726\u032e\u071b\u0735\u0710</span></a>, <a href=\"dosearch.php?searchkey=26971&amp;language=id\"><span class=\"eastsyriac\">\u0719\u0732\u071d\u072c\u0735\u0710</span></a>, <a href=\"dosearch.php?searchkey=12537&amp;language=id\"><span class=\"eastsyriac\">\u0729\u0718\u073c\u0726\u072a\u0735\u0710</span></a>, <a href=\"dosearch.php?searchkey=14385&amp;language=id\"><span class=\"eastsyriac\">\u072b\u0718\u073c\u0721\u0722\u0735\u0710</span></a>, <a href=\"dosearch.php?searchkey=26970&amp;language=id\"><span class=\"eastsyriac\">\u0722\u0732\u071d\u072a\u0735\u0710</span></a>, <a href=\"dosearch.php?searchkey=32393&amp;language=id\"><span class=\"eastsyriac\">\u071a\u0739\u0710\u0718\u072c\u0742\u0735\u0710</span></a>, <a href=\"dosearch.php?searchkey=10446&amp;language=id\"><span class=\"eastsyriac\">\u0725\u0728\u0735\u072a\u0735\u0710</span></a></span>"], "key": "8587", "west": "\u0721\u0736\u072b\u071a\u0733\u0710", "phonetic": "<td>' mi\u0161 \u1e25a:</td>", "east": "\u0721\u0738\u072b\u071a\u0735\u0710"},
{"searchkey": "8180", "audio": [], "context": [], "webrank": 30, "text": [" : to churn / agitate / stir (milk or cream in a churn in order to make butter ) ;"], "english": "<td>to churn / agitate / stir (milk or cream in a churn in order to make butter ) ;</td>", "cf": ["<span class=\"wordlink\"><a href=\"dosearch.php?searchkey=7740&amp;language=id\"><span class=\"eastsyriac\">\u0721\u0732\u071d\u072c\u0735\u0710</span></a>, <a href=\"dosearch.php?searchkey=8180&amp;language=id\"><span class=\"eastsyriac\">\u0721\u0725\u0735\u0710</span></a>, <a href=\"dosearch.php?searchkey=8205&amp;language=id\"><span class=\"eastsyriac\">\u0721\u0725\u0735\u071d\u072c\u0735\u0710</span></a>, <a href=\"dosearch.php?searchkey=16125&amp;language=id\"><span class=\"eastsyriac\">\u0721\u0735\u0725\u0739\u0710</span></a>, <a href=\"dosearch.php?searchkey=16126&amp;language=id\"><span class=\"eastsyriac\">\u0721\u0735\u0725\u071d\u0735\u0710</span></a>, <a href=\"dosearch.php?searchkey=16124&amp;language=id\"><span class=\"eastsyriac\">\u0721\u0738\u0725\u072c\u0735\u0710</span></a>, <a href=\"dosearch.php?searchkey=25409&amp;language=id\"><span class=\"eastsyriac\">\u0721\u0732\u0721\u0725\u0739\u0710</span></a>, <a href=\"dosearch.php?searchkey=25410&amp;language=id\"><span class=\"eastsyriac\">\u0721\u0735\u0725\u071d\u0735\u0710</span></a></span>", "<span class=\"wordlink\"><a href=\"dosearch.php?searchkey=12570&amp;language=id\"><span class=\"eastsyriac\">\u0729\u0718\u073c\u072a\u0718\u073c\u072b\u072c\u0735\u0710</span></a>, <a href=\"dosearch.php?searchkey=19388&amp;language=id\"><span class=\"eastsyriac\">\u0713\u071d\u073c\u072a\u0735\u0710</span></a>, <a href=\"dosearch.php?searchkey=4026&amp;language=id\"><span class=\"eastsyriac\">\u071a\u0739\u0710\u0718\u073c\u072c\u0735\u0710</span></a>, <a href=\"dosearch.php?searchkey=5735&amp;language=id\"><span class=\"eastsyriac\">\u071f\u0718\u073c\u0715\u071a\u0735\u0710</span></a></span>"], "key": "8180", "west": "\u0721\u0725\u0733\u0710", "phonetic": "<td>me ' a:</td>", "east": "\u0721\u0725\u0735\u0710"},
{"searchkey": "16125", "audio": [], "context": [], "webrank": 20, "text": [" : to churn / agitate / stir (milk or cream in a churn in order to make butter ) ;\r\n"], "english": "<td>to churn / agitate / stir (milk or cream in a churn in order to make butter ) ;\r\n</td>", "cf": ["<span class=\"wordlink\"><a href=\"dosearch.php?searchkey=8180&amp;language=id\"><span class=\"eastsyriac\">\u0721\u0725\u0735\u0710</span></a>, <a href=\"dosearch.php?searchkey=16126&amp;language=id\"><span class=\"eastsyriac\">\u0721\u0735\u0725\u071d\u0739\u0710</span></a>, <a href=\"dosearch.php?searchkey=7740&amp;language=id\"><span class=\"eastsyriac\">\u0721\u0732\u071d\u072c\u0735\u0710</span></a>, <a href=\"dosearch.php?searchkey=8205&amp;language=id\"><span class=\"eastsyriac\">\u0721\u0725\u0735\u071d\u072c\u0735\u0710</span></a>, <a href=\"dosearch.php?searchkey=16124&amp;language=id\"><span class=\"eastsyriac\">\u0721\u0738\u0725\u072c\u0735\u0710</span></a>, <a href=\"dosearch.php?searchkey=mamcE%27&amp;language=fullsyriac\"><span class=\"eastsyriac\">\u0721\u0732\u0721\u0725\u0739\u0710</span></a>, <a href=\"dosearch.php?searchkey=mAcyA%27&amp;language=fullsyriac\"><span class=\"eastsyriac\">\u0721\u0735\u0725\u071d\u0735\u0710</span></a></span>", "<span class=\"wordlink\"><a href=\"dosearch.php?searchkey=25408&amp;language=id\"><span class=\"eastsyriac\">\u0721\u0735\u0725\u0732\u0725</span></a></span>"], "key": "16125", "west": "\u0721\u0733\u0725\u0736\u0710", "phonetic": "<td>' ma: i:</td>", "east": "\u0721\u0735\u0725\u0739\u0710"},
{"searchkey": "25689", "audio": [], "context": ["\u0721\u0732\u0723\u072c\u0735\u0710 with butter added"], "webrank": 10, "text": [" : "], "english": "<td><span class=\"context\"><a href=\"dosearch.php?searchkey=mastA%27&amp;language=fullsyriac\"><span class=\"eastsyriac\">\u0721\u0732\u0723\u072c\u0735\u0710</span></a> with butter added</span></td>", "cf": [], "key": "25689", "west": "\u0721\u0730\u0723\u072c\u0733\u072a\u073d\u0718\u0722", "phonetic": "<td>mas ' ta: ru:n</td>", "east": "\u0721\u0732\u0723\u072c\u0735\u072a\u0718\u073f\u0722"}
]