[
{"searchkey": "12960", "audio": [], "context": ["not for pronouns, see \u0722\u0735\u0729\u0726\u0735\u071d\u0735\u0710", "Al Qosh / Ashita ; agent of \u0729\u0735\u0722\u0739\u0710", "see \u0729\u0732\u071d\u0722\u0735\u071d\u0735\u0710", "Classical Syriac", "Al Qosh"], "webrank": 3, "text": [" : 1) a possessor , an owner , a proprietor , a landlord , a holder , a master ;\r\n2) ", " : a possessive , a genitive , ", "  ;\r\n3) ", " : an acquirer , a getter , a buyer ;\r\n4) ", " : a) ", " : a rich man , b) ", " : a goldsmith ;"], "english": "<td>1) a possessor , an owner , a proprietor , a landlord , a holder , a master ;\r\n2) <span class=\"field\">grammar</span> : a possessive , a genitive , <span class=\"context\">not for pronouns, see <a href=\"dosearch.php?searchkey=nAqpAyA%27&amp;language=fullsyriac\"><span class=\"eastsyriac\">\u0722\u0735\u0729\u0726\u0735\u071d\u0735\u0710</span></a></span>  ;\r\n3) <span class=\"context\">Al Qosh / Ashita ; agent of <a href=\"dosearch.php?searchkey=qAnE%27&amp;language=fullsyriac\"><span class=\"eastsyriac\">\u0729\u0735\u0722\u0739\u0710</span></a></span> : an acquirer , a getter , a buyer ;\r\n4) <span class=\"context\">see <a href=\"dosearch.php?searchkey=qaynAyA%27&amp;language=fullsyriac\"><span class=\"eastsyriac\">\u0729\u0732\u071d\u0722\u0735\u071d\u0735\u0710</span></a></span> : a) <span class=\"context\">Classical Syriac</span> : a rich man , b) <span class=\"context\">Al Qosh</span> : a goldsmith ;</td>", "cf": ["<span class=\"wordlink\"><a href=\"dosearch.php?searchkey=25636&amp;language=id\"><span class=\"eastsyriac\">\u0729\u0722\u0710</span></a>, <a href=\"dosearch.php?searchkey=12941&amp;language=id\"><span class=\"eastsyriac\">\u0729\u0735\u0722\u0718\u073f\u071d\u0735\u0710</span></a>, <a href=\"dosearch.php?searchkey=12959&amp;language=id\"><span class=\"eastsyriac\">\u0729\u0722\u0735\u071d\u0735\u0710</span></a>, <a href=\"dosearch.php?searchkey=12961&amp;language=id\"><span class=\"eastsyriac\">\u0729\u0732\u0722\u0735\u071d\u0718\u073c\u072c\u0735\u0710</span></a>, <a href=\"dosearch.php?searchkey=12965&amp;language=id\"><span class=\"eastsyriac\">\u0729\u0738\u0722\u071d\u0735\u0722\u0735\u0710</span></a>, <a href=\"dosearch.php?searchkey=12967&amp;language=id\"><span class=\"eastsyriac\">\u0729\u0722\u0735\u071d\u072c\u0735\u0710</span></a>, <a href=\"dosearch.php?searchkey=12970&amp;language=id\"><span class=\"eastsyriac\">\u0729\u0722\u0735\u0722\u0735\u0710</span></a>, <a href=\"dosearch.php?searchkey=12929&amp;language=id\"><span class=\"eastsyriac\">\u0729\u0722\u0735\u0710</span></a>, <a href=\"dosearch.php?searchkey=28954&amp;language=id\"><span class=\"eastsyriac\">\u0729\u0735\u0722\u0739\u0710</span></a></span>", "<span class=\"wordlink\"><a href=\"dosearch.php?searchkey=diEh&amp;language=fullsyriac\"><span class=\"eastsyriac\">\u0715\u071d\u073c\u0739\u0717</span></a>, <a href=\"dosearch.php?searchkey=18527&amp;language=id\"><span class=\"eastsyriac\">\u0712\u0732\u0725\u0720\u0735\u0710</span></a>, <a href=\"dosearch.php?searchkey=8443&amp;language=id\"><span class=\"eastsyriac\">\u0721\u0735\u072a\u0735\u0710</span></a>, <a href=\"dosearch.php?searchkey=19167&amp;language=id\"><span class=\"eastsyriac\">\u0721\u0735\u0720\u071f\u0735\u0710</span></a></span>"], "key": "12960", "west": "\u0729\u0730\u0722\u0733\u071d\u0733\u0710", "phonetic": "<td>qan ' na: ia:</td>", "east": "\u0729\u0732\u0722\u0735\u071d\u0735\u0710"},
{"searchkey": "3674", "audio": [], "context": [], "webrank": 1, "text": [" : buyer , purchaser"], "english": "<td>buyer , purchaser</td>", "cf": [], "key": "3674", "west": "\u0719\u0733\u0712\u0742\u073d\u0718\u0722\u0733\u0710", "phonetic": "<td>za ' vu: na</td>", "east": "\u0719\u0735\u0712\u0742\u0718\u073c\u0722\u0735\u0710"},
{"searchkey": "11250", "audio": [], "context": [], "webrank": 2, "text": [" : 1) a trader / tradesman , one engaged in trade or commerce , a merchant , a buyer and seller , a dealer , a monger ;\r\n2) -?- a businessman ;"], "english": "<td>1) a trader / tradesman , one engaged in trade or commerce , a merchant , a buyer and seller , a dealer , a monger ;\r\n2) -?- a businessman ;</td>", "cf": ["<span class=\"wordlink\"><a href=\"dosearch.php?searchkey=11251&amp;language=id\"><span class=\"eastsyriac\">\u0726\u072a\u0732\u0713\u0721\u0732\u071b\u071d\u073c\u0735\u0710</span></a></span>", "<span class=\"wordlink\"><a href=\"dosearch.php?searchkey=9459&amp;language=id\"><span class=\"eastsyriac\">\u0723\u0735\u0718\u0715\u0735\u071f\u0735\u072a</span></a>, <a href=\"dosearch.php?searchkey=12055&amp;language=id\"><span class=\"eastsyriac\">\u0728\u0732\u0722\u0725\u0732\u072c\u071f\u0735\u072a</span></a>, <a href=\"dosearch.php?searchkey=233&amp;language=id\"><span class=\"eastsyriac\">\u0710\u0718\u073c\u0723\u072c\u0735\u0710\u0715\u0747\u071f\u0735\u072a</span></a>, <a href=\"dosearch.php?searchkey=32030&amp;language=id\"><span class=\"eastsyriac\">\u072c\u0713\u072a</span></a>, <a href=\"dosearch.php?searchkey=11665&amp;language=id\"><span class=\"eastsyriac\">\u072c\u0732\u0713\u0735\u072a\u0735\u0710</span></a></span>"], "key": "11250", "west": "\u0726\u072a\u0730\u0713\u0721\u0730\u071b\u073d\u0718\u071b\u0733\u0710", "phonetic": "<td>prag mat ' \u1e6do \u1e6da:</td>", "east": "\u0726\u072a\u0732\u0713\u0721\u0732\u071b\u0718\u073f\u071b\u0735\u0710"}
]