[
{"searchkey": "23107", "audio": [], "context": ["made of flour, milk, and much butter"], "webrank": 10, "text": [" : a flat cake ", " ;"], "english": "<td>a flat cake <span class=\"context\">made of flour, milk, and much butter</span> ;</td>", "cf": ["<span class=\"wordlink\"><a href=\"dosearch.php?searchkey=13804&amp;language=id\"><span class=\"eastsyriac\">\u072a\u0732\u0725\u0726\u0735\u0710</span></a>, <a href=\"dosearch.php?searchkey=6140&amp;language=id\"><span class=\"eastsyriac\">\u071f\u0742\u0735\u0721\u071d\u073c\u0723\u0735\u0710</span></a></span>"], "key": "23107", "west": "\u071f\u0733\u0715\u0733\u0710", "phonetic": "<td>' ka: da:</td>", "east": "\u071f\u0735\u0715\u0735\u0710"},
{"searchkey": "21250", "audio": [], "context": ["for children"], "webrank": 4, "text": [" : a cake ", " ;"], "english": "<td>a cake <span class=\"context\">for children</span> ;</td>", "cf": ["<span class=\"wordlink\"><a href=\"dosearch.php?searchkey=21101&amp;language=id\"><span class=\"eastsyriac\">\u0719\u0718\u0735\u0715\u0308\u0739\u0710</span></a>, <a href=\"dosearch.php?searchkey=3699&amp;language=id\"><span class=\"eastsyriac\">\u0719\u0735\u0715</span></a></span>", "<span class=\"wordlink\"><a href=\"dosearch.php?searchkey=21251&amp;language=id\"><span class=\"eastsyriac\">\u0719\u0718\u0735\u072c\u0735\u0710</span></a></span>"], "key": "21250", "west": "\u0719\u0730\u072c\u0733\u0710", "phonetic": "<td>' za ta:</td>", "east": "\u0719\u0732\u072c\u0735\u0710"},
{"searchkey": "4069", "audio": [], "context": ["Maclean", "Oraham"], "webrank": 6, "text": [" : 1) ", " : a cake made with flour and honey , ", " : butter-cake , a cake made of flour or bread and melted butter usually served hot ;\r\n2) hot bread cut up with butter added ;"], "english": "<td>1) <span class=\"context\">Maclean</span> : a cake made with flour and honey , <span class=\"context\">Oraham</span> : butter-cake , a cake made of flour or bread and melted butter usually served hot ;\r\n2) hot bread cut up with butter added ;</td>", "cf": ["<span class=\"wordlink\"><a href=\"dosearch.php?searchkey=19867&amp;language=id\"><span class=\"eastsyriac\">\u0715\u0738\u0712\u0742\u0739\u0720\u0735\u0710</span></a>, <a href=\"dosearch.php?searchkey=4318&amp;language=id\"><span class=\"eastsyriac\">\u071a\u0732\u071a\u0718\u073c\u072a\u072c\u0735\u0710</span></a></span>"], "key": "4069", "west": "\u071a\u0712\u0742\u073a\u071d\u0728\u0733\u0710", "phonetic": "<td>' \u1e25wi: \u1e63a:</td>", "east": "\u071a\u0712\u0742\u071d\u073c\u0728\u0735\u0710"},
{"searchkey": "22802", "audio": [], "context": [], "webrank": 9, "text": [" : 1) a thin bread ;\r\n2) a cake ;"], "english": "<td>1) a thin bread ;\r\n2) a cake ;</td>", "cf": [], "key": "22802", "west": "\u071d\u073d\u0718\u071a\u0733\u0710", "phonetic": "<td>' iu: \u1e25a:</td>", "east": "\u071d\u0718\u073c\u071a\u0735\u0710"},
{"searchkey": "21535", "audio": [], "context": ["Classical Syriac", "= \u071a\u0712\u0742\u071d\u073c\u0728\u0735\u0710", "Sureth"], "webrank": 5, "text": [" : 1) ", " : a cake of flour and honey , ", " ;\r\n2) ", " : a millet gruel ;"], "english": "<td>1) <span class=\"context\">Classical Syriac</span> : a cake of flour and honey , <span class=\"context\">= <a href=\"dosearch.php?searchkey=xbLiSA%27&amp;language=fullsyriac\"><span class=\"eastsyriac\">\u071a\u0712\u0742\u071d\u073c\u0728\u0735\u0710</span></a></span> ;\r\n2) <span class=\"context\">Sureth</span> : a millet gruel ;</td>", "cf": [], "key": "21535", "west": "\u071a\u0730\u0712\u073a\u071d\u0728\u0733\u0710", "phonetic": "<td>\u1e25a ' bi: \u1e63a:</td>", "east": "\u071a\u0732\u0712\u071d\u073c\u0728\u0735\u0710"},
{"searchkey": "22678", "audio": [], "context": ["Tergawar", "cut with a spade from the sheep's dung"], "webrank": 8, "text": [" : ", " : a fuel-cake ", " ;"], "english": "<td><span class=\"context\">Tergawar</span> : a fuel-cake <span class=\"context\">cut with a spade from the sheep's dung</span> ;</td>", "cf": [], "key": "22678", "west": "\u071b\u0730\u072a\u0715\u0733\u0710", "phonetic": "<td>' \u1e6der da:</td>", "east": "\u071b\u0732\u072a\u0715\u0735\u0710"},
{"searchkey": "4318", "audio": [], "context": [], "webrank": 7, "text": [" : a cake , a small mass of baked dough , a round loaf ;"], "english": "<td>a cake , a small mass of baked dough , a round loaf ;</td>", "cf": ["<span class=\"wordlink\"><a href=\"dosearch.php?searchkey=2552&amp;language=id\"><span class=\"eastsyriac\">\u0713\u0738\u072a\u0715\u0732\u071d\u0735\u0710</span></a>, <a href=\"dosearch.php?searchkey=10962&amp;language=id\"><span class=\"eastsyriac\">\u0726\u0735\u071f\u0330\u0718\u073f\u071f\u072c\u0735\u0710</span></a>, <a href=\"dosearch.php?searchkey=10781&amp;language=id\"><span class=\"eastsyriac\">\u0726\u0718\u073c\u072a\u0722\u071d\u073c\u072c\u0735\u0710</span></a>, <a href=\"dosearch.php?searchkey=6140&amp;language=id\"><span class=\"eastsyriac\">\u071f\u0742\u0735\u0721\u071d\u073c\u0723\u0735\u0710</span></a>, <a href=\"dosearch.php?searchkey=1195&amp;language=id\"><span class=\"eastsyriac\">\u0712\u0735\u071b\u0718\u073f\u0712\u0742\u0735\u0710</span></a>, <a href=\"dosearch.php?searchkey=12902&amp;language=id\"><span class=\"eastsyriac\">\u0729\u0721\u0718\u073f\u0720\u072c\u0735\u0710</span></a>, <a href=\"dosearch.php?searchkey=13804&amp;language=id\"><span class=\"eastsyriac\">\u072a\u0732\u0725\u0726\u0735\u0710</span></a>, <a href=\"dosearch.php?searchkey=4069&amp;language=id\"><span class=\"eastsyriac\">\u071a\u0712\u0742\u071d\u073c\u0728\u0735\u0710</span></a>, <a href=\"dosearch.php?searchkey=19867&amp;language=id\"><span class=\"eastsyriac\">\u0715\u0738\u0712\u0742\u0739\u0720\u0735\u0710</span></a></span>"], "key": "4318", "west": "\u071a\u0730\u071a\u073d\u0718\u072a\u072c\u0733\u0710", "phonetic": "<td>\u1e25a ' \u1e25ur ta:</td>", "east": "\u071a\u0732\u071a\u0718\u073c\u072a\u072c\u0735\u0710"},
{"searchkey": "20534", "audio": [], "context": ["to see the conjugation (presents, imperfects, future ...) see \u0717\u0718\u0735\u071d\u0735\u0710"], "webrank": 3, "text": [" : 1) to be , "], "english": "<td>1) to be , <span class=\"context\">to see the conjugation (presents, imperfects, future ...) see <a href=\"dosearch.php?searchkey=hwAyA%27&amp;language=fullsyriac\"><span class=\"eastsyriac\">\u0717\u0718\u0735\u071d\u0735\u0710</span></a></span> ;\r\n<span class=\"locution\"><span class=\"eastsyriac\">\u0717\u0747\u0718\u0739\u0710 \u0720\u071d\u073c</span></span> : I was ;\r\n<span class=\"context\">for <a href=\"dosearch.php?searchkey=%27itL&amp;language=fullsyriac\"><span class=\"eastsyriac\">\u0710\u071d\u073c\u072c\u0742</span></a></span> : <span class=\"locution\"><span class=\"eastsyriac\">\u071f\u0739\u0710 \u0717\u0735\u0718\u0739\u0710</span></span> : there usually is ;\r\n2) to become , to be turned into , <span class=\"context\">also <span class=\"locution\"><span class=\"eastsyriac\">\u0717\u0735\u0718\u0739\u0710 \u0720</span></span></span> ;\r\n<span class=\"locution\"><span class=\"eastsyriac\">\u0717\u0718\u0738\u0710 \u0720\u0717\u0747\u0718\u073f\u0722 \u071a\u0732\u0715 \u0710\u0738\u0723\u071c\u0718\u073c\u071f\u0742\u0723\u0735\u0710 \u0722\u0735\u0726\u0718\u073f\u071a\u0735\u0710</span></span> : they became an inspirational element ;\r\n3) to be made , to be done ;\r\n<span class=\"context\">Al Qosh</span> : <span class=\"locution\"><span class=\"eastsyriac\">\u0721\u0735\u0710 \u0712\u0738\u072c \u0717\u0735\u0718\u0739\u0710 \u0712</span></span> : what will become of ;\r\n4) to happen , to occur , to take place ;\r\n5) to be born , <span class=\"context\">also <span class=\"locution\"><span class=\"eastsyriac\">\u0726\u0735\u0710\u0738\u072b \u0717\u0747\u0718\u071d\u073c\u0735\u0710</span></span></span> ;\r\n<span class=\"locution\"><span class=\"eastsyriac\">\u0717\u0747\u0718\u071d\u073c\u0735\u0710 \u0715\u0712\u0732\u071d\u072c\u0735\u0710</span></span> : born in the house , <span class=\"context\">cake ...</span> : home-made , home-brewn (?) ;\r\n6) to be possible , to be likely ;\r\n<span class=\"locution\"><span class=\"eastsyriac\">\u0720\u0739\u0710 \u0717\u0735\u0718\u071d\u0735\u0710</span></span> / <span class=\"locution\"><span class=\"eastsyriac\">\u0720\u0739\u0710 \u0717\u0735\u0718\u0739\u0710</span></span> : it is impossible , it is unlikely , it cannot be , it will not do , it won't work ;\r\n<span class=\"locution\"><span class=\"eastsyriac\">\u0720\u0735\u0710 \u0717\u0735\u0718\u071d\u0735\u0710</span></span> : God fordid ! , Heaven forbid ! ;\r\n<span class=\"locution\"><span class=\"eastsyriac\">\u0715\u0720\u0735\u0710 \u0717\u0747\u0718\u0739\u0710 \u0715</span></span> / <span class=\"locution\"><span class=\"eastsyriac\">\u0720\u0735\u0710 \u0717\u0747\u0718\u0739\u0710 \u0715</span></span> : lest , for fear that ;\r\n<span class=\"locution\"><span class=\"eastsyriac\">\u071f\u0739\u0710 \u0717\u0735\u0718\u0739\u0710 \u0715</span></span> / <span class=\"locution\"><span class=\"eastsyriac\">\u071f\u0739\u0710 \u0717\u0735\u0718\u071d\u0735\u0710 \u0715</span></span> : perhaps , maybe ;\r\n<span class=\"context\">Ourmia</span> : <span class=\"locution\"><span class=\"eastsyriac\">\u0712\u0738\u072c \u0717\u0735\u0718\u0739\u0710 \u072b\u0729\u0735\u0720\u0735\u0710</span></span> / <span class=\"context\">NENA</span> : <span class=\"locution\"><span class=\"eastsyriac\">\u0712\u0738\u072c \u0710\u0735\u072c\u0739\u0710 \u0720\u0738\u072b\u0729\u0735\u0720\u0735\u0710</span></span> : it can be taken ;\r\n7) <span class=\"context\">followed by <a href=\"dosearch.php?searchkey=d&amp;language=fullsyriac\"><span class=\"eastsyriac\">\u0715</span></a></span> : to belong to , to be the property of ;\r\n8) <span class=\"context\">NENA, Al Qosh : impersonal followed by <a href=\"dosearch.php?searchkey=b&amp;language=fullsyriac\"><span class=\"eastsyriac\">\u0712</span></a></span> : to be able to , can , <span class=\"context\">see <a href=\"dosearch.php?searchkey=%27itL&amp;language=fullsyriac\"><span class=\"eastsyriac\">\u0710\u071d\u073c\u072c\u0742</span></a></span> ; \r\n9) <span class=\"context\">used impersonally in feminine</span> : to have , have got ;\r\n<span class=\"locution\"><span class=\"eastsyriac\">\u0717\u0747\u0718\u0739\u0710 \u0720\u0735\u0717\u073f \u0720\u0739\u0717 \u0720\u0738\u0712\u0735\u0710 \u0720</span></span> : he had the heart / intention to , he meant to ;\r\n<span class=\"locution\"><span class=\"eastsyriac\">\u0717\u0747\u0718\u0739\u0710 \u0720\u0735\u0717\u073f \u0720\u0717\u0747\u0718\u073f\u0722 \u071a\u0732\u0712\u072a\u0735\u0710</span></span> : they had word ;\r\n<span class=\"locution\"><span class=\"eastsyriac\">\u0721\u0718\u073c\u0715\u071d\u073c \u0717\u0747\u0718\u0739\u0710 \u0720\u0735\u0717\u073f \u0720\u0739\u0710</span></span> : what has come over him ? , what is the matter with him ? , what got into him ? ;\r\n10) <span class=\"context\">a word ...</span> : to be said , to be uttered / pronounced / quoted (?) ;\r\n<span class=\"context\">Rh\u00e9tor\u00e9 : <span class=\"locution\"><span class=\"eastsyriac\">\u0715\u071a\u0735\u0719\u0739\u071d\u071a \u0720\u0721\u0738\u0720\u072c\u0742\u0735\u0710 \u0710\u0735\u0715\u0742\u071d\u073c \u0715\u0738\u0717\u0718\u0739\u0710 \u0720\u0735\u0717\u073f</span></span></span> : let us see the word that has been said / uttered ;\r\n11) <span class=\"context\">with <a href=\"dosearch.php?searchkey=pijA%27&amp;language=fullsyriac\"><span class=\"eastsyriac\">\u0726\u071d\u073c\u072b\u0735\u0710</span></a></span> : to be born , <span class=\"context\">see <a href=\"dosearch.php?searchkey=yld&amp;language=fullsyriac\"><span class=\"eastsyriac\">\u071d\u0720\u0715</span></a></span> ;\r\n<span class=\"locution\"><span class=\"eastsyriac\">\u0717\u0732\u072a \u0712\u0717\u0735\u0718 \u0719\u0732\u0712\u0742\u0722\u0735\u0710 \u0726\u071d\u073c\u072b \u0720\u0739\u0717 \u0717\u0718\u073c\u071d\u0735\u0710 \u0721\u0718\u073c\u072b\u0739\u0710</span></span> : at that very time was born Moses ;\r\n<span class=\"context\">Rh\u00e9tor\u00e9 ; <span class=\"locution\"><span class=\"eastsyriac\">\u0718\u0726\u071d\u073c\u072b \u0720\u0739\u0717 \u0721\u0738\u072b\u0732\u071f\u072c \u0712\u0710\u072a\u0725\u0735\u0710 \u0715\u0721\u0738\u0715\u0742\u071d\u0732\u0722 \u0718\u0732\u0717\u0718\u0739\u0710 \u0720\u0732\u071d \u072c\u0735\u0720\u0739\u0717 \u072c\u072a\u0732\u071d \u0712\u0722\u0718\u073f\u0308\u0722\u0739\u0710</span></span></span> : and he remained / stayed as a refugee in the land of Madian where two sons were born to him ;</td>", "cf": ["<span class=\"wordlink\"><a href=\"dosearch.php?searchkey=17374&amp;language=id\"><span class=\"eastsyriac\">\u0717\u0718\u0710</span></a>, <a href=\"dosearch.php?searchkey=17443&amp;language=id\"><span class=\"eastsyriac\">\u0717\u0718\u072c</span></a>, <a href=\"dosearch.php?searchkey=3333&amp;language=id\"><span class=\"eastsyriac\">\u0717\u0747\u0718\u0735\u0710</span></a>, <a href=\"dosearch.php?searchkey=20539&amp;language=id\"><span class=\"eastsyriac\">\u0721\u0735\u0717\u0738\u0718\u071d\u0735\u0722\u0308\u0739\u0710</span></a>, <a href=\"dosearch.php?searchkey=20538&amp;language=id\"><span class=\"eastsyriac\">\u0721\u0732\u0717\u0718\u0739\u0710</span></a>, <a href=\"dosearch.php?searchkey=22779&amp;language=id\"><span class=\"eastsyriac\">\u071d\u073c\u0717\u0747\u0718\u0735\u0710</span></a>, <a href=\"dosearch.php?searchkey=22791&amp;language=id\"><span class=\"eastsyriac\">\u071d\u0735\u0718\u0739\u0710</span></a>, <a href=\"dosearch.php?searchkey=22799&amp;language=id\"><span class=\"eastsyriac\">\u071d\u073c\u0718\u0739\u0718\u0735\u0710</span></a></span>", "<span class=\"wordlink\"><a href=\"dosearch.php?searchkey=21002&amp;language=id\"><span class=\"eastsyriac\">\u0718\u0735\u0718\u0735\u0710</span></a></span>", "<span class=\"wordlink\"><a href=\"dosearch.php?searchkey=21001&amp;language=id\"><span class=\"eastsyriac\">\u0718\u0739\u0718\u0735\u0710</span></a></span>", "<span class=\"wordlink\"><a href=\"dosearch.php?searchkey=20542&amp;language=id\"><span class=\"eastsyriac\">\u071d\u073c\u0718\u0738\u0722</span></a>, <a href=\"dosearch.php?searchkey=20546&amp;language=id\"><span class=\"eastsyriac\">\u071d\u073c\u0718\u0735\u0722</span></a>, <a href=\"dosearch.php?searchkey=5609&amp;language=id\"><span class=\"eastsyriac\">\u071d\u073c\u072c\u0718\u073c\u0722</span></a>, <a href=\"dosearch.php?searchkey=5476&amp;language=id\"><span class=\"eastsyriac\">\u071d\u073c\u0720\u0735\u0717\u073f</span></a>, <a href=\"dosearch.php?searchkey=22890&amp;language=id\"><span class=\"eastsyriac\">\u071d\u073c\u0720\u0732\u071d\u0717\u071d</span></a>, <a href=\"dosearch.php?searchkey=22894&amp;language=id\"><span class=\"eastsyriac\">\u071d\u073c\u072c\u0718\u073f\u0722</span></a>, <a href=\"dosearch.php?searchkey=5398&amp;language=id\"><span class=\"eastsyriac\">\u071d\u073c\u0718\u0735\u071a</span></a>, <a href=\"dosearch.php?searchkey=20542&amp;language=id\"><span class=\"eastsyriac\">\u071d\u073c\u0718\u0738\u0722</span></a>, <a href=\"dosearch.php?searchkey=5475&amp;language=id\"><span class=\"eastsyriac\">\u071d\u073c\u0720\u0739\u0717</span></a>, <a href=\"dosearch.php?searchkey=5427&amp;language=id\"><span class=\"eastsyriac\">\u071d\u073c\u0718\u0738\u072c</span></a></span>"], "key": "20534", "west": "\u0717\u0733\u0718\u0736\u0710", "phonetic": "<td>' ha: wi:</td>", "east": "\u0717\u0735\u0718\u0739\u0710"},
{"searchkey": "19867", "audio": [], "context": ["with flour, eggs and butter", "plural"], "webrank": 2, "text": [" : a honey cake ", " ;\r\n", " : \u0715\u0738\u0712\u0308\u0742\u0720\u0739\u0710 ;"], "english": "<td>a honey cake <span class=\"context\">with flour, eggs and butter</span> ;\r\n<span class=\"context\">plural</span> : <a href=\"dosearch.php?searchkey=debCLlE%27&amp;language=fullsyriac\"><span class=\"eastsyriac\">\u0715\u0738\u0712\u0308\u0742\u0720\u0739\u0710</span></a> ;</td>", "cf": ["<span class=\"wordlink\"><a href=\"dosearch.php?searchkey=19868&amp;language=id\"><span class=\"eastsyriac\">\u0715\u0712\u0738\u0720\u072c\u0735\u0710</span></a></span>", "<span class=\"wordlink\"><a href=\"dosearch.php?searchkey=4069&amp;language=id\"><span class=\"eastsyriac\">\u071a\u0712\u0742\u071d\u073c\u0728\u0735\u0710</span></a>, <a href=\"dosearch.php?searchkey=4318&amp;language=id\"><span class=\"eastsyriac\">\u071a\u0732\u071a\u0718\u073c\u072a\u072c\u0735\u0710</span></a>, <a href=\"dosearch.php?searchkey=6140&amp;language=id\"><span class=\"eastsyriac\">\u071f\u0742\u0735\u0721\u071d\u073c\u0723\u0735\u0710</span></a></span>"], "key": "19867", "west": "\u0715\u0736\u0712\u0742\u0720\u0733\u0710", "phonetic": "<td>' diu: la:</td>", "east": "\u0715\u0738\u0712\u0742\u0720\u0735\u0710"},
{"searchkey": "19869", "audio": [], "context": ["plural of \u0715\u0738\u0712\u0742\u0720\u0735\u0710", "with flour, eggs and butter"], "webrank": 1, "text": [" : ", " : a honey-cake ", " ;"], "english": "<td><span class=\"context\">plural of <a href=\"dosearch.php?searchkey=debLlA%27&amp;language=fullsyriac\"><span class=\"eastsyriac\">\u0715\u0738\u0712\u0742\u0720\u0735\u0710</span></a></span> : a honey-cake <span class=\"context\">with flour, eggs and butter</span> ;</td>", "cf": ["<span class=\"wordlink\"><a href=\"dosearch.php?searchkey=20121&amp;language=id\"><span class=\"eastsyriac\">\u0715\u071d\u073c\u0712\u0308\u0720\u0739\u0710</span></a></span>"], "key": "19869", "west": "\u0715\u0736\u0712\u0308\u0742\u0720\u0736\u0710", "phonetic": "<td>' diu: li:</td>", "east": "\u0715\u0738\u0712\u0308\u0742\u0720\u0739\u0710"},
{"searchkey": "26383", "audio": [], "context": ["made of flour, butter and water"], "webrank": 50, "text": [" : a cake ", " / a cookie ;"], "english": "<td>a cake <span class=\"context\">made of flour, butter and water</span> / a cookie ;</td>", "cf": ["<span class=\"wordlink\"><a href=\"dosearch.php?searchkey=26386&amp;language=id\"><span class=\"eastsyriac\">\u0721\u0732\u072a\u072c\u0738\u071a</span></a>, <a href=\"dosearch.php?searchkey=26387&amp;language=id\"><span class=\"eastsyriac\">\u0721\u0732\u072a\u072c\u0732\u071a\u072c\u0735\u0710</span></a>, <a href=\"dosearch.php?searchkey=26384&amp;language=id\"><span class=\"eastsyriac\">\u072a\u0735\u072c\u0738\u071a</span></a>, <a href=\"dosearch.php?searchkey=26385&amp;language=id\"><span class=\"eastsyriac\">\u072a\u0738\u072c\u071a\u0735\u0710</span></a>, <a href=\"dosearch.php?searchkey=8562&amp;language=id\"><span class=\"eastsyriac\">\u0721\u0732\u072a\u072c\u0718\u073c\u071a\u0739\u0710</span></a>, <a href=\"dosearch.php?searchkey=26388&amp;language=id\"><span class=\"eastsyriac\">\u0721\u072c\u0732\u072a\u072c\u0738\u071a</span></a></span>"], "key": "26383", "west": "\u0721\u0736\u072a\u072c\u073d\u0718\u071a\u0733\u0710", "phonetic": "<td>mir ' tu: \u1e25a:</td>", "east": "\u0721\u0738\u072a\u072c\u0718\u073c\u071a\u0735\u0710"},
{"searchkey": "8257", "audio": [], "context": [], "webrank": 40, "text": [" : to have baked , to cause the baking of , to make (bread, a cake ...) in an oven ;"], "english": "<td>to have baked , to cause the baking of , to make (bread, a cake ...) in an oven ;</td>", "cf": [], "key": "8257", "west": "\u0721\u0730\u0726\u073d\u0718\u071d\u0736\u0710", "phonetic": "<td>map ' pu: yi</td>", "east": "\u0721\u0732\u0726\u0718\u073c\u071d\u0739\u0710"},
{"searchkey": "10781", "audio": [], "context": [], "webrank": 70, "text": [" : a loaf , a regularly shaped mass of bread or cake ;"], "english": "<td>a loaf , a regularly shaped mass of bread or cake ;</td>", "cf": ["<span class=\"wordlink\"><a href=\"dosearch.php?searchkey=4318&amp;language=id\"><span class=\"eastsyriac\">\u071a\u0732\u071a\u0718\u073c\u072a\u072c\u0735\u0710</span></a>, <a href=\"dosearch.php?searchkey=6140&amp;language=id\"><span class=\"eastsyriac\">\u071f\u0742\u0735\u0721\u071d\u073c\u0723\u0735\u0710</span></a>, <a href=\"dosearch.php?searchkey=1195&amp;language=id\"><span class=\"eastsyriac\">\u0712\u0735\u071b\u0718\u073f\u0712\u0742\u0735\u0710</span></a>, <a href=\"dosearch.php?searchkey=12902&amp;language=id\"><span class=\"eastsyriac\">\u0729\u0721\u0718\u073f\u0720\u072c\u0735\u0710</span></a>, <a href=\"dosearch.php?searchkey=2552&amp;language=id\"><span class=\"eastsyriac\">\u0713\u0738\u072a\u0715\u0732\u071d\u0735\u0710</span></a></span>"], "key": "10781", "west": "\u0726\u073d\u0718\u072a\u0722\u073a\u071d\u072c\u0733\u0710", "phonetic": "<td>pur ' ni: ta:</td>", "east": "\u0726\u0718\u073c\u072a\u0722\u071d\u073c\u072c\u0735\u0710"},
{"searchkey": "10962", "audio": [], "context": [], "webrank": 90, "text": [" : a brioche , a small and flattened loaf of bread , a small cake / cookie (?) ;"], "english": "<td>a brioche , a small and flattened loaf of bread , a small cake / cookie (?) ;</td>", "cf": ["<span class=\"wordlink\"><a href=\"dosearch.php?searchkey=2552&amp;language=id\"><span class=\"eastsyriac\">\u0713\u0732\u072a\u0715\u0732\u071d\u0735\u0710</span></a>, <a href=\"dosearch.php?searchkey=10781&amp;language=id\"><span class=\"eastsyriac\">\u0726\u0718\u073c\u072a\u0722\u071d\u073c\u072c\u0735\u0710</span></a>, <a href=\"dosearch.php?searchkey=4318&amp;language=id\"><span class=\"eastsyriac\">\u071a\u0732\u071a\u0718\u073c\u072a\u072c\u0735\u0710</span></a>, <a href=\"dosearch.php?searchkey=6140&amp;language=id\"><span class=\"eastsyriac\">\u071f\u0742\u0735\u0721\u071d\u073c\u0723\u0735\u0710</span></a>, <a href=\"dosearch.php?searchkey=1195&amp;language=id\"><span class=\"eastsyriac\">\u0712\u0735\u071b\u0718\u073f\u0712\u0742\u0735\u0710</span></a>, <a href=\"dosearch.php?searchkey=12902&amp;language=id\"><span class=\"eastsyriac\">\u0729\u0721\u0718\u073f\u0720\u072c\u0735\u0710</span></a></span>"], "key": "10962", "west": "\u0726\u0733\u071f\u0330\u073d\u0718\u071f\u072c\u0733\u0710", "phonetic": "<td>pa: ' t\u0161uk ta:</td>", "east": "\u0726\u0735\u071f\u0330\u0718\u073f\u071f\u072c\u0735\u0710"},
{"searchkey": "9071", "audio": [], "context": ["in a disparaging sense", "Oraham", "corn / wheat ...", "feminine"], "webrank": 60, "text": [" : 1) ", " : skinny , scrawny , scraggy , as thin as a rake / skinny as a pancake / thin as a wire , ", " : slim (?) , of small diameter or thickness , slender , thin ;\r\n2) ", " : poor , low-grade , second-rate , shoddy / substandard ;\r\n", " : \u0722\u0738\u0719\u0718\u0735\u0722\u072c\u0735\u0710 ;"], "english": "<td>1) <span class=\"context\">in a disparaging sense</span> : skinny , scrawny , scraggy , as thin as a rake / skinny as a pancake / thin as a wire , <span class=\"context\">Oraham</span> : slim (?) , of small diameter or thickness , slender , thin ;\r\n2) <span class=\"context\">corn / wheat ...</span> : poor , low-grade , second-rate , shoddy / substandard ;\r\n<span class=\"context\">feminine</span> : <a href=\"dosearch.php?searchkey=nezwAntA%27&amp;language=fullsyriac\"><span class=\"eastsyriac\">\u0722\u0738\u0719\u0718\u0735\u0722\u072c\u0735\u0710</span></a> ;</td>", "cf": ["<span class=\"wordlink\"><a href=\"dosearch.php?searchkey=25462&amp;language=id\"><span class=\"eastsyriac\">\u0721\u0722\u0732\u0719\u0718\u0738\u0722</span></a></span>", "<span class=\"wordlink\"><a href=\"dosearch.php?searchkey=13880&amp;language=id\"><span class=\"eastsyriac\">\u072a\u0732\u0729\u071d\u073c\u0729\u0735\u0710</span></a>, <a href=\"dosearch.php?searchkey=5146&amp;language=id\"><span class=\"eastsyriac\">\u071b\u0720\u071d\u073c\u071a\u0735\u0710</span></a>, <a href=\"dosearch.php?searchkey=6070&amp;language=id\"><span class=\"eastsyriac\">\u071f\u0330\u0739\u0720\u0735\u0719\u0735\u0710</span></a>, <a href=\"dosearch.php?searchkey=9070&amp;language=id\"><span class=\"eastsyriac\">\u0722\u0735\u0719\u0718\u073c\u071f</span></a>, <a href=\"dosearch.php?searchkey=9301&amp;language=id\"><span class=\"eastsyriac\">\u0722\u0735\u0729\u071d\u073c\u0715\u0735\u0710</span></a>, <a href=\"dosearch.php?searchkey=34961&amp;language=id\"><span class=\"eastsyriac\">\u0713\u0738\u0720\u0715\u0735\u0722\u0735\u071d\u0735\u0710</span></a>, <a href=\"dosearch.php?searchkey=34960&amp;language=id\"><span class=\"eastsyriac\">\u0721\u0738\u072b\u071f\u0735\u0722\u0735\u071d\u0735\u0710</span></a>, <a href=\"dosearch.php?searchkey=930&amp;language=id\"><span class=\"eastsyriac\">\u0712\u0735\u0713\u071d\u073c\u072a\u0735\u0710</span></a>, <a href=\"dosearch.php?searchkey=31231&amp;language=id\"><span class=\"eastsyriac\">\u0722\u0732\u0723\u071d\u073c\u0723\u0735\u0710</span></a>, <a href=\"dosearch.php?searchkey=34964&amp;language=id\"><span class=\"eastsyriac\">\u0728\u0735\u0718\u071d\u0735\u0710</span></a>, <a href=\"dosearch.php?searchkey=33503&amp;language=id\"><span class=\"eastsyriac\">\u0712\u0732\u0713\u071d\u073c\u072a\u0735\u0710</span></a>, <a href=\"dosearch.php?searchkey=34962&amp;language=id\"><span class=\"eastsyriac\">\u0722\u0732\u071a\u0712\u0735\u0710</span></a></span>"], "key": "9071", "west": "\u0722\u0736\u0719\u0718\u0733\u0722\u0733\u0710", "phonetic": "<td>niz ' wa: na:</td>", "east": "\u0722\u0738\u0719\u0718\u0735\u0722\u0735\u0710"},
{"searchkey": "11553", "audio": [], "context": ["especially Tkhuma, Al Qosh", "rarely"], "webrank": 100, "text": [" : 1) ", " : a table , a flat surface / thin slab , a tray / salver , an altar ;\r\n2) a paten , ", " : the chalice and the paten"], "english": "<td>1) <span class=\"context\">especially Tkhuma, Al Qosh</span> : a table , a flat surface / thin slab , a tray / salver , an altar ;\r\n2) a paten , <span class=\"context\">rarely</span> : the chalice and the paten ;\r\n<span class=\"locution\"><span class=\"eastsyriac\">\u0720\u0732\u071a\u0721\u0735\u0710 \u0715\u0726\u0735\u072c\u0718\u073f\u072a\u0735\u0710</span></span> : shewbread , <span class=\"context\">= <a href=\"dosearch.php?searchkey=lxem+%27aCpE%27&amp;language=fullsyriac\"><span class=\"eastsyriac\">\u0720\u071a\u0738\u0721 \u0710\u0732\u0308\u0726\u0739\u0710</span></a></span> ;\r\n<span class=\"locution\"><span class=\"eastsyriac\">\u0726\u0735\u072c\u0718\u073f\u072a\u0735\u0710 \u0715\u0710\u0732\u0308\u0726\u0739\u0710</span></span> : the table of shewbread ;\r\n3) <span class=\"context\">Oraham</span> : unleavened bread / cake ;\r\n4) <span class=\"context\">adjective</span> : fresh , raw , crude (?) ;</td>", "cf": ["<span class=\"wordlink\"><a href=\"dosearch.php?searchkey=10866&amp;language=id\"><span class=\"eastsyriac\">\u0726\u0732\u071b\u071d\u073c\u072a\u0735\u0710</span></a></span>", "<span class=\"wordlink\"><a href=\"dosearch.php?searchkey=31744&amp;language=id\"><span class=\"eastsyriac\">\u0713\u0738\u0720\u071d\u0718\u073f\u0726\u0735\u0710</span></a>, <a href=\"dosearch.php?searchkey=3130&amp;language=id\"><span class=\"eastsyriac\">\u0715\u0732\u0726\u0735\u0710</span></a>, <a href=\"dosearch.php?searchkey=4974&amp;language=id\"><span class=\"eastsyriac\">\u071b\u0732\u0712\u0742\u0720\u071d\u073c\u072c\u0742\u0735\u0710</span></a>, <a href=\"dosearch.php?searchkey=7130&amp;language=id\"><span class=\"eastsyriac\">\u0721\u0732\u0715\u0712\u071a\u0735\u0710</span></a>, <a href=\"dosearch.php?searchkey=15482&amp;language=id\"><span class=\"eastsyriac\">\u072c\u072a\u0718\u073f\u0722\u0718\u073f\u0723</span></a>, <a href=\"dosearch.php?searchkey=21317&amp;language=id\"><span class=\"eastsyriac\">\u0729\u0735\u0729\u0718\u073f\u0722\u072c\u0735\u0710</span></a>, <a href=\"dosearch.php?searchkey=15439&amp;language=id\"><span class=\"eastsyriac\">\u072a\u0732\u0713\u071d\u0735\u0710</span></a>, <a href=\"dosearch.php?searchkey=26860&amp;language=id\"><span class=\"eastsyriac\">\u0722\u0735\u071d\u072c\u0735\u0710</span></a>, <a href=\"dosearch.php?searchkey=26861&amp;language=id\"><span class=\"eastsyriac\">\u0726\u0715\u0742\u071d\u073c\u0725\u0735\u0710</span></a>, <a href=\"dosearch.php?searchkey=10866&amp;language=id\"><span class=\"eastsyriac\">\u0726\u0732\u071b\u071d\u073c\u072a\u0735\u0710</span></a>, <a href=\"dosearch.php?searchkey=9119&amp;language=id\"><span class=\"eastsyriac\">\u0722\u0735\u071d\u0735\u0710</span></a>, <a href=\"dosearch.php?searchkey=15438&amp;language=id\"><span class=\"eastsyriac\">\u072c\u0735\u0719\u0735\u0710</span></a></span>"], "key": "11553", "west": "\u0726\u0733\u072c\u0742\u073d\u0718\u072a\u0733\u0710", "phonetic": "<td>pa: ' tu: ra:</td>", "east": "\u0726\u0735\u072c\u0742\u0718\u073f\u072a\u0735\u0710"},
{"searchkey": "6140", "audio": [], "context": [], "webrank": 30, "text": [" : a cake , a sweetened composition of flour and other ingredients baked in a loaf or mass of any size or shape ;"], "english": "<td>a cake , a sweetened composition of flour and other ingredients baked in a loaf or mass of any size or shape ;</td>", "cf": ["<span class=\"wordlink\"><a href=\"dosearch.php?searchkey=2552&amp;language=id\"><span class=\"eastsyriac\">\u0713\u0738\u072a\u0715\u0732\u071d\u0735\u0710</span></a>, <a href=\"dosearch.php?searchkey=10962&amp;language=id\"><span class=\"eastsyriac\">\u0726\u0735\u071f\u0330\u0718\u073f\u071f\u072c\u0735\u0710</span></a>, <a href=\"dosearch.php?searchkey=10781&amp;language=id\"><span class=\"eastsyriac\">\u0726\u0718\u073c\u072a\u0722\u071d\u073c\u072c\u0735\u0710</span></a>, <a href=\"dosearch.php?searchkey=4318&amp;language=id\"><span class=\"eastsyriac\">\u071a\u0732\u071a\u0718\u073c\u072a\u072c\u0735\u0710</span></a>, <a href=\"dosearch.php?searchkey=1195&amp;language=id\"><span class=\"eastsyriac\">\u0712\u0735\u071b\u0718\u073f\u0712\u0742\u0735\u0710</span></a>, <a href=\"dosearch.php?searchkey=12902&amp;language=id\"><span class=\"eastsyriac\">\u0729\u0721\u0718\u073f\u0720\u072c\u0735\u0710</span></a>, <a href=\"dosearch.php?searchkey=13804&amp;language=id\"><span class=\"eastsyriac\">\u072a\u0732\u0725\u0726\u0735\u0710</span></a>, <a href=\"dosearch.php?searchkey=4069&amp;language=id\"><span class=\"eastsyriac\">\u071a\u0712\u0742\u071d\u073c\u0728\u0735\u0710</span></a>, <a href=\"dosearch.php?searchkey=19867&amp;language=id\"><span class=\"eastsyriac\">\u0715\u0738\u0712\u0742\u0739\u0720\u0735\u0710</span></a>, <a href=\"dosearch.php?searchkey=23107&amp;language=id\"><span class=\"eastsyriac\">\u071f\u0735\u0715\u0735\u0710</span></a></span>"], "key": "6140", "west": "\u071f\u0742\u0733\u0721\u073a\u071d\u0723\u0733\u0710", "phonetic": "<td>\u1e25a ' mi: sa:</td>", "east": "\u071f\u0742\u0735\u0721\u071d\u073c\u0723\u0735\u0710"},
{"searchkey": "23222", "audio": [], "context": [], "webrank": 20, "text": [" : 1) a cake ;\r\n2) a lump / a mass , a piece / a chunk (?) / a hunk (?) / a dollop (?) / a gobbet (?)"], "english": "<td>1) a cake ;\r\n2) a lump / a mass , a piece / a chunk (?) / a hunk (?) / a dollop (?) / a gobbet (?) ;\r\n<span class=\"locution\"><span class=\"eastsyriac\">\u071f\u0718\u073c\u071f\u0739\u0308\u0710 \u0715\u0715\u0732\u0717\u0712\u0742\u0735\u0710</span></span> : a lump of gold / a gold nugget ;\r\n3) <span class=\"context\">Bailis Shamun</span> : a pendant <span class=\"context\">for the neck</span> ;</td>", "cf": ["<span class=\"wordlink\"><a href=\"dosearch.php?searchkey=23221&amp;language=id\"><span class=\"eastsyriac\">\u071f\u0735\u0718\u071f\u0735\u0710</span></a></span>", "<span class=\"wordlink\"><a href=\"dosearch.php?searchkey=11838&amp;language=id\"><span class=\"eastsyriac\">\u0728\u0735\u0718\u072a\u0735\u0710</span></a>, <a href=\"dosearch.php?searchkey=10447&amp;language=id\"><span class=\"eastsyriac\">\u0725\u0738\u0729\u0735\u0710</span></a>, <a href=\"dosearch.php?searchkey=19725&amp;language=id\"><span class=\"eastsyriac\">\u0719\u071d\u073c\u072a\u0735\u0710</span></a>, <a href=\"dosearch.php?searchkey=34672&amp;language=id\"><span class=\"eastsyriac\">\u0717\u0732\u0721\u0722\u071d\u073c\u071f\u0742\u0735\u0710</span></a></span>"], "key": "23222", "west": "\u071f\u073d\u0718\u071f\u0733\u0710", "phonetic": "<td>' ku: ka:</td>", "east": "\u071f\u0718\u073c\u071f\u0735\u0710"},
{"searchkey": "10866", "audio": [], "context": ["masculine and feminine ; Leviticus : 8, 26 ; Numbers : 6, 19 (adjective)", "Oraham ; adjective"], "webrank": 80, "text": [" : 1) unleavened bread / cake ;\r\n2) ", " : unleavened ;\r\n3) ", " : fresh , raw , crude (?) ;"], "english": "<td>1) unleavened bread / cake ;\r\n2) <span class=\"context\">masculine and feminine ; Leviticus : 8, 26 ; Numbers : 6, 19 (adjective)</span> : unleavened ;\r\n3) <span class=\"context\">Oraham ; adjective</span> : fresh , raw , crude (?) ;</td>", "cf": ["<span class=\"wordlink\"><a href=\"dosearch.php?searchkey=11553&amp;language=id\"><span class=\"eastsyriac\">\u0726\u0735\u072c\u0718\u073f\u072a\u0735\u0710</span></a>, <a href=\"dosearch.php?searchkey=11570&amp;language=id\"><span class=\"eastsyriac\">\u0726\u0735\u072c\u071d\u073c\u072a</span></a></span>", "<span class=\"wordlink\"><a href=\"dosearch.php?searchkey=28022&amp;language=id\"><span class=\"eastsyriac\">\u0726\u0732\u071b\u071d\u073c\u072a</span></a></span>", "<span class=\"wordlink\"><a href=\"dosearch.php?searchkey=10799&amp;language=id\"><span class=\"eastsyriac\">\u0726\u0718\u073c\u072a\u072b\u0735\u0722\u072c\u0735\u0710</span></a>, <a href=\"dosearch.php?searchkey=4536&amp;language=id\"><span class=\"eastsyriac\">\u071a\u0732\u0721</span></a>, <a href=\"dosearch.php?searchkey=9119&amp;language=id\"><span class=\"eastsyriac\">\u0722\u0735\u071d\u0735\u0710</span></a>, <a href=\"dosearch.php?searchkey=9126&amp;language=id\"><span class=\"eastsyriac\">\u0722\u0735\u071d\u0718\u073c\u072c\u0735\u0710</span></a>, <a href=\"dosearch.php?searchkey=15438&amp;language=id\"><span class=\"eastsyriac\">\u072c\u0732\u0719\u0735\u0710</span></a>, <a href=\"dosearch.php?searchkey=15439&amp;language=id\"><span class=\"eastsyriac\">\u072a\u0732\u0713\u071d\u0735\u0710</span></a>, <a href=\"dosearch.php?searchkey=26860&amp;language=id\"><span class=\"eastsyriac\">\u0722\u0735\u071d\u072c\u0735\u0710</span></a>, <a href=\"dosearch.php?searchkey=26861&amp;language=id\"><span class=\"eastsyriac\">\u0726\u0715\u0742\u071d\u073c\u0725\u0735\u0710</span></a></span>"], "key": "10866", "west": "\u0726\u0730\u071b\u073a\u071d\u072a\u0733\u0710", "phonetic": "<td>pa\u1e6d ' \u1e6di: ra:</td>", "east": "\u0726\u0732\u071b\u071d\u073c\u072a\u0735\u0710"},
{"searchkey": "23221", "audio": [], "context": [], "webrank": 10, "text": [" : a cake ;"], "english": "<td>a cake ;</td>", "cf": ["<span class=\"wordlink\"><a href=\"dosearch.php?searchkey=5789&amp;language=id\"><span class=\"eastsyriac\">\u071f\u0718\u073c\u071f\u072c\u0735\u0710</span></a>, <a href=\"dosearch.php?searchkey=23222&amp;language=id\"><span class=\"eastsyriac\">\u071f\u0718\u073c\u071f\u0735\u0710</span></a></span>"], "key": "23221", "west": "\u071f\u0733\u0718\u071f\u0733\u0710", "phonetic": "<td>' ko: ka:</td>", "east": "\u071f\u0735\u0718\u071f\u0735\u0710"},
{"searchkey": "13804", "audio": [], "context": [], "webrank": 40, "text": [" : thin bread , a griddle-cake , a pancake , a thin and flat cake baked on a griddle , a flat cake / loaf of bread , a (thin) crumpet ;"], "english": "<td>thin bread , a griddle-cake , a pancake , a thin and flat cake baked on a griddle , a flat cake / loaf of bread , a (thin) crumpet ;</td>", "cf": ["<span class=\"wordlink\"><a href=\"dosearch.php?searchkey=2552&amp;language=id\"><span class=\"eastsyriac\">\u0713\u0732\u072a\u0715\u0732\u071d\u0735\u0710</span></a>, <a href=\"dosearch.php?searchkey=10962&amp;language=id\"><span class=\"eastsyriac\">\u0726\u0735\u071f\u0330\u0718\u073f\u071f\u072c\u0735\u0710</span></a>, <a href=\"dosearch.php?searchkey=10781&amp;language=id\"><span class=\"eastsyriac\">\u0726\u0718\u073c\u072a\u0722\u071d\u073c\u072c\u0735\u0710</span></a>, <a href=\"dosearch.php?searchkey=6140&amp;language=id\"><span class=\"eastsyriac\">\u071f\u0742\u0735\u0721\u071d\u073c\u0723\u0735\u0710</span></a>, <a href=\"dosearch.php?searchkey=1195&amp;language=id\"><span class=\"eastsyriac\">\u0712\u0735\u071b\u0718\u073f\u0712\u0742\u0735\u0710</span></a>, <a href=\"dosearch.php?searchkey=12902&amp;language=id\"><span class=\"eastsyriac\">\u0729\u0721\u0718\u073f\u0720\u072c\u0735\u0710</span></a>, <a href=\"dosearch.php?searchkey=4318&amp;language=id\"><span class=\"eastsyriac\">\u071a\u0732\u071a\u0718\u073c\u072a\u072c\u0735\u0710</span></a>, <a href=\"dosearch.php?searchkey=23107&amp;language=id\"><span class=\"eastsyriac\">\u071f\u0735\u0715\u0735\u0710</span></a></span>"], "key": "13804", "west": "\u072a\u0730\u0725\u0726\u0733\u0710", "phonetic": "<td>ra: ' pa:</td>", "east": "\u072a\u0732\u0725\u0726\u0735\u0710"},
{"searchkey": "28395", "audio": [], "context": [], "webrank": 10, "text": [" : a baked cake ;"], "english": "<td>a baked cake ;</td>", "cf": ["<span class=\"wordlink\"><a href=\"dosearch.php?searchkey=28396&amp;language=id\"><span class=\"eastsyriac\">\u0728\u0732\u0712\u0742\u0738\u071a\u072c\u0735\u0710</span></a></span>", "<span class=\"wordlink\"><a href=\"dosearch.php?searchkey=28397&amp;language=id\"><span class=\"eastsyriac\">\u0728\u0735\u0712\u0742\u0738\u071a\u072c\u0735\u0710</span></a></span>"], "key": "28395", "west": "\u0728\u0730\u0718\u0736\u071f\u072c\u0733\u0710", "phonetic": "<td>\u1e63a ' wik ta: / \u1e63a ' wi\u1e25 ta:</td>", "east": "\u0728\u0732\u0718\u0738\u071f\u072c\u0735\u0710"},
{"searchkey": "29969", "audio": [], "context": [], "webrank": 50, "text": [" : a round cake ;"], "english": "<td>a round cake ;</td>", "cf": [], "key": "29969", "west": "\u072c\u0736\u071f\u072a\u072c\u0733\u0710", "phonetic": "<td>' tikr ta:</td>", "east": "\u072c\u0738\u071f\u072a\u072c\u0735\u0710"},
{"searchkey": "12902", "audio": [], "context": [], "webrank": 20, "text": [" : a biscuit , a kind of unraised bread (formed into flat cakes and baked hard) ;"], "english": "<td>a biscuit , a kind of unraised bread (formed into flat cakes and baked hard) ;</td>", "cf": ["<span class=\"wordlink\"><a href=\"dosearch.php?searchkey=2552&amp;language=id\"><span class=\"eastsyriac\">\u0713\u0738\u072a\u0715\u0732\u071d\u0735\u0710</span></a>, <a href=\"dosearch.php?searchkey=10962&amp;language=id\"><span class=\"eastsyriac\">\u0726\u0735\u071f\u0330\u0718\u073f\u071f\u072c\u0735\u0710</span></a>, <a href=\"dosearch.php?searchkey=10781&amp;language=id\"><span class=\"eastsyriac\">\u0726\u0718\u073c\u072a\u0722\u071d\u073c\u072c\u0735\u0710</span></a>, <a href=\"dosearch.php?searchkey=4318&amp;language=id\"><span class=\"eastsyriac\">\u071a\u0732\u071a\u0718\u073c\u072a\u072c\u0735\u0710</span></a>, <a href=\"dosearch.php?searchkey=6140&amp;language=id\"><span class=\"eastsyriac\">\u071f\u0742\u0735\u0721\u071d\u073c\u0723\u0735\u0710</span></a>, <a href=\"dosearch.php?searchkey=1195&amp;language=id\"><span class=\"eastsyriac\">\u0712\u0735\u071b\u0718\u073f\u0712\u0742\u0735\u0710</span></a></span>"], "key": "12902", "west": "\u0729\u0721\u073d\u0718\u0720\u072c\u0733\u0710", "phonetic": "<td>' qmol ta</td>", "east": "\u0729\u0721\u0718\u073f\u0720\u072c\u0735\u0710"},
{"searchkey": "13159", "audio": [], "context": [], "webrank": 30, "text": [" : 1) encircled , surrounded with , wrapped in"], "english": "<td>1) encircled , surrounded with , wrapped in ;\r\n<span class=\"locution\"><span class=\"eastsyriac\">\u0729\u072a\u071d\u0721\u0735\u0710 \u0712\u072b\u0732\u0721\u0725\u0735\u0710</span></span> : wrapped in wax / waxed , covered with wax ;\r\n2) a raisins cake (?) ;</td>", "cf": ["<span class=\"wordlink\"><a href=\"dosearch.php?searchkey=qrm&amp;language=fullsyriac\"><span class=\"eastsyriac\">\u0729\u072a\u0721</span></a>, <a href=\"dosearch.php?searchkey=26095&amp;language=id\"><span class=\"eastsyriac\">\u0721\u0732\u0729\u072a\u0738\u0721</span></a>, <a href=\"dosearch.php?searchkey=13175&amp;language=id\"><span class=\"eastsyriac\">\u0729\u072a\u0735\u0721\u0735\u0710</span></a>, <a href=\"dosearch.php?searchkey=13176&amp;language=id\"><span class=\"eastsyriac\">\u0729\u072a\u0735\u0721\u0735\u0710</span></a>, <a href=\"dosearch.php?searchkey=13186&amp;language=id\"><span class=\"eastsyriac\">\u0729\u072a\u0735\u0721\u072c\u0735\u0710</span></a>, <a href=\"dosearch.php?searchkey=26096&amp;language=id\"><span class=\"eastsyriac\">\u0729\u0735\u072a\u0738\u0721</span></a></span>", "<span class=\"wordlink\"><a href=\"dosearch.php?searchkey=4315&amp;language=id\"><span class=\"eastsyriac\">\u071a\u0719\u0735\u0729\u0735\u0710</span></a>, <a href=\"dosearch.php?searchkey=5675&amp;language=id\"><span class=\"eastsyriac\">\u071f\u0712\u0742\u0735\u0722\u0735\u0710</span></a>, <a href=\"dosearch.php?searchkey=6420&amp;language=id\"><span class=\"eastsyriac\">\u071f\u072a\u0735\u071f\u0742\u0735\u0710</span></a>, <a href=\"dosearch.php?searchkey=6451&amp;language=id\"><span class=\"eastsyriac\">\u071f\u0732\u072a\u0721\u0718\u073c\u071f\u0742\u0738\u0710</span></a></span>"], "key": "13159", "west": "\u0729\u072a\u073a\u071d\u0721\u0733\u0710", "phonetic": "<td>' qri: ma:</td>", "east": "\u0729\u072a\u071d\u073c\u0721\u0735\u0710"}
]